-- phpMyAdmin SQL Dump
-- version 4.8.3
-- https://www.phpmyadmin.net/
--
-- Host: localhost:3306
-- Generation Time: Oct 30, 2019 at 05:54 AM
-- Server version: 5.6.41-84.1
-- PHP Version: 7.2.7

SET SQL_MODE = "NO_AUTO_VALUE_ON_ZERO";
SET AUTOCOMMIT = 0;
START TRANSACTION;
SET time_zone = "+00:00";


/*!40101 SET @OLD_CHARACTER_SET_CLIENT=@@CHARACTER_SET_CLIENT */;
/*!40101 SET @OLD_CHARACTER_SET_RESULTS=@@CHARACTER_SET_RESULTS */;
/*!40101 SET @OLD_COLLATION_CONNECTION=@@COLLATION_CONNECTION */;
/*!40101 SET NAMES utf8mb4 */;

--
-- Database: `arindam_sif`
--

-- --------------------------------------------------------

--
-- Table structure for table `com_vtiger_workflows`
--

CREATE TABLE `com_vtiger_workflows` (
  `workflow_id` int(11) NOT NULL,
  `module_name` varchar(100) DEFAULT NULL,
  `summary` varchar(400) NOT NULL,
  `test` text,
  `execution_condition` int(11) NOT NULL,
  `defaultworkflow` int(1) DEFAULT NULL,
  `type` varchar(255) DEFAULT NULL,
  `filtersavedinnew` int(1) DEFAULT NULL,
  `schtypeid` int(10) DEFAULT NULL,
  `schdayofmonth` varchar(100) DEFAULT NULL,
  `schdayofweek` varchar(100) DEFAULT NULL,
  `schannualdates` varchar(100) DEFAULT NULL,
  `schtime` varchar(50) DEFAULT NULL,
  `nexttrigger_time` datetime DEFAULT NULL,
  `status` tinyint(1) DEFAULT '1',
  `workflowname` varchar(100) DEFAULT NULL
) ENGINE=InnoDB DEFAULT CHARSET=utf8;

--
-- Dumping data for table `com_vtiger_workflows`
--

INSERT INTO `com_vtiger_workflows` (`workflow_id`, `module_name`, `summary`, `test`, `execution_condition`, `defaultworkflow`, `type`, `filtersavedinnew`, `schtypeid`, `schdayofmonth`, `schdayofweek`, `schannualdates`, `schtime`, `nexttrigger_time`, `status`, `workflowname`) VALUES
(1, 'Invoice', 'UpdateInventoryProducts On Every Save', '[{\"fieldname\":\"subject\",\"operation\":\"does not contain\",\"value\":\"`!`\"}]', 3, 1, 'basic', 5, NULL, NULL, NULL, NULL, NULL, NULL, 1, 'UpdateInventoryProducts On Every Save'),
(2, 'Accounts', 'Send Email to user when Notifyowner is True', '[{\"fieldname\":\"notify_owner\",\"operation\":\"is\",\"value\":\"true:boolean\"}]', 2, 1, 'basic', 5, NULL, NULL, NULL, NULL, NULL, NULL, 1, 'Send Email to user when Notifyowner is True'),
(3, 'Contacts', 'Send Email to user when Notifyowner is True', '[{\"fieldname\":\"notify_owner\",\"operation\":\"is\",\"value\":\"true:boolean\"}]', 2, 1, 'basic', 5, NULL, NULL, NULL, NULL, NULL, NULL, 1, 'Send Email to user when Notifyowner is True'),
(4, 'Contacts', 'Send Email to user when Portal User is True', '[{\"fieldname\":\"portal\",\"operation\":\"is\",\"value\":\"1\",\"valuetype\":\"rawtext\",\"joincondition\":\"and\",\"groupjoin\":\"and\",\"groupid\":\"0\"},{\"fieldname\":\"email\",\"operation\":\"is not empty\",\"value\":\"\",\"valuetype\":\"rawtext\",\"joincondition\":\"\",\"groupjoin\":\"and\",\"groupid\":\"0\"}]', 3, 1, 'basic', 6, NULL, NULL, NULL, NULL, NULL, NULL, 1, 'Send Email to user when Portal User is True'),
(5, 'Potentials', 'Send Email to users on Potential creation', NULL, 1, 1, 'basic', 5, NULL, NULL, NULL, NULL, NULL, NULL, 1, 'Send Email to users on Potential creation'),
(6, 'Contacts', 'Workflow for Contact Creation or Modification', '', 3, 1, 'basic', 5, NULL, NULL, NULL, NULL, NULL, NULL, 1, 'Workflow for Contact Creation or Modification'),
(7, 'HelpDesk', 'Ticket Creation From Portal : Send Email to Record Owner and Contact', '[{\"fieldname\":\"from_portal\",\"operation\":\"is\",\"value\":1,\"valuetype\":\"rawtext\",\"joincondition\":\"and\",\"groupjoin\":\"and\",\"groupid\":0}]', 1, 1, 'basic', 6, NULL, NULL, NULL, NULL, NULL, NULL, 1, 'Ticket Creation From Portal : Send Email to Record Owner and Contact'),
(9, 'HelpDesk', 'Send Email to Contact on Ticket Update', '[{\"fieldname\":\"(contact_id : (Contacts) emailoptout)\",\"operation\":\"is\",\"value\":\"0\",\"valuetype\":\"rawtext\",\"joincondition\":\"and\",\"groupjoin\":\"and\",\"groupid\":\"0\"},{\"fieldname\":\"from_portal\",\"operation\":\"is\",\"value\":0,\"valuetype\":\"rawtext\",\"joincondition\":\"and\",\"groupjoin\":\"and\",\"groupid\":0},{\"fieldname\":\"ticketstatus\",\"operation\":\"has changed to\",\"value\":\"Closed\",\"valuetype\":\"rawtext\",\"joincondition\":\"or\",\"groupjoin\":\"and\",\"groupid\":\"1\"},{\"fieldname\":\"solution\",\"operation\":\"has changed\",\"value\":\"\",\"valuetype\":\"\",\"joincondition\":\"or\",\"groupjoin\":\"and\",\"groupid\":\"1\"},{\"fieldname\":\"description\",\"operation\":\"has changed\",\"value\":\"\",\"valuetype\":\"\",\"joincondition\":\"or\",\"groupjoin\":\"and\",\"groupid\":\"1\"}]', 3, 1, 'basic', 6, NULL, NULL, NULL, NULL, NULL, NULL, 1, 'Send Email to Contact on Ticket Update'),
(10, 'Events', 'Workflow for Events when Send Notification is True', '[{\"fieldname\":\"sendnotification\",\"operation\":\"is\",\"value\":\"true:boolean\"}]', 3, 1, 'basic', 5, NULL, NULL, NULL, NULL, NULL, NULL, 1, 'Workflow for Events when Send Notification is True'),
(11, 'Calendar', 'Workflow for Calendar Todos when Send Notification is True', '[{\"fieldname\":\"sendnotification\",\"operation\":\"is\",\"value\":\"true:boolean\"}]', 3, 1, 'basic', 5, NULL, NULL, NULL, NULL, NULL, NULL, 1, 'Workflow for Calendar Todos when Send Notification is True'),
(12, 'Potentials', 'Calculate or Update forecast amount', '', 3, 1, 'basic', 5, NULL, NULL, NULL, NULL, NULL, NULL, 1, 'Calculate or Update forecast amount'),
(13, 'Events', 'Workflow for Events when Send Notification is True', '[{\"fieldname\":\"sendnotification\",\"operation\":\"is\",\"value\":\"true:boolean\"}]', 3, 1, 'basic', 5, NULL, NULL, NULL, NULL, NULL, NULL, 1, 'Workflow for Events when Send Notification is True'),
(14, 'Calendar', 'Workflow for Calendar Todos when Send Notification is True', '[{\"fieldname\":\"sendnotification\",\"operation\":\"is\",\"value\":\"true:boolean\"}]', 3, 1, 'basic', 5, NULL, NULL, NULL, NULL, NULL, NULL, 1, 'Workflow for Calendar Todos when Send Notification is True'),
(15, 'HelpDesk', 'Comment Added From CRM : Send Email to Organization', '[{\"fieldname\":\"_VT_add_comment\",\"operation\":\"is added\",\"value\":\"\",\"valuetype\":\"rawtext\",\"joincondition\":\"\",\"groupjoin\":\"and\",\"groupid\":\"0\"},{\"fieldname\":\"from_portal\",\"operation\":\"is\",\"value\":\"0\",\"valuetype\":\"rawtext\",\"joincondition\":\"\",\"groupjoin\":\"and\",\"groupid\":\"0\"},{\"fieldname\":\"(parent_id : (Accounts) emailoptout)\",\"operation\":\"is\",\"value\":\"0\",\"valuetype\":\"rawtext\",\"joincondition\":\"and\",\"groupjoin\":\"and\",\"groupid\":\"0\"}]', 3, 1, 'basic', 6, NULL, NULL, NULL, NULL, NULL, NULL, 1, 'Comment Added From CRM : Send Email to Organization'),
(16, 'PurchaseOrder', 'Update Inventory Products On Every Save', NULL, 3, 1, 'basic', 5, NULL, NULL, NULL, NULL, NULL, NULL, 1, 'Update Inventory Products On Every Save'),
(17, 'HelpDesk', 'Comment Added From Portal : Send Email to Record Owner', '[{\"fieldname\":\"_VT_add_comment\",\"operation\":\"is added\",\"value\":\"\",\"valuetype\":\"rawtext\",\"joincondition\":\"\",\"groupjoin\":\"and\",\"groupid\":\"0\"},{\"fieldname\":\"from_portal\",\"operation\":\"is\",\"value\":\"1\",\"valuetype\":\"rawtext\",\"joincondition\":\"\",\"groupjoin\":\"and\",\"groupid\":\"0\"}]', 3, 1, 'basic', 6, NULL, NULL, NULL, NULL, NULL, NULL, 1, 'Comment Added From Portal : Send Email to Record Owner'),
(18, 'HelpDesk', 'Comment Added From CRM : Send Email to Contact, where Contact is not a Portal User', '[{\"fieldname\":\"(contact_id : (Contacts) portal)\",\"operation\":\"is\",\"value\":\"0\",\"valuetype\":\"rawtext\",\"joincondition\":\"and\",\"groupjoin\":\"and\",\"groupid\":\"0\"},{\"fieldname\":\"_VT_add_comment\",\"operation\":\"is added\",\"value\":\"\",\"valuetype\":\"rawtext\",\"joincondition\":\"\",\"groupjoin\":\"and\",\"groupid\":\"0\"},{\"fieldname\":\"from_portal\",\"operation\":\"is\",\"value\":\"0\",\"valuetype\":\"rawtext\",\"joincondition\":\"\",\"groupjoin\":\"and\",\"groupid\":\"0\"},{\"fieldname\":\"(contact_id : (Contacts) emailoptout)\",\"operation\":\"is\",\"value\":\"0\",\"valuetype\":\"rawtext\",\"joincondition\":\"and\",\"groupjoin\":\"and\",\"groupid\":\"0\"}]', 3, 1, 'basic', 6, NULL, NULL, NULL, NULL, NULL, NULL, 1, 'Comment Added From CRM : Send Email to Contact, where Contact is not a Portal User'),
(19, 'HelpDesk', 'Comment Added From CRM : Send Email to Contact, where Contact is Portal User', '[{\"fieldname\":\"(contact_id : (Contacts) portal)\",\"operation\":\"is\",\"value\":\"1\",\"valuetype\":\"rawtext\",\"joincondition\":\"and\",\"groupjoin\":\"and\",\"groupid\":\"0\"},{\"fieldname\":\"_VT_add_comment\",\"operation\":\"is added\",\"value\":\"\",\"valuetype\":\"rawtext\",\"joincondition\":\"\",\"groupjoin\":\"and\",\"groupid\":\"0\"},{\"fieldname\":\"from_portal\",\"operation\":\"is\",\"value\":\"0\",\"valuetype\":\"rawtext\",\"joincondition\":\"\",\"groupjoin\":\"and\",\"groupid\":\"0\"},{\"fieldname\":\"(contact_id : (Contacts) emailoptout)\",\"operation\":\"is\",\"value\":\"0\",\"valuetype\":\"rawtext\",\"joincondition\":\"and\",\"groupjoin\":\"and\",\"groupid\":\"0\"}]', 3, 1, 'basic', 6, NULL, NULL, NULL, NULL, NULL, NULL, 1, 'Comment Added From CRM : Send Email to Contact, where Contact is Portal User'),
(20, 'HelpDesk', 'Send Email to Record Owner on Ticket Update', '[{\"fieldname\":\"from_portal\",\"operation\":\"is\",\"value\":0,\"valuetype\":\"rawtext\",\"joincondition\":\"and\",\"groupjoin\":\"and\",\"groupid\":0},{\"fieldname\":\"ticketstatus\",\"operation\":\"has changed to\",\"value\":\"Closed\",\"valuetype\":\"rawtext\",\"joincondition\":\"or\",\"groupjoin\":\"and\",\"groupid\":\"1\"},{\"fieldname\":\"solution\",\"operation\":\"has changed\",\"value\":\"\",\"valuetype\":\"\",\"joincondition\":\"or\",\"groupjoin\":\"and\",\"groupid\":\"1\"},{\"fieldname\":\"assigned_user_id\",\"operation\":\"has changed\",\"value\":\"\",\"valuetype\":\"\",\"joincondition\":\"or\",\"groupjoin\":\"and\",\"groupid\":\"1\"},{\"fieldname\":\"description\",\"operation\":\"has changed\",\"value\":\"\",\"valuetype\":\"\",\"joincondition\":\"or\",\"groupjoin\":\"and\",\"groupid\":\"1\"}]', 3, 1, 'basic', 6, NULL, NULL, NULL, NULL, NULL, NULL, 1, 'Send Email to Record Owner on Ticket Update'),
(21, 'HelpDesk', 'Ticket Creation From CRM : Send Email to Record Owner', '[{\"fieldname\":\"from_portal\",\"operation\":\"is\",\"value\":\"0\",\"valuetype\":\"rawtext\",\"joincondition\":\"\",\"groupjoin\":\"and\",\"groupid\":\"0\"}]', 1, 1, 'basic', 6, NULL, NULL, NULL, NULL, NULL, NULL, 1, 'Ticket Creation From CRM : Send Email to Record Owner'),
(22, 'HelpDesk', 'Send Email to Organization on Ticket Update', '[{\"fieldname\":\"(parent_id : (Accounts) emailoptout)\",\"operation\":\"is\",\"value\":\"0\",\"valuetype\":\"rawtext\",\"joincondition\":\"and\",\"groupjoin\":\"and\",\"groupid\":\"0\"},{\"fieldname\":\"from_portal\",\"operation\":\"is\",\"value\":0,\"valuetype\":\"rawtext\",\"joincondition\":\"and\",\"groupjoin\":\"and\",\"groupid\":0},{\"fieldname\":\"ticketstatus\",\"operation\":\"has changed to\",\"value\":\"Closed\",\"valuetype\":\"rawtext\",\"joincondition\":\"or\",\"groupjoin\":\"and\",\"groupid\":\"1\"},{\"fieldname\":\"solution\",\"operation\":\"has changed\",\"value\":\"\",\"valuetype\":\"\",\"joincondition\":\"or\",\"groupjoin\":\"and\",\"groupid\":\"1\"},{\"fieldname\":\"description\",\"operation\":\"has changed\",\"value\":\"\",\"valuetype\":\"\",\"joincondition\":\"or\",\"groupjoin\":\"and\",\"groupid\":\"1\"}]', 3, 1, 'basic', 6, NULL, NULL, NULL, NULL, NULL, NULL, 1, 'Send Email to Organization on Ticket Update'),
(23, 'HelpDesk', 'Ticket Creation From CRM : Send Email to Organization', '[{\"fieldname\":\"(parent_id : (Accounts) emailoptout)\",\"operation\":\"is\",\"value\":\"0\",\"valuetype\":\"rawtext\",\"joincondition\":\"and\",\"groupjoin\":\"and\",\"groupid\":\"0\"},{\"fieldname\":\"from_portal\",\"operation\":\"is\",\"value\":\"0\",\"valuetype\":\"rawtext\",\"joincondition\":\"\",\"groupjoin\":\"and\",\"groupid\":\"0\"}]', 1, 1, 'basic', 6, NULL, NULL, NULL, NULL, NULL, NULL, 1, 'Ticket Creation From CRM : Send Email to Organization'),
(24, 'HelpDesk', 'Ticket Creation From CRM : Send Email to Contact', '[{\"fieldname\":\"(contact_id : (Contacts) emailoptout)\",\"operation\":\"is\",\"value\":\"0\",\"valuetype\":\"rawtext\",\"joincondition\":\"and\",\"groupjoin\":\"and\",\"groupid\":\"0\"},{\"fieldname\":\"from_portal\",\"operation\":\"is\",\"value\":\"0\",\"valuetype\":\"rawtext\",\"joincondition\":\"\",\"groupjoin\":\"and\",\"groupid\":\"0\"}]', 1, 1, 'basic', 6, NULL, NULL, NULL, NULL, NULL, NULL, 1, 'Ticket Creation From CRM : Send Email to Contact');

-- --------------------------------------------------------

--
-- Table structure for table `com_vtiger_workflows_seq`
--

CREATE TABLE `com_vtiger_workflows_seq` (
  `id` int(11) NOT NULL
) ENGINE=InnoDB DEFAULT CHARSET=utf8;

--
-- Dumping data for table `com_vtiger_workflows_seq`
--

INSERT INTO `com_vtiger_workflows_seq` (`id`) VALUES
(24);

-- --------------------------------------------------------

--
-- Table structure for table `com_vtiger_workflowtasks`
--

CREATE TABLE `com_vtiger_workflowtasks` (
  `task_id` int(11) NOT NULL,
  `workflow_id` int(11) DEFAULT NULL,
  `summary` varchar(400) NOT NULL,
  `task` text
) ENGINE=InnoDB DEFAULT CHARSET=utf8;

--
-- Dumping data for table `com_vtiger_workflowtasks`
--

INSERT INTO `com_vtiger_workflowtasks` (`task_id`, `workflow_id`, `summary`, `task`) VALUES
(1, 1, '', 'O:18:\"VTEntityMethodTask\":6:{s:18:\"executeImmediately\";b:1;s:10:\"workflowId\";i:1;s:7:\"summary\";s:0:\"\";s:6:\"active\";b:1;s:10:\"methodName\";s:15:\"UpdateInventory\";s:2:\"id\";i:1;}'),
(2, 2, 'An account has been created ', 'O:11:\"VTEmailTask\":9:{s:18:\"executeImmediately\";s:0:\"\";s:10:\"workflowId\";s:1:\"2\";s:7:\"summary\";s:28:\"An account has been created \";s:6:\"active\";s:1:\"1\";s:10:\"methodName\";s:11:\"NotifyOwner\";s:9:\"recepient\";s:36:\"$(assigned_user_id : (Users) email1)\";s:7:\"subject\";s:26:\"Regarding Account Creation\";s:7:\"content\";s:301:\"An Account has been assigned to you on vtigerCRM<br>Details of account are :<br><br>AccountId:<b>$account_no</b><br>AccountName:<b>$accountname</b><br>Rating:<b>$rating</b><br>Industry:<b>$industry</b><br>AccountType:<b>$accounttype</b><br>Description:<b>$description</b><br><br><br>Thank You<br>Admin\";s:2:\"id\";s:1:\"2\";}'),
(3, 3, 'An contact has been created ', 'O:11:\"VTEmailTask\":9:{s:18:\"executeImmediately\";s:0:\"\";s:10:\"workflowId\";s:1:\"3\";s:7:\"summary\";s:28:\"An contact has been created \";s:6:\"active\";s:1:\"1\";s:10:\"methodName\";s:11:\"NotifyOwner\";s:9:\"recepient\";s:36:\"$(assigned_user_id : (Users) email1)\";s:7:\"subject\";s:26:\"Regarding Contact Creation\";s:7:\"content\";s:305:\"An Contact has been assigned to you on vtigerCRM<br>Details of Contact are :<br><br>Contact Id:<b>$contact_no</b><br>LastName:<b>$lastname</b><br>FirstName:<b>$firstname</b><br>Lead Source:<b>$leadsource</b><br>Department:<b>$department</b><br>Description:<b>$description</b><br><br><br>Thank You<br>Admin\";s:2:\"id\";s:1:\"3\";}'),
(4, 4, 'Email Customer Portal Login Details', 'O:18:\"VTEntityMethodTask\":6:{s:18:\"executeImmediately\";b:1;s:10:\"workflowId\";i:4;s:7:\"summary\";s:35:\"Email Customer Portal Login Details\";s:6:\"active\";b:1;s:10:\"methodName\";s:22:\"SendPortalLoginDetails\";s:2:\"id\";i:4;}'),
(5, 5, 'An Potential has been created ', 'O:11:\"VTEmailTask\":8:{s:18:\"executeImmediately\";s:0:\"\";s:10:\"workflowId\";s:1:\"5\";s:7:\"summary\";s:30:\"An Potential has been created \";s:6:\"active\";s:1:\"1\";s:9:\"recepient\";s:36:\"$(assigned_user_id : (Users) email1)\";s:7:\"subject\";s:30:\"Regarding Potential Assignment\";s:7:\"content\";s:342:\"An Potential has been assigned to you on vtigerCRM<br>Details of Potential are :<br><br>Potential No:<b>$potential_no</b><br>Potential Name:<b>$potentialname</b><br>Amount:<b>$amount</b><br>Expected Close Date:<b>$closingdate ($_DATE_FORMAT_)</b><br>Type:<b>$opportunity_type</b><br><br><br>Description :$description<br><br>Thank You<br>Admin\";s:2:\"id\";s:1:\"5\";}'),
(6, 6, 'An contact has been created ', 'O:11:\"VTEmailTask\":8:{s:18:\"executeImmediately\";s:0:\"\";s:10:\"workflowId\";s:1:\"6\";s:7:\"summary\";s:28:\"An contact has been created \";s:6:\"active\";s:1:\"1\";s:9:\"recepient\";s:36:\"$(assigned_user_id : (Users) email1)\";s:7:\"subject\";s:28:\"Regarding Contact Assignment\";s:7:\"content\";s:384:\"An Contact has been assigned to you on vtigerCRM<br>Details of Contact are :<br><br>Contact Id:<b>$contact_no</b><br>LastName:<b>$lastname</b><br>FirstName:<b>$firstname</b><br>Lead Source:<b>$leadsource</b><br>Department:<b>$department</b><br>Description:<b>$description</b><br><br><br>And <b>CustomerPortal Login Details</b> is sent to the EmailID :-$email<br><br>Thank You<br>Admin\";s:2:\"id\";s:1:\"6\";}'),
(7, 7, 'Notify Related Contact when Ticket is created from Portal', 'O:11:\"VTEmailTask\":9:{s:18:\"executeImmediately\";s:1:\"0\";s:7:\"summary\";s:57:\"Notify Related Contact when Ticket is created from Portal\";s:6:\"active\";s:1:\"1\";s:2:\"id\";s:1:\"7\";s:10:\"workflowId\";s:1:\"7\";s:9:\"fromEmail\";s:93:\"$(general : (__VtigerMeta__) supportName)&lt;$(general : (__VtigerMeta__) supportEmailId)&gt;\";s:9:\"recepient\";s:33:\",$(contact_id : (Contacts) email)\";s:7:\"subject\";s:93:\"[From Portal] $ticket_no [ Ticket Id : $(general : (__VtigerMeta__) recordId) ] $ticket_title\";s:7:\"content\";s:158:\"Ticket No : $ticket_no<br>\n							  Ticket ID : $(general : (__VtigerMeta__) recordId)<br>\n							  Ticket Title : $ticket_title<br><br>\n							  $description\";}'),
(10, 9, 'Send Email to Contact on Ticket Update', 'O:11:\"VTEmailTask\":9:{s:18:\"executeImmediately\";s:1:\"0\";s:7:\"summary\";s:38:\"Send Email to Contact on Ticket Update\";s:6:\"active\";s:1:\"1\";s:2:\"id\";s:2:\"10\";s:9:\"fromEmail\";s:93:\"$(general : (__VtigerMeta__) supportName)&lt;$(general : (__VtigerMeta__) supportEmailId)&gt;\";s:9:\"recepient\";s:33:\",$(contact_id : (Contacts) email)\";s:7:\"subject\";s:79:\"$ticket_no [ Ticket Id : $(general : (__VtigerMeta__) recordId) ] $ticket_title\";s:7:\"content\";s:624:\"Ticket ID : $(general : (__VtigerMeta__) recordId)<br>Ticket Title : $ticket_title<br><br>\n								Dear $(contact_id : (Contacts) lastname) $(contact_id : (Contacts) firstname),<br><br>\n								The Ticket is replied the details are :<br><br>\n								Ticket No : $ticket_no<br>\n								Status : $ticketstatus<br>\n								Category : $ticketcategories<br>\n								Severity : $ticketseverities<br>\n								Priority : $ticketpriorities<br><br>\n								Description : <br>$description<br><br>\n								Solution : <br>$solution<br>\n								The comments are : <br>\n								$allComments<br><br>\n								Regards<br>Support Administrator\";s:10:\"workflowId\";s:1:\"9\";}'),
(13, 12, 'update forecast amount', 'O:18:\"VTUpdateFieldsTask\":7:{s:18:\"executeImmediately\";b:1;s:43:\"\0VTUpdateFieldsTask\0referenceFieldFocusList\";a:0:{}s:10:\"workflowId\";i:12;s:7:\"summary\";s:22:\"update forecast amount\";s:6:\"active\";b:1;s:19:\"field_value_mapping\";s:96:\"[{\"fieldname\":\"forecast_amount\",\"valuetype\":\"expression\",\"value\":\"amount * probability \\/ 100\"}]\";s:2:\"id\";i:13;}'),
(14, 13, 'Send Notification Email to Record Owner', 'O:11:\"VTEmailTask\":8:{s:18:\"executeImmediately\";s:0:\"\";s:10:\"workflowId\";s:2:\"13\";s:7:\"summary\";s:39:\"Send Notification Email to Record Owner\";s:6:\"active\";s:1:\"1\";s:9:\"recepient\";s:36:\"$(assigned_user_id : (Users) email1)\";s:7:\"subject\";s:17:\"Event :  $subject\";s:7:\"content\";s:771:\"$(assigned_user_id : (Users) last_name) $(assigned_user_id : (Users) first_name) ,<br/><b>Activity Notification Details:</b><br/>Subject             : $subject<br/>Start date and time : $date_start ($(general : (__VtigerMeta__) usertimezone))<br/>End date and time   : $due_date ($(general : (__VtigerMeta__) usertimezone)) <br/>Status              : $eventstatus <br/>Priority            : $taskpriority <br/>Related To          : $(parent_id : (Leads) lastname) $(parent_id : (Leads) firstname) $(parent_id : (Accounts) accountname) $(parent_id : (Potentials) potentialname) $(parent_id : (HelpDesk) ticket_title) $(parent_id : (Campaigns) campaignname) <br/>Contacts List       : $contact_id <br/>Location            : $location <br/>Description         : $description\";s:2:\"id\";s:2:\"14\";}'),
(15, 14, 'Send Notification Email to Record Owner', 'O:11:\"VTEmailTask\":8:{s:18:\"executeImmediately\";s:0:\"\";s:10:\"workflowId\";s:2:\"14\";s:7:\"summary\";s:39:\"Send Notification Email to Record Owner\";s:6:\"active\";s:1:\"1\";s:9:\"recepient\";s:36:\"$(assigned_user_id : (Users) email1)\";s:7:\"subject\";s:16:\"Task :  $subject\";s:7:\"content\";s:689:\"$(assigned_user_id : (Users) last_name) $(assigned_user_id : (Users) first_name) ,<br/><b>Task Notification Details:</b><br/>Subject : $subject<br/>Start date and time : $date_start ($(general : (__VtigerMeta__) usertimezone))<br/>End date and time   : $due_date ($_DATE_FORMAT_) <br/>Status              : $taskstatus <br/>Priority            : $taskpriority <br/>Related To          : $(parent_id : (Leads) lastname) $(parent_id : (Leads) firstname) $(parent_id : (Accounts) accountname) $(parent_id : (Potentials) potentialname) $(parent_id : (HelpDesk) ticket_title) $(parent_id : (Campaigns) campaignname) <br/>Contacts List       : $contact_id <br/>Description         : $description\";s:2:\"id\";s:2:\"15\";}'),
(18, 16, 'Update Inventory Products', 'O:18:\"VTEntityMethodTask\":6:{s:18:\"executeImmediately\";b:1;s:10:\"workflowId\";i:16;s:7:\"summary\";s:25:\"Update Inventory Products\";s:6:\"active\";b:1;s:10:\"methodName\";s:15:\"UpdateInventory\";s:2:\"id\";i:18;}'),
(19, 17, 'Comment Added From Portal : Send Email to Record Owner', 'O:11:\"VTEmailTask\":9:{s:18:\"executeImmediately\";s:1:\"0\";s:7:\"summary\";s:54:\"Comment Added From Portal : Send Email to Record Owner\";s:6:\"active\";s:1:\"1\";s:2:\"id\";s:2:\"19\";s:10:\"workflowId\";s:2:\"17\";s:9:\"fromEmail\";s:112:\"$(contact_id : (Contacts) lastname) $(contact_id : (Contacts) firstname)&lt;$(contact_id : (Contacts) email)&gt;\";s:9:\"recepient\";s:37:\",$(assigned_user_id : (Users) email1)\";s:7:\"subject\";s:92:\"Respond to Ticket ID## $(general : (__VtigerMeta__) recordId) ## in Customer Portal - URGENT\";s:7:\"content\";s:325:\"Dear $(assigned_user_id : (Users) last_name) $(assigned_user_id : (Users) first_name),<br><br>\n								Customer has provided the following additional information to your reply:<br><br>\n								<b>$lastComment</b><br><br>\n								Kindly respond to above ticket at the earliest.<br><br>\n								Regards<br>Support Administrator\";}'),
(20, 18, 'Comment Added From CRM : Send Email to Contact, where Contact is not a Portal User', 'O:11:\"VTEmailTask\":9:{s:18:\"executeImmediately\";s:1:\"0\";s:7:\"summary\";s:82:\"Comment Added From CRM : Send Email to Contact, where Contact is not a Portal User\";s:6:\"active\";s:1:\"1\";s:2:\"id\";s:2:\"20\";s:10:\"workflowId\";s:2:\"18\";s:9:\"fromEmail\";s:93:\"$(general : (__VtigerMeta__) supportName)&lt;$(general : (__VtigerMeta__) supportEmailId)&gt;\";s:9:\"recepient\";s:33:\",$(contact_id : (Contacts) email)\";s:7:\"subject\";s:79:\"$ticket_no [ Ticket Id : $(general : (__VtigerMeta__) recordId) ] $ticket_title\";s:7:\"content\";s:514:\"Dear $(contact_id : (Contacts) lastname) $(contact_id : (Contacts) firstname),<br><br>\n							The Ticket is replied the details are :<br><br>\n							Ticket No : $ticket_no<br>\n							Status : $ticketstatus<br>\n							Category : $ticketcategories<br>\n							Severity : $ticketseverities<br>\n							Priority : $ticketpriorities<br><br>\n							Description : <br>$description<br><br>\n							Solution : <br>$solution<br>\n							The comments are : <br>\n							$allComments<br><br>\n							Regards<br>Support Administrator\";}'),
(21, 19, 'Comment Added From CRM : Send Email to Contact, where Contact is Portal User', 'O:11:\"VTEmailTask\":9:{s:18:\"executeImmediately\";s:1:\"0\";s:7:\"summary\";s:76:\"Comment Added From CRM : Send Email to Contact, where Contact is Portal User\";s:6:\"active\";s:1:\"1\";s:2:\"id\";s:2:\"21\";s:10:\"workflowId\";s:2:\"19\";s:9:\"fromEmail\";s:93:\"$(general : (__VtigerMeta__) supportName)&lt;$(general : (__VtigerMeta__) supportEmailId)&gt;\";s:9:\"recepient\";s:33:\",$(contact_id : (Contacts) email)\";s:7:\"subject\";s:79:\"$ticket_no [ Ticket Id : $(general : (__VtigerMeta__) recordId) ] $ticket_title\";s:7:\"content\";s:547:\"Ticket No : $ticket_no<br>\n										Ticket Id : $(general : (__VtigerMeta__) recordId)<br>\n										Subject : $ticket_title<br><br>\n										Dear $(contact_id : (Contacts) lastname) $(contact_id : (Contacts) firstname),<br><br>\n										There is a reply to <b>$ticket_title</b> in the \"Customer Portal\" at VTiger.\n										You can use the following link to view the replies made:<br>\n										<a href=\"$(general : (__VtigerMeta__) portaldetailviewurl)\">Ticket Details</a><br><br>\n										Thanks<br>$(general : (__VtigerMeta__) supportName)\";}'),
(22, 15, 'Comment Added From CRM : Send Email to Organization', 'O:11:\"VTEmailTask\":9:{s:18:\"executeImmediately\";s:1:\"0\";s:7:\"summary\";s:51:\"Comment Added From CRM : Send Email to Organization\";s:6:\"active\";s:1:\"1\";s:2:\"id\";s:2:\"22\";s:10:\"workflowId\";s:2:\"15\";s:9:\"fromEmail\";s:93:\"$(general : (__VtigerMeta__) supportName)&lt;$(general : (__VtigerMeta__) supportEmailId)&gt;\";s:9:\"recepient\";s:34:\",$(parent_id : (Accounts) email1),\";s:7:\"subject\";s:79:\"$ticket_no [ Ticket Id : $(general : (__VtigerMeta__) recordId) ] $ticket_title\";s:7:\"content\";s:589:\"Ticket ID : $(general : (__VtigerMeta__) recordId)<br>Ticket Title : $ticket_title<br><br>\n								Dear $(parent_id : (Accounts) accountname),<br><br>\n								The Ticket is replied the details are :<br><br>\n								Ticket No : $ticket_no<br>\n								Status : $ticketstatus<br>\n								Category : $ticketcategories<br>\n								Severity : $ticketseverities<br>\n								Priority : $ticketpriorities<br><br>\n								Description : <br>$description<br><br>\n								Solution : <br>$solution<br>\n								The comments are : <br>\n								$allComments<br><br>\n								Regards<br>Support Administrator\";}'),
(23, 7, 'Notify Record Owner when Ticket is created from Portal', 'O:11:\"VTEmailTask\":9:{s:18:\"executeImmediately\";s:1:\"0\";s:7:\"summary\";s:54:\"Notify Record Owner when Ticket is created from Portal\";s:6:\"active\";s:1:\"1\";s:2:\"id\";s:2:\"23\";s:10:\"workflowId\";s:1:\"7\";s:9:\"fromEmail\";s:124:\"$(contact_id : (Contacts) lastname) $(contact_id : (Contacts) firstname)&lt;$(general : (__VtigerMeta__) supportEmailId)&gt;\";s:9:\"recepient\";s:37:\",$(assigned_user_id : (Users) email1)\";s:7:\"subject\";s:93:\"[From Portal] $ticket_no [ Ticket Id : $(general : (__VtigerMeta__) recordId) ] $ticket_title\";s:7:\"content\";s:158:\"Ticket No : $ticket_no<br>\n							  Ticket ID : $(general : (__VtigerMeta__) recordId)<br>\n							  Ticket Title : $ticket_title<br><br>\n							  $description\";}'),
(24, 20, 'Send Email to Record Owner on Ticket Update', 'O:11:\"VTEmailTask\":9:{s:18:\"executeImmediately\";s:1:\"0\";s:7:\"summary\";s:43:\"Send Email to Record Owner on Ticket Update\";s:6:\"active\";s:1:\"1\";s:2:\"id\";s:2:\"24\";s:10:\"workflowId\";s:2:\"20\";s:9:\"fromEmail\";s:93:\"$(general : (__VtigerMeta__) supportName)&lt;$(general : (__VtigerMeta__) supportEmailId)&gt;\";s:9:\"recepient\";s:37:\",$(assigned_user_id : (Users) email1)\";s:7:\"subject\";s:40:\"Ticket Number : $ticket_no $ticket_title\";s:7:\"content\";s:596:\"Ticket ID : $(general : (__VtigerMeta__) recordId)<br>Ticket Title : $ticket_title<br><br>\n								Dear $(assigned_user_id : (Users) last_name) $(assigned_user_id : (Users) first_name),<br><br>\n								The Ticket is replied the details are :<br><br>\n								Ticket No : $ticket_no<br>\n								Status : $ticketstatus<br>\n								Category : $ticketcategories<br>\n								Severity : $ticketseverities<br>\n								Priority : $ticketpriorities<br><br>\n								Description : <br>$description<br><br>\n								Solution : <br>$solution\n								$allComments<br><br>\n								Regards<br>Support Administrator\";}'),
(25, 21, 'Ticket Creation From CRM : Send Email to Record Owner', 'O:11:\"VTEmailTask\":9:{s:18:\"executeImmediately\";s:1:\"0\";s:7:\"summary\";s:53:\"Ticket Creation From CRM : Send Email to Record Owner\";s:6:\"active\";s:1:\"1\";s:2:\"id\";s:2:\"25\";s:10:\"workflowId\";s:2:\"21\";s:9:\"fromEmail\";s:93:\"$(general : (__VtigerMeta__) supportName)&lt;$(general : (__VtigerMeta__) supportEmailId)&gt;\";s:9:\"recepient\";s:37:\",$(assigned_user_id : (Users) email1)\";s:7:\"subject\";s:40:\"Ticket Number : $ticket_no $ticket_title\";s:7:\"content\";s:596:\"Ticket ID : $(general : (__VtigerMeta__) recordId)<br>Ticket Title : $ticket_title<br><br>\n								Dear $(assigned_user_id : (Users) last_name) $(assigned_user_id : (Users) first_name),<br><br>\n								The Ticket is replied the details are :<br><br>\n								Ticket No : $ticket_no<br>\n								Status : $ticketstatus<br>\n								Category : $ticketcategories<br>\n								Severity : $ticketseverities<br>\n								Priority : $ticketpriorities<br><br>\n								Description : <br>$description<br><br>\n								Solution : <br>$solution\n								$allComments<br><br>\n								Regards<br>Support Administrator\";}'),
(26, 22, 'Send Email to Organization on Ticket Update', 'O:11:\"VTEmailTask\":9:{s:18:\"executeImmediately\";s:1:\"0\";s:7:\"summary\";s:43:\"Send Email to Organization on Ticket Update\";s:6:\"active\";s:1:\"1\";s:2:\"id\";s:2:\"26\";s:9:\"fromEmail\";s:93:\"$(general : (__VtigerMeta__) supportName)&lt;$(general : (__VtigerMeta__) supportEmailId)&gt;\";s:9:\"recepient\";s:33:\",$(parent_id : (Accounts) email1)\";s:7:\"subject\";s:79:\"$ticket_no [ Ticket Id : $(general : (__VtigerMeta__) recordId) ] $ticket_title\";s:7:\"content\";s:589:\"Ticket ID : $(general : (__VtigerMeta__) recordId)<br>Ticket Title : $ticket_title<br><br>\n								Dear $(parent_id : (Accounts) accountname),<br><br>\n								The Ticket is replied the details are :<br><br>\n								Ticket No : $ticket_no<br>\n								Status : $ticketstatus<br>\n								Category : $ticketcategories<br>\n								Severity : $ticketseverities<br>\n								Priority : $ticketpriorities<br><br>\n								Description : <br>$description<br><br>\n								Solution : <br>$solution<br>\n								The comments are : <br>\n								$allComments<br><br>\n								Regards<br>Support Administrator\";s:10:\"workflowId\";s:2:\"22\";}'),
(27, 23, 'Ticket Creation From CRM : Send Email to Organization', 'O:11:\"VTEmailTask\":9:{s:18:\"executeImmediately\";s:1:\"0\";s:7:\"summary\";s:53:\"Ticket Creation From CRM : Send Email to Organization\";s:6:\"active\";s:1:\"1\";s:2:\"id\";s:2:\"27\";s:9:\"fromEmail\";s:93:\"$(general : (__VtigerMeta__) supportName)&lt;$(general : (__VtigerMeta__) supportEmailId)&gt;\";s:9:\"recepient\";s:33:\",$(parent_id : (Accounts) email1)\";s:7:\"subject\";s:79:\"$ticket_no [ Ticket Id : $(general : (__VtigerMeta__) recordId) ] $ticket_title\";s:7:\"content\";s:589:\"Ticket ID : $(general : (__VtigerMeta__) recordId)<br>Ticket Title : $ticket_title<br><br>\n								Dear $(parent_id : (Accounts) accountname),<br><br>\n								The Ticket is replied the details are :<br><br>\n								Ticket No : $ticket_no<br>\n								Status : $ticketstatus<br>\n								Category : $ticketcategories<br>\n								Severity : $ticketseverities<br>\n								Priority : $ticketpriorities<br><br>\n								Description : <br>$description<br><br>\n								Solution : <br>$solution<br>\n								The comments are : <br>\n								$allComments<br><br>\n								Regards<br>Support Administrator\";s:10:\"workflowId\";s:2:\"23\";}'),
(28, 24, 'Ticket Creation From CRM : Send Email to Contact', 'O:11:\"VTEmailTask\":9:{s:18:\"executeImmediately\";s:1:\"0\";s:7:\"summary\";s:48:\"Ticket Creation From CRM : Send Email to Contact\";s:6:\"active\";s:1:\"1\";s:2:\"id\";s:2:\"28\";s:9:\"fromEmail\";s:93:\"$(general : (__VtigerMeta__) supportName)&lt;$(general : (__VtigerMeta__) supportEmailId)&gt;\";s:9:\"recepient\";s:33:\",$(contact_id : (Contacts) email)\";s:7:\"subject\";s:79:\"$ticket_no [ Ticket Id : $(general : (__VtigerMeta__) recordId) ] $ticket_title\";s:7:\"content\";s:624:\"Ticket ID : $(general : (__VtigerMeta__) recordId)<br>Ticket Title : $ticket_title<br><br>\n								Dear $(contact_id : (Contacts) lastname) $(contact_id : (Contacts) firstname),<br><br>\n								The Ticket is replied the details are :<br><br>\n								Ticket No : $ticket_no<br>\n								Status : $ticketstatus<br>\n								Category : $ticketcategories<br>\n								Severity : $ticketseverities<br>\n								Priority : $ticketpriorities<br><br>\n								Description : <br>$description<br><br>\n								Solution : <br>$solution<br>\n								The comments are : <br>\n								$allComments<br><br>\n								Regards<br>Support Administrator\";s:10:\"workflowId\";s:2:\"24\";}');

-- --------------------------------------------------------

--
-- Table structure for table `com_vtiger_workflowtasks_entitymethod`
--

CREATE TABLE `com_vtiger_workflowtasks_entitymethod` (
  `workflowtasks_entitymethod_id` int(11) NOT NULL,
  `module_name` varchar(100) DEFAULT NULL,
  `method_name` varchar(100) DEFAULT NULL,
  `function_path` varchar(400) DEFAULT NULL,
  `function_name` varchar(100) DEFAULT NULL
) ENGINE=InnoDB DEFAULT CHARSET=utf8;

--
-- Dumping data for table `com_vtiger_workflowtasks_entitymethod`
--

INSERT INTO `com_vtiger_workflowtasks_entitymethod` (`workflowtasks_entitymethod_id`, `module_name`, `method_name`, `function_path`, `function_name`) VALUES
(1, 'SalesOrder', 'UpdateInventory', 'include/InventoryHandler.php', 'handleInventoryProductRel'),
(2, 'Invoice', 'UpdateInventory', 'include/InventoryHandler.php', 'handleInventoryProductRel'),
(3, 'Contacts', 'SendPortalLoginDetails', 'modules/Contacts/ContactsHandler.php', 'Contacts_sendCustomerPortalLoginDetails'),
(4, 'HelpDesk', 'NotifyOnPortalTicketCreation', 'modules/HelpDesk/HelpDeskHandler.php', 'HelpDesk_nofifyOnPortalTicketCreation'),
(5, 'HelpDesk', 'NotifyOnPortalTicketComment', 'modules/HelpDesk/HelpDeskHandler.php', 'HelpDesk_notifyOnPortalTicketComment'),
(6, 'HelpDesk', 'NotifyOwnerOnTicketChange', 'modules/HelpDesk/HelpDeskHandler.php', 'HelpDesk_notifyOwnerOnTicketChange'),
(7, 'HelpDesk', 'NotifyParentOnTicketChange', 'modules/HelpDesk/HelpDeskHandler.php', 'HelpDesk_notifyParentOnTicketChange'),
(8, 'ModComments', 'CustomerCommentFromPortal', 'modules/ModComments/ModCommentsHandler.php', 'CustomerCommentFromPortal'),
(9, 'ModComments', 'TicketOwnerComments', 'modules/ModComments/ModCommentsHandler.php', 'TicketOwnerComments'),
(10, 'PurchaseOrder', 'UpdateInventory', 'include/InventoryHandler.php', 'handleInventoryProductRel');

-- --------------------------------------------------------

--
-- Table structure for table `com_vtiger_workflowtasks_entitymethod_seq`
--

CREATE TABLE `com_vtiger_workflowtasks_entitymethod_seq` (
  `id` int(11) NOT NULL
) ENGINE=InnoDB DEFAULT CHARSET=utf8;

--
-- Dumping data for table `com_vtiger_workflowtasks_entitymethod_seq`
--

INSERT INTO `com_vtiger_workflowtasks_entitymethod_seq` (`id`) VALUES
(10);

-- --------------------------------------------------------

--
-- Table structure for table `com_vtiger_workflowtasks_seq`
--

CREATE TABLE `com_vtiger_workflowtasks_seq` (
  `id` int(11) NOT NULL
) ENGINE=InnoDB DEFAULT CHARSET=utf8;

--
-- Dumping data for table `com_vtiger_workflowtasks_seq`
--

INSERT INTO `com_vtiger_workflowtasks_seq` (`id`) VALUES
(28);

-- --------------------------------------------------------

--
-- Table structure for table `com_vtiger_workflowtask_queue`
--

CREATE TABLE `com_vtiger_workflowtask_queue` (
  `task_id` int(11) DEFAULT NULL,
  `entity_id` varchar(100) DEFAULT NULL,
  `do_after` int(11) DEFAULT NULL,
  `relatedinfo` varchar(255) DEFAULT NULL,
  `task_contents` text
) ENGINE=InnoDB DEFAULT CHARSET=utf8;

--
-- Dumping data for table `com_vtiger_workflowtask_queue`
--

INSERT INTO `com_vtiger_workflowtask_queue` (`task_id`, `entity_id`, `do_after`, `relatedinfo`, `task_contents`) VALUES
(6, '12x2237', 0, 'false', '{\"fromEmail\":\"admin@jhunsinfotech.com\",\"fromName\":\"Administrator\",\"replyTo\":\"admin@jhunsinfotech.com\",\"toEmail\":\"admin@jhunsinfotech.com\",\"ccEmail\":\"\",\"bccEmail\":\"\",\"subject\":\"Regarding Contact Assignment\",\"content\":\"An Contact has been assigned to you on vtigerCRM<br>Details of Contact are :<br><br>Contact Id:<b>CON1<\\/b><br>LastName:<b>Sharma<\\/b><br>FirstName:<b>Biraj<\\/b><br>Lead Source:<b>Self Generated<\\/b><br>Department:<b><\\/b><br>Description:<b>Desc. demo test by admin<\\/b><br><br><br>And <b>CustomerPortal Login Details<\\/b> is sent to the EmailID :-biraj.sharma@jhunsinfotech.com<br><br>Thank You<br>Admin<br><br>\"}'),
(6, '12x2238', 0, 'false', '{\"fromEmail\":\"admin@jhunsinfotech.com\",\"fromName\":\"Administrator\",\"replyTo\":\"admin@jhunsinfotech.com\",\"toEmail\":\"admin@jhunsinfotech.com\",\"ccEmail\":\"\",\"bccEmail\":\"\",\"subject\":\"Regarding Contact Assignment\",\"content\":\"An Contact has been assigned to you on vtigerCRM<br>Details of Contact are :<br><br>Contact Id:<b>CON2<\\/b><br>LastName:<b>Sharma<\\/b><br>FirstName:<b>Biraj at personal<\\/b><br>Lead Source:<b>Self Generated<\\/b><br>Department:<b><\\/b><br>Description:<b>Desc. demo test by admin in other mail<\\/b><br><br><br>And <b>CustomerPortal Login Details<\\/b> is sent to the EmailID :-b.rajsharma@hotmail.com<br><br>Thank You<br>Admin<br><br>\"}'),
(6, '12x2239', 0, 'false', '{\"fromEmail\":\"admin@jhunsinfotech.com\",\"fromName\":\"Administrator\",\"replyTo\":\"admin@jhunsinfotech.com\",\"toEmail\":\"admin@jhunsinfotech.com\",\"ccEmail\":\"\",\"bccEmail\":\"\",\"subject\":\"Regarding Contact Assignment\",\"content\":\"An Contact has been assigned to you on vtigerCRM<br>Details of Contact are :<br><br>Contact Id:<b>CON3<\\/b><br>LastName:<b>Jhunjhunwala<\\/b><br>FirstName:<b>Ajay<\\/b><br>Lead Source:<b>Word of mouth<\\/b><br>Department:<b><\\/b><br>Description:<b>demo test for customer portal<\\/b><br><br><br>And <b>CustomerPortal Login Details<\\/b> is sent to the EmailID :-ajayjhunjhunwala@hotmail.com<br><br>Thank You<br>Admin<br><br>\"}'),
(2, '11x6', 0, 'false', '{\"fromEmail\":\"admin@jhunsinfotech.com\",\"fromName\":\"Administrator\",\"replyTo\":\"admin@jhunsinfotech.com\",\"toEmail\":\"admin@jhunsinfotech.com\",\"ccEmail\":\"\",\"bccEmail\":\"\",\"subject\":\"Regarding Account Creation\",\"content\":\"An Account has been assigned to you on vtigerCRM<br>Details of account are :<br><br>AccountId:<b>ACC1<\\/b><br>AccountName:<b>Jhuns Infotech<\\/b><br>Rating:<b>Active<\\/b><br>Industry:<b><\\/b><br>AccountType:<b><\\/b><br>Description:<b>Demo test for organisation<\\/b><br><br><br>Thank You<br>Admin<br><br>\"}'),
(2, '11x2240', 0, 'false', '{\"fromEmail\":\"admin@jhunsinfotech.com\",\"fromName\":\"Administrator\",\"replyTo\":\"admin@jhunsinfotech.com\",\"toEmail\":\"admin@jhunsinfotech.com\",\"ccEmail\":\"\",\"bccEmail\":\"\",\"subject\":\"Regarding Account Creation\",\"content\":\"An Account has been assigned to you on vtigerCRM<br>Details of account are :<br><br>AccountId:<b>ACC2<\\/b><br>AccountName:<b>Jhuns<\\/b><br>Rating:<b>Active<\\/b><br>Industry:<b>Electronics<\\/b><br>AccountType:<b>Analyst<\\/b><br>Description:<b>Second Demo test for organization<\\/b><br><br><br>Thank You<br>Admin<br><br>\"}'),
(6, '12x2238', 0, 'false', '{\"fromEmail\":\"admin@jhunsinfotech.com\",\"fromName\":\"Administrator\",\"replyTo\":\"admin@jhunsinfotech.com\",\"toEmail\":\"admin@jhunsinfotech.com\",\"ccEmail\":\"\",\"bccEmail\":\"\",\"subject\":\"Regarding Contact Assignment\",\"content\":\"An Contact has been assigned to you on vtigerCRM<br>Details of Contact are :<br><br>Contact Id:<b>CON2<\\/b><br>LastName:<b>Sharma<\\/b><br>FirstName:<b>demo<\\/b><br>Lead Source:<b>Self Generated<\\/b><br>Department:<b><\\/b><br>Description:<b>Desc. demo test by admin in other mail<\\/b><br><br><br>And <b>CustomerPortal Login Details<\\/b> is sent to the EmailID :-b.rajsharma@hotmail.com<br><br>Thank You<br>Admin<br><br>\"}'),
(6, '12x2238', 0, 'false', '{\"fromEmail\":\"admin@jhunsinfotech.com\",\"fromName\":\"Administrator\",\"replyTo\":\"admin@jhunsinfotech.com\",\"toEmail\":\"admin@jhunsinfotech.com\",\"ccEmail\":\"\",\"bccEmail\":\"\",\"subject\":\"Regarding Contact Assignment\",\"content\":\"An Contact has been assigned to you on vtigerCRM<br>Details of Contact are :<br><br>Contact Id:<b>CON2<\\/b><br>LastName:<b>Sharma<\\/b><br>FirstName:<b>demo<\\/b><br>Lead Source:<b>Self Generated<\\/b><br>Department:<b><\\/b><br>Description:<b>Desc. demo test by admin in other mail<\\/b><br><br><br>And <b>CustomerPortal Login Details<\\/b> is sent to the EmailID :-b.rajsharma@hotmail.com<br><br>Thank You<br>Admin<br><br>\"}'),
(6, '12x124', 0, 'false', '{\"fromEmail\":\"admin@processitglobal.com\",\"fromName\":\"Administrator\",\"replyTo\":\"admin@processitglobal.com\",\"toEmail\":\"admin@processitglobal.com\",\"ccEmail\":\"\",\"bccEmail\":\"\",\"subject\":\"Regarding Contact Assignment\",\"content\":\"An Contact has been assigned to you on vtigerCRM<br>Details of Contact are :<br><br>Contact Id:<b>CON4<\\/b><br>LastName:<b>last test<\\/b><br>FirstName:<b>demo<\\/b><br>Lead Source:<b><\\/b><br>Department:<b><\\/b><br>Description:<b><\\/b><br><br><br>And <b>CustomerPortal Login Details<\\/b> is sent to the EmailID :-pv@masspl.com<br><br>Thank You<br>Admin<br><br>\"}'),
(6, '12x124', 0, 'false', '{\"fromEmail\":\"admin@processitglobal.com\",\"fromName\":\"Administrator\",\"replyTo\":\"admin@processitglobal.com\",\"toEmail\":\"admin@processitglobal.com\",\"ccEmail\":\"\",\"bccEmail\":\"\",\"subject\":\"Regarding Contact Assignment\",\"content\":\"An Contact has been assigned to you on vtigerCRM<br>Details of Contact are :<br><br>Contact Id:<b>CON4<\\/b><br>LastName:<b>last test<\\/b><br>FirstName:<b>demo<\\/b><br>Lead Source:<b><\\/b><br>Department:<b><\\/b><br>Description:<b><\\/b><br><br><br>And <b>CustomerPortal Login Details<\\/b> is sent to the EmailID :-pv@masspl.com<br><br>Thank You<br>Admin<br><br>\"}'),
(6, '12x124', 0, 'false', '{\"fromEmail\":\"admin@processitglobal.com\",\"fromName\":\"Administrator\",\"replyTo\":\"admin@processitglobal.com\",\"toEmail\":\"admin@processitglobal.com\",\"ccEmail\":\"\",\"bccEmail\":\"\",\"subject\":\"Regarding Contact Assignment\",\"content\":\"An Contact has been assigned to you on vtigerCRM<br>Details of Contact are :<br><br>Contact Id:<b>CON4<\\/b><br>LastName:<b>last test<\\/b><br>FirstName:<b>demo<\\/b><br>Lead Source:<b><\\/b><br>Department:<b><\\/b><br>Description:<b><\\/b><br><br><br>And <b>CustomerPortal Login Details<\\/b> is sent to the EmailID :-pv@masspl.com<br><br>Thank You<br>Admin<br><br>\"}');

-- --------------------------------------------------------

--
-- Table structure for table `com_vtiger_workflowtemplates`
--

CREATE TABLE `com_vtiger_workflowtemplates` (
  `template_id` int(11) NOT NULL,
  `module_name` varchar(100) DEFAULT NULL,
  `title` varchar(400) DEFAULT NULL,
  `template` text
) ENGINE=InnoDB DEFAULT CHARSET=utf8;

-- --------------------------------------------------------

--
-- Table structure for table `com_vtiger_workflow_activatedonce`
--

CREATE TABLE `com_vtiger_workflow_activatedonce` (
  `workflow_id` int(11) NOT NULL,
  `entity_id` int(11) NOT NULL
) ENGINE=InnoDB DEFAULT CHARSET=utf8;

--
-- Dumping data for table `com_vtiger_workflow_activatedonce`
--

INSERT INTO `com_vtiger_workflow_activatedonce` (`workflow_id`, `entity_id`) VALUES
(2, 6),
(2, 2240);

-- --------------------------------------------------------

--
-- Table structure for table `com_vtiger_workflow_tasktypes`
--

CREATE TABLE `com_vtiger_workflow_tasktypes` (
  `id` int(11) NOT NULL,
  `tasktypename` varchar(255) NOT NULL,
  `label` varchar(255) DEFAULT NULL,
  `classname` varchar(255) DEFAULT NULL,
  `classpath` varchar(255) DEFAULT NULL,
  `templatepath` varchar(255) DEFAULT NULL,
  `modules` varchar(500) DEFAULT NULL,
  `sourcemodule` varchar(255) DEFAULT NULL
) ENGINE=InnoDB DEFAULT CHARSET=utf8;

--
-- Dumping data for table `com_vtiger_workflow_tasktypes`
--

INSERT INTO `com_vtiger_workflow_tasktypes` (`id`, `tasktypename`, `label`, `classname`, `classpath`, `templatepath`, `modules`, `sourcemodule`) VALUES
(1, 'VTEmailTask', 'Send Mail', 'VTEmailTask', 'modules/com_vtiger_workflow/tasks/VTEmailTask.inc', 'modules/Settings/Workflows/Tasks/VTEmailTask.tpl', '{\"include\":[],\"exclude\":[]}', ''),
(2, 'VTEntityMethodTask', 'Invoke Custom Function', 'VTEntityMethodTask', 'modules/com_vtiger_workflow/tasks/VTEntityMethodTask.inc', 'modules/Settings/Workflows/Tasks/VTEntityMethodTask.tpl', '{\"include\":[],\"exclude\":[]}', ''),
(3, 'VTCreateTodoTask', 'Create Todo', 'VTCreateTodoTask', 'modules/com_vtiger_workflow/tasks/VTCreateTodoTask.inc', 'modules/Settings/Workflows/Tasks/VTCreateTodoTask.tpl', '{\"include\":[\"Leads\",\"Accounts\",\"Potentials\",\"Contacts\",\"HelpDesk\",\"Campaigns\",\"Quotes\",\"PurchaseOrder\",\"SalesOrder\",\"Invoice\",\"Project\"],\"exclude\":[\"Calendar\",\"FAQ\",\"Events\"]}', ''),
(4, 'VTCreateEventTask', 'Create Event', 'VTCreateEventTask', 'modules/com_vtiger_workflow/tasks/VTCreateEventTask.inc', 'modules/Settings/Workflows/Tasks/VTCreateEventTask.tpl', '{\"include\":[\"Leads\",\"Accounts\",\"Potentials\",\"Contacts\",\"HelpDesk\",\"Campaigns\",\"Project\"],\"exclude\":[\"Calendar\",\"FAQ\",\"Events\"]}', ''),
(5, 'VTUpdateFieldsTask', 'Update Fields', 'VTUpdateFieldsTask', 'modules/com_vtiger_workflow/tasks/VTUpdateFieldsTask.inc', 'modules/Settings/Workflows/Tasks/VTUpdateFieldsTask.tpl', '{\"include\":[],\"exclude\":[]}', ''),
(6, 'VTCreateEntityTask', 'Create Entity', 'VTCreateEntityTask', 'modules/com_vtiger_workflow/tasks/VTCreateEntityTask.inc', 'modules/Settings/Workflows/Tasks/VTCreateEntityTask.tpl', '{\"include\":[],\"exclude\":[]}', ''),
(7, 'VTSMSTask', 'SMS Task', 'VTSMSTask', 'modules/com_vtiger_workflow/tasks/VTSMSTask.inc', 'modules/Settings/Workflows/Tasks/VTSMSTask.tpl', '{\"include\":[],\"exclude\":[]}', 'SMSNotifier');

-- --------------------------------------------------------

--
-- Table structure for table `com_vtiger_workflow_tasktypes_seq`
--

CREATE TABLE `com_vtiger_workflow_tasktypes_seq` (
  `id` int(11) NOT NULL
) ENGINE=InnoDB DEFAULT CHARSET=utf8;

--
-- Dumping data for table `com_vtiger_workflow_tasktypes_seq`
--

INSERT INTO `com_vtiger_workflow_tasktypes_seq` (`id`) VALUES
(7);

-- --------------------------------------------------------

--
-- Table structure for table `vtiger_account`
--

CREATE TABLE `vtiger_account` (
  `accountid` int(19) NOT NULL DEFAULT '0',
  `account_no` varchar(100) NOT NULL,
  `accountname` varchar(100) NOT NULL,
  `parentid` int(19) DEFAULT '0',
  `account_type` varchar(200) DEFAULT NULL,
  `industry` varchar(200) DEFAULT NULL,
  `annualrevenue` decimal(25,8) DEFAULT NULL,
  `rating` varchar(200) DEFAULT NULL,
  `ownership` varchar(50) DEFAULT NULL,
  `siccode` varchar(50) DEFAULT NULL,
  `tickersymbol` varchar(30) DEFAULT NULL,
  `phone` varchar(30) DEFAULT NULL,
  `otherphone` varchar(30) DEFAULT NULL,
  `email1` varchar(100) DEFAULT NULL,
  `email2` varchar(100) DEFAULT NULL,
  `website` varchar(100) DEFAULT NULL,
  `fax` varchar(30) DEFAULT NULL,
  `employees` int(10) DEFAULT '0',
  `emailoptout` varchar(3) DEFAULT '0',
  `notify_owner` varchar(3) DEFAULT '0',
  `isconvertedfromlead` varchar(3) DEFAULT '0',
  `tags` varchar(1) DEFAULT NULL
) ENGINE=InnoDB DEFAULT CHARSET=utf8;

--
-- Dumping data for table `vtiger_account`
--

INSERT INTO `vtiger_account` (`accountid`, `account_no`, `accountname`, `parentid`, `account_type`, `industry`, `annualrevenue`, `rating`, `ownership`, `siccode`, `tickersymbol`, `phone`, `otherphone`, `email1`, `email2`, `website`, `fax`, `employees`, `emailoptout`, `notify_owner`, `isconvertedfromlead`, `tags`) VALUES
(125, 'ACC3', 'Organization Name', 0, 'Integrator', 'Electronics', '990.00000000', '', '', '0012-SIC', '', '9073322336', '', '', '', 'www.website.com', '', 0, '0', '0', '0', '');

-- --------------------------------------------------------

--
-- Table structure for table `vtiger_accountbillads`
--

CREATE TABLE `vtiger_accountbillads` (
  `accountaddressid` int(19) NOT NULL DEFAULT '0',
  `bill_city` varchar(30) DEFAULT NULL,
  `bill_code` varchar(30) DEFAULT NULL,
  `bill_country` varchar(30) DEFAULT NULL,
  `bill_state` varchar(30) DEFAULT NULL,
  `bill_street` varchar(250) DEFAULT NULL,
  `bill_pobox` varchar(30) DEFAULT NULL
) ENGINE=InnoDB DEFAULT CHARSET=utf8;

--
-- Dumping data for table `vtiger_accountbillads`
--

INSERT INTO `vtiger_accountbillads` (`accountaddressid`, `bill_city`, `bill_code`, `bill_country`, `bill_state`, `bill_street`, `bill_pobox`) VALUES
(125, 'Billing City', '', '', '', 'krishna building', '');

-- --------------------------------------------------------

--
-- Table structure for table `vtiger_accountrating`
--

CREATE TABLE `vtiger_accountrating` (
  `accountratingid` int(19) NOT NULL,
  `rating` varchar(200) NOT NULL,
  `sortorderid` int(19) NOT NULL DEFAULT '0',
  `presence` int(1) NOT NULL DEFAULT '1'
) ENGINE=InnoDB DEFAULT CHARSET=utf8;

-- --------------------------------------------------------

--
-- Table structure for table `vtiger_accountscf`
--

CREATE TABLE `vtiger_accountscf` (
  `accountid` int(19) NOT NULL DEFAULT '0'
) ENGINE=InnoDB DEFAULT CHARSET=utf8;

--
-- Dumping data for table `vtiger_accountscf`
--

INSERT INTO `vtiger_accountscf` (`accountid`) VALUES
(125);

-- --------------------------------------------------------

--
-- Table structure for table `vtiger_accountshipads`
--

CREATE TABLE `vtiger_accountshipads` (
  `accountaddressid` int(19) NOT NULL DEFAULT '0',
  `ship_city` varchar(30) DEFAULT NULL,
  `ship_code` varchar(30) DEFAULT NULL,
  `ship_country` varchar(30) DEFAULT NULL,
  `ship_state` varchar(30) DEFAULT NULL,
  `ship_pobox` varchar(30) DEFAULT NULL,
  `ship_street` varchar(250) DEFAULT NULL
) ENGINE=InnoDB DEFAULT CHARSET=utf8;

--
-- Dumping data for table `vtiger_accountshipads`
--

INSERT INTO `vtiger_accountshipads` (`accountaddressid`, `ship_city`, `ship_code`, `ship_country`, `ship_state`, `ship_pobox`, `ship_street`) VALUES
(125, '', '', '', '', '', '');

-- --------------------------------------------------------

--
-- Table structure for table `vtiger_accounttype`
--

CREATE TABLE `vtiger_accounttype` (
  `accounttypeid` int(19) NOT NULL,
  `accounttype` varchar(200) NOT NULL,
  `presence` int(1) NOT NULL DEFAULT '1',
  `picklist_valueid` int(19) NOT NULL DEFAULT '0',
  `sortorderid` int(11) DEFAULT NULL,
  `color` varchar(10) DEFAULT NULL
) ENGINE=InnoDB DEFAULT CHARSET=utf8;

--
-- Dumping data for table `vtiger_accounttype`
--

INSERT INTO `vtiger_accounttype` (`accounttypeid`, `accounttype`, `presence`, `picklist_valueid`, `sortorderid`, `color`) VALUES
(2, 'Analyst', 1, 2, 1, NULL),
(3, 'Competitor', 1, 3, 2, NULL),
(4, 'Customer', 1, 4, 3, NULL),
(5, 'Integrator', 1, 5, 4, NULL),
(6, 'Investor', 1, 6, 5, NULL),
(7, 'Partner', 1, 7, 6, NULL),
(8, 'Press', 1, 8, 7, NULL),
(9, 'Prospect', 1, 9, 8, NULL),
(10, 'Reseller', 1, 10, 9, NULL),
(11, 'Other', 1, 11, 10, NULL);

-- --------------------------------------------------------

--
-- Table structure for table `vtiger_accounttype_seq`
--

CREATE TABLE `vtiger_accounttype_seq` (
  `id` int(11) NOT NULL
) ENGINE=InnoDB DEFAULT CHARSET=utf8;

--
-- Dumping data for table `vtiger_accounttype_seq`
--

INSERT INTO `vtiger_accounttype_seq` (`id`) VALUES
(11);

-- --------------------------------------------------------

--
-- Table structure for table `vtiger_actionmapping`
--

CREATE TABLE `vtiger_actionmapping` (
  `actionid` int(19) NOT NULL,
  `actionname` varchar(200) NOT NULL,
  `securitycheck` int(19) DEFAULT NULL
) ENGINE=InnoDB DEFAULT CHARSET=utf8;

--
-- Dumping data for table `vtiger_actionmapping`
--

INSERT INTO `vtiger_actionmapping` (`actionid`, `actionname`, `securitycheck`) VALUES
(0, 'Save', 0),
(0, 'SavePriceBook', 1),
(0, 'SaveVendor', 1),
(1, 'DetailViewAjax', 1),
(1, 'EditView', 0),
(1, 'PriceBookEditView', 1),
(1, 'QuickCreate', 1),
(1, 'VendorEditView', 1),
(2, 'Delete', 0),
(2, 'DeletePriceBook', 1),
(2, 'DeleteVendor', 1),
(3, 'index', 0),
(3, 'Popup', 1),
(4, 'DetailView', 0),
(4, 'PriceBookDetailView', 1),
(4, 'TagCloud', 1),
(4, 'VendorDetailView', 1),
(5, 'Import', 0),
(6, 'Export', 0),
(7, 'CreateView', 0),
(8, 'Merge', 0),
(9, 'ConvertLead', 0),
(10, 'DuplicatesHandling', 0),
(13, 'Print', 0);

-- --------------------------------------------------------

--
-- Table structure for table `vtiger_activity`
--

CREATE TABLE `vtiger_activity` (
  `activityid` int(19) NOT NULL DEFAULT '0',
  `subject` varchar(255) DEFAULT NULL,
  `semodule` varchar(20) DEFAULT NULL,
  `activitytype` varchar(200) NOT NULL,
  `date_start` date NOT NULL,
  `due_date` date DEFAULT NULL,
  `time_start` varchar(50) DEFAULT NULL,
  `time_end` varchar(50) DEFAULT NULL,
  `sendnotification` varchar(3) NOT NULL DEFAULT '0',
  `duration_hours` varchar(200) DEFAULT NULL,
  `duration_minutes` varchar(200) DEFAULT NULL,
  `status` varchar(200) DEFAULT NULL,
  `eventstatus` varchar(200) DEFAULT NULL,
  `priority` varchar(200) DEFAULT NULL,
  `location` varchar(150) DEFAULT NULL,
  `notime` varchar(3) NOT NULL DEFAULT '0',
  `visibility` varchar(50) NOT NULL DEFAULT 'all',
  `recurringtype` varchar(200) DEFAULT NULL,
  `tags` varchar(1) DEFAULT NULL
) ENGINE=InnoDB DEFAULT CHARSET=utf8;

-- --------------------------------------------------------

--
-- Table structure for table `vtiger_activitycf`
--

CREATE TABLE `vtiger_activitycf` (
  `activityid` int(19) NOT NULL DEFAULT '0'
) ENGINE=InnoDB DEFAULT CHARSET=utf8;

-- --------------------------------------------------------

--
-- Table structure for table `vtiger_activityproductrel`
--

CREATE TABLE `vtiger_activityproductrel` (
  `activityid` int(19) NOT NULL DEFAULT '0',
  `productid` int(19) NOT NULL DEFAULT '0'
) ENGINE=InnoDB DEFAULT CHARSET=utf8;

-- --------------------------------------------------------

--
-- Table structure for table `vtiger_activitytype`
--

CREATE TABLE `vtiger_activitytype` (
  `activitytypeid` int(19) NOT NULL,
  `activitytype` varchar(200) NOT NULL,
  `presence` int(1) NOT NULL DEFAULT '1',
  `picklist_valueid` int(19) NOT NULL DEFAULT '0',
  `sortorderid` int(11) DEFAULT NULL,
  `color` varchar(10) DEFAULT NULL
) ENGINE=InnoDB DEFAULT CHARSET=utf8;

--
-- Dumping data for table `vtiger_activitytype`
--

INSERT INTO `vtiger_activitytype` (`activitytypeid`, `activitytype`, `presence`, `picklist_valueid`, `sortorderid`, `color`) VALUES
(1, 'Call', 0, 12, 0, NULL),
(2, 'Meeting', 0, 13, 1, NULL),
(3, 'Mobile Call', 0, 295, 1, NULL);

-- --------------------------------------------------------

--
-- Table structure for table `vtiger_activitytype_seq`
--

CREATE TABLE `vtiger_activitytype_seq` (
  `id` int(11) NOT NULL
) ENGINE=InnoDB DEFAULT CHARSET=utf8;

--
-- Dumping data for table `vtiger_activitytype_seq`
--

INSERT INTO `vtiger_activitytype_seq` (`id`) VALUES
(3);

-- --------------------------------------------------------

--
-- Table structure for table `vtiger_activity_recurring_info`
--

CREATE TABLE `vtiger_activity_recurring_info` (
  `activityid` int(19) NOT NULL,
  `recurrenceid` int(19) NOT NULL
) ENGINE=InnoDB DEFAULT CHARSET=utf8;

-- --------------------------------------------------------

--
-- Table structure for table `vtiger_activity_reminder`
--

CREATE TABLE `vtiger_activity_reminder` (
  `activity_id` int(11) NOT NULL,
  `reminder_time` int(11) NOT NULL,
  `reminder_sent` int(2) NOT NULL,
  `recurringid` int(19) NOT NULL
) ENGINE=InnoDB DEFAULT CHARSET=utf8;

-- --------------------------------------------------------

--
-- Table structure for table `vtiger_activity_reminder_popup`
--

CREATE TABLE `vtiger_activity_reminder_popup` (
  `reminderid` int(19) NOT NULL,
  `semodule` varchar(100) NOT NULL,
  `recordid` int(19) NOT NULL,
  `date_start` date NOT NULL,
  `time_start` varchar(100) NOT NULL,
  `status` int(2) NOT NULL
) ENGINE=InnoDB DEFAULT CHARSET=utf8;

-- --------------------------------------------------------

--
-- Table structure for table `vtiger_activity_view`
--

CREATE TABLE `vtiger_activity_view` (
  `activity_viewid` int(19) NOT NULL,
  `activity_view` varchar(200) NOT NULL,
  `sortorderid` int(19) NOT NULL DEFAULT '0',
  `presence` int(1) NOT NULL DEFAULT '1'
) ENGINE=InnoDB DEFAULT CHARSET=utf8;

--
-- Dumping data for table `vtiger_activity_view`
--

INSERT INTO `vtiger_activity_view` (`activity_viewid`, `activity_view`, `sortorderid`, `presence`) VALUES
(1, 'Today', 0, 1),
(2, 'This Week', 1, 1),
(3, 'This Month', 2, 1),
(4, 'This Year', 3, 1),
(5, 'Agenda', 4, 1);

-- --------------------------------------------------------

--
-- Table structure for table `vtiger_activity_view_seq`
--

CREATE TABLE `vtiger_activity_view_seq` (
  `id` int(11) NOT NULL
) ENGINE=InnoDB DEFAULT CHARSET=utf8;

--
-- Dumping data for table `vtiger_activity_view_seq`
--

INSERT INTO `vtiger_activity_view_seq` (`id`) VALUES
(5);

-- --------------------------------------------------------

--
-- Table structure for table `vtiger_announcement`
--

CREATE TABLE `vtiger_announcement` (
  `creatorid` int(19) NOT NULL,
  `announcement` text,
  `title` varchar(255) DEFAULT NULL,
  `time` timestamp NOT NULL DEFAULT CURRENT_TIMESTAMP ON UPDATE CURRENT_TIMESTAMP
) ENGINE=InnoDB DEFAULT CHARSET=utf8;

-- --------------------------------------------------------

--
-- Table structure for table `vtiger_app2tab`
--

CREATE TABLE `vtiger_app2tab` (
  `tabid` int(11) DEFAULT NULL,
  `appname` varchar(20) DEFAULT NULL,
  `sequence` int(19) DEFAULT NULL,
  `visible` int(3) DEFAULT '1'
) ENGINE=InnoDB DEFAULT CHARSET=utf8;

--
-- Dumping data for table `vtiger_app2tab`
--

INSERT INTO `vtiger_app2tab` (`tabid`, `appname`, `sequence`, `visible`) VALUES
(30, 'TOOLS', 5, 1),
(33, 'INVENTORY', 2, 1),
(37, 'SUPPORT', 3, 1),
(42, 'TOOLS', 4, 1),
(44, 'TOOLS', 1, 1),
(49, 'SETTINGS', 1, 1),
(2, 'SALES', 1, 1),
(20, 'SALES', 2, 1),
(4, 'SALES', 6, 1),
(6, 'SALES', 7, 1),
(14, 'SALES', 3, 1),
(33, 'SALES', 4, 1),
(4, 'MARKETING', 3, 1),
(6, 'MARKETING', 4, 1),
(7, 'MARKETING', 2, 1),
(26, 'MARKETING', 1, 1),
(4, 'INVENTORY', 8, 1),
(6, 'INVENTORY', 9, 1),
(22, 'INVENTORY', 5, 1),
(23, 'INVENTORY', 4, 1),
(14, 'INVENTORY', 1, 1),
(18, 'INVENTORY', 7, 1),
(19, 'INVENTORY', 3, 1),
(21, 'INVENTORY', 6, 1),
(4, 'SUPPORT', 6, 1),
(6, 'SUPPORT', 7, 1),
(13, 'SUPPORT', 1, 1),
(15, 'SUPPORT', 2, 1),
(40, 'SUPPORT', 4, 1),
(47, 'PROJECT', 1, 1),
(46, 'PROJECT', 2, 1),
(45, 'PROJECT', 3, 1),
(4, 'PROJECT', 4, 1),
(6, 'PROJECT', 5, 1),
(39, 'SALES', 5, 1),
(39, 'SUPPORT', 5, 1),
(24, 'TOOLS', 2, 1),
(27, 'TOOLS', 3, 1),
(50, 'INVENTORY', 10, 1),
(51, 'INVENTORY', 11, 1),
(52, 'INVENTORY', 12, 1),
(53, 'INVENTORY', 13, 1),
(54, 'INVENTORY', 16, 1),
(55, 'INVENTORY', 15, 1),
(56, 'INVENTORY', 14, 1);

-- --------------------------------------------------------

--
-- Table structure for table `vtiger_assets`
--

CREATE TABLE `vtiger_assets` (
  `assetsid` int(11) NOT NULL,
  `asset_no` varchar(30) NOT NULL,
  `account` int(19) DEFAULT NULL,
  `product` int(19) NOT NULL,
  `serialnumber` varchar(200) DEFAULT NULL,
  `datesold` date DEFAULT NULL,
  `dateinservice` date DEFAULT NULL,
  `assetstatus` varchar(200) DEFAULT 'In Service',
  `tagnumber` varchar(300) DEFAULT NULL,
  `invoiceid` int(19) DEFAULT NULL,
  `shippingmethod` varchar(200) DEFAULT NULL,
  `shippingtrackingnumber` varchar(200) DEFAULT NULL,
  `assetname` varchar(100) DEFAULT NULL,
  `contact` int(19) DEFAULT NULL,
  `tags` varchar(1) DEFAULT NULL
) ENGINE=InnoDB DEFAULT CHARSET=utf8;

-- --------------------------------------------------------

--
-- Table structure for table `vtiger_assetscf`
--

CREATE TABLE `vtiger_assetscf` (
  `assetsid` int(19) NOT NULL
) ENGINE=InnoDB DEFAULT CHARSET=utf8;

-- --------------------------------------------------------

--
-- Table structure for table `vtiger_assetstatus`
--

CREATE TABLE `vtiger_assetstatus` (
  `assetstatusid` int(11) NOT NULL,
  `assetstatus` varchar(200) NOT NULL,
  `presence` int(1) NOT NULL DEFAULT '1',
  `picklist_valueid` int(11) NOT NULL DEFAULT '0',
  `sortorderid` int(11) DEFAULT '0',
  `color` varchar(10) DEFAULT NULL
) ENGINE=InnoDB DEFAULT CHARSET=utf8;

--
-- Dumping data for table `vtiger_assetstatus`
--

INSERT INTO `vtiger_assetstatus` (`assetstatusid`, `assetstatus`, `presence`, `picklist_valueid`, `sortorderid`, `color`) VALUES
(1, 'In Service', 1, 235, 1, NULL),
(2, 'Out-of-service', 1, 236, 2, NULL);

-- --------------------------------------------------------

--
-- Table structure for table `vtiger_assetstatus_seq`
--

CREATE TABLE `vtiger_assetstatus_seq` (
  `id` int(11) NOT NULL
) ENGINE=InnoDB DEFAULT CHARSET=utf8;

--
-- Dumping data for table `vtiger_assetstatus_seq`
--

INSERT INTO `vtiger_assetstatus_seq` (`id`) VALUES
(2);

-- --------------------------------------------------------

--
-- Table structure for table `vtiger_asterisk`
--

CREATE TABLE `vtiger_asterisk` (
  `server` varchar(30) DEFAULT NULL,
  `port` varchar(30) DEFAULT NULL,
  `username` varchar(50) DEFAULT NULL,
  `password` varchar(50) DEFAULT NULL,
  `version` varchar(50) DEFAULT NULL
) ENGINE=InnoDB DEFAULT CHARSET=utf8;

-- --------------------------------------------------------

--
-- Table structure for table `vtiger_asteriskextensions`
--

CREATE TABLE `vtiger_asteriskextensions` (
  `userid` int(11) DEFAULT NULL,
  `asterisk_extension` varchar(50) DEFAULT NULL,
  `use_asterisk` varchar(3) DEFAULT NULL
) ENGINE=InnoDB DEFAULT CHARSET=utf8;

--
-- Dumping data for table `vtiger_asteriskextensions`
--

INSERT INTO `vtiger_asteriskextensions` (`userid`, `asterisk_extension`, `use_asterisk`) VALUES
(1, NULL, NULL),
(5, NULL, NULL);

-- --------------------------------------------------------

--
-- Table structure for table `vtiger_asteriskincomingcalls`
--

CREATE TABLE `vtiger_asteriskincomingcalls` (
  `from_number` varchar(50) DEFAULT NULL,
  `from_name` varchar(50) DEFAULT NULL,
  `to_number` varchar(50) DEFAULT NULL,
  `callertype` varchar(30) DEFAULT NULL,
  `flag` int(19) DEFAULT NULL,
  `timer` int(19) DEFAULT NULL,
  `refuid` varchar(255) DEFAULT NULL
) ENGINE=InnoDB DEFAULT CHARSET=utf8;

-- --------------------------------------------------------

--
-- Table structure for table `vtiger_asteriskincomingevents`
--

CREATE TABLE `vtiger_asteriskincomingevents` (
  `uid` varchar(255) NOT NULL,
  `channel` varchar(100) DEFAULT NULL,
  `from_number` bigint(20) DEFAULT NULL,
  `from_name` varchar(100) DEFAULT NULL,
  `to_number` bigint(20) DEFAULT NULL,
  `callertype` varchar(100) DEFAULT NULL,
  `timer` int(20) DEFAULT NULL,
  `flag` varchar(3) DEFAULT NULL,
  `pbxrecordid` int(19) DEFAULT NULL,
  `relcrmid` int(19) DEFAULT NULL
) ENGINE=InnoDB DEFAULT CHARSET=utf8;

-- --------------------------------------------------------

--
-- Table structure for table `vtiger_attachments`
--

CREATE TABLE `vtiger_attachments` (
  `attachmentsid` int(19) NOT NULL,
  `name` varchar(255) NOT NULL,
  `description` text,
  `type` varchar(100) DEFAULT NULL,
  `path` text,
  `subject` varchar(255) DEFAULT NULL
) ENGINE=InnoDB DEFAULT CHARSET=utf8;

-- --------------------------------------------------------

--
-- Table structure for table `vtiger_attachmentsfolder`
--

CREATE TABLE `vtiger_attachmentsfolder` (
  `folderid` int(19) NOT NULL,
  `foldername` varchar(200) NOT NULL,
  `description` varchar(250) DEFAULT NULL,
  `createdby` int(19) NOT NULL,
  `sequence` int(19) DEFAULT NULL
) ENGINE=InnoDB DEFAULT CHARSET=utf8;

--
-- Dumping data for table `vtiger_attachmentsfolder`
--

INSERT INTO `vtiger_attachmentsfolder` (`folderid`, `foldername`, `description`, `createdby`, `sequence`) VALUES
(1, 'Default', 'This is a Default Folder', 1, 1);

-- --------------------------------------------------------

--
-- Table structure for table `vtiger_attachmentsfolder_seq`
--

CREATE TABLE `vtiger_attachmentsfolder_seq` (
  `id` int(11) NOT NULL
) ENGINE=InnoDB DEFAULT CHARSET=utf8;

--
-- Dumping data for table `vtiger_attachmentsfolder_seq`
--

INSERT INTO `vtiger_attachmentsfolder_seq` (`id`) VALUES
(1);

-- --------------------------------------------------------

--
-- Table structure for table `vtiger_audit_trial`
--

CREATE TABLE `vtiger_audit_trial` (
  `auditid` int(19) NOT NULL,
  `userid` int(19) DEFAULT NULL,
  `module` varchar(255) DEFAULT NULL,
  `action` varchar(255) DEFAULT NULL,
  `recordid` varchar(20) DEFAULT NULL,
  `actiondate` datetime DEFAULT NULL
) ENGINE=InnoDB DEFAULT CHARSET=utf8;

-- --------------------------------------------------------

--
-- Table structure for table `vtiger_batch`
--

CREATE TABLE `vtiger_batch` (
  `batchid` int(19) NOT NULL,
  `batch_name` varchar(255) DEFAULT NULL,
  `batch_qty` varchar(255) DEFAULT NULL,
  `target_comp_date` date DEFAULT NULL,
  `tags` varchar(1) DEFAULT NULL,
  `batch_id` varchar(100) DEFAULT NULL,
  `batch_date` date DEFAULT NULL,
  `batch_machine` varchar(100) DEFAULT NULL,
  `batch_furnace` varchar(100) DEFAULT NULL,
  `bunch_weight` decimal(11,2) DEFAULT NULL,
  `batch_remarks` varchar(100) DEFAULT NULL
) ENGINE=InnoDB DEFAULT CHARSET=utf8;

--
-- Dumping data for table `vtiger_batch`
--

INSERT INTO `vtiger_batch` (`batchid`, `batch_name`, `batch_qty`, `target_comp_date`, `tags`, `batch_id`, `batch_date`, `batch_machine`, `batch_furnace`, `bunch_weight`, `batch_remarks`) VALUES
(117, NULL, '500', NULL, '', 'B-000159', '2019-06-11', 'CM-2', NULL, '62.50', 'test'),
(120, NULL, '10', NULL, '', 'B-000160', '2019-06-27', 'CM-1', NULL, '100.50', 'test');

-- --------------------------------------------------------

--
-- Table structure for table `vtiger_batchcf`
--

CREATE TABLE `vtiger_batchcf` (
  `batchid` int(19) NOT NULL,
  `cf_882` date DEFAULT NULL
) ENGINE=InnoDB DEFAULT CHARSET=utf8;

--
-- Dumping data for table `vtiger_batchcf`
--

INSERT INTO `vtiger_batchcf` (`batchid`, `cf_882`) VALUES
(117, NULL),
(120, NULL);

-- --------------------------------------------------------

--
-- Table structure for table `vtiger_batchinventory`
--

CREATE TABLE `vtiger_batchinventory` (
  `batchinventoryid` int(19) NOT NULL,
  `prd_mov_name` varchar(255) DEFAULT NULL,
  `prd_mov_no` varchar(100) DEFAULT NULL,
  `invbatch_date` date DEFAULT NULL,
  `tags` varchar(1) DEFAULT NULL
) ENGINE=InnoDB DEFAULT CHARSET=utf8;

--
-- Dumping data for table `vtiger_batchinventory`
--

INSERT INTO `vtiger_batchinventory` (`batchinventoryid`, `prd_mov_name`, `prd_mov_no`, `invbatch_date`, `tags`) VALUES
(118, NULL, 'PM-00149', '2019-06-18', ''),
(123, NULL, 'PM-00150', '2019-06-26', '');

-- --------------------------------------------------------

--
-- Table structure for table `vtiger_batchinventorycf`
--

CREATE TABLE `vtiger_batchinventorycf` (
  `batchinventoryid` int(19) NOT NULL,
  `cf_877` varchar(255) DEFAULT ''
) ENGINE=InnoDB DEFAULT CHARSET=utf8;

--
-- Dumping data for table `vtiger_batchinventorycf`
--

INSERT INTO `vtiger_batchinventorycf` (`batchinventoryid`, `cf_877`) VALUES
(118, ''),
(123, '');

-- --------------------------------------------------------

--
-- Table structure for table `vtiger_batchinventory_user_field`
--

CREATE TABLE `vtiger_batchinventory_user_field` (
  `recordid` int(25) NOT NULL,
  `userid` int(25) NOT NULL,
  `starred` varchar(100) DEFAULT NULL
) ENGINE=InnoDB DEFAULT CHARSET=utf8;

-- --------------------------------------------------------

--
-- Table structure for table `vtiger_batchmovement`
--

CREATE TABLE `vtiger_batchmovement` (
  `batchmovementid` int(19) NOT NULL,
  `batch_mov_number` varchar(255) DEFAULT NULL,
  `batch_mov_name` varchar(255) DEFAULT NULL,
  `batch_mov_date` date DEFAULT NULL,
  `tags` varchar(1) DEFAULT NULL
) ENGINE=InnoDB DEFAULT CHARSET=utf8;

--
-- Dumping data for table `vtiger_batchmovement`
--

INSERT INTO `vtiger_batchmovement` (`batchmovementid`, `batch_mov_number`, `batch_mov_name`, `batch_mov_date`, `tags`) VALUES
(121, 'BM-00034', NULL, '2019-06-26', ''),
(122, 'BM-00035', NULL, '2019-06-26', '');

-- --------------------------------------------------------

--
-- Table structure for table `vtiger_batchmovementcf`
--

CREATE TABLE `vtiger_batchmovementcf` (
  `batchmovementid` int(19) NOT NULL
) ENGINE=InnoDB DEFAULT CHARSET=utf8;

--
-- Dumping data for table `vtiger_batchmovementcf`
--

INSERT INTO `vtiger_batchmovementcf` (`batchmovementid`) VALUES
(121),
(122);

-- --------------------------------------------------------

--
-- Table structure for table `vtiger_batchmovement_user_field`
--

CREATE TABLE `vtiger_batchmovement_user_field` (
  `recordid` int(25) NOT NULL,
  `userid` int(25) NOT NULL,
  `starred` varchar(100) DEFAULT NULL
) ENGINE=InnoDB DEFAULT CHARSET=utf8;

-- --------------------------------------------------------

--
-- Table structure for table `vtiger_batch_furnace`
--

CREATE TABLE `vtiger_batch_furnace` (
  `batch_furnaceid` int(11) NOT NULL,
  `batch_furnace` varchar(200) NOT NULL,
  `presence` int(1) NOT NULL DEFAULT '1',
  `picklist_valueid` int(11) NOT NULL DEFAULT '0',
  `sortorderid` int(11) DEFAULT '0',
  `color` varchar(10) DEFAULT NULL
) ENGINE=InnoDB DEFAULT CHARSET=utf8;

--
-- Dumping data for table `vtiger_batch_furnace`
--

INSERT INTO `vtiger_batch_furnace` (`batch_furnaceid`, `batch_furnace`, `presence`, `picklist_valueid`, `sortorderid`, `color`) VALUES
(1, '1 Ton A', 1, 328, 1, NULL),
(2, '1 Ton B', 1, 329, 2, NULL),
(3, '1 Ton C', 1, 330, 3, NULL),
(4, '1.5 Ton A', 1, 331, 4, NULL),
(5, '1.5 Ton B', 1, 332, 5, NULL);

-- --------------------------------------------------------

--
-- Table structure for table `vtiger_batch_furnace_seq`
--

CREATE TABLE `vtiger_batch_furnace_seq` (
  `id` int(11) NOT NULL
) ENGINE=InnoDB DEFAULT CHARSET=utf8 COLLATE=utf8_unicode_ci;

--
-- Dumping data for table `vtiger_batch_furnace_seq`
--

INSERT INTO `vtiger_batch_furnace_seq` (`id`) VALUES
(5);

-- --------------------------------------------------------

--
-- Table structure for table `vtiger_batch_item`
--

CREATE TABLE `vtiger_batch_item` (
  `id` int(19) DEFAULT NULL,
  `salesorderid` int(11) DEFAULT NULL,
  `productid` int(11) DEFAULT NULL,
  `sequence_no` int(4) DEFAULT NULL,
  `batchItem_id` int(11) NOT NULL
) ENGINE=InnoDB DEFAULT CHARSET=utf8;

--
-- Dumping data for table `vtiger_batch_item`
--

INSERT INTO `vtiger_batch_item` (`id`, `salesorderid`, `productid`, `sequence_no`, `batchItem_id`) VALUES
(117, 0, 28, 1, 1),
(120, 0, 28, 1, 7);

-- --------------------------------------------------------

--
-- Table structure for table `vtiger_batch_machine`
--

CREATE TABLE `vtiger_batch_machine` (
  `batch_machineid` int(11) NOT NULL,
  `batch_machine` varchar(200) NOT NULL,
  `presence` int(1) NOT NULL DEFAULT '1',
  `picklist_valueid` int(11) NOT NULL DEFAULT '0',
  `sortorderid` int(11) DEFAULT '0',
  `color` varchar(10) DEFAULT NULL
) ENGINE=InnoDB DEFAULT CHARSET=utf8;

--
-- Dumping data for table `vtiger_batch_machine`
--

INSERT INTO `vtiger_batch_machine` (`batch_machineid`, `batch_machine`, `presence`, `picklist_valueid`, `sortorderid`, `color`) VALUES
(1, '450', 1, 324, 1, NULL),
(2, '900-1', 1, 325, 2, NULL),
(3, '900-2', 1, 326, 3, NULL),
(4, '900-3', 1, 327, 4, NULL),
(5, 'CM-1', 1, 416, 5, NULL),
(6, 'CM-2', 1, 417, 6, NULL),
(7, 'Diamatic\r\n', 1, 418, 7, NULL);

-- --------------------------------------------------------

--
-- Table structure for table `vtiger_batch_machine_seq`
--

CREATE TABLE `vtiger_batch_machine_seq` (
  `id` int(11) NOT NULL
) ENGINE=InnoDB DEFAULT CHARSET=utf8 COLLATE=utf8_unicode_ci;

--
-- Dumping data for table `vtiger_batch_machine_seq`
--

INSERT INTO `vtiger_batch_machine_seq` (`id`) VALUES
(7);

-- --------------------------------------------------------

--
-- Table structure for table `vtiger_batch_user_field`
--

CREATE TABLE `vtiger_batch_user_field` (
  `recordid` int(25) NOT NULL,
  `userid` int(25) NOT NULL,
  `starred` varchar(100) DEFAULT NULL
) ENGINE=InnoDB DEFAULT CHARSET=utf8;

-- --------------------------------------------------------

--
-- Table structure for table `vtiger_blocks`
--

CREATE TABLE `vtiger_blocks` (
  `blockid` int(19) NOT NULL,
  `tabid` int(19) NOT NULL,
  `blocklabel` varchar(100) NOT NULL,
  `sequence` int(10) DEFAULT NULL,
  `show_title` int(2) DEFAULT NULL,
  `visible` int(2) NOT NULL DEFAULT '0',
  `create_view` int(2) NOT NULL DEFAULT '0',
  `edit_view` int(2) NOT NULL DEFAULT '0',
  `detail_view` int(2) NOT NULL DEFAULT '0',
  `display_status` int(1) NOT NULL DEFAULT '1',
  `iscustom` int(1) NOT NULL DEFAULT '0'
) ENGINE=InnoDB DEFAULT CHARSET=utf8;

--
-- Dumping data for table `vtiger_blocks`
--

INSERT INTO `vtiger_blocks` (`blockid`, `tabid`, `blocklabel`, `sequence`, `show_title`, `visible`, `create_view`, `edit_view`, `detail_view`, `display_status`, `iscustom`) VALUES
(1, 2, 'LBL_OPPORTUNITY_INFORMATION', 1, 0, 0, 0, 0, 0, 1, 0),
(2, 2, 'LBL_CUSTOM_INFORMATION', 2, 0, 0, 0, 0, 0, 1, 0),
(3, 2, 'LBL_DESCRIPTION_INFORMATION', 3, 0, 0, 0, 0, 0, 1, 0),
(4, 4, 'LBL_CONTACT_INFORMATION', 1, 0, 0, 0, 0, 0, 1, 0),
(5, 4, 'LBL_CUSTOM_INFORMATION', 2, 0, 0, 0, 0, 0, 1, 0),
(6, 4, 'LBL_CUSTOMER_PORTAL_INFORMATION', 3, 0, 0, 0, 0, 0, 1, 0),
(7, 4, 'LBL_ADDRESS_INFORMATION', 4, 0, 0, 0, 0, 0, 1, 0),
(8, 4, 'LBL_DESCRIPTION_INFORMATION', 5, 0, 0, 0, 0, 0, 1, 0),
(9, 6, 'LBL_ACCOUNT_INFORMATION', 1, 0, 0, 0, 0, 0, 1, 0),
(10, 6, 'LBL_CUSTOM_INFORMATION', 2, 0, 0, 0, 0, 0, 1, 0),
(11, 6, 'LBL_ADDRESS_INFORMATION', 3, 0, 0, 0, 0, 0, 1, 0),
(12, 6, 'LBL_DESCRIPTION_INFORMATION', 4, 0, 0, 0, 0, 0, 1, 0),
(13, 7, 'LBL_LEAD_INFORMATION', 1, 0, 0, 0, 0, 0, 1, 0),
(14, 7, 'LBL_CUSTOM_INFORMATION', 2, 0, 0, 0, 0, 0, 1, 0),
(15, 7, 'LBL_ADDRESS_INFORMATION', 3, 0, 0, 0, 0, 0, 1, 0),
(16, 7, 'LBL_DESCRIPTION_INFORMATION', 4, 0, 0, 0, 0, 0, 1, 0),
(17, 8, 'LBL_NOTE_INFORMATION', 1, 0, 0, 0, 0, 0, 1, 0),
(18, 8, 'LBL_FILE_INFORMATION', 3, 1, 0, 0, 0, 0, 1, 0),
(19, 9, 'LBL_TASK_INFORMATION', 1, 0, 0, 0, 0, 0, 1, 0),
(20, 9, 'LBL_DESCRIPTION_INFORMATION', 3, 1, 0, 0, 0, 0, 1, 0),
(21, 10, 'LBL_EMAIL_INFORMATION', 1, 0, 0, 0, 0, 0, 1, 0),
(22, 10, 'Emails_Block1', 2, 1, 0, 0, 0, 0, 1, 0),
(23, 10, 'Emails_Block2', 3, 1, 0, 0, 0, 0, 1, 0),
(24, 10, 'Emails_Block3', 4, 1, 0, 0, 0, 0, 1, 0),
(25, 13, 'LBL_TICKET_INFORMATION', 1, 0, 0, 0, 0, 0, 1, 0),
(26, 13, '', 2, 1, 0, 0, 0, 0, 1, 0),
(27, 13, 'LBL_CUSTOM_INFORMATION', 3, 0, 0, 0, 0, 0, 1, 0),
(28, 13, 'LBL_DESCRIPTION_INFORMATION', 4, 0, 0, 0, 0, 0, 1, 0),
(29, 13, 'LBL_TICKET_RESOLUTION', 5, 0, 0, 1, 0, 0, 1, 0),
(30, 13, 'LBL_COMMENTS', 6, 0, 0, 1, 0, 0, 1, 0),
(31, 14, 'LBL_PRODUCT_INFORMATION', 1, 0, 0, 0, 0, 0, 1, 0),
(32, 14, 'LBL_PRICING_INFORMATION', 2, 0, 0, 0, 0, 0, 1, 0),
(33, 14, 'LBL_STOCK_INFORMATION', 3, 0, 0, 0, 0, 0, 1, 0),
(34, 14, 'LBL_CUSTOM_INFORMATION', 4, 0, 0, 0, 0, 0, 1, 0),
(35, 14, 'LBL_IMAGE_INFORMATION', 5, 0, 0, 0, 0, 0, 1, 0),
(36, 14, 'LBL_DESCRIPTION_INFORMATION', 6, 0, 0, 0, 0, 0, 1, 0),
(37, 15, 'LBL_FAQ_INFORMATION', 1, 0, 0, 0, 0, 0, 1, 0),
(38, 15, 'LBL_COMMENT_INFORMATION', 4, 0, 0, 1, 0, 0, 1, 0),
(39, 16, 'LBL_EVENT_INFORMATION', 1, 0, 0, 0, 0, 0, 1, 0),
(40, 16, 'LBL_REMINDER_INFORMATION', 2, 0, 0, 0, 0, 0, 1, 0),
(41, 16, 'LBL_DESCRIPTION_INFORMATION', 5, 0, 0, 0, 0, 0, 1, 0),
(42, 18, 'LBL_VENDOR_INFORMATION', 1, 0, 0, 0, 0, 0, 1, 0),
(43, 18, 'LBL_CUSTOM_INFORMATION', 2, 0, 0, 0, 0, 0, 1, 0),
(44, 18, 'LBL_VENDOR_ADDRESS_INFORMATION', 3, 0, 0, 0, 0, 0, 1, 0),
(45, 18, 'LBL_DESCRIPTION_INFORMATION', 4, 0, 0, 0, 0, 0, 1, 0),
(46, 19, 'LBL_PRICEBOOK_INFORMATION', 1, 0, 0, 0, 0, 0, 1, 0),
(47, 19, 'LBL_CUSTOM_INFORMATION', 2, 0, 0, 0, 0, 0, 1, 0),
(48, 19, 'LBL_DESCRIPTION_INFORMATION', 3, 0, 0, 0, 0, 0, 1, 0),
(49, 20, 'LBL_QUOTE_INFORMATION', 1, 0, 0, 0, 0, 0, 1, 0),
(50, 20, 'LBL_CUSTOM_INFORMATION', 2, 0, 0, 0, 0, 0, 1, 0),
(51, 20, 'LBL_ADDRESS_INFORMATION', 3, 0, 0, 0, 0, 0, 1, 0),
(52, 20, 'LBL_RELATED_PRODUCTS', 4, 0, 0, 0, 0, 0, 1, 0),
(53, 20, 'LBL_TERMS_INFORMATION', 5, 0, 0, 0, 0, 0, 1, 0),
(54, 20, 'LBL_DESCRIPTION_INFORMATION', 6, 0, 0, 0, 0, 0, 1, 0),
(55, 21, 'LBL_PO_INFORMATION', 1, 0, 0, 0, 0, 0, 1, 0),
(56, 21, 'LBL_CUSTOM_INFORMATION', 2, 0, 0, 0, 0, 0, 1, 0),
(57, 21, 'LBL_ADDRESS_INFORMATION', 3, 0, 0, 0, 0, 0, 1, 0),
(58, 21, 'LBL_RELATED_PRODUCTS', 4, 0, 0, 0, 0, 0, 1, 0),
(59, 21, 'LBL_TERMS_INFORMATION', 5, 0, 0, 0, 0, 0, 1, 0),
(60, 21, 'LBL_DESCRIPTION_INFORMATION', 6, 0, 0, 0, 0, 0, 1, 0),
(61, 22, 'LBL_SO_INFORMATION', 1, 0, 0, 0, 0, 0, 1, 0),
(62, 22, 'LBL_CUSTOM_INFORMATION', 3, 0, 0, 0, 0, 0, 1, 0),
(63, 22, 'LBL_ADDRESS_INFORMATION', 4, 0, 0, 0, 0, 0, 1, 0),
(64, 22, 'LBL_RELATED_PRODUCTS', 5, 0, 0, 0, 0, 0, 1, 0),
(65, 22, 'LBL_TERMS_INFORMATION', 6, 0, 0, 0, 0, 0, 1, 0),
(66, 22, 'LBL_DESCRIPTION_INFORMATION', 7, 0, 0, 0, 0, 0, 1, 0),
(67, 23, 'LBL_INVOICE_INFORMATION', 1, 0, 0, 0, 0, 0, 1, 0),
(68, 23, 'LBL_CUSTOM_INFORMATION', 2, 0, 0, 0, 0, 0, 1, 0),
(69, 23, 'LBL_ADDRESS_INFORMATION', 3, 0, 0, 0, 0, 0, 1, 0),
(70, 23, 'LBL_RELATED_PRODUCTS', 4, 0, 0, 0, 0, 0, 1, 0),
(71, 23, 'LBL_TERMS_INFORMATION', 5, 0, 0, 0, 0, 0, 1, 0),
(72, 23, 'LBL_DESCRIPTION_INFORMATION', 6, 0, 0, 0, 0, 0, 1, 0),
(73, 4, 'LBL_IMAGE_INFORMATION', 6, 0, 0, 0, 0, 0, 1, 0),
(74, 26, 'LBL_CAMPAIGN_INFORMATION', 1, 0, 0, 0, 0, 0, 1, 0),
(75, 26, 'LBL_CUSTOM_INFORMATION', 2, 0, 0, 0, 0, 0, 1, 0),
(76, 26, 'LBL_EXPECTATIONS_AND_ACTUALS', 3, 0, 0, 0, 0, 0, 1, 0),
(77, 29, 'LBL_USERLOGIN_ROLE', 1, 0, 0, 0, 0, 0, 1, 0),
(78, 29, 'LBL_CURRENCY_CONFIGURATION', 3, 0, 0, 0, 0, 0, 1, 0),
(79, 29, 'LBL_MORE_INFORMATION', 4, 0, 0, 0, 0, 0, 1, 0),
(80, 29, 'LBL_ADDRESS_INFORMATION', 5, 0, 0, 0, 0, 0, 1, 0),
(81, 26, 'LBL_DESCRIPTION_INFORMATION', 4, 0, 0, 0, 0, 0, 1, 0),
(82, 29, 'LBL_USER_IMAGE_INFORMATION', 5, 0, 0, 0, 0, 0, 1, 0),
(83, 29, 'LBL_USER_ADV_OPTIONS', 6, 0, 0, 0, 0, 0, 1, 0),
(84, 8, 'LBL_DESCRIPTION', 2, 0, 0, 0, 0, 0, 1, 0),
(85, 22, 'Recurring Invoice Information', 2, 0, 0, 0, 0, 0, 1, 0),
(86, 9, 'LBL_CUSTOM_INFORMATION', 4, 0, 0, 0, 0, 0, 1, 0),
(87, 16, 'LBL_CUSTOM_INFORMATION', 6, 0, 0, 0, 0, 0, 1, 0),
(88, 30, 'LBL_PBXMANAGER_INFORMATION', 1, 0, 0, 0, 0, 0, 1, 0),
(89, 33, 'LBL_SERVICE_INFORMATION', 1, 0, 0, 0, 0, 0, 1, 0),
(90, 33, 'LBL_PRICING_INFORMATION', 2, 0, 0, 0, 0, 0, 1, 0),
(91, 33, 'LBL_CUSTOM_INFORMATION', 3, 0, 0, 0, 0, 0, 1, 0),
(92, 33, 'LBL_DESCRIPTION_INFORMATION', 4, 0, 0, 0, 0, 0, 1, 0),
(93, 37, 'LBL_SERVICE_CONTRACT_INFORMATION', 1, 0, 0, 0, 0, 0, 1, 0),
(94, 37, 'LBL_CUSTOM_INFORMATION', 2, 0, 0, 0, 0, 0, 1, 0),
(95, 39, 'LBL_SMSNOTIFIER_INFORMATION', 1, 0, 0, 0, 0, 0, 1, 0),
(96, 39, 'LBL_CUSTOM_INFORMATION', 2, 0, 0, 0, 0, 0, 1, 0),
(97, 39, 'StatusInformation', 3, 0, 0, 0, 0, 0, 1, 0),
(98, 40, 'LBL_ASSET_INFORMATION', 1, 0, 0, 0, 0, 0, 1, 0),
(99, 40, 'LBL_CUSTOM_INFORMATION', 2, 0, 0, 0, 0, 0, 1, 0),
(100, 40, 'LBL_DESCRIPTION_INFORMATION', 3, 0, 0, 0, 0, 0, 1, 0),
(101, 41, 'LBL_MODCOMMENTS_INFORMATION', 1, 0, 0, 0, 0, 0, 1, 0),
(102, 41, 'LBL_OTHER_INFORMATION', 2, 0, 0, 0, 0, 0, 1, 0),
(103, 41, 'LBL_CUSTOM_INFORMATION', 3, 0, 0, 0, 0, 0, 1, 0),
(104, 45, 'LBL_PROJECT_MILESTONE_INFORMATION', 1, 0, 0, 0, 0, 0, 1, 0),
(105, 45, 'LBL_CUSTOM_INFORMATION', 2, 0, 0, 0, 0, 0, 1, 0),
(106, 45, 'LBL_DESCRIPTION_INFORMATION', 3, 0, 0, 0, 0, 0, 1, 0),
(107, 46, 'LBL_PROJECT_TASK_INFORMATION', 1, 0, 0, 0, 0, 0, 1, 0),
(108, 46, 'LBL_CUSTOM_INFORMATION', 2, 0, 0, 0, 0, 0, 1, 0),
(109, 46, 'LBL_DESCRIPTION_INFORMATION', 3, 0, 0, 0, 0, 0, 1, 0),
(110, 47, 'LBL_PROJECT_INFORMATION', 1, 0, 0, 0, 0, 0, 1, 0),
(111, 47, 'LBL_CUSTOM_INFORMATION', 2, 0, 0, 0, 0, 0, 1, 0),
(112, 47, 'LBL_DESCRIPTION_INFORMATION', 3, 0, 0, 0, 0, 0, 1, 0),
(113, 23, 'LBL_ITEM_DETAILS', 5, 0, 0, 0, 0, 0, 1, 0),
(114, 22, 'LBL_ITEM_DETAILS', 5, 0, 0, 0, 0, 0, 1, 0),
(115, 21, 'LBL_ITEM_DETAILS', 5, 0, 0, 0, 0, 0, 1, 0),
(116, 20, 'LBL_ITEM_DETAILS', 5, 0, 0, 0, 0, 0, 1, 0),
(117, 16, 'LBL_RECURRENCE_INFORMATION', 3, 0, 0, 0, 0, 0, 1, 0),
(118, 29, 'LBL_CALENDAR_SETTINGS', 2, 0, 0, 0, 0, 0, 1, 0),
(119, 16, 'LBL_RELATED_TO', 4, 0, 0, 0, 0, 0, 1, 0),
(120, 9, 'LBL_REMINDER_INFORMATION', 2, 0, 0, 0, 0, 0, 1, 0),
(121, 50, 'LBL_BATCH_INFORMATION', 1, 0, 0, 0, 0, 0, 1, 0),
(122, 50, 'LBL_CUSTOM_INFORMATION', 3, 0, 0, 0, 0, 0, 1, 0),
(123, 51, 'LBL_BATCHINVENTORY_INFORMATION', 1, 0, 0, 0, 0, 0, 1, 0),
(124, 51, 'LBL_CUSTOM_INFORMATION', 3, 0, 0, 0, 0, 0, 1, 0),
(125, 52, 'LBL_HEATRUN_INFORMATION', 1, 0, 0, 0, 0, 0, 1, 0),
(126, 52, 'LBL_CUSTOM_INFORMATION', 2, 0, 0, 0, 0, 0, 1, 0),
(127, 51, 'LBL_PRODMOV_DETAILS', 2, 0, 0, 0, 0, 0, 1, 0),
(128, 53, 'LBL_BATCHMOVEMENT_INFORMATION', 1, 0, 0, 0, 0, 0, 1, 0),
(129, 53, 'LBL_CUSTOM_INFORMATION', 2, 0, 0, 0, 0, 0, 1, 0),
(130, 53, 'LBL_BATCHMOV_DETAILS', 3, 0, 0, 0, 0, 0, 1, 0),
(131, 50, 'BATCH_RELATED_ITEM', 2, 0, 0, 0, 0, 0, 1, 1),
(132, 54, 'LBL_CORK_INFORMATION', 1, 0, 0, 0, 0, 0, 1, 0),
(133, 54, 'LBL_CUSTOM_INFORMATION', 2, 0, 0, 0, 0, 0, 1, 0),
(134, 55, 'LBL_REJECTION_INFORMATION', 1, 0, 0, 0, 0, 0, 1, 0),
(135, 55, 'LBL_CUSTOM_INFORMATION', 3, 0, 0, 0, 0, 0, 1, 0),
(136, 55, 'LBL_ITEM_REJECTION_DETAILS', 2, 0, 0, 0, 0, 0, 1, 0),
(137, 56, 'LBL_DISPATCH_INFORMATION', 1, 0, 0, 0, 0, 0, 1, 0),
(138, 56, 'LBL_CUSTOM_INFORMATION', 3, 0, 0, 0, 0, 0, 1, 0),
(139, 56, 'DISPATCH_RELATED_ITEM', 2, 0, 0, 0, 0, 0, 1, 1);

-- --------------------------------------------------------

--
-- Table structure for table `vtiger_blocks_seq`
--

CREATE TABLE `vtiger_blocks_seq` (
  `id` int(11) NOT NULL
) ENGINE=InnoDB DEFAULT CHARSET=utf8;

--
-- Dumping data for table `vtiger_blocks_seq`
--

INSERT INTO `vtiger_blocks_seq` (`id`) VALUES
(139);

-- --------------------------------------------------------

--
-- Table structure for table `vtiger_calendarsharedtype`
--

CREATE TABLE `vtiger_calendarsharedtype` (
  `calendarsharedtypeid` int(11) NOT NULL,
  `calendarsharedtype` varchar(200) NOT NULL,
  `sortorderid` int(11) DEFAULT NULL,
  `presence` int(11) NOT NULL DEFAULT '1'
) ENGINE=InnoDB DEFAULT CHARSET=utf8;

--
-- Dumping data for table `vtiger_calendarsharedtype`
--

INSERT INTO `vtiger_calendarsharedtype` (`calendarsharedtypeid`, `calendarsharedtype`, `sortorderid`, `presence`) VALUES
(1, 'public', 0, 1),
(2, 'private', 1, 1),
(3, 'seletedusers', 2, 1);

-- --------------------------------------------------------

--
-- Table structure for table `vtiger_calendarsharedtype_seq`
--

CREATE TABLE `vtiger_calendarsharedtype_seq` (
  `id` int(11) NOT NULL
) ENGINE=InnoDB DEFAULT CHARSET=utf8;

--
-- Dumping data for table `vtiger_calendarsharedtype_seq`
--

INSERT INTO `vtiger_calendarsharedtype_seq` (`id`) VALUES
(3);

-- --------------------------------------------------------

--
-- Table structure for table `vtiger_calendar_default_activitytypes`
--

CREATE TABLE `vtiger_calendar_default_activitytypes` (
  `id` int(19) NOT NULL,
  `module` varchar(50) DEFAULT NULL,
  `fieldname` varchar(50) DEFAULT NULL,
  `defaultcolor` varchar(50) DEFAULT NULL,
  `isdefault` int(11) DEFAULT '1',
  `conditions` varchar(255) DEFAULT NULL
) ENGINE=InnoDB DEFAULT CHARSET=utf8;

--
-- Dumping data for table `vtiger_calendar_default_activitytypes`
--

INSERT INTO `vtiger_calendar_default_activitytypes` (`id`, `module`, `fieldname`, `defaultcolor`, `isdefault`, `conditions`) VALUES
(1, 'Events', '[\"date_start\",\"due_date\"]', '#17309A', 1, NULL),
(2, 'Calendar', '[\"date_start\",\"due_date\"]', '#3A87AD', 1, NULL),
(3, 'Potentials', '[\"closingdate\"]', '#AA6705', 1, NULL),
(4, 'Contacts', '[\"support_end_date\"]', '#953B39', 1, NULL),
(5, 'Contacts', '[\"birthday\"]', '#545252', 1, NULL),
(6, 'Invoice', '[\"duedate\"]', '#87865D', 1, NULL),
(7, 'Project', '[\"startdate\",\"targetenddate\"]', '#C71585', 1, NULL),
(8, 'ProjectTask', '[\"startdate\",\"enddate\"]', '#006400', 1, NULL);

-- --------------------------------------------------------

--
-- Table structure for table `vtiger_calendar_default_activitytypes_seq`
--

CREATE TABLE `vtiger_calendar_default_activitytypes_seq` (
  `id` int(11) NOT NULL
) ENGINE=InnoDB DEFAULT CHARSET=utf8;

--
-- Dumping data for table `vtiger_calendar_default_activitytypes_seq`
--

INSERT INTO `vtiger_calendar_default_activitytypes_seq` (`id`) VALUES
(8);

-- --------------------------------------------------------

--
-- Table structure for table `vtiger_calendar_user_activitytypes`
--

CREATE TABLE `vtiger_calendar_user_activitytypes` (
  `id` int(19) NOT NULL,
  `defaultid` int(19) DEFAULT NULL,
  `userid` int(19) DEFAULT NULL,
  `color` varchar(50) DEFAULT NULL,
  `visible` int(19) DEFAULT '1'
) ENGINE=InnoDB DEFAULT CHARSET=utf8;

--
-- Dumping data for table `vtiger_calendar_user_activitytypes`
--

INSERT INTO `vtiger_calendar_user_activitytypes` (`id`, `defaultid`, `userid`, `color`, `visible`) VALUES
(1, 1, 1, '#17309A', 1),
(2, 2, 1, '#3A87AD', 1),
(3, 3, 1, '#AA6705', 1),
(4, 4, 1, '#953B39', 1),
(5, 5, 1, '#545252', 1),
(6, 6, 1, '#87865D', 1),
(7, 7, 1, '#C71585', 1),
(8, 8, 1, '#006400', 1),
(9, 1, 5, '#17309A', 1),
(10, 2, 5, '#3A87AD', 1),
(11, 3, 5, '#AA6705', 1),
(12, 4, 5, '#953B39', 1),
(13, 5, 5, '#545252', 1),
(14, 6, 5, '#87865D', 1),
(15, 7, 5, '#C71585', 1),
(16, 8, 5, '#006400', 1);

-- --------------------------------------------------------

--
-- Table structure for table `vtiger_calendar_user_activitytypes_seq`
--

CREATE TABLE `vtiger_calendar_user_activitytypes_seq` (
  `id` int(11) NOT NULL
) ENGINE=InnoDB DEFAULT CHARSET=utf8;

--
-- Dumping data for table `vtiger_calendar_user_activitytypes_seq`
--

INSERT INTO `vtiger_calendar_user_activitytypes_seq` (`id`) VALUES
(16);

-- --------------------------------------------------------

--
-- Table structure for table `vtiger_callduration`
--

CREATE TABLE `vtiger_callduration` (
  `calldurationid` int(11) NOT NULL,
  `callduration` varchar(200) NOT NULL,
  `sortorderid` int(11) DEFAULT NULL,
  `presence` int(11) NOT NULL DEFAULT '1'
) ENGINE=InnoDB DEFAULT CHARSET=utf8;

--
-- Dumping data for table `vtiger_callduration`
--

INSERT INTO `vtiger_callduration` (`calldurationid`, `callduration`, `sortorderid`, `presence`) VALUES
(1, '5', 0, 1),
(2, '10', 1, 1),
(3, '30', 2, 1),
(4, '60', 3, 1),
(5, '120', 4, 1);

-- --------------------------------------------------------

--
-- Table structure for table `vtiger_callduration_seq`
--

CREATE TABLE `vtiger_callduration_seq` (
  `id` int(11) NOT NULL
) ENGINE=InnoDB DEFAULT CHARSET=utf8;

--
-- Dumping data for table `vtiger_callduration_seq`
--

INSERT INTO `vtiger_callduration_seq` (`id`) VALUES
(5);

-- --------------------------------------------------------

--
-- Table structure for table `vtiger_campaign`
--

CREATE TABLE `vtiger_campaign` (
  `campaign_no` varchar(100) NOT NULL,
  `campaignname` varchar(255) DEFAULT NULL,
  `campaigntype` varchar(200) DEFAULT NULL,
  `campaignstatus` varchar(200) DEFAULT NULL,
  `expectedrevenue` decimal(25,8) DEFAULT NULL,
  `budgetcost` decimal(25,8) DEFAULT NULL,
  `actualcost` decimal(25,8) DEFAULT NULL,
  `expectedresponse` varchar(200) DEFAULT NULL,
  `numsent` decimal(11,0) DEFAULT NULL,
  `product_id` int(19) DEFAULT NULL,
  `sponsor` varchar(255) DEFAULT NULL,
  `targetaudience` varchar(255) DEFAULT NULL,
  `targetsize` int(19) DEFAULT NULL,
  `expectedresponsecount` int(19) DEFAULT NULL,
  `expectedsalescount` int(19) DEFAULT NULL,
  `expectedroi` decimal(25,8) DEFAULT NULL,
  `actualresponsecount` int(19) DEFAULT NULL,
  `actualsalescount` int(19) DEFAULT NULL,
  `actualroi` decimal(25,8) DEFAULT NULL,
  `campaignid` int(19) NOT NULL,
  `closingdate` date DEFAULT NULL,
  `tags` varchar(1) DEFAULT NULL
) ENGINE=InnoDB DEFAULT CHARSET=utf8;

-- --------------------------------------------------------

--
-- Table structure for table `vtiger_campaignaccountrel`
--

CREATE TABLE `vtiger_campaignaccountrel` (
  `campaignid` int(19) DEFAULT NULL,
  `accountid` int(19) DEFAULT NULL,
  `campaignrelstatusid` int(19) DEFAULT NULL
) ENGINE=InnoDB DEFAULT CHARSET=utf8;

-- --------------------------------------------------------

--
-- Table structure for table `vtiger_campaigncontrel`
--

CREATE TABLE `vtiger_campaigncontrel` (
  `campaignid` int(19) NOT NULL DEFAULT '0',
  `contactid` int(19) NOT NULL DEFAULT '0',
  `campaignrelstatusid` int(19) NOT NULL DEFAULT '0'
) ENGINE=InnoDB DEFAULT CHARSET=utf8;

-- --------------------------------------------------------

--
-- Table structure for table `vtiger_campaignleadrel`
--

CREATE TABLE `vtiger_campaignleadrel` (
  `campaignid` int(19) NOT NULL DEFAULT '0',
  `leadid` int(19) NOT NULL DEFAULT '0',
  `campaignrelstatusid` int(19) NOT NULL DEFAULT '0'
) ENGINE=InnoDB DEFAULT CHARSET=utf8;

-- --------------------------------------------------------

--
-- Table structure for table `vtiger_campaignrelstatus`
--

CREATE TABLE `vtiger_campaignrelstatus` (
  `campaignrelstatusid` int(19) DEFAULT NULL,
  `campaignrelstatus` varchar(256) DEFAULT NULL,
  `sortorderid` int(19) DEFAULT NULL,
  `presence` int(19) DEFAULT NULL,
  `color` varchar(10) DEFAULT NULL
) ENGINE=InnoDB DEFAULT CHARSET=utf8;

--
-- Dumping data for table `vtiger_campaignrelstatus`
--

INSERT INTO `vtiger_campaignrelstatus` (`campaignrelstatusid`, `campaignrelstatus`, `sortorderid`, `presence`, `color`) VALUES
(2, 'Contacted - Successful', 1, 1, NULL),
(3, 'Contacted - Unsuccessful', 2, 1, NULL),
(4, 'Contacted - Never Contact Again', 3, 1, NULL);

-- --------------------------------------------------------

--
-- Table structure for table `vtiger_campaignrelstatus_seq`
--

CREATE TABLE `vtiger_campaignrelstatus_seq` (
  `id` int(11) NOT NULL
) ENGINE=InnoDB DEFAULT CHARSET=utf8;

--
-- Dumping data for table `vtiger_campaignrelstatus_seq`
--

INSERT INTO `vtiger_campaignrelstatus_seq` (`id`) VALUES
(4);

-- --------------------------------------------------------

--
-- Table structure for table `vtiger_campaignscf`
--

CREATE TABLE `vtiger_campaignscf` (
  `campaignid` int(19) NOT NULL DEFAULT '0'
) ENGINE=InnoDB DEFAULT CHARSET=utf8;

-- --------------------------------------------------------

--
-- Table structure for table `vtiger_campaignstatus`
--

CREATE TABLE `vtiger_campaignstatus` (
  `campaignstatusid` int(19) NOT NULL,
  `campaignstatus` varchar(200) NOT NULL,
  `presence` int(1) NOT NULL DEFAULT '1',
  `picklist_valueid` int(19) NOT NULL DEFAULT '0',
  `sortorderid` int(11) DEFAULT NULL,
  `color` varchar(10) DEFAULT NULL
) ENGINE=InnoDB DEFAULT CHARSET=utf8;

--
-- Dumping data for table `vtiger_campaignstatus`
--

INSERT INTO `vtiger_campaignstatus` (`campaignstatusid`, `campaignstatus`, `presence`, `picklist_valueid`, `sortorderid`, `color`) VALUES
(2, 'Planning', 1, 15, 1, NULL),
(3, 'Active', 1, 16, 2, NULL),
(4, 'Inactive', 1, 17, 3, NULL),
(5, 'Completed', 1, 18, 4, NULL),
(6, 'Cancelled', 1, 19, 5, NULL);

-- --------------------------------------------------------

--
-- Table structure for table `vtiger_campaignstatus_seq`
--

CREATE TABLE `vtiger_campaignstatus_seq` (
  `id` int(11) NOT NULL
) ENGINE=InnoDB DEFAULT CHARSET=utf8;

--
-- Dumping data for table `vtiger_campaignstatus_seq`
--

INSERT INTO `vtiger_campaignstatus_seq` (`id`) VALUES
(6);

-- --------------------------------------------------------

--
-- Table structure for table `vtiger_campaigntype`
--

CREATE TABLE `vtiger_campaigntype` (
  `campaigntypeid` int(19) NOT NULL,
  `campaigntype` varchar(200) NOT NULL,
  `presence` int(1) NOT NULL DEFAULT '1',
  `picklist_valueid` int(19) NOT NULL DEFAULT '0',
  `sortorderid` int(11) DEFAULT NULL,
  `color` varchar(10) DEFAULT NULL
) ENGINE=InnoDB DEFAULT CHARSET=utf8;

--
-- Dumping data for table `vtiger_campaigntype`
--

INSERT INTO `vtiger_campaigntype` (`campaigntypeid`, `campaigntype`, `presence`, `picklist_valueid`, `sortorderid`, `color`) VALUES
(2, 'Conference', 1, 21, 1, NULL),
(3, 'Webinar', 1, 22, 2, NULL),
(4, 'Trade Show', 1, 23, 3, NULL),
(5, 'Public Relations', 1, 24, 4, NULL),
(6, 'Partners', 1, 25, 5, NULL),
(7, 'Referral Program', 1, 26, 6, NULL),
(8, 'Advertisement', 1, 27, 7, NULL),
(9, 'Banner Ads', 1, 28, 8, NULL),
(10, 'Direct Mail', 1, 29, 9, NULL),
(11, 'Email', 1, 30, 10, NULL),
(12, 'Telemarketing', 1, 31, 11, NULL),
(13, 'Others', 1, 32, 12, NULL);

-- --------------------------------------------------------

--
-- Table structure for table `vtiger_campaigntype_seq`
--

CREATE TABLE `vtiger_campaigntype_seq` (
  `id` int(11) NOT NULL
) ENGINE=InnoDB DEFAULT CHARSET=utf8;

--
-- Dumping data for table `vtiger_campaigntype_seq`
--

INSERT INTO `vtiger_campaigntype_seq` (`id`) VALUES
(13);

-- --------------------------------------------------------

--
-- Table structure for table `vtiger_carrier`
--

CREATE TABLE `vtiger_carrier` (
  `carrierid` int(19) NOT NULL,
  `carrier` varchar(200) NOT NULL,
  `presence` int(1) NOT NULL DEFAULT '1',
  `picklist_valueid` int(19) NOT NULL DEFAULT '0',
  `sortorderid` int(11) DEFAULT NULL,
  `color` varchar(10) DEFAULT NULL
) ENGINE=InnoDB DEFAULT CHARSET=utf8;

--
-- Dumping data for table `vtiger_carrier`
--

INSERT INTO `vtiger_carrier` (`carrierid`, `carrier`, `presence`, `picklist_valueid`, `sortorderid`, `color`) VALUES
(1, 'FedEx', 1, 33, 0, NULL),
(2, 'UPS', 1, 34, 1, NULL),
(3, 'USPS', 1, 35, 2, NULL),
(4, 'DHL', 1, 36, 3, NULL),
(5, 'BlueDart', 1, 37, 4, NULL);

-- --------------------------------------------------------

--
-- Table structure for table `vtiger_carrier_seq`
--

CREATE TABLE `vtiger_carrier_seq` (
  `id` int(11) NOT NULL
) ENGINE=InnoDB DEFAULT CHARSET=utf8;

--
-- Dumping data for table `vtiger_carrier_seq`
--

INSERT INTO `vtiger_carrier_seq` (`id`) VALUES
(5);

-- --------------------------------------------------------

--
-- Table structure for table `vtiger_cntactivityrel`
--

CREATE TABLE `vtiger_cntactivityrel` (
  `contactid` int(19) NOT NULL DEFAULT '0',
  `activityid` int(19) NOT NULL DEFAULT '0'
) ENGINE=InnoDB DEFAULT CHARSET=utf8;

-- --------------------------------------------------------

--
-- Table structure for table `vtiger_contactaddress`
--

CREATE TABLE `vtiger_contactaddress` (
  `contactaddressid` int(19) NOT NULL DEFAULT '0',
  `mailingcity` varchar(40) DEFAULT NULL,
  `mailingstreet` varchar(250) DEFAULT NULL,
  `mailingcountry` varchar(40) DEFAULT NULL,
  `othercountry` varchar(30) DEFAULT NULL,
  `mailingstate` varchar(30) DEFAULT NULL,
  `mailingpobox` varchar(30) DEFAULT NULL,
  `othercity` varchar(40) DEFAULT NULL,
  `otherstate` varchar(50) DEFAULT NULL,
  `mailingzip` varchar(30) DEFAULT NULL,
  `otherzip` varchar(30) DEFAULT NULL,
  `otherstreet` varchar(250) DEFAULT NULL,
  `otherpobox` varchar(30) DEFAULT NULL
) ENGINE=InnoDB DEFAULT CHARSET=utf8;

--
-- Dumping data for table `vtiger_contactaddress`
--

INSERT INTO `vtiger_contactaddress` (`contactaddressid`, `mailingcity`, `mailingstreet`, `mailingcountry`, `othercountry`, `mailingstate`, `mailingpobox`, `othercity`, `otherstate`, `mailingzip`, `otherzip`, `otherstreet`, `otherpobox`) VALUES
(124, 'Billing City', 'krishna building', '', '', '', '', '', '', '', '', '', '');

-- --------------------------------------------------------

--
-- Table structure for table `vtiger_contactdetails`
--

CREATE TABLE `vtiger_contactdetails` (
  `contactid` int(19) NOT NULL DEFAULT '0',
  `contact_no` varchar(100) NOT NULL,
  `accountid` int(19) DEFAULT NULL,
  `salutation` varchar(200) DEFAULT NULL,
  `firstname` varchar(40) DEFAULT NULL,
  `lastname` varchar(80) NOT NULL,
  `email` varchar(100) DEFAULT NULL,
  `phone` varchar(50) DEFAULT NULL,
  `mobile` varchar(50) DEFAULT NULL,
  `title` varchar(50) DEFAULT NULL,
  `department` varchar(30) DEFAULT NULL,
  `fax` varchar(50) DEFAULT NULL,
  `reportsto` varchar(30) DEFAULT NULL,
  `training` varchar(50) DEFAULT NULL,
  `usertype` varchar(50) DEFAULT NULL,
  `contacttype` varchar(50) DEFAULT NULL,
  `otheremail` varchar(100) DEFAULT NULL,
  `secondaryemail` varchar(100) DEFAULT NULL,
  `donotcall` varchar(3) DEFAULT NULL,
  `emailoptout` varchar(3) DEFAULT '0',
  `imagename` varchar(150) DEFAULT NULL,
  `reference` varchar(3) DEFAULT NULL,
  `notify_owner` varchar(3) DEFAULT '0',
  `isconvertedfromlead` varchar(3) DEFAULT '0',
  `tags` varchar(1) DEFAULT NULL
) ENGINE=InnoDB DEFAULT CHARSET=utf8;

--
-- Dumping data for table `vtiger_contactdetails`
--

INSERT INTO `vtiger_contactdetails` (`contactid`, `contact_no`, `accountid`, `salutation`, `firstname`, `lastname`, `email`, `phone`, `mobile`, `title`, `department`, `fax`, `reportsto`, `training`, `usertype`, `contacttype`, `otheremail`, `secondaryemail`, `donotcall`, `emailoptout`, `imagename`, `reference`, `notify_owner`, `isconvertedfromlead`, `tags`) VALUES
(124, 'CON4', 125, 'Mr.', 'demo', 'last test', 'pv@masspl.com', '9000000000', '', 'Title', '', '', '0', NULL, NULL, NULL, NULL, '', '0', '0', '', '0', '0', '0', '');

-- --------------------------------------------------------

--
-- Table structure for table `vtiger_contactscf`
--

CREATE TABLE `vtiger_contactscf` (
  `contactid` int(19) NOT NULL DEFAULT '0'
) ENGINE=InnoDB DEFAULT CHARSET=utf8;

--
-- Dumping data for table `vtiger_contactscf`
--

INSERT INTO `vtiger_contactscf` (`contactid`) VALUES
(124);

-- --------------------------------------------------------

--
-- Table structure for table `vtiger_contactsubdetails`
--

CREATE TABLE `vtiger_contactsubdetails` (
  `contactsubscriptionid` int(19) NOT NULL DEFAULT '0',
  `homephone` varchar(50) DEFAULT NULL,
  `otherphone` varchar(50) DEFAULT NULL,
  `assistant` varchar(30) DEFAULT NULL,
  `assistantphone` varchar(50) DEFAULT NULL,
  `birthday` date DEFAULT NULL,
  `laststayintouchrequest` int(30) DEFAULT '0',
  `laststayintouchsavedate` int(19) DEFAULT '0',
  `leadsource` varchar(200) DEFAULT NULL
) ENGINE=InnoDB DEFAULT CHARSET=utf8;

--
-- Dumping data for table `vtiger_contactsubdetails`
--

INSERT INTO `vtiger_contactsubdetails` (`contactsubscriptionid`, `homephone`, `otherphone`, `assistant`, `assistantphone`, `birthday`, `laststayintouchrequest`, `laststayintouchsavedate`, `leadsource`) VALUES
(124, '', '', '', '', NULL, 0, 0, '');

-- --------------------------------------------------------

--
-- Table structure for table `vtiger_contpotentialrel`
--

CREATE TABLE `vtiger_contpotentialrel` (
  `contactid` int(19) NOT NULL DEFAULT '0',
  `potentialid` int(19) NOT NULL DEFAULT '0'
) ENGINE=InnoDB DEFAULT CHARSET=utf8;

-- --------------------------------------------------------

--
-- Table structure for table `vtiger_contract_priority`
--

CREATE TABLE `vtiger_contract_priority` (
  `contract_priorityid` int(11) NOT NULL,
  `contract_priority` varchar(200) NOT NULL,
  `presence` int(1) NOT NULL DEFAULT '1',
  `picklist_valueid` int(11) NOT NULL DEFAULT '0',
  `sortorderid` int(11) DEFAULT '0',
  `color` varchar(10) DEFAULT NULL
) ENGINE=InnoDB DEFAULT CHARSET=utf8;

--
-- Dumping data for table `vtiger_contract_priority`
--

INSERT INTO `vtiger_contract_priority` (`contract_priorityid`, `contract_priority`, `presence`, `picklist_valueid`, `sortorderid`, `color`) VALUES
(1, 'Low', 1, 229, 1, NULL),
(2, 'Normal', 1, 230, 2, NULL),
(3, 'High', 1, 231, 3, NULL);

-- --------------------------------------------------------

--
-- Table structure for table `vtiger_contract_priority_seq`
--

CREATE TABLE `vtiger_contract_priority_seq` (
  `id` int(11) NOT NULL
) ENGINE=InnoDB DEFAULT CHARSET=utf8;

--
-- Dumping data for table `vtiger_contract_priority_seq`
--

INSERT INTO `vtiger_contract_priority_seq` (`id`) VALUES
(3);

-- --------------------------------------------------------

--
-- Table structure for table `vtiger_contract_status`
--

CREATE TABLE `vtiger_contract_status` (
  `contract_statusid` int(11) NOT NULL,
  `contract_status` varchar(200) NOT NULL,
  `presence` int(1) NOT NULL DEFAULT '1',
  `picklist_valueid` int(11) NOT NULL DEFAULT '0',
  `sortorderid` int(11) DEFAULT '0',
  `color` varchar(10) DEFAULT NULL
) ENGINE=InnoDB DEFAULT CHARSET=utf8;

--
-- Dumping data for table `vtiger_contract_status`
--

INSERT INTO `vtiger_contract_status` (`contract_statusid`, `contract_status`, `presence`, `picklist_valueid`, `sortorderid`, `color`) VALUES
(1, 'Undefined', 1, 223, 1, NULL),
(2, 'In Planning', 1, 224, 2, NULL),
(3, 'In Progress', 1, 225, 3, NULL),
(4, 'On Hold', 1, 226, 4, NULL),
(5, 'Complete', 0, 227, 5, NULL),
(6, 'Archived', 1, 228, 6, NULL);

-- --------------------------------------------------------

--
-- Table structure for table `vtiger_contract_status_seq`
--

CREATE TABLE `vtiger_contract_status_seq` (
  `id` int(11) NOT NULL
) ENGINE=InnoDB DEFAULT CHARSET=utf8;

--
-- Dumping data for table `vtiger_contract_status_seq`
--

INSERT INTO `vtiger_contract_status_seq` (`id`) VALUES
(6);

-- --------------------------------------------------------

--
-- Table structure for table `vtiger_contract_type`
--

CREATE TABLE `vtiger_contract_type` (
  `contract_typeid` int(11) NOT NULL,
  `contract_type` varchar(200) NOT NULL,
  `presence` int(1) NOT NULL DEFAULT '1',
  `picklist_valueid` int(11) NOT NULL DEFAULT '0',
  `sortorderid` int(11) DEFAULT '0',
  `color` varchar(10) DEFAULT NULL
) ENGINE=InnoDB DEFAULT CHARSET=utf8;

--
-- Dumping data for table `vtiger_contract_type`
--

INSERT INTO `vtiger_contract_type` (`contract_typeid`, `contract_type`, `presence`, `picklist_valueid`, `sortorderid`, `color`) VALUES
(1, 'Support', 1, 232, 1, NULL),
(2, 'Services', 1, 233, 2, NULL),
(3, 'Administrative', 1, 234, 3, NULL);

-- --------------------------------------------------------

--
-- Table structure for table `vtiger_contract_type_seq`
--

CREATE TABLE `vtiger_contract_type_seq` (
  `id` int(11) NOT NULL
) ENGINE=InnoDB DEFAULT CHARSET=utf8;

--
-- Dumping data for table `vtiger_contract_type_seq`
--

INSERT INTO `vtiger_contract_type_seq` (`id`) VALUES
(3);

-- --------------------------------------------------------

--
-- Table structure for table `vtiger_convertleadmapping`
--

CREATE TABLE `vtiger_convertleadmapping` (
  `cfmid` int(19) NOT NULL,
  `leadfid` int(19) NOT NULL,
  `accountfid` int(19) DEFAULT NULL,
  `contactfid` int(19) DEFAULT NULL,
  `potentialfid` int(19) DEFAULT NULL,
  `editable` int(19) DEFAULT '1'
) ENGINE=InnoDB DEFAULT CHARSET=utf8;

--
-- Dumping data for table `vtiger_convertleadmapping`
--

INSERT INTO `vtiger_convertleadmapping` (`cfmid`, `leadfid`, `accountfid`, `contactfid`, `potentialfid`, `editable`) VALUES
(1, 43, 1, 0, 110, 0),
(2, 49, 14, 0, 0, 1),
(3, 40, 3, 69, 0, 1),
(4, 44, 5, 77, 0, 1),
(5, 52, 13, 0, 0, 1),
(6, 46, 9, 80, 0, 0),
(7, 48, 4, 0, 0, 1),
(8, 61, 26, 98, 0, 1),
(9, 60, 30, 0, 0, 1),
(10, 62, 32, 104, 0, 1),
(11, 63, 28, 100, 0, 1),
(12, 59, 24, 96, 0, 1),
(13, 64, 34, 106, 0, 1),
(14, 61, 27, 0, 0, 1),
(15, 60, 31, 0, 0, 1),
(16, 62, 33, 0, 0, 1),
(17, 63, 29, 0, 0, 1),
(18, 59, 25, 0, 0, 1),
(19, 64, 35, 0, 0, 1),
(20, 65, 36, 109, 125, 1),
(21, 37, 0, 66, 0, 1),
(22, 38, 0, 67, 0, 0),
(23, 41, 0, 70, 0, 0),
(24, 42, 0, 71, 0, 1),
(25, 45, 0, 76, 0, 1),
(26, 55, 0, 83, 0, 1),
(27, 47, 0, 74, 117, 1),
(28, 50, 0, 0, 0, 1),
(29, 53, 10, 0, 0, 1),
(30, 51, 17, 0, 0, 1);

-- --------------------------------------------------------

--
-- Table structure for table `vtiger_convertpotentialmapping`
--

CREATE TABLE `vtiger_convertpotentialmapping` (
  `cfmid` int(19) NOT NULL,
  `potentialfid` int(19) NOT NULL,
  `projectfid` int(19) DEFAULT NULL,
  `editable` int(11) DEFAULT '1'
) ENGINE=InnoDB DEFAULT CHARSET=utf8;

--
-- Dumping data for table `vtiger_convertpotentialmapping`
--

INSERT INTO `vtiger_convertpotentialmapping` (`cfmid`, `potentialfid`, `projectfid`, `editable`) VALUES
(1, 110, 654, NULL),
(2, 125, 670, NULL);

-- --------------------------------------------------------

--
-- Table structure for table `vtiger_core_type`
--

CREATE TABLE `vtiger_core_type` (
  `core_typeid` int(11) NOT NULL,
  `core_type` varchar(200) NOT NULL,
  `presence` int(1) NOT NULL DEFAULT '1',
  `picklist_valueid` int(11) NOT NULL DEFAULT '0',
  `sortorderid` int(11) DEFAULT '0',
  `color` varchar(10) DEFAULT NULL
) ENGINE=InnoDB DEFAULT CHARSET=utf8;

--
-- Dumping data for table `vtiger_core_type`
--

INSERT INTO `vtiger_core_type` (`core_typeid`, `core_type`, `presence`, `picklist_valueid`, `sortorderid`, `color`) VALUES
(1, '3B-CL', 1, 370, 1, NULL),
(2, '3B-FL', 1, 371, 2, NULL),
(3, '3C-CL', 1, 372, 3, NULL),
(4, '3C-FHL', 1, 373, 4, NULL),
(5, '3C-FL', 1, 374, 5, NULL),
(6, '3C-FPL', 1, 375, 6, NULL),
(7, '3C-FSL', 1, 376, 7, NULL),
(8, '3C-GHL', 1, 377, 8, NULL),
(9, '3C-GPL', 1, 378, 9, NULL),
(10, '4B-CL', 1, 379, 10, NULL),
(11, '4B-FL', 1, 380, 11, NULL),
(12, '4C-CL', 1, 381, 12, NULL),
(13, '4C-FHL', 1, 382, 13, NULL),
(14, '4C-FL', 1, 383, 14, NULL),
(15, '4C-FPL', 1, 384, 15, NULL),
(16, '4C-GHL', 1, 385, 16, NULL),
(17, '4C-GPL', 1, 386, 17, NULL),
(18, '4CC-FHL', 1, 387, 18, NULL),
(19, '4CC-FPL', 1, 388, 19, NULL),
(20, '4CC-GHL', 1, 389, 20, NULL),
(21, '4CC-GPL', 1, 390, 21, NULL),
(22, '55C-CL', 1, 391, 22, NULL),
(23, '55C-FL', 1, 392, 23, NULL),
(24, '55C-FSL', 1, 393, 24, NULL),
(25, '55D-CL', 1, 394, 25, NULL),
(26, '55D-FL', 1, 395, 26, NULL),
(27, '55D-FPL', 1, 396, 27, NULL),
(28, '5B-CL', 1, 397, 28, NULL),
(29, '5B-FL', 1, 398, 29, NULL),
(30, '5C-CL', 1, 399, 30, NULL),
(31, '5C-FL', 1, 400, 31, NULL),
(32, '6B-CL', 1, 401, 32, NULL),
(33, '6B-FL', 1, 402, 33, NULL),
(34, '6B-FSL', 1, 403, 34, NULL),
(35, '6C-CL', 1, 404, 35, NULL),
(36, '6C-FL', 1, 405, 36, NULL),
(37, '7C-CL', 1, 406, 37, NULL),
(38, '7C-FL', 1, 407, 38, NULL),
(39, '7C-FPL', 1, 408, 39, NULL),
(40, 'KEY50-16', 1, 409, 40, NULL),
(41, 'SPRUE', 1, 410, 41, NULL),
(42, 'KEY40', 1, 415, 46, NULL),
(43, 'T2061-FO', 1, 414, 45, NULL),
(44, 'T2061-FL', 1, 413, 44, NULL),
(45, 'T2061-CB', 1, 412, 43, NULL),
(46, 'T2061-CL', 1, 411, 42, NULL);

-- --------------------------------------------------------

--
-- Table structure for table `vtiger_core_type_seq`
--

CREATE TABLE `vtiger_core_type_seq` (
  `id` int(11) NOT NULL
) ENGINE=InnoDB DEFAULT CHARSET=utf8 COLLATE=utf8_unicode_ci;

--
-- Dumping data for table `vtiger_core_type_seq`
--

INSERT INTO `vtiger_core_type_seq` (`id`) VALUES
(46);

-- --------------------------------------------------------

--
-- Table structure for table `vtiger_cork`
--

CREATE TABLE `vtiger_cork` (
  `corkid` int(19) NOT NULL,
  `prd_cork` varchar(255) DEFAULT NULL,
  `cork_type` varchar(255) DEFAULT NULL,
  `cork_qty` varchar(255) DEFAULT NULL,
  `tags` varchar(1) DEFAULT NULL,
  `core_type` varchar(100) DEFAULT NULL
) ENGINE=InnoDB DEFAULT CHARSET=utf8;

--
-- Dumping data for table `vtiger_cork`
--

INSERT INTO `vtiger_cork` (`corkid`, `prd_cork`, `cork_type`, `cork_qty`, `tags`, `core_type`) VALUES
(54, '46', NULL, '1', '', 'T2061-CL'),
(55, '46', NULL, '1', '', 'T2061-CB'),
(56, '47', NULL, '1', '', 'T2061-FL'),
(57, '47', NULL, '1', '', 'T2061-FO'),
(58, '31', NULL, '1', '', 'KEY40'),
(59, '33', NULL, '1', '', 'KEY40'),
(60, '39', NULL, '1', '', 'KEY40'),
(61, '35', NULL, '1', '', 'KEY40'),
(62, '41', NULL, '1', '', 'KEY40'),
(63, '37', NULL, '1', '', 'KEY40'),
(64, '43', NULL, '1', '', 'KEY40'),
(65, '2', NULL, '2', '', '3B-FL'),
(66, '3', NULL, '1', '', 'KEY50-16'),
(67, '3', NULL, '1', '', '3B-CL'),
(68, '4', NULL, '2', '', '4B-FL'),
(69, '5', NULL, '1', '', 'KEY50-16'),
(70, '5', NULL, '2', '', '4B-CL'),
(71, '6', NULL, '2', '', '5B-FL'),
(72, '6', NULL, '1', '', 'SPRUE'),
(73, '7', NULL, '1', '', 'KEY50-16'),
(74, '7', NULL, '1', '', '5B-CL'),
(75, '8', NULL, '2', '', '6B-FL'),
(76, '8', NULL, '1', '', '6B-FSL'),
(77, '9', NULL, '1', '', 'KEY50-16'),
(78, '9', NULL, '1', '', '6B-CL'),
(79, '10', NULL, '1', '', '3C-FL'),
(80, '10', NULL, '1', '', '3C-FSL'),
(81, '11', NULL, '1', '', 'KEY50-16'),
(82, '11', NULL, '1', '', '3C-CL'),
(83, '12', NULL, '2', '', '4C-FL'),
(84, '13', NULL, '1', '', 'KEY50-16'),
(85, '13', NULL, '1', '', '4C-CL'),
(86, '14', NULL, '2', '', '5C-FL'),
(87, '14', NULL, '1', '', 'SPRUE'),
(88, '15', NULL, '1', '', 'KEY50-16'),
(89, '15', NULL, '2', '', '5C-CL'),
(90, '16', NULL, '2', '', '55C-FL'),
(91, '16', NULL, '1', '', '55C-FSL'),
(92, '17', NULL, '1', '', 'KEY50-16'),
(93, '17', NULL, '1', '', '55C-CL'),
(94, '18', NULL, '2', '', '6C-FL'),
(95, '19', NULL, '1', '', 'KEY50-16'),
(96, '19', NULL, '1', '', '6C-CL'),
(97, '20', NULL, '2', '', '7C-FL'),
(98, '20', NULL, '2', '', '7C-FPL'),
(99, '21', NULL, '1', '', 'KEY50-16'),
(100, '21', NULL, '2', '', '7C-CL'),
(101, '22', NULL, '2', '', '55D-FL'),
(102, '22', NULL, '1', '', '55D-FPL'),
(103, '23', NULL, '1', '', 'KEY50-16'),
(104, '23', NULL, '1', '', '55D-CL'),
(105, '10', NULL, '2', '', '3C-FHL'),
(106, '10', NULL, '2', '', '3C-FPL'),
(107, '25', NULL, '2', '', '3C-GHL'),
(108, '25', NULL, '2', '', '3C-GPL'),
(109, '26', NULL, '2', '', '4C-FHL'),
(110, '26', NULL, '2', '', '4C-FPL'),
(111, '27', NULL, '2', '', '4C-GHL'),
(112, '27', NULL, '2', '', '4C-GPL'),
(113, '28', NULL, '2', '', '4CC-FHL'),
(114, '28', NULL, '2', '', '4CC-FPL'),
(115, '29', NULL, '2', '', '4CC-GHL'),
(116, '29', NULL, '2', '', '4CC-GPL');

-- --------------------------------------------------------

--
-- Table structure for table `vtiger_corkcf`
--

CREATE TABLE `vtiger_corkcf` (
  `corkid` int(19) NOT NULL
) ENGINE=InnoDB DEFAULT CHARSET=utf8;

--
-- Dumping data for table `vtiger_corkcf`
--

INSERT INTO `vtiger_corkcf` (`corkid`) VALUES
(54),
(55),
(56),
(57),
(58),
(59),
(60),
(61),
(62),
(63),
(64),
(65),
(66),
(67),
(68),
(69),
(70),
(71),
(72),
(73),
(74),
(75),
(76),
(77),
(78),
(79),
(80),
(81),
(82),
(83),
(84),
(85),
(86),
(87),
(88),
(89),
(90),
(91),
(92),
(93),
(94),
(95),
(96),
(97),
(98),
(99),
(100),
(101),
(102),
(103),
(104),
(105),
(106),
(107),
(108),
(109),
(110),
(111),
(112),
(113),
(114),
(115),
(116);

-- --------------------------------------------------------

--
-- Table structure for table `vtiger_cork_user_field`
--

CREATE TABLE `vtiger_cork_user_field` (
  `recordid` int(25) NOT NULL,
  `userid` int(25) NOT NULL,
  `starred` varchar(100) DEFAULT NULL
) ENGINE=InnoDB DEFAULT CHARSET=utf8;

-- --------------------------------------------------------

--
-- Table structure for table `vtiger_crmentity`
--

CREATE TABLE `vtiger_crmentity` (
  `crmid` int(19) NOT NULL,
  `smcreatorid` int(19) NOT NULL DEFAULT '0',
  `smownerid` int(19) NOT NULL DEFAULT '0',
  `modifiedby` int(19) NOT NULL DEFAULT '0',
  `setype` varchar(100) DEFAULT NULL,
  `description` mediumtext,
  `createdtime` datetime NOT NULL,
  `modifiedtime` datetime NOT NULL,
  `viewedtime` datetime DEFAULT NULL,
  `status` varchar(50) DEFAULT NULL,
  `version` int(19) NOT NULL DEFAULT '0',
  `presence` int(1) DEFAULT '1',
  `deleted` int(1) NOT NULL DEFAULT '0',
  `smgroupid` int(19) DEFAULT NULL,
  `source` varchar(100) DEFAULT NULL,
  `label` varchar(255) DEFAULT NULL
) ENGINE=InnoDB DEFAULT CHARSET=utf8;

--
-- Dumping data for table `vtiger_crmentity`
--

INSERT INTO `vtiger_crmentity` (`crmid`, `smcreatorid`, `smownerid`, `modifiedby`, `setype`, `description`, `createdtime`, `modifiedtime`, `viewedtime`, `status`, `version`, `presence`, `deleted`, `smgroupid`, `source`, `label`) VALUES
(2, 1, 1, 1, 'Products', '', '2019-06-10 12:39:35', '2019-06-10 12:39:35', NULL, NULL, 0, 1, 0, 0, 'IMPORT', '300X300 B-125 FRAME'),
(3, 1, 1, 1, 'Products', '', '2019-06-10 12:39:35', '2019-06-10 12:39:35', NULL, NULL, 0, 1, 0, 0, 'IMPORT', '300X300 B-125 COVER'),
(4, 1, 1, 1, 'Products', '', '2019-06-10 12:39:35', '2019-06-10 12:39:35', NULL, NULL, 0, 1, 0, 0, 'IMPORT', '400X400 B-125 FRAME'),
(5, 1, 1, 1, 'Products', '', '2019-06-10 12:39:35', '2019-06-10 12:39:35', NULL, NULL, 0, 1, 0, 0, 'IMPORT', '400X400 B-125 COVER'),
(6, 1, 1, 1, 'Products', '', '2019-06-10 12:39:35', '2019-06-10 12:39:35', NULL, NULL, 0, 1, 0, 0, 'IMPORT', '500X500 B-125 FRAME'),
(7, 1, 1, 1, 'Products', '', '2019-06-10 12:39:35', '2019-06-10 12:39:35', NULL, NULL, 0, 1, 0, 0, 'IMPORT', '500X500 B-125 COVER'),
(8, 1, 1, 1, 'Products', '', '2019-06-10 12:39:35', '2019-06-10 12:39:35', NULL, NULL, 0, 1, 0, 0, 'IMPORT', '600X600 B-125 FRAME'),
(9, 1, 1, 1, 'Products', '', '2019-06-10 12:39:35', '2019-06-10 12:39:35', NULL, NULL, 0, 1, 0, 0, 'IMPORT', '600X600 B-125 COVER'),
(10, 1, 1, 1, 'Products', '', '2019-06-10 12:39:35', '2019-06-10 12:39:35', NULL, NULL, 0, 1, 0, 0, 'IMPORT', '300X300 C-250 FRAME'),
(11, 1, 1, 1, 'Products', '', '2019-06-10 12:39:35', '2019-06-10 12:39:35', NULL, NULL, 0, 1, 0, 0, 'IMPORT', '300X300 C-250 COVER'),
(12, 1, 1, 1, 'Products', '', '2019-06-10 12:39:35', '2019-06-10 12:39:35', NULL, NULL, 0, 1, 0, 0, 'IMPORT', '400X400 C-250 FRAME'),
(13, 1, 1, 1, 'Products', '', '2019-06-10 12:39:35', '2019-06-10 12:39:35', NULL, NULL, 0, 1, 0, 0, 'IMPORT', '400X400 C-250 COVER'),
(14, 1, 1, 1, 'Products', '', '2019-06-10 12:39:35', '2019-06-10 12:39:35', NULL, NULL, 0, 1, 0, 0, 'IMPORT', '500X500 C-250 FRAME'),
(15, 1, 1, 1, 'Products', '', '2019-06-10 12:39:35', '2019-06-10 12:39:35', NULL, NULL, 0, 1, 0, 0, 'IMPORT', '500X500 C-250 COVER'),
(16, 1, 1, 1, 'Products', '', '2019-06-10 12:39:35', '2019-06-10 12:39:35', NULL, NULL, 0, 1, 0, 0, 'IMPORT', '550X550 C-250 FRAME'),
(17, 1, 1, 1, 'Products', '', '2019-06-10 12:39:35', '2019-06-10 12:39:35', NULL, NULL, 0, 1, 0, 0, 'IMPORT', '550X550 C-250 COVER'),
(18, 1, 1, 1, 'Products', '', '2019-06-10 12:39:35', '2019-06-10 12:39:35', NULL, NULL, 0, 1, 0, 0, 'IMPORT', '600X600 C-250 FRAME'),
(19, 1, 1, 1, 'Products', '', '2019-06-10 12:39:36', '2019-06-10 12:39:36', NULL, NULL, 0, 1, 0, 0, 'IMPORT', '600X600 C-250 COVER'),
(20, 1, 1, 1, 'Products', '', '2019-06-10 12:39:36', '2019-06-10 12:39:36', NULL, NULL, 0, 1, 0, 0, 'IMPORT', '700X700 C-250 FRAME'),
(21, 1, 1, 1, 'Products', '', '2019-06-10 12:39:36', '2019-06-10 12:39:36', NULL, NULL, 0, 1, 0, 0, 'IMPORT', '700X700 C-250 COVER'),
(22, 1, 1, 1, 'Products', '', '2019-06-10 12:39:36', '2019-06-10 12:39:36', NULL, NULL, 0, 1, 0, 0, 'IMPORT', '550X550 D-400 FRAME'),
(23, 1, 1, 1, 'Products', '', '2019-06-10 12:39:36', '2019-06-10 12:39:36', NULL, NULL, 0, 1, 0, 0, 'IMPORT', '550X550 D-400 COVER'),
(24, 1, 1, 1, 'Products', '', '2019-06-10 12:39:36', '2019-06-10 12:39:36', NULL, NULL, 0, 1, 0, 0, 'IMPORT', '300X300 C-250 FRAME'),
(25, 1, 1, 1, 'Products', '', '2019-06-10 12:39:36', '2019-06-10 12:39:36', NULL, NULL, 0, 1, 0, 0, 'IMPORT', '300X300 C-250 GRATE'),
(26, 1, 1, 1, 'Products', '', '2019-06-10 12:39:36', '2019-06-10 12:39:36', NULL, NULL, 0, 1, 0, 0, 'IMPORT', '402X402 C-250 FRAME'),
(27, 1, 1, 1, 'Products', '', '2019-06-10 12:39:36', '2019-06-10 12:39:36', NULL, NULL, 0, 1, 0, 0, 'IMPORT', '402X402 C-250 GRATE'),
(28, 1, 1, 1, 'Products', '', '2019-06-10 12:39:36', '2019-06-10 12:39:36', NULL, NULL, 0, 1, 0, 0, 'IMPORT', '402X402 C-250 CONCAVE FRAME'),
(29, 1, 1, 1, 'Products', '', '2019-06-10 12:39:36', '2019-06-10 12:39:36', NULL, NULL, 0, 1, 0, 0, 'IMPORT', '402X402 C-250 CONCAVE GRATE'),
(30, 1, 1, 1, 'Products', '', '2019-06-10 12:39:36', '2019-06-10 12:39:36', NULL, NULL, 0, 1, 0, 0, 'IMPORT', '500X500 C-250 FRAME'),
(31, 1, 1, 1, 'Products', '', '2019-06-10 12:39:36', '2019-06-10 12:39:36', NULL, NULL, 0, 1, 0, 0, 'IMPORT', 'TH30 COVER'),
(32, 1, 1, 1, 'Products', '', '2019-06-10 12:39:36', '2019-06-10 12:39:36', NULL, NULL, 0, 1, 0, 0, 'IMPORT', 'TH30 FRAME'),
(33, 1, 1, 1, 'Products', '', '2019-06-10 12:39:36', '2019-06-10 12:39:36', NULL, NULL, 0, 1, 0, 0, 'IMPORT', 'TH40 COVER'),
(34, 1, 1, 1, 'Products', '', '2019-06-10 12:39:36', '2019-06-10 12:39:36', NULL, NULL, 0, 1, 0, 0, 'IMPORT', 'TH40 FRAME'),
(35, 1, 1, 1, 'Products', '', '2019-06-10 12:39:36', '2019-06-10 12:39:36', NULL, NULL, 0, 1, 0, 0, 'IMPORT', 'TH50 COVER'),
(36, 1, 1, 1, 'Products', '', '2019-06-10 12:39:36', '2019-06-10 12:39:36', NULL, NULL, 0, 1, 0, 0, 'IMPORT', 'TH50 FRAME'),
(37, 1, 1, 1, 'Products', '', '2019-06-10 12:39:36', '2019-06-10 12:39:36', NULL, NULL, 0, 1, 0, 0, 'IMPORT', 'TH60 COVER'),
(38, 1, 1, 1, 'Products', '', '2019-06-10 12:39:36', '2019-06-10 12:39:36', NULL, NULL, 0, 1, 0, 0, 'IMPORT', 'TH60 FRAME'),
(39, 1, 1, 1, 'Products', '', '2019-06-10 12:39:36', '2019-06-10 12:39:36', NULL, NULL, 0, 1, 0, 0, 'IMPORT', 'TH40LC COVER'),
(40, 1, 1, 1, 'Products', '', '2019-06-10 12:39:36', '2019-06-10 12:39:36', NULL, NULL, 0, 1, 0, 0, 'IMPORT', 'TH40LC FRAME'),
(41, 1, 1, 1, 'Products', '', '2019-06-10 12:39:36', '2019-06-10 12:39:36', NULL, NULL, 0, 1, 0, 0, 'IMPORT', 'TH50LC COVER'),
(42, 1, 1, 1, 'Products', '', '2019-06-10 12:39:36', '2019-06-10 12:39:36', NULL, NULL, 0, 1, 0, 0, 'IMPORT', 'TH50LC FRAME'),
(43, 1, 1, 1, 'Products', '', '2019-06-10 12:39:36', '2019-06-10 12:39:36', NULL, NULL, 0, 1, 0, 0, 'IMPORT', 'TH60LC COVER'),
(44, 1, 1, 1, 'Products', '', '2019-06-10 12:39:36', '2019-06-10 12:39:36', NULL, NULL, 0, 1, 0, 0, 'IMPORT', 'TH60LC FRAME'),
(45, 1, 1, 1, 'Products', '', '2019-06-10 12:39:36', '2019-06-10 12:39:36', NULL, NULL, 0, 1, 0, 0, 'IMPORT', 'R0199RN4 GRATE'),
(46, 1, 1, 1, 'Products', '', '2019-06-10 12:39:36', '2019-06-10 12:39:36', NULL, NULL, 0, 1, 0, 0, 'IMPORT', 'T2061NAN COVER'),
(47, 1, 1, 1, 'Products', '', '2019-06-10 12:39:36', '2019-06-10 12:39:36', NULL, NULL, 0, 1, 0, 0, 'IMPORT', 'T2061NAN FRAME'),
(48, 1, 1, 1, 'Products', '', '2019-06-10 12:39:36', '2019-06-10 12:39:36', NULL, NULL, 0, 1, 0, 0, 'IMPORT', 'TH42EADUC COVER'),
(49, 1, 1, 1, 'Products', '', '2019-06-10 12:39:36', '2019-06-10 12:39:36', NULL, NULL, 0, 1, 0, 0, 'IMPORT', 'TH42EADUC FRAME'),
(50, 1, 1, 1, 'Products', '', '2019-06-10 12:39:36', '2019-06-10 12:39:36', NULL, NULL, 0, 1, 0, 0, 'IMPORT', 'RM25 GRATE'),
(51, 1, 1, 1, 'Products', '', '2019-06-10 12:39:36', '2019-06-10 12:39:36', NULL, NULL, 0, 1, 0, 0, 'IMPORT', 'RM40 GRATE'),
(52, 1, 1, 1, 'Products', '', '2019-06-10 12:39:37', '2019-06-10 12:39:37', NULL, NULL, 0, 1, 0, 0, 'IMPORT', 'RM50 GRATE'),
(53, 1, 1, 1, 'Products', '', '2019-06-10 12:39:37', '2019-06-10 12:39:37', NULL, NULL, 0, 1, 0, 0, 'IMPORT', 'RM60 GRATE'),
(54, 1, 1, 1, 'Cork', NULL, '2019-06-10 12:52:16', '2019-06-10 12:52:16', NULL, NULL, 0, 1, 0, 0, 'IMPORT', '14x46'),
(55, 1, 1, 1, 'Cork', NULL, '2019-06-10 12:52:16', '2019-06-10 12:52:16', NULL, NULL, 0, 1, 0, 0, 'IMPORT', '14x46'),
(56, 1, 1, 1, 'Cork', NULL, '2019-06-10 12:52:16', '2019-06-10 12:52:16', NULL, NULL, 0, 1, 0, 0, 'IMPORT', '14x47'),
(57, 1, 1, 1, 'Cork', NULL, '2019-06-10 12:52:16', '2019-06-10 12:52:16', NULL, NULL, 0, 1, 0, 0, 'IMPORT', '14x47'),
(58, 1, 1, 1, 'Cork', NULL, '2019-06-10 12:52:16', '2019-06-10 12:52:16', NULL, NULL, 0, 1, 0, 0, 'IMPORT', '14x31'),
(59, 1, 1, 1, 'Cork', NULL, '2019-06-10 12:52:16', '2019-06-10 12:52:16', NULL, NULL, 0, 1, 0, 0, 'IMPORT', '14x33'),
(60, 1, 1, 1, 'Cork', NULL, '2019-06-10 12:52:16', '2019-06-10 12:52:16', NULL, NULL, 0, 1, 0, 0, 'IMPORT', '14x39'),
(61, 1, 1, 1, 'Cork', NULL, '2019-06-10 12:52:16', '2019-06-10 12:52:16', NULL, NULL, 0, 1, 0, 0, 'IMPORT', '14x35'),
(62, 1, 1, 1, 'Cork', NULL, '2019-06-10 12:52:16', '2019-06-10 12:52:16', NULL, NULL, 0, 1, 0, 0, 'IMPORT', '14x41'),
(63, 1, 1, 1, 'Cork', NULL, '2019-06-10 12:52:16', '2019-06-10 12:52:16', NULL, NULL, 0, 1, 0, 0, 'IMPORT', '14x37'),
(64, 1, 1, 1, 'Cork', NULL, '2019-06-10 12:52:16', '2019-06-10 12:52:16', NULL, NULL, 0, 1, 0, 0, 'IMPORT', '14x43'),
(65, 1, 1, 1, 'Cork', NULL, '2019-06-10 12:52:16', '2019-06-10 12:52:16', NULL, NULL, 0, 1, 0, 0, 'IMPORT', '14x2'),
(66, 1, 1, 1, 'Cork', NULL, '2019-06-10 12:52:17', '2019-06-10 12:52:17', NULL, NULL, 0, 1, 0, 0, 'IMPORT', '14x3'),
(67, 1, 1, 1, 'Cork', NULL, '2019-06-10 12:52:17', '2019-06-10 12:52:17', NULL, NULL, 0, 1, 0, 0, 'IMPORT', '14x3'),
(68, 1, 1, 1, 'Cork', NULL, '2019-06-10 12:52:17', '2019-06-10 12:52:17', NULL, NULL, 0, 1, 0, 0, 'IMPORT', '14x4'),
(69, 1, 1, 1, 'Cork', NULL, '2019-06-10 12:52:17', '2019-06-10 12:52:17', NULL, NULL, 0, 1, 0, 0, 'IMPORT', '14x5'),
(70, 1, 1, 1, 'Cork', NULL, '2019-06-10 12:52:17', '2019-06-10 12:52:17', NULL, NULL, 0, 1, 0, 0, 'IMPORT', '14x5'),
(71, 1, 1, 1, 'Cork', NULL, '2019-06-10 12:52:17', '2019-06-10 12:52:17', NULL, NULL, 0, 1, 0, 0, 'IMPORT', '14x6'),
(72, 1, 1, 1, 'Cork', NULL, '2019-06-10 12:52:17', '2019-06-10 12:52:17', NULL, NULL, 0, 1, 0, 0, 'IMPORT', '14x6'),
(73, 1, 1, 1, 'Cork', NULL, '2019-06-10 12:52:17', '2019-06-10 12:52:17', NULL, NULL, 0, 1, 0, 0, 'IMPORT', '14x7'),
(74, 1, 1, 1, 'Cork', NULL, '2019-06-10 12:52:17', '2019-06-10 12:52:17', NULL, NULL, 0, 1, 0, 0, 'IMPORT', '14x7'),
(75, 1, 1, 1, 'Cork', NULL, '2019-06-10 12:52:17', '2019-06-10 12:52:17', NULL, NULL, 0, 1, 0, 0, 'IMPORT', '14x8'),
(76, 1, 1, 1, 'Cork', NULL, '2019-06-10 12:52:17', '2019-06-10 12:52:17', NULL, NULL, 0, 1, 0, 0, 'IMPORT', '14x8'),
(77, 1, 1, 1, 'Cork', NULL, '2019-06-10 12:52:17', '2019-06-10 12:52:17', NULL, NULL, 0, 1, 0, 0, 'IMPORT', '14x9'),
(78, 1, 1, 1, 'Cork', NULL, '2019-06-10 12:52:17', '2019-06-10 12:52:17', NULL, NULL, 0, 1, 0, 0, 'IMPORT', '14x9'),
(79, 1, 1, 1, 'Cork', NULL, '2019-06-10 12:52:17', '2019-06-10 12:52:17', NULL, NULL, 0, 1, 0, 0, 'IMPORT', '14x10'),
(80, 1, 1, 1, 'Cork', NULL, '2019-06-10 12:52:17', '2019-06-10 12:52:17', NULL, NULL, 0, 1, 0, 0, 'IMPORT', '14x10'),
(81, 1, 1, 1, 'Cork', NULL, '2019-06-10 12:52:17', '2019-06-10 12:52:17', NULL, NULL, 0, 1, 0, 0, 'IMPORT', '14x11'),
(82, 1, 1, 1, 'Cork', NULL, '2019-06-10 12:52:17', '2019-06-10 12:52:17', NULL, NULL, 0, 1, 0, 0, 'IMPORT', '14x11'),
(83, 1, 1, 1, 'Cork', NULL, '2019-06-10 12:52:17', '2019-06-10 12:52:17', NULL, NULL, 0, 1, 0, 0, 'IMPORT', '14x12'),
(84, 1, 1, 1, 'Cork', NULL, '2019-06-10 12:52:17', '2019-06-10 12:52:17', NULL, NULL, 0, 1, 0, 0, 'IMPORT', '14x13'),
(85, 1, 1, 1, 'Cork', NULL, '2019-06-10 12:52:17', '2019-06-10 12:52:17', NULL, NULL, 0, 1, 0, 0, 'IMPORT', '14x13'),
(86, 1, 1, 1, 'Cork', NULL, '2019-06-10 12:52:17', '2019-06-10 12:52:17', NULL, NULL, 0, 1, 0, 0, 'IMPORT', '14x14'),
(87, 1, 1, 1, 'Cork', NULL, '2019-06-10 12:52:17', '2019-06-10 12:52:17', NULL, NULL, 0, 1, 0, 0, 'IMPORT', '14x14'),
(88, 1, 1, 1, 'Cork', NULL, '2019-06-10 12:52:17', '2019-06-10 12:52:17', NULL, NULL, 0, 1, 0, 0, 'IMPORT', '14x15'),
(89, 1, 1, 1, 'Cork', NULL, '2019-06-10 12:52:17', '2019-06-10 12:52:17', NULL, NULL, 0, 1, 0, 0, 'IMPORT', '14x15'),
(90, 1, 1, 1, 'Cork', NULL, '2019-06-10 12:52:17', '2019-06-10 12:52:17', NULL, NULL, 0, 1, 0, 0, 'IMPORT', '14x16'),
(91, 1, 1, 1, 'Cork', NULL, '2019-06-10 12:52:17', '2019-06-10 12:52:17', NULL, NULL, 0, 1, 0, 0, 'IMPORT', '14x16'),
(92, 1, 1, 1, 'Cork', NULL, '2019-06-10 12:52:17', '2019-06-10 12:52:17', NULL, NULL, 0, 1, 0, 0, 'IMPORT', '14x17'),
(93, 1, 1, 1, 'Cork', NULL, '2019-06-10 12:52:17', '2019-06-10 12:52:17', NULL, NULL, 0, 1, 0, 0, 'IMPORT', '14x17'),
(94, 1, 1, 1, 'Cork', NULL, '2019-06-10 12:52:17', '2019-06-10 12:52:17', NULL, NULL, 0, 1, 0, 0, 'IMPORT', '14x18'),
(95, 1, 1, 1, 'Cork', NULL, '2019-06-10 12:52:17', '2019-06-10 12:52:17', NULL, NULL, 0, 1, 0, 0, 'IMPORT', '14x19'),
(96, 1, 1, 1, 'Cork', NULL, '2019-06-10 12:52:17', '2019-06-10 12:52:17', NULL, NULL, 0, 1, 0, 0, 'IMPORT', '14x19'),
(97, 1, 1, 1, 'Cork', NULL, '2019-06-10 12:52:17', '2019-06-10 12:52:17', NULL, NULL, 0, 1, 0, 0, 'IMPORT', '14x20'),
(98, 1, 1, 1, 'Cork', NULL, '2019-06-10 12:52:17', '2019-06-10 12:52:17', NULL, NULL, 0, 1, 0, 0, 'IMPORT', '14x20'),
(99, 1, 1, 1, 'Cork', NULL, '2019-06-10 12:52:17', '2019-06-10 12:52:17', NULL, NULL, 0, 1, 0, 0, 'IMPORT', '14x21'),
(100, 1, 1, 1, 'Cork', NULL, '2019-06-10 12:52:17', '2019-06-10 12:52:17', NULL, NULL, 0, 1, 0, 0, 'IMPORT', '14x21'),
(101, 1, 1, 1, 'Cork', NULL, '2019-06-10 12:52:17', '2019-06-10 12:52:17', NULL, NULL, 0, 1, 0, 0, 'IMPORT', '14x22'),
(102, 1, 1, 1, 'Cork', NULL, '2019-06-10 12:52:17', '2019-06-10 12:52:17', NULL, NULL, 0, 1, 0, 0, 'IMPORT', '14x22'),
(103, 1, 1, 1, 'Cork', NULL, '2019-06-10 12:52:17', '2019-06-10 12:52:17', NULL, NULL, 0, 1, 0, 0, 'IMPORT', '14x23'),
(104, 1, 1, 1, 'Cork', NULL, '2019-06-10 12:52:17', '2019-06-10 12:52:17', NULL, NULL, 0, 1, 0, 0, 'IMPORT', '14x23'),
(105, 1, 1, 1, 'Cork', NULL, '2019-06-10 12:52:17', '2019-06-10 12:52:17', NULL, NULL, 0, 1, 0, 0, 'IMPORT', '14x10'),
(106, 1, 1, 1, 'Cork', NULL, '2019-06-10 12:52:17', '2019-06-10 12:52:17', NULL, NULL, 0, 1, 0, 0, 'IMPORT', '14x10'),
(107, 1, 1, 1, 'Cork', NULL, '2019-06-10 12:52:17', '2019-06-10 12:52:17', NULL, NULL, 0, 1, 0, 0, 'IMPORT', '14x25'),
(108, 1, 1, 1, 'Cork', NULL, '2019-06-10 12:52:17', '2019-06-10 12:52:17', NULL, NULL, 0, 1, 0, 0, 'IMPORT', '14x25'),
(109, 1, 1, 1, 'Cork', NULL, '2019-06-10 12:52:17', '2019-06-10 12:52:17', NULL, NULL, 0, 1, 0, 0, 'IMPORT', '14x26'),
(110, 1, 1, 1, 'Cork', NULL, '2019-06-10 12:52:17', '2019-06-10 12:52:17', NULL, NULL, 0, 1, 0, 0, 'IMPORT', '14x26'),
(111, 1, 1, 1, 'Cork', NULL, '2019-06-10 12:52:17', '2019-06-10 12:52:17', NULL, NULL, 0, 1, 0, 0, 'IMPORT', '14x27'),
(112, 1, 1, 1, 'Cork', NULL, '2019-06-10 12:52:17', '2019-06-10 12:52:17', NULL, NULL, 0, 1, 0, 0, 'IMPORT', '14x27'),
(113, 1, 1, 1, 'Cork', NULL, '2019-06-10 12:52:17', '2019-06-10 12:52:17', NULL, NULL, 0, 1, 0, 0, 'IMPORT', '14x28'),
(114, 1, 1, 1, 'Cork', NULL, '2019-06-10 12:52:17', '2019-06-10 12:52:17', NULL, NULL, 0, 1, 0, 0, 'IMPORT', '14x28'),
(115, 1, 1, 1, 'Cork', NULL, '2019-06-10 12:52:17', '2019-06-10 12:52:17', NULL, NULL, 0, 1, 0, 0, 'IMPORT', '14x29'),
(116, 1, 1, 1, 'Cork', NULL, '2019-06-10 12:52:17', '2019-06-10 12:52:17', NULL, NULL, 0, 1, 0, 0, 'IMPORT', '14x29'),
(117, 1, 1, 1, 'Batch', NULL, '2019-06-11 11:36:10', '2019-06-11 11:36:10', NULL, NULL, 0, 1, 0, 0, 'CRM', ''),
(118, 1, 1, 1, 'BatchInventory', NULL, '2019-06-18 06:58:30', '2019-06-18 10:45:42', NULL, NULL, 0, 1, 0, 0, 'CRM', 'PM-00149'),
(119, 1, 1, 1, 'Dispatch', NULL, '2019-06-19 12:54:46', '2019-06-19 12:55:17', NULL, NULL, 0, 1, 0, 0, 'CRM', 'DP-0024'),
(120, 1, 1, 1, 'Batch', NULL, '2019-06-26 08:28:16', '2019-06-27 11:30:11', NULL, NULL, 0, 1, 0, 0, 'CRM', ''),
(121, 1, 1, 1, 'BatchMovement', NULL, '2019-06-26 08:34:29', '2019-06-26 08:34:29', NULL, NULL, 0, 1, 0, 0, 'CRM', 'BM-00034'),
(122, 1, 1, 1, 'BatchMovement', NULL, '2019-06-26 08:37:46', '2019-06-26 08:37:46', NULL, NULL, 0, 1, 0, 0, 'CRM', 'BM-00035'),
(123, 1, 1, 1, 'BatchInventory', NULL, '2019-06-26 08:41:10', '2019-06-26 08:41:10', NULL, NULL, 0, 1, 0, 0, 'CRM', 'PM-00150'),
(124, 1, 1, 1, 'Contacts', '', '2019-07-11 09:39:37', '2019-07-11 09:43:50', NULL, NULL, 0, 1, 0, 0, 'CRM', 'demo last test'),
(125, 1, 1, 1, 'Accounts', 'demo test account', '2019-07-11 09:41:51', '2019-07-11 09:42:55', NULL, NULL, 0, 1, 0, 0, 'CRM', 'Organization Name');

-- --------------------------------------------------------

--
-- Table structure for table `vtiger_crmentityrel`
--

CREATE TABLE `vtiger_crmentityrel` (
  `crmid` int(11) NOT NULL,
  `module` varchar(100) NOT NULL,
  `relcrmid` int(11) NOT NULL,
  `relmodule` varchar(100) NOT NULL
) ENGINE=InnoDB DEFAULT CHARSET=utf8;

-- --------------------------------------------------------

--
-- Table structure for table `vtiger_crmentity_bkp`
--

CREATE TABLE `vtiger_crmentity_bkp` (
  `crmid` int(19) NOT NULL,
  `smcreatorid` int(19) NOT NULL DEFAULT '0',
  `smownerid` int(19) NOT NULL DEFAULT '0',
  `modifiedby` int(19) NOT NULL DEFAULT '0',
  `setype` varchar(100) DEFAULT NULL,
  `description` mediumtext,
  `createdtime` datetime NOT NULL,
  `modifiedtime` datetime NOT NULL,
  `viewedtime` datetime DEFAULT NULL,
  `status` varchar(50) DEFAULT NULL,
  `version` int(19) NOT NULL DEFAULT '0',
  `presence` int(1) DEFAULT '1',
  `deleted` int(1) NOT NULL DEFAULT '0',
  `smgroupid` int(19) DEFAULT NULL,
  `source` varchar(100) DEFAULT NULL,
  `label` varchar(255) DEFAULT NULL
) ENGINE=InnoDB DEFAULT CHARSET=utf8;

--
-- Dumping data for table `vtiger_crmentity_bkp`
--

INSERT INTO `vtiger_crmentity_bkp` (`crmid`, `smcreatorid`, `smownerid`, `modifiedby`, `setype`, `description`, `createdtime`, `modifiedtime`, `viewedtime`, `status`, `version`, `presence`, `deleted`, `smgroupid`, `source`, `label`) VALUES
(2, 1, 1, 1, 'Products', 'Description', '2019-03-05 08:08:18', '2019-03-11 13:16:48', NULL, NULL, 0, 1, 1, 0, 'CRM', 'Product Name'),
(3, 1, 1, 1, 'Products', '', '2019-03-05 08:20:36', '2019-03-11 13:16:48', NULL, NULL, 0, 1, 1, 0, 'CRM', 'demo test'),
(4, 1, 1, 1, 'Products', '', '2019-03-06 13:05:53', '2019-03-11 13:16:48', NULL, NULL, 0, 1, 1, 0, 'CRM', 'Product Name'),
(5, 1, 1, 1, 'Batch', NULL, '2019-03-06 13:06:07', '2019-05-09 06:51:28', NULL, NULL, 0, 1, 1, 0, 'CRM', 'Demo Test  for Batch'),
(6, 1, 1, 1, 'Accounts', 'Demo test for organisation', '2019-03-06 13:06:49', '2019-03-26 13:31:34', NULL, NULL, 0, 1, 0, 0, 'CRM', 'Jhuns Infotech'),
(7, 1, 1, 1, 'SalesOrder', 'Description  demo', '2019-03-06 13:08:20', '2019-05-18 13:21:07', NULL, NULL, 0, 1, 0, 0, 'CRM', 'SO1'),
(8, 1, 1, 1, 'Batch', NULL, '2019-03-06 13:09:12', '2019-05-09 06:51:28', NULL, NULL, 0, 1, 1, 0, 'CRM', 'Test Batch'),
(9, 1, 1, 1, 'BatchInventory', NULL, '2019-03-06 13:12:19', '2019-03-07 11:14:17', NULL, NULL, 0, 1, 1, 0, 'CRM', '8'),
(10, 1, 1, 1, 'Batch', NULL, '2019-03-06 13:12:47', '2019-05-09 06:51:28', NULL, NULL, 0, 1, 1, 0, 'CRM', 'Batch Name test'),
(11, 1, 1, 1, 'Products', '', '2019-03-06 13:14:05', '2019-03-11 13:16:47', NULL, NULL, 0, 1, 1, 0, 'CRM', 'Sheets'),
(12, 1, 1, 1, 'BatchInventory', NULL, '2019-03-06 13:14:11', '2019-03-07 11:14:17', NULL, NULL, 0, 1, 1, 0, 'CRM', '5'),
(13, 1, 1, 1, 'BatchInventory', NULL, '2019-03-06 13:14:36', '2019-03-07 11:14:17', NULL, NULL, 0, 1, 1, 0, 'CRM', '5'),
(14, 1, 1, 1, 'BatchInventory', NULL, '2019-03-07 10:15:53', '2019-03-07 11:14:17', NULL, NULL, 0, 1, 1, 0, 'CRM', '8'),
(15, 1, 1, 1, 'BatchInventory', NULL, '2019-03-07 10:17:11', '2019-03-07 11:14:17', NULL, NULL, 0, 1, 1, 0, 'CRM', '8'),
(16, 1, 1, 1, 'BatchInventory', NULL, '2019-03-07 10:17:38', '2019-03-07 11:14:17', NULL, NULL, 0, 1, 1, 0, 'CRM', '8'),
(17, 1, 1, 1, 'BatchInventory', NULL, '2019-03-07 10:18:56', '2019-03-07 11:14:17', NULL, NULL, 0, 1, 1, 0, 'CRM', '8'),
(18, 1, 1, 1, 'BatchInventory', NULL, '2019-03-07 10:19:45', '2019-03-07 11:14:17', NULL, NULL, 0, 1, 1, 0, 'CRM', '8'),
(19, 1, 1, 1, 'BatchInventory', NULL, '2019-03-07 10:23:46', '2019-03-07 11:14:17', NULL, NULL, 0, 1, 1, 0, 'CRM', '8'),
(20, 1, 1, 1, 'BatchInventory', NULL, '2019-03-07 10:23:50', '2019-03-07 11:14:17', NULL, NULL, 0, 1, 1, 0, 'CRM', '8'),
(21, 1, 1, 1, 'BatchInventory', NULL, '2019-03-07 10:23:54', '2019-03-07 11:14:17', NULL, NULL, 0, 1, 1, 0, 'CRM', '8'),
(22, 1, 1, 1, 'BatchInventory', NULL, '2019-03-07 11:08:42', '2019-03-07 11:14:17', NULL, NULL, 0, 1, 1, 0, 'CRM', '5'),
(23, 1, 1, 1, 'Batch', NULL, '2019-03-07 11:18:28', '2019-05-09 06:51:28', NULL, NULL, 0, 1, 1, 0, 'CRM', 'Batch Name10'),
(24, 1, 1, 1, 'BatchInventory', NULL, '2019-03-07 11:19:08', '2019-04-22 13:37:31', NULL, NULL, 0, 1, 1, 0, 'CRM', 'Test BI Subject'),
(25, 1, 1, 1, 'BatchInventory', NULL, '2019-03-07 11:19:38', '2019-04-22 13:37:31', NULL, NULL, 0, 1, 1, 0, 'CRM', 'demo BI Subject'),
(26, 1, 1, 1, 'BatchInventory', NULL, '2019-03-07 11:20:25', '2019-04-22 13:37:31', NULL, NULL, 0, 1, 1, 0, 'CRM', 'BI Subject'),
(27, 1, 1, 1, 'BatchInventory', NULL, '2019-03-07 11:25:18', '2019-04-22 13:37:31', NULL, NULL, 0, 1, 1, 0, 'CRM', 'PM-000016'),
(28, 1, 1, 1, 'Products', '', '2019-03-11 13:41:28', '2019-03-11 13:43:07', NULL, NULL, 0, 1, 1, 0, 'IMPORT', 'CROSS KILL'),
(29, 1, 1, 1, 'Products', '', '2019-03-11 13:41:28', '2019-03-11 13:43:07', NULL, NULL, 0, 1, 1, 0, 'IMPORT', 'LIFTING KEY(D-400)'),
(30, 1, 1, 1, 'Products', '', '2019-03-11 13:41:28', '2019-03-11 13:43:07', NULL, NULL, 0, 1, 1, 0, 'IMPORT', 'MOD NR 027 GG TOP'),
(31, 1, 1, 1, 'Products', '', '2019-03-11 13:41:28', '2019-03-11 13:43:07', NULL, NULL, 0, 1, 1, 0, 'IMPORT', 'MOD NR 027 GG BOTTOM'),
(32, 1, 1, 1, 'Products', '', '2019-03-11 13:47:27', '2019-03-11 13:49:53', NULL, NULL, 0, 1, 1, 0, 'IMPORT', 'CROSS KILL'),
(33, 1, 1, 1, 'Products', '', '2019-03-11 13:47:27', '2019-03-11 13:49:53', NULL, NULL, 0, 1, 1, 0, 'IMPORT', 'LIFTING KEY(D-400)'),
(34, 1, 1, 1, 'Products', '', '2019-03-11 13:47:27', '2019-03-11 13:49:53', NULL, NULL, 0, 1, 1, 0, 'IMPORT', 'MOD NR 027 GG TOP'),
(35, 1, 1, 1, 'Products', '', '2019-03-11 13:47:27', '2019-03-11 13:49:53', NULL, NULL, 0, 1, 1, 0, 'IMPORT', 'MOD NR 027 GG BOTTOM'),
(36, 1, 1, 1, 'Products', '', '2019-03-11 13:52:54', '2019-03-11 13:52:54', NULL, NULL, 0, 1, 0, 0, 'IMPORT', 'CROSS KILL'),
(37, 1, 1, 1, 'Products', '', '2019-03-11 13:52:54', '2019-03-11 13:52:54', NULL, NULL, 0, 1, 0, 0, 'IMPORT', 'LIFTING KEY(D-400)'),
(38, 1, 1, 1, 'Products', '', '2019-03-11 13:52:54', '2019-03-11 13:52:54', NULL, NULL, 0, 1, 0, 0, 'IMPORT', 'MOD NR 027 GG TOP'),
(39, 1, 1, 1, 'Products', '', '2019-03-11 13:52:54', '2019-03-11 13:52:54', NULL, NULL, 0, 1, 0, 0, 'IMPORT', 'MOD NR 027 GG BOTTOM'),
(40, 1, 1, 1, 'Products', '', '2019-03-11 13:52:54', '2019-03-11 13:52:54', NULL, NULL, 0, 1, 0, 0, 'IMPORT', '600X600 DT D-400 COVER(AMANAH)'),
(41, 1, 1, 1, 'Products', '', '2019-03-11 13:52:54', '2019-03-11 13:52:54', NULL, NULL, 0, 1, 0, 0, 'IMPORT', 'M6X30 ALLEN HEAD BOLT'),
(42, 1, 1, 1, 'Products', '', '2019-03-11 13:52:54', '2019-03-11 13:52:54', NULL, NULL, 0, 1, 0, 0, 'IMPORT', 'SCCP 600  ( AMANAH ) Locking Part'),
(43, 1, 1, 1, 'Products', '', '2019-03-11 13:52:54', '2019-03-11 13:52:54', NULL, NULL, 0, 1, 0, 0, 'IMPORT', '24 KG COUNTER WEIGHT'),
(44, 1, 1, 1, 'Products', '', '2019-03-11 13:52:54', '2019-03-11 13:52:54', NULL, NULL, 0, 1, 0, 0, 'IMPORT', 'SAFETY GRIDE-2.5'),
(45, 1, 1, 1, 'Products', '', '2019-03-11 13:52:54', '2019-03-11 13:52:54', NULL, NULL, 0, 1, 0, 0, 'IMPORT', 'Cable Support Hook'),
(46, 1, 1, 1, 'Products', '', '2019-03-11 13:52:54', '2019-03-11 13:52:54', NULL, NULL, 0, 1, 0, 0, 'IMPORT', '150 DIA PIPE'),
(47, 1, 1, 1, 'Products', '', '2019-03-11 13:52:54', '2019-03-11 13:52:54', NULL, NULL, 0, 1, 0, 0, 'IMPORT', '100 DIA PIPE'),
(48, 1, 1, 1, 'Products', '', '2019-03-11 13:52:54', '2019-03-11 13:52:54', NULL, NULL, 0, 1, 0, 0, 'IMPORT', '200 MM PIPE'),
(49, 1, 1, 1, 'Products', '', '2019-03-11 13:52:54', '2019-03-11 13:52:54', NULL, NULL, 0, 1, 0, 0, 'IMPORT', '150X22.5 MM BEND PIPE'),
(50, 1, 1, 1, 'Products', '', '2019-03-11 13:52:54', '2019-03-11 13:52:54', NULL, NULL, 0, 1, 0, 0, 'IMPORT', '150X11.25 MM BEND PIPE'),
(51, 1, 1, 1, 'Products', '', '2019-03-11 13:52:54', '2019-03-11 13:52:54', NULL, NULL, 0, 1, 0, 0, 'IMPORT', '85 KG COUNTER WEIGHT'),
(52, 1, 1, 1, 'Products', '', '2019-03-11 13:52:54', '2019-03-11 13:52:54', NULL, NULL, 0, 1, 0, 0, 'IMPORT', '60 KG COUNTER WEIGHT'),
(53, 1, 1, 1, 'Products', '', '2019-03-11 13:52:54', '2019-03-11 13:52:54', NULL, NULL, 0, 1, 0, 0, 'IMPORT', '40 KG COUNTER WEIGHT'),
(54, 1, 1, 1, 'Products', '', '2019-03-11 13:52:54', '2019-03-11 13:52:54', NULL, NULL, 0, 1, 0, 0, 'IMPORT', '42 KG COUNTER WEIGHT'),
(55, 1, 1, 1, 'Products', '', '2019-03-11 13:52:54', '2019-03-11 13:52:54', NULL, NULL, 0, 1, 0, 0, 'IMPORT', '36 KG COUNTER WEIGHT'),
(56, 1, 1, 1, 'Products', '', '2019-03-11 13:52:54', '2019-03-11 13:52:54', NULL, NULL, 0, 1, 0, 0, 'IMPORT', '50 KG COUNTER WEIGHT'),
(57, 1, 1, 1, 'Products', '', '2019-03-11 13:52:54', '2019-03-11 13:52:54', NULL, NULL, 0, 1, 0, 0, 'IMPORT', 'CYLINDER'),
(58, 1, 1, 1, 'Products', '', '2019-03-11 13:52:54', '2019-03-11 13:52:54', NULL, NULL, 0, 1, 0, 0, 'IMPORT', 'STEP IRON(250 MM)'),
(59, 1, 1, 1, 'Products', '', '2019-03-11 13:52:54', '2019-03-11 13:52:54', NULL, NULL, 0, 1, 0, 0, 'IMPORT', '250 MM FANGE ADAPTER'),
(60, 1, 1, 1, 'Products', '', '2019-03-11 13:52:54', '2019-03-11 13:52:54', NULL, NULL, 0, 1, 0, 0, 'IMPORT', '11.25X150 BEND'),
(61, 1, 1, 1, 'Products', '', '2019-03-11 13:52:54', '2019-03-11 13:52:54', NULL, NULL, 0, 1, 0, 0, 'IMPORT', 'WAD JAW ADAPTER'),
(62, 1, 1, 1, 'Products', '', '2019-03-11 13:52:55', '2019-03-11 13:52:55', NULL, NULL, 0, 1, 0, 0, 'IMPORT', 'MODIFIED NRO ADAPTER'),
(63, 1, 1, 1, 'Products', '', '2019-03-11 13:52:55', '2019-03-11 13:52:55', NULL, NULL, 0, 1, 0, 0, 'IMPORT', 'MJ NRO JAW ADAPTER'),
(64, 1, 1, 1, 'Products', '', '2019-03-11 13:52:55', '2019-03-11 13:52:55', NULL, NULL, 0, 1, 0, 0, 'IMPORT', 'DIFF CASE'),
(65, 1, 1, 1, 'Products', '', '2019-03-11 13:52:55', '2019-03-11 13:52:55', NULL, NULL, 0, 1, 0, 0, 'IMPORT', 'KERB GULLY(AMMANAH)(PAM)'),
(66, 1, 1, 1, 'Products', '', '2019-03-11 13:52:55', '2019-03-11 13:52:55', NULL, NULL, 0, 1, 0, 0, 'IMPORT', '20 KG COUNTER WEIGHT'),
(67, 1, 1, 1, 'Products', '', '2019-03-11 13:52:55', '2019-03-11 13:52:55', NULL, NULL, 0, 1, 0, 0, 'IMPORT', '15 KG COUNTER WEIGHT'),
(68, 1, 1, 1, 'Products', '', '2019-03-11 13:52:55', '2019-03-11 13:52:55', NULL, NULL, 0, 1, 0, 0, 'IMPORT', '100X11.25 BEND PIPE'),
(69, 1, 1, 1, 'Products', '', '2019-03-11 13:52:55', '2019-03-11 13:52:55', NULL, NULL, 0, 1, 0, 0, 'IMPORT', '100X22.25 BEND PIPE'),
(70, 1, 1, 1, 'Products', '', '2019-03-11 13:52:55', '2019-03-11 13:52:55', NULL, NULL, 0, 1, 0, 0, 'IMPORT', '100X150 TCC'),
(71, 1, 1, 1, 'Products', '', '2019-03-11 13:52:55', '2019-03-11 13:52:55', NULL, NULL, 0, 1, 0, 0, 'IMPORT', '30 KG COUNTER WEIGHT'),
(72, 1, 1, 1, 'Products', '', '2019-03-11 13:52:55', '2019-03-11 13:52:55', NULL, NULL, 0, 1, 0, 0, 'IMPORT', '250 KG COUNTER WEIGHT'),
(73, 1, 1, 1, 'Products', '', '2019-03-11 13:52:55', '2019-03-11 13:52:55', NULL, NULL, 0, 1, 0, 0, 'IMPORT', 'INSULATOR CAP WEIGHT'),
(74, 1, 1, 1, 'Products', '', '2019-03-11 13:52:55', '2019-03-11 13:52:55', NULL, NULL, 0, 1, 0, 0, 'IMPORT', 'RF(ROOF FLOW)'),
(75, 1, 1, 1, 'Products', '', '2019-03-11 13:52:55', '2019-03-11 13:52:55', NULL, NULL, 0, 1, 0, 0, 'IMPORT', 'CD 10.26 CO GRATE'),
(76, 1, 1, 1, 'Products', '', '2019-03-11 13:52:55', '2019-03-11 13:52:55', NULL, NULL, 0, 1, 0, 0, 'IMPORT', 'CD 10.41 CO RAIL'),
(77, 1, 1, 1, 'Products', '', '2019-03-11 13:52:55', '2019-03-11 13:52:55', NULL, NULL, 0, 1, 0, 0, 'IMPORT', '900X900 SPRING ASSIST GRATE LOCK'),
(78, 1, 1, 1, 'Products', '', '2019-03-11 13:52:55', '2019-03-11 13:52:55', NULL, NULL, 0, 1, 0, 0, 'IMPORT', 'HECAL SURFACE BOX'),
(79, 1, 1, 1, 'Products', '', '2019-03-11 13:52:55', '2019-03-11 13:52:55', NULL, NULL, 0, 1, 0, 0, 'IMPORT', 'LEO 3.25 BEND PIPE'),
(80, 1, 1, 1, 'Products', '', '2019-03-11 13:52:55', '2019-03-11 13:52:55', NULL, NULL, 0, 1, 0, 0, 'IMPORT', 'SDR 7 - 4\" FLANGE'),
(81, 1, 1, 1, 'Products', '', '2019-03-11 13:52:55', '2019-03-11 13:52:55', NULL, NULL, 0, 1, 0, 0, 'IMPORT', 'SDR 7 - 6\" FLANGE'),
(82, 1, 1, 1, 'Products', '', '2019-03-11 13:52:55', '2019-03-11 13:52:55', NULL, NULL, 0, 1, 0, 0, 'IMPORT', 'SDR11 - 4\" FLANGE'),
(83, 1, 1, 1, 'Products', '', '2019-03-11 13:52:55', '2019-03-11 13:52:55', NULL, NULL, 0, 1, 0, 0, 'IMPORT', 'SDR11 - 6\" FLANGE'),
(84, 1, 1, 1, 'Products', '', '2019-03-11 13:52:55', '2019-03-11 13:52:55', NULL, NULL, 0, 1, 0, 0, 'IMPORT', '16 KG COUNTER WEIGHT'),
(85, 1, 1, 1, 'Products', '', '2019-03-11 13:52:55', '2019-03-11 13:52:55', NULL, NULL, 0, 1, 0, 0, 'IMPORT', '600 DIA D-400 COVER LOCK(BENITO)'),
(86, 1, 1, 1, 'Products', '', '2019-03-11 13:52:55', '2019-03-11 13:52:55', NULL, NULL, 0, 1, 0, 0, 'IMPORT', 'PWG WHEEL(WITHOUT CORE)'),
(87, 1, 1, 1, 'Products', '', '2019-03-11 13:52:55', '2019-03-11 13:52:55', NULL, NULL, 0, 1, 0, 0, 'IMPORT', 'PWK WHEEL'),
(88, 1, 1, 1, 'Products', '', '2019-03-11 13:52:55', '2019-03-11 13:52:55', NULL, NULL, 0, 1, 0, 0, 'IMPORT', 'HECAL SURFACE BOX(KANAL)'),
(89, 1, 1, 1, 'Products', '', '2019-03-11 13:52:55', '2019-03-11 13:52:55', NULL, NULL, 0, 1, 0, 0, 'IMPORT', 'HECAL SURFACE BOX LID(KANAL)'),
(90, 1, 1, 1, 'Products', '', '2019-03-11 13:52:55', '2019-03-11 13:52:55', NULL, NULL, 0, 1, 0, 0, 'IMPORT', '600X800 COVER LOCK'),
(91, 1, 1, 1, 'Products', '', '2019-03-11 13:52:55', '2019-03-11 13:52:55', NULL, NULL, 0, 1, 0, 0, 'IMPORT', 'HINGE PIN'),
(92, 1, 1, 1, 'Products', '', '2019-03-11 13:52:55', '2019-03-11 13:52:55', NULL, NULL, 0, 1, 0, 0, 'IMPORT', 'F30D285S F/C-FRAME 300 & COVER D-400'),
(93, 1, 1, 1, 'Products', '', '2019-03-11 13:52:55', '2019-03-11 13:52:55', NULL, NULL, 0, 1, 0, 0, 'IMPORT', 'F30D285S F/G FRAME 300 & GRATE D-400'),
(94, 1, 1, 1, 'Products', '', '2019-03-11 13:52:55', '2019-03-11 13:52:55', NULL, NULL, 0, 1, 0, 0, 'IMPORT', '450X450 C250 SAXON SET-EPOX'),
(95, 1, 1, 1, 'Products', '', '2019-03-11 13:52:55', '2019-03-11 13:52:55', NULL, NULL, 0, 1, 0, 0, 'IMPORT', 'CURB GULLY'),
(96, 1, 1, 1, 'Products', '', '2019-03-11 13:52:55', '2019-03-11 13:52:55', NULL, NULL, 0, 1, 0, 0, 'IMPORT', 'Ductile Iron Castings'),
(97, 1, 1, 1, 'Products', '', '2019-03-11 13:52:55', '2019-03-11 13:52:55', NULL, NULL, 0, 1, 0, 0, 'IMPORT', 'STEP IRON'),
(98, 1, 1, 1, 'Products', '', '2019-03-11 13:52:55', '2019-03-11 13:52:55', NULL, NULL, 0, 1, 0, 0, 'IMPORT', 'ACO RAIL SAMPLE'),
(99, 1, 1, 1, 'Products', '', '2019-03-11 13:52:55', '2019-03-11 13:52:55', NULL, NULL, 0, 1, 0, 0, 'IMPORT', 'BRAKE DRUM-4\"'),
(100, 1, 1, 1, 'Products', '', '2019-03-11 13:52:55', '2019-03-11 13:52:55', NULL, NULL, 0, 1, 0, 0, 'IMPORT', 'MASTER PATTERN'),
(101, 1, 1, 1, 'Products', '', '2019-03-11 13:52:55', '2019-03-11 13:52:55', NULL, NULL, 0, 1, 0, 0, 'IMPORT', '300X150 HIT & MISS SURFACE BOX'),
(102, 1, 1, 1, 'Products', '', '2019-03-11 13:52:55', '2019-03-11 13:52:55', NULL, NULL, 0, 1, 0, 0, 'IMPORT', 'CD-62'),
(103, 1, 1, 1, 'Products', '', '2019-03-11 13:52:55', '2019-03-11 13:52:55', NULL, NULL, 0, 1, 0, 0, 'IMPORT', 'CD-12'),
(104, 1, 1, 1, 'Products', '', '2019-03-11 13:52:55', '2019-03-11 13:52:55', NULL, NULL, 0, 1, 0, 0, 'IMPORT', '1200X1200 D-400 CLASS D INFILL RAIL'),
(105, 1, 1, 1, 'Products', '', '2019-03-11 13:52:55', '2019-03-11 13:52:55', NULL, NULL, 0, 1, 0, 0, 'IMPORT', 'CLKS 756 KMD FRAME & COVER'),
(106, 1, 1, 1, 'Products', '', '2019-03-11 13:52:55', '2019-03-11 13:52:55', NULL, NULL, 0, 1, 0, 0, 'IMPORT', 'CLKS 759 KMB FRAME & COVER'),
(107, 1, 1, 1, 'Products', '', '2019-03-11 13:52:55', '2019-03-11 13:52:55', NULL, NULL, 0, 1, 0, 0, 'IMPORT', 'CLKS 762 FRAME & COVER'),
(108, 1, 1, 1, 'Products', '', '2019-03-11 13:52:56', '2019-03-11 13:52:56', NULL, NULL, 0, 1, 0, 0, 'IMPORT', 'CLKS 777 FRAME & COVER'),
(109, 1, 1, 1, 'Products', '', '2019-03-11 13:52:56', '2019-03-11 13:52:56', NULL, NULL, 0, 1, 0, 0, 'IMPORT', '900 DIA D-400 FRAME & COVER'),
(110, 1, 1, 1, 'Products', '', '2019-03-11 13:52:56', '2019-03-11 13:52:56', NULL, NULL, 0, 1, 0, 0, 'IMPORT', '750X300 CHANNEL GRATING'),
(111, 1, 1, 1, 'Products', '', '2019-03-11 13:52:56', '2019-03-11 13:52:56', NULL, NULL, 0, 1, 0, 0, 'IMPORT', '400X400 SINGLE BOTTOM FRAME & COVER'),
(112, 1, 1, 1, 'Products', '', '2019-03-11 13:52:56', '2019-03-11 13:52:56', NULL, NULL, 0, 1, 0, 0, 'IMPORT', '500X500 SINGLE BOTTOM FRAME & COVER'),
(113, 1, 1, 1, 'Products', '', '2019-03-11 13:52:56', '2019-03-11 13:52:56', NULL, NULL, 0, 1, 0, 0, 'IMPORT', '600X600 SINGLE BOTTOM FRAME & COVER'),
(114, 1, 1, 1, 'Products', '', '2019-03-11 13:52:56', '2019-03-11 13:52:56', NULL, NULL, 0, 1, 0, 0, 'IMPORT', '300X300 SINGLE BOTTOM FRAME & COVER'),
(115, 1, 1, 1, 'Products', '', '2019-03-11 13:52:56', '2019-03-11 13:52:56', NULL, NULL, 0, 1, 0, 0, 'IMPORT', '800X800 SINGLE BOTTOM FRAME & COVER'),
(116, 1, 1, 1, 'Products', '', '2019-03-11 13:52:56', '2019-03-11 13:52:56', NULL, NULL, 0, 1, 0, 0, 'IMPORT', '400X400 DOUBLE BOTTOM FRAME & COVER'),
(117, 1, 1, 1, 'Products', '', '2019-03-11 13:52:56', '2019-03-11 13:52:56', NULL, NULL, 0, 1, 0, 0, 'IMPORT', '500X500 DOUBLE BOTTOM FRAME & COVER'),
(118, 1, 1, 1, 'Products', '', '2019-03-11 13:52:56', '2019-03-11 13:52:56', NULL, NULL, 0, 1, 0, 0, 'IMPORT', '600X600 DOUBLE BOTTOM FRAME & COVER'),
(119, 1, 1, 1, 'Products', '', '2019-03-11 13:52:56', '2019-03-11 13:52:56', NULL, NULL, 0, 1, 0, 0, 'IMPORT', '700X700 DOUBLE BOTTOM FRAME & COVER'),
(120, 1, 1, 1, 'Products', '', '2019-03-11 13:52:56', '2019-03-11 13:52:56', NULL, NULL, 0, 1, 0, 0, 'IMPORT', '800X800 DOUBLE BOTTOM FRAME & COVER'),
(121, 1, 1, 1, 'Products', '', '2019-03-11 13:52:56', '2019-03-11 13:52:56', NULL, NULL, 0, 1, 0, 0, 'IMPORT', '700 X 700 DOUBLE BOTTOM FRAME & COVER'),
(122, 1, 1, 1, 'Products', '', '2019-03-11 13:52:56', '2019-03-11 13:52:56', NULL, NULL, 0, 1, 0, 0, 'IMPORT', '600X450 M/H FRAME & COVER'),
(123, 1, 1, 1, 'Products', '', '2019-03-11 13:52:56', '2019-03-11 13:52:56', NULL, NULL, 0, 1, 0, 0, 'IMPORT', '200X200 FRAME & COVER A15'),
(124, 1, 1, 1, 'Products', '', '2019-03-11 13:52:56', '2019-03-11 13:52:56', NULL, NULL, 0, 1, 0, 0, 'IMPORT', '250X250 FRAME & COVER A15'),
(125, 1, 1, 1, 'Products', '', '2019-03-11 13:52:56', '2019-03-11 13:52:56', NULL, NULL, 0, 1, 0, 0, 'IMPORT', '300X300 FRAME & COVER A15'),
(126, 1, 1, 1, 'Products', '', '2019-03-11 13:52:56', '2019-03-11 13:52:56', NULL, NULL, 0, 1, 0, 0, 'IMPORT', '300 X 300 FRAME & COVER A15'),
(127, 1, 1, 1, 'Products', '', '2019-03-11 13:52:56', '2019-03-11 13:52:56', NULL, NULL, 0, 1, 0, 0, 'IMPORT', '350X350 FRAME & COVER A15'),
(128, 1, 1, 1, 'Products', '', '2019-03-11 13:52:56', '2019-03-11 13:52:56', NULL, NULL, 0, 1, 0, 0, 'IMPORT', '450X450 C/O FRAME & COVER A15'),
(129, 1, 1, 1, 'Products', '', '2019-03-11 13:52:56', '2019-03-11 13:52:56', NULL, NULL, 0, 1, 0, 0, 'IMPORT', '450X450 FRAME & COVER A15'),
(130, 1, 1, 1, 'Products', '', '2019-03-11 13:52:56', '2019-03-11 13:52:56', NULL, NULL, 0, 1, 0, 0, 'IMPORT', '500X500 FRAME & COVER A15'),
(131, 1, 1, 1, 'Products', '', '2019-03-11 13:52:56', '2019-03-11 13:52:56', NULL, NULL, 0, 1, 0, 0, 'IMPORT', '600X600 FRAME & COVER A15'),
(132, 1, 1, 1, 'Products', '', '2019-03-11 13:52:56', '2019-03-11 13:52:56', NULL, NULL, 0, 1, 0, 0, 'IMPORT', '250X250 RECESS FRAME & COVER'),
(133, 1, 1, 1, 'Products', '', '2019-03-11 13:52:56', '2019-03-11 13:52:56', NULL, NULL, 0, 1, 0, 0, 'IMPORT', '350X350 RECESS FRAME & COVER'),
(134, 1, 1, 1, 'Products', '', '2019-03-11 13:52:56', '2019-03-11 13:52:56', NULL, NULL, 0, 1, 0, 0, 'IMPORT', '400X400 RECESS FRAME & COVER'),
(135, 1, 1, 1, 'Products', '', '2019-03-11 13:52:56', '2019-03-11 13:52:56', NULL, NULL, 0, 1, 0, 0, 'IMPORT', 'FRAME & COVER (SEWER)'),
(136, 1, 1, 1, 'Products', '', '2019-03-11 13:52:56', '2019-03-11 13:52:56', NULL, NULL, 0, 1, 0, 0, 'IMPORT', 'SJRC-12 FRAME(1220x696x160)'),
(137, 1, 1, 1, 'Products', '', '2019-03-11 13:52:56', '2019-03-11 13:52:56', NULL, NULL, 0, 1, 0, 0, 'IMPORT', 'JRC-12 D-400 FRAME(1205x680x100)-CI'),
(138, 1, 1, 1, 'Products', '', '2019-03-11 13:52:56', '2019-03-11 13:52:56', NULL, NULL, 0, 1, 0, 0, 'IMPORT', '600 DIA X 150 HT FRAME'),
(139, 1, 1, 1, 'Products', '', '2019-03-11 13:52:56', '2019-03-11 13:52:56', NULL, NULL, 0, 1, 0, 0, 'IMPORT', '900 DIA D-400 FRAME WITH GRP PROV.'),
(140, 1, 1, 1, 'Products', '', '2019-03-11 13:52:56', '2019-03-11 13:52:56', NULL, NULL, 0, 1, 0, 0, 'IMPORT', 'MOD NR003 STENINGER COVER WITHOUT HOLE'),
(141, 1, 1, 1, 'Products', '', '2019-03-11 13:52:56', '2019-03-11 13:52:56', NULL, NULL, 0, 1, 0, 0, 'IMPORT', 'CLKS 701 KMD COVER'),
(142, 1, 1, 1, 'Products', '', '2019-03-11 13:52:56', '2019-03-11 13:52:56', NULL, NULL, 0, 1, 0, 0, 'IMPORT', '8247 6X3 FLANGE F&G SQU'),
(143, 1, 1, 1, 'Products', '', '2019-03-11 13:52:56', '2019-03-11 13:52:56', NULL, NULL, 0, 1, 0, 0, 'IMPORT', '6` RISER WITHOUT LIP'),
(144, 1, 1, 1, 'Products', '', '2019-03-11 13:52:56', '2019-03-11 13:52:56', NULL, NULL, 0, 1, 0, 0, 'IMPORT', 'CLKS 1657 FRAME & COVER'),
(145, 1, 1, 1, 'Products', '', '2019-03-11 13:52:56', '2019-03-11 13:52:56', NULL, NULL, 0, 1, 0, 0, 'IMPORT', 'CLKS 185 KMD FRAME & COVER'),
(146, 1, 1, 1, 'Products', '', '2019-03-11 13:52:56', '2019-03-11 13:52:56', NULL, NULL, 0, 1, 0, 0, 'IMPORT', 'CLKS 644 KMD FRAME & COVER'),
(147, 1, 1, 1, 'Products', '', '2019-03-11 13:52:56', '2019-03-11 13:52:56', NULL, NULL, 0, 1, 0, 0, 'IMPORT', 'CLKS 780 KMD FRAME & COVER'),
(148, 1, 1, 1, 'Products', '', '2019-03-11 13:52:56', '2019-03-11 13:52:56', NULL, NULL, 0, 1, 0, 0, 'IMPORT', 'JRC-14 D-400 FRAME & COVER(ASHGHAL)'),
(149, 1, 1, 1, 'Products', '', '2019-03-11 13:52:56', '2019-03-11 13:52:56', NULL, NULL, 0, 1, 0, 0, 'IMPORT', '600X600 DS D-400 SOLID TOP FRAME & COVER'),
(150, 1, 1, 1, 'Products', '', '2019-03-11 13:52:56', '2019-03-11 13:52:56', NULL, NULL, 0, 1, 0, 0, 'IMPORT', '600 X 600 DS D-400 RECESS FRAME & COVER'),
(151, 1, 1, 1, 'Products', '', '2019-03-11 13:52:56', '2019-03-11 13:52:56', NULL, NULL, 0, 1, 0, 0, 'IMPORT', '600 X 600 DS D-400 SOLID TOP FRAME & COVER'),
(152, 1, 1, 1, 'Products', '', '2019-03-11 13:52:56', '2019-03-11 13:52:56', NULL, NULL, 0, 1, 0, 0, 'IMPORT', '300 x 300 DS D-400 RECESSED FRAME & COVER'),
(153, 1, 1, 1, 'Products', '', '2019-03-11 13:52:56', '2019-03-11 13:52:56', NULL, NULL, 0, 1, 0, 0, 'IMPORT', '750 X 750 D/T D-400 FRAME & COVER (WITH OUT GRP)'),
(154, 1, 1, 1, 'Products', '', '2019-03-11 13:52:56', '2019-03-11 13:52:56', NULL, NULL, 0, 1, 0, 0, 'IMPORT', '750X600 D-400 SSD FRAME & COVER'),
(155, 1, 1, 1, 'Products', '', '2019-03-11 13:52:57', '2019-03-11 13:52:57', NULL, NULL, 0, 1, 0, 0, 'IMPORT', '800X800 SS D-400 FRAME & COVER'),
(156, 1, 1, 1, 'Products', '', '2019-03-11 13:52:57', '2019-03-11 13:52:57', NULL, NULL, 0, 1, 0, 0, 'IMPORT', '600X600 SS D-400 SOLID TOP ITS FRAME & COVER'),
(157, 1, 1, 1, 'Products', '', '2019-03-11 13:52:57', '2019-03-11 13:52:57', NULL, NULL, 0, 1, 0, 0, 'IMPORT', '675X675 DT D-400 FRAME & COVER_FSD'),
(158, 1, 1, 1, 'Products', '', '2019-03-11 13:52:57', '2019-03-11 13:52:57', NULL, NULL, 0, 1, 0, 0, 'IMPORT', '675 DIA DT WITH GRP'),
(159, 1, 1, 1, 'Products', '', '2019-03-11 13:52:57', '2019-03-11 13:52:57', NULL, NULL, 0, 1, 0, 0, 'IMPORT', '600 x 600 B125 Frame & Cover'),
(160, 1, 1, 1, 'Products', '', '2019-03-11 13:52:57', '2019-03-11 13:52:57', NULL, NULL, 0, 1, 0, 0, 'IMPORT', '675 DIA D/T WITH GRP'),
(161, 1, 1, 1, 'Products', '', '2019-03-11 13:52:57', '2019-03-11 13:52:57', NULL, NULL, 0, 1, 0, 0, 'IMPORT', '450 X 450 B-125 FRAME & COVER'),
(162, 1, 1, 1, 'Products', '', '2019-03-11 13:52:57', '2019-03-11 13:52:57', NULL, NULL, 0, 1, 0, 0, 'IMPORT', '350X350 B-125 FRAME & COVER'),
(163, 1, 1, 1, 'Products', '', '2019-03-11 13:52:57', '2019-03-11 13:52:57', NULL, NULL, 0, 1, 0, 0, 'IMPORT', '400X400 B-125 FRAME & COVER'),
(164, 1, 1, 1, 'Products', '', '2019-03-11 13:52:57', '2019-03-11 13:52:57', NULL, NULL, 0, 1, 0, 0, 'IMPORT', '600 x 450 B125 Frame and Cover'),
(165, 1, 1, 1, 'Products', '', '2019-03-11 13:52:57', '2019-03-11 13:52:57', NULL, NULL, 0, 1, 0, 0, 'IMPORT', '300X300 B-125 Frame and Cover'),
(166, 1, 1, 1, 'Products', '', '2019-03-11 13:52:57', '2019-03-11 13:52:57', NULL, NULL, 0, 1, 0, 0, 'IMPORT', '600x450 C-250 FRAME & COVER'),
(167, 1, 1, 1, 'Products', '', '2019-03-11 13:52:57', '2019-03-11 13:52:57', NULL, NULL, 0, 1, 0, 0, 'IMPORT', '800X800 C-250 FRAME & COVER'),
(168, 1, 1, 1, 'Products', '', '2019-03-11 13:52:57', '2019-03-11 13:52:57', NULL, NULL, 0, 1, 0, 0, 'IMPORT', '600 x 600 D-400 FRAME & COVER'),
(169, 1, 1, 1, 'Products', '', '2019-03-11 13:52:57', '2019-03-11 13:52:57', NULL, NULL, 0, 1, 0, 0, 'IMPORT', '600 X 600 SS D-400 SOLID TOP FRAME & COVER'),
(170, 1, 1, 1, 'Products', '', '2019-03-11 13:52:57', '2019-03-11 13:52:57', NULL, NULL, 0, 1, 0, 0, 'IMPORT', '600X600 SS SOLID TOP FRAME & COVER TS'),
(171, 1, 1, 1, 'Products', '', '2019-03-11 13:52:57', '2019-03-11 13:52:57', NULL, NULL, 0, 1, 0, 0, 'IMPORT', '600 X 600 SS SOLID TOP FRAME & COVER TS'),
(172, 1, 1, 1, 'Products', '', '2019-03-11 13:52:57', '2019-03-11 13:52:57', NULL, NULL, 0, 1, 0, 0, 'IMPORT', '600X600 SS SOLID TOP FRAME & COVER ITS'),
(173, 1, 1, 1, 'Products', '', '2019-03-11 13:52:57', '2019-03-11 13:52:57', NULL, NULL, 0, 1, 0, 0, 'IMPORT', '750 X 600 D-400 SSD FRAME & COVER'),
(174, 1, 1, 1, 'Products', '', '2019-03-11 13:52:57', '2019-03-11 13:52:57', NULL, NULL, 0, 1, 0, 0, 'IMPORT', '750X600 D-400 SWD FRAME & COVER'),
(175, 1, 1, 1, 'Products', '', '2019-03-11 13:52:57', '2019-03-11 13:52:57', NULL, NULL, 0, 1, 0, 0, 'IMPORT', '600X600 D-400 GNE FRAME'),
(176, 1, 1, 1, 'Products', '', '2019-03-11 13:52:57', '2019-03-11 13:52:57', NULL, NULL, 0, 1, 0, 0, 'IMPORT', '610MM DIA D-400 FRAME & COVER WITH HINGE'),
(177, 1, 1, 1, 'Products', '', '2019-03-11 13:52:57', '2019-03-11 13:52:57', NULL, NULL, 0, 1, 0, 0, 'IMPORT', '900X900 SOLID TOP FRAME & COVER'),
(178, 1, 1, 1, 'Products', '', '2019-03-11 13:52:57', '2019-03-11 13:52:57', NULL, NULL, 0, 1, 0, 0, 'IMPORT', '900X600 SOLID TOP FRAME & COVER'),
(179, 1, 1, 1, 'Products', '', '2019-03-11 13:52:57', '2019-03-11 13:52:57', NULL, NULL, 0, 1, 0, 0, 'IMPORT', '900X1200 CLASS D SOLID TOP FRAME & COVER'),
(180, 1, 1, 1, 'Products', '', '2019-03-11 13:52:57', '2019-03-11 13:52:57', NULL, NULL, 0, 1, 0, 0, 'IMPORT', '600X600 SOLID TOP FRAME & COVER'),
(181, 1, 1, 1, 'Products', '', '2019-03-11 13:52:57', '2019-03-11 13:52:57', NULL, NULL, 0, 1, 0, 0, 'IMPORT', '600 X 600 SOLID TOP FRAME & COVER'),
(182, 1, 1, 1, 'Products', '', '2019-03-11 13:52:57', '2019-03-11 13:52:57', NULL, NULL, 0, 1, 0, 0, 'IMPORT', '600X450 SOLID TOP FRAME & COVER'),
(183, 1, 1, 1, 'Products', '', '2019-03-11 13:52:57', '2019-03-11 13:52:57', NULL, NULL, 0, 1, 0, 0, 'IMPORT', 'KITA FRAME_COVER'),
(184, 1, 1, 1, 'Products', '', '2019-03-11 13:52:57', '2019-03-11 13:52:57', NULL, NULL, 0, 1, 0, 0, 'IMPORT', 'KITA FRAME & COVER'),
(185, 1, 1, 1, 'Products', '', '2019-03-11 13:52:57', '2019-03-11 13:52:57', NULL, NULL, 0, 1, 0, 0, 'IMPORT', '450x450 DS D-400 FRAME & COVER'),
(186, 1, 1, 1, 'Products', '', '2019-03-11 13:52:57', '2019-03-11 13:52:57', NULL, NULL, 0, 1, 0, 0, 'IMPORT', '450 x 450 DS D-400 FRAME & COVER'),
(187, 1, 1, 1, 'Products', '', '2019-03-11 13:52:57', '2019-03-11 13:52:57', NULL, NULL, 0, 1, 0, 0, 'IMPORT', '150X150 D-400 SURFACE BOX LID-TSE'),
(188, 1, 1, 1, 'Products', '', '2019-03-11 13:52:57', '2019-03-11 13:52:57', NULL, NULL, 0, 1, 0, 0, 'IMPORT', '750MM DIA FRAME & COVER(WITH GRP)'),
(189, 1, 1, 1, 'Products', '', '2019-03-11 13:52:57', '2019-03-11 13:52:57', NULL, NULL, 0, 1, 0, 0, 'IMPORT', '260 DIA D-400 FRAME & COVER SGPS'),
(190, 1, 1, 1, 'Products', '', '2019-03-11 13:52:57', '2019-03-11 13:52:57', NULL, NULL, 0, 1, 0, 0, 'IMPORT', '260 DIA D-400 FRAME & COVER (SGPS)'),
(191, 1, 1, 1, 'Products', '', '2019-03-11 13:52:57', '2019-03-11 13:52:57', NULL, NULL, 0, 1, 0, 0, 'IMPORT', '750 mm DIA FRAME & COVER(WITH GRP)'),
(192, 1, 1, 1, 'Products', '', '2019-03-11 13:52:57', '2019-03-11 13:52:57', NULL, NULL, 0, 1, 0, 0, 'IMPORT', '750MM DIA FRM. & COV.(WITH GRP)'),
(193, 1, 1, 1, 'Products', '', '2019-03-11 13:52:57', '2019-03-11 13:52:57', NULL, NULL, 0, 1, 0, 0, 'IMPORT', '750 mm DIA FRM. & COV.(WITH GRP)'),
(194, 1, 1, 1, 'Products', '', '2019-03-11 13:52:57', '2019-03-11 13:52:57', NULL, NULL, 0, 1, 0, 0, 'IMPORT', '600 DIA DOUBLE HINGE FRAME & COVER-150MM'),
(195, 1, 1, 1, 'Products', '', '2019-03-11 13:52:57', '2019-03-11 13:52:57', NULL, NULL, 0, 1, 0, 0, 'IMPORT', '600 DIA DOUBLE HINGE FRM. & COV.-150MM'),
(196, 1, 1, 1, 'Products', '', '2019-03-11 13:52:57', '2019-03-11 13:52:57', NULL, NULL, 0, 1, 0, 0, 'IMPORT', '600X600 DS D-400 RECESSED FRAME & COVER (SAXON)'),
(197, 1, 1, 1, 'Products', '', '2019-03-11 13:52:57', '2019-03-11 13:52:57', NULL, NULL, 0, 1, 0, 0, 'IMPORT', '600X600 DS B-125 RECESSED FRAME & COVER (SIF)'),
(198, 1, 1, 1, 'Products', '', '2019-03-11 13:52:57', '2019-03-11 13:52:57', NULL, NULL, 0, 1, 0, 0, 'IMPORT', '1060X1060 D-400 FRAME & COVER'),
(199, 1, 1, 1, 'Products', '', '2019-03-11 13:52:57', '2019-03-11 13:52:57', NULL, NULL, 0, 1, 0, 0, 'IMPORT', '500 DIA FRAME & COVER(SGPS)'),
(200, 1, 1, 1, 'Products', '', '2019-03-11 13:52:58', '2019-03-11 13:52:58', NULL, NULL, 0, 1, 0, 0, 'IMPORT', '1000X1000 SS D-400 FRAME & COVER'),
(201, 1, 1, 1, 'Products', '', '2019-03-11 13:52:58', '2019-03-11 13:52:58', NULL, NULL, 0, 1, 0, 0, 'IMPORT', '1000 X 1000 D-400 SS FRAME & COVER'),
(202, 1, 1, 1, 'Products', '', '2019-03-11 13:52:58', '2019-03-11 13:52:58', NULL, NULL, 0, 1, 0, 0, 'IMPORT', '750MM DIA FSD FRAME & COVER(WITH GRP)'),
(203, 1, 1, 1, 'Products', '', '2019-03-11 13:52:58', '2019-03-11 13:52:58', NULL, NULL, 0, 1, 0, 0, 'IMPORT', '750MM DIA SWD FRAME & COVER(WITH GRP)'),
(204, 1, 1, 1, 'Products', '', '2019-03-11 13:52:58', '2019-03-11 13:52:58', NULL, NULL, 0, 1, 0, 0, 'IMPORT', '450X450 C-250 FRAME & COVER(SAXON)_TCS'),
(205, 1, 1, 1, 'Products', '', '2019-03-11 13:52:58', '2019-03-11 13:52:58', NULL, NULL, 0, 1, 0, 0, 'IMPORT', 'JRC-14 D-400 FRAME & COVER(ITS-SCADA)'),
(206, 1, 1, 1, 'Products', '', '2019-03-11 13:52:58', '2019-03-11 13:52:58', NULL, NULL, 0, 1, 0, 0, 'IMPORT', '610X600 CO 400 KN MHFC'),
(207, 1, 1, 1, 'Products', '', '2019-03-11 13:52:58', '2019-03-11 13:52:58', NULL, NULL, 0, 1, 0, 0, 'IMPORT', '610 X 600 CO 400 KN MHFC'),
(208, 1, 1, 1, 'Products', '', '2019-03-11 13:52:58', '2019-03-11 13:52:58', NULL, NULL, 0, 1, 0, 0, 'IMPORT', '600X600 SS D-400 FRAME & COVER'),
(209, 1, 1, 1, 'Products', '', '2019-03-11 13:52:58', '2019-03-11 13:52:58', NULL, NULL, 0, 1, 0, 0, 'IMPORT', 'JRC-14 D-400 FR. & COV.(ITS-SCADA)'),
(210, 1, 1, 1, 'Products', '', '2019-03-11 13:52:58', '2019-03-11 13:52:58', NULL, NULL, 0, 1, 0, 0, 'IMPORT', 'JRC-14 D-400 FRM & COV(ITS-SCADA)'),
(211, 1, 1, 1, 'Products', '', '2019-03-11 13:52:58', '2019-03-11 13:52:58', NULL, NULL, 0, 1, 0, 0, 'IMPORT', '300X300 DS D-400 FRAME & COVER'),
(212, 1, 1, 1, 'Products', '', '2019-03-11 13:52:58', '2019-03-11 13:52:58', NULL, NULL, 0, 1, 0, 0, 'IMPORT', '990X990 FRAME & COVER'),
(213, 1, 1, 1, 'Products', '', '2019-03-11 13:52:58', '2019-03-11 13:52:58', NULL, NULL, 0, 1, 0, 0, 'IMPORT', '790X790 D-400 FRAME & COVER'),
(214, 1, 1, 1, 'Products', '', '2019-03-11 13:52:58', '2019-03-11 13:52:58', NULL, NULL, 0, 1, 0, 0, 'IMPORT', '790 X 790 D-400 FRAME & COVER'),
(215, 1, 1, 1, 'Products', '', '2019-03-11 13:52:58', '2019-03-11 13:52:58', NULL, NULL, 0, 1, 0, 0, 'IMPORT', '610x660 C-250 CATCH BASIN FRAME & COVER'),
(216, 1, 1, 1, 'Products', '', '2019-03-11 13:52:58', '2019-03-11 13:52:58', NULL, NULL, 0, 1, 0, 0, 'IMPORT', '610 x 660 C-250 CATCH BASIN FRAME & COVER'),
(217, 1, 1, 1, 'Products', '', '2019-03-11 13:52:58', '2019-03-11 13:52:58', NULL, NULL, 0, 1, 0, 0, 'IMPORT', '300 X 300 DS D-400 FRAME & COVER'),
(218, 1, 1, 1, 'Products', '', '2019-03-11 13:52:58', '2019-03-11 13:52:58', NULL, NULL, 0, 1, 0, 0, 'IMPORT', '450X450 C-250 FRAME & COVER'),
(219, 1, 1, 1, 'Products', '', '2019-03-11 13:52:58', '2019-03-11 13:52:58', NULL, NULL, 0, 1, 0, 0, 'IMPORT', '450 X 450 C-250 FRAME & COVER'),
(220, 1, 1, 1, 'Products', '', '2019-03-11 13:52:58', '2019-03-11 13:52:58', NULL, NULL, 0, 1, 0, 0, 'IMPORT', '610X660 400 KN CATCH BASIN FRAME & COVER'),
(221, 1, 1, 1, 'Products', '', '2019-03-11 13:52:58', '2019-03-11 13:52:58', NULL, NULL, 0, 1, 0, 0, 'IMPORT', '150X150 DT D-400 FRAME & COVER-TSE'),
(222, 1, 1, 1, 'Products', '', '2019-03-11 13:52:58', '2019-03-11 13:52:58', NULL, NULL, 0, 1, 0, 0, 'IMPORT', '150 X 150 DT D-400 FRAME & COVER-TSE'),
(223, 1, 1, 1, 'Products', '', '2019-03-11 13:52:58', '2019-03-11 13:52:58', NULL, NULL, 0, 1, 0, 0, 'IMPORT', '675 X 675 DT D-400 FRAME & COVER-TSE'),
(224, 1, 1, 1, 'Products', '', '2019-03-11 13:52:58', '2019-03-11 13:52:58', NULL, NULL, 0, 1, 0, 0, 'IMPORT', '675 DIA D-400 FRAME & COVER-TSE'),
(225, 1, 1, 1, 'Products', '', '2019-03-11 13:52:58', '2019-03-11 13:52:58', NULL, NULL, 0, 1, 0, 0, 'IMPORT', '675 DIA D-400 FRM & COV-TSE'),
(226, 1, 1, 1, 'Products', '', '2019-03-11 13:52:58', '2019-03-11 13:52:58', NULL, NULL, 0, 1, 0, 0, 'IMPORT', 'JRC-14 D-400 FRAME & COVER-ITS'),
(227, 1, 1, 1, 'Products', '', '2019-03-11 13:52:58', '2019-03-11 13:52:58', NULL, NULL, 0, 1, 0, 0, 'IMPORT', 'JRC-14 D-400 FRM & COV-ITS'),
(228, 1, 1, 1, 'Products', '', '2019-03-11 13:52:58', '2019-03-11 13:52:58', NULL, NULL, 0, 1, 0, 0, 'IMPORT', '600X600 SS D-400 FRAME & COVER(LOW CURRENT'),
(229, 1, 1, 1, 'Products', '', '2019-03-11 13:52:58', '2019-03-11 13:52:58', NULL, NULL, 0, 1, 0, 0, 'IMPORT', '600 X 600 SS D-400 FRAME & COVER(LOW CURRENT)'),
(230, 1, 1, 1, 'Products', '', '2019-03-11 13:52:58', '2019-03-11 13:52:58', NULL, NULL, 0, 1, 0, 0, 'IMPORT', '600 DIA D-400 FEWA WATER FRAME & COVER'),
(231, 1, 1, 1, 'Products', '', '2019-03-11 13:52:58', '2019-03-11 13:52:58', NULL, NULL, 0, 1, 0, 0, 'IMPORT', '150 DIA D-400 FEWA WATER FRAME & COVER'),
(232, 1, 1, 1, 'Products', '', '2019-03-11 13:52:58', '2019-03-11 13:52:58', NULL, NULL, 0, 1, 0, 0, 'IMPORT', '800X800 F-900 FRAME & COVER'),
(233, 1, 1, 1, 'Products', '', '2019-03-11 13:52:58', '2019-03-11 13:52:58', NULL, NULL, 0, 1, 0, 0, 'IMPORT', '800 X 800 F-900 FRAME & COVER'),
(234, 1, 1, 1, 'Products', '', '2019-03-11 13:52:58', '2019-03-11 13:52:58', NULL, NULL, 0, 1, 0, 0, 'IMPORT', '150X150 F-900 DT Frame & Cover'),
(235, 1, 1, 1, 'Products', '', '2019-03-11 13:52:58', '2019-03-11 13:52:58', NULL, NULL, 0, 1, 0, 0, 'IMPORT', '600 X 600 SS D-400 SOLID TOP ITS FRAME & COVER'),
(236, 1, 1, 1, 'Products', '', '2019-03-11 13:52:58', '2019-03-11 13:52:58', NULL, NULL, 0, 1, 0, 0, 'IMPORT', '600X600 SS B-125 SWD FRAME & COVER'),
(237, 1, 1, 1, 'Products', '', '2019-03-11 13:52:58', '2019-03-11 13:52:58', NULL, NULL, 0, 1, 0, 0, 'IMPORT', '600 X 600 SS B-125 SWD FRAME & COVER'),
(238, 1, 1, 1, 'Products', '', '2019-03-11 13:52:58', '2019-03-11 13:52:58', NULL, NULL, 0, 1, 0, 0, 'IMPORT', '750X750 D/T D-400 SWD FRAME & COVER(WITH GRP)'),
(239, 1, 1, 1, 'Products', '', '2019-03-11 13:52:58', '2019-03-11 13:52:58', NULL, NULL, 0, 1, 0, 0, 'IMPORT', '750 X 750 D/T D-400 SWD FRAME & COVER(WITH GRP)'),
(240, 1, 1, 1, 'Products', '', '2019-03-11 13:52:58', '2019-03-11 13:52:58', NULL, NULL, 0, 1, 0, 0, 'IMPORT', '750X750 D/T D-400 FSD FRAME & COVER(WITH GRP)'),
(241, 1, 1, 1, 'Products', '', '2019-03-11 13:52:58', '2019-03-11 13:52:58', NULL, NULL, 0, 1, 0, 0, 'IMPORT', '750 X 750 D/T D-400 FSD FRAME & COVER(WITH GRP)'),
(242, 1, 1, 1, 'Products', '', '2019-03-11 13:52:58', '2019-03-11 13:52:58', NULL, NULL, 0, 1, 0, 0, 'IMPORT', '650X450 CLASS D WAVE GRATE & FRAME'),
(243, 1, 1, 1, 'Products', '', '2019-03-11 13:52:58', '2019-03-11 13:52:58', NULL, NULL, 0, 1, 0, 0, 'IMPORT', '890X890X100 D-400 FRAME & COVER(ITS SCADA)'),
(244, 1, 1, 1, 'Products', '', '2019-03-11 13:52:58', '2019-03-11 13:52:58', NULL, NULL, 0, 1, 0, 0, 'IMPORT', '890X890X100 D-400 FRAME & COVER(ELECTRICAL)'),
(245, 1, 1, 1, 'Products', '', '2019-03-11 13:52:58', '2019-03-11 13:52:58', NULL, NULL, 0, 1, 0, 0, 'IMPORT', 'JRC-14 D-400 FRAME & COVER(TUV MARK)'),
(246, 1, 1, 1, 'Products', '', '2019-03-11 13:52:58', '2019-03-11 13:52:58', NULL, NULL, 0, 1, 0, 0, 'IMPORT', '1000X600 D-400 FRAME & COVER'),
(247, 1, 1, 1, 'Products', '', '2019-03-11 13:52:59', '2019-03-11 13:52:59', NULL, NULL, 0, 1, 0, 0, 'IMPORT', '1000X600 D-400 FRM. & COV.'),
(248, 1, 1, 1, 'Products', '', '2019-03-11 13:52:59', '2019-03-11 13:52:59', NULL, NULL, 0, 1, 0, 0, 'IMPORT', '675 DIA D-400 SOLID TOP FRAME & COVER(SQARE FRAME)'),
(249, 1, 1, 1, 'Products', '', '2019-03-11 13:52:59', '2019-03-11 13:52:59', NULL, NULL, 0, 1, 0, 0, 'IMPORT', '450X450 DS B-125 SOLID TOP FRAME & COVER'),
(250, 1, 1, 1, 'Products', '', '2019-03-11 13:52:59', '2019-03-11 13:52:59', NULL, NULL, 0, 1, 0, 0, 'IMPORT', '450X450 DS B-125 SOLID TOP FRM. & COV.'),
(251, 1, 1, 1, 'Products', '', '2019-03-11 13:52:59', '2019-03-11 13:52:59', NULL, NULL, 0, 1, 0, 0, 'IMPORT', '450 X 450 DS B-125 SOLID TOP FRAME & COVER'),
(252, 1, 1, 1, 'Products', '', '2019-03-11 13:52:59', '2019-03-11 13:52:59', NULL, NULL, 0, 1, 0, 0, 'IMPORT', 'JRC-14 D-400 FRAME & COVER[ITS-SCADA]'),
(253, 1, 1, 1, 'Products', '', '2019-03-11 13:52:59', '2019-03-11 13:52:59', NULL, NULL, 0, 1, 0, 0, 'IMPORT', '450x450 DS FRAME & COVER'),
(254, 1, 1, 1, 'Products', '', '2019-03-11 13:52:59', '2019-03-11 13:52:59', NULL, NULL, 0, 1, 0, 0, 'IMPORT', '600 X 600 DS SOLID TOP FRAME & COVER(TELEPHONE)'),
(255, 1, 1, 1, 'Products', '', '2019-03-11 13:52:59', '2019-03-11 13:52:59', NULL, NULL, 0, 1, 0, 0, 'IMPORT', '600X600 DS SOLID TOP FRM. & COV.(TELEPHONE)'),
(256, 1, 1, 1, 'Products', '', '2019-03-11 13:52:59', '2019-03-11 13:52:59', NULL, NULL, 0, 1, 0, 0, 'IMPORT', '600X600 DS SOLID TOP FR. & CO.(TELEPHONE)'),
(257, 1, 1, 1, 'Products', '', '2019-03-11 13:52:59', '2019-03-11 13:52:59', NULL, NULL, 0, 1, 0, 0, 'IMPORT', '600X600 DS SOLID TOP FRAME & COVER(CCTV)'),
(258, 1, 1, 1, 'Products', '', '2019-03-11 13:52:59', '2019-03-11 13:52:59', NULL, NULL, 0, 1, 0, 0, 'IMPORT', '600 X 600 DS SOLID TOP FRAME & COVER(CCTV)'),
(259, 1, 1, 1, 'Products', '', '2019-03-11 13:52:59', '2019-03-11 13:52:59', NULL, NULL, 0, 1, 0, 0, 'IMPORT', '1000X1000 DT DS FOUL WATER FRAME & COVER(WITH GRP)'),
(260, 1, 1, 1, 'Products', '', '2019-03-11 13:52:59', '2019-03-11 13:52:59', NULL, NULL, 0, 1, 0, 0, 'IMPORT', '600X600 DS D-400 SOLID TOP FOUL WATER FRAME & COVER'),
(261, 1, 1, 1, 'Products', '', '2019-03-11 13:52:59', '2019-03-11 13:52:59', NULL, NULL, 0, 1, 0, 0, 'IMPORT', '600 X 600 DS D-400 SOLID TOP FOUL WATER FRAME & COVER'),
(262, 1, 1, 1, 'Products', '', '2019-03-11 13:52:59', '2019-03-11 13:52:59', NULL, NULL, 0, 1, 0, 0, 'IMPORT', '790X790 SS SOLID TOP FRAME & COVER'),
(263, 1, 1, 1, 'Products', '', '2019-03-11 13:52:59', '2019-03-11 13:52:59', NULL, NULL, 0, 1, 0, 0, 'IMPORT', '790 X 790 SS SOLID TOP FRAME & COVER'),
(264, 1, 1, 1, 'Products', '', '2019-03-11 13:52:59', '2019-03-11 13:52:59', NULL, NULL, 0, 1, 0, 0, 'IMPORT', '600X600 DS SOLID TOP FRAME & COVER(POT WATER)'),
(265, 1, 1, 1, 'Products', '', '2019-03-11 13:52:59', '2019-03-11 13:52:59', NULL, NULL, 0, 1, 0, 0, 'IMPORT', '600 X 600 DS SOLID TOP FRAME & COVER(POT WATER)'),
(266, 1, 1, 1, 'Products', '', '2019-03-11 13:52:59', '2019-03-11 13:52:59', NULL, NULL, 0, 1, 0, 0, 'IMPORT', '600X600 DS SOLID TOP FRAME & COVER(IRREGATION WATER)'),
(267, 1, 1, 1, 'Products', '', '2019-03-11 13:52:59', '2019-03-11 13:52:59', NULL, NULL, 0, 1, 0, 0, 'IMPORT', '600 X 600 DS SOLID TOP FRAME & COVER(IRREGATION WATER)'),
(268, 1, 1, 1, 'Products', '', '2019-03-11 13:52:59', '2019-03-11 13:52:59', NULL, NULL, 0, 1, 0, 0, 'IMPORT', '600X600 DS SOLID TOP FRAME & COVER(FIRE WATER)'),
(269, 1, 1, 1, 'Products', '', '2019-03-11 13:52:59', '2019-03-11 13:52:59', NULL, NULL, 0, 1, 0, 0, 'IMPORT', '600X600 HINGED GRATING FRAME & COVER'),
(270, 1, 1, 1, 'Products', '', '2019-03-11 13:52:59', '2019-03-11 13:52:59', NULL, NULL, 0, 1, 0, 0, 'IMPORT', '600 X 600 HINGED GRATING FRAME & COVER'),
(271, 1, 1, 1, 'Products', '', '2019-03-11 13:52:59', '2019-03-11 13:52:59', NULL, NULL, 0, 1, 0, 0, 'IMPORT', '600X600 HINGED GRATING FRM. & COV.'),
(272, 1, 1, 1, 'Products', '', '2019-03-11 13:52:59', '2019-03-11 13:52:59', NULL, NULL, 0, 1, 0, 0, 'IMPORT', '675 X 675 DT D-400 FRAME & COVER_FSD'),
(273, 1, 1, 1, 'Products', '', '2019-03-11 13:52:59', '2019-03-11 13:52:59', NULL, NULL, 0, 1, 0, 0, 'IMPORT', 'JRC-12 DT D-400 FRAME & COVER(ITS)'),
(274, 1, 1, 1, 'Products', '', '2019-03-11 13:52:59', '2019-03-11 13:52:59', NULL, NULL, 0, 1, 0, 0, 'IMPORT', 'JRC-12 DT D-400 FRM. & COV.(ITS)'),
(275, 1, 1, 1, 'Products', '', '2019-03-11 13:52:59', '2019-03-11 13:52:59', NULL, NULL, 0, 1, 0, 0, 'IMPORT', '790x790 SS SOLID TOP FOUL WATER FRAME & COVER'),
(276, 1, 1, 1, 'Products', '', '2019-03-11 13:52:59', '2019-03-11 13:52:59', NULL, NULL, 0, 1, 0, 0, 'IMPORT', '750 X 750 D/T D-400 SWD FRAME & COVER (WITH OUT GRP)'),
(277, 1, 1, 1, 'Products', '', '2019-03-11 13:52:59', '2019-03-11 13:52:59', NULL, NULL, 0, 1, 0, 0, 'IMPORT', '675 DIA DT D-400 SWD FRM. & COV.'),
(278, 1, 1, 1, 'Products', '', '2019-03-11 13:52:59', '2019-03-11 13:52:59', NULL, NULL, 0, 1, 0, 0, 'IMPORT', '600 DIA D-400 SEMI CIRCULAR FRAME & COVER'),
(279, 1, 1, 1, 'Products', '', '2019-03-11 13:52:59', '2019-03-11 13:52:59', NULL, NULL, 0, 1, 0, 0, 'IMPORT', '532X405X205 KERB GULLY FRAME & COVER'),
(280, 1, 1, 1, 'Products', '', '2019-03-11 13:52:59', '2019-03-11 13:52:59', NULL, NULL, 0, 1, 0, 0, 'IMPORT', 'JRC-12 DT D-400 FRAME & COVER_ITS'),
(281, 1, 1, 1, 'Products', '', '2019-03-11 13:52:59', '2019-03-11 13:52:59', NULL, NULL, 0, 1, 0, 0, 'IMPORT', '750X600 DS D-400 RECESSED FRAME & COVER_AMANAH'),
(282, 1, 1, 1, 'Products', '', '2019-03-11 13:52:59', '2019-03-11 13:52:59', NULL, NULL, 0, 1, 0, 0, 'IMPORT', '750 X 600 DS D-400 RECESSED FRAME & COVER'),
(283, 1, 1, 1, 'Products', '', '2019-03-11 13:52:59', '2019-03-11 13:52:59', NULL, NULL, 0, 1, 0, 0, 'IMPORT', '800X800 DS D-400 RECESSED FRAME & COVER'),
(284, 1, 1, 1, 'Products', '', '2019-03-11 13:52:59', '2019-03-11 13:52:59', NULL, NULL, 0, 1, 0, 0, 'IMPORT', '600X600 DT D-400 SWD FRAME & COVER(WITH OUT GRP)'),
(285, 1, 1, 1, 'Products', '', '2019-03-11 13:52:59', '2019-03-11 13:52:59', NULL, NULL, 0, 1, 0, 0, 'IMPORT', '600X600X80 SS D-400 RECESSED FRAME & COVER(AMANAH)(PAM)'),
(286, 1, 1, 1, 'Products', '', '2019-03-11 13:53:05', '2019-03-11 13:53:05', NULL, NULL, 0, 1, 0, 0, 'IMPORT', 'CLKS 732 KMD FRAME & COVER'),
(287, 1, 1, 1, 'Products', '', '2019-03-11 13:53:06', '2019-03-11 13:53:06', NULL, NULL, 0, 1, 0, 0, 'IMPORT', 'CLKS 732 HKMD FRAME & COVER'),
(288, 1, 1, 1, 'Products', '', '2019-03-11 13:53:06', '2019-03-11 13:53:06', NULL, NULL, 0, 1, 0, 0, 'IMPORT', 'JRC-12 QNBN/CRA FRAME & COVER'),
(289, 1, 1, 1, 'Products', '', '2019-03-11 13:53:06', '2019-03-11 13:53:06', NULL, NULL, 0, 1, 0, 0, 'IMPORT', 'JRC-14 QNBN/CRA FRAME & COVER'),
(290, 1, 1, 1, 'Products', '', '2019-03-11 13:53:06', '2019-03-11 13:53:06', NULL, NULL, 0, 1, 0, 0, 'IMPORT', '600X600 DT D-400 HINGED FRAME & COVER(WITH GRP)'),
(291, 1, 1, 1, 'Products', '', '2019-03-11 13:53:06', '2019-03-11 13:53:06', NULL, NULL, 0, 1, 0, 0, 'IMPORT', '1000X1000 C-250 SOLID TOP FRAME & COVER'),
(292, 1, 1, 1, 'Products', '', '2019-03-11 13:53:06', '2019-03-11 13:53:06', NULL, NULL, 0, 1, 0, 0, 'IMPORT', '900 DIA D-400 FRAME & COVER(WITH GRP PROV.)'),
(293, 1, 1, 1, 'Products', '', '2019-03-11 13:53:06', '2019-03-11 13:53:06', NULL, NULL, 0, 1, 0, 0, 'IMPORT', '600 DIA D-400 SOLID TOP SQUARE FRAME & ROUND COVER'),
(294, 1, 1, 1, 'Products', '', '2019-03-11 13:53:06', '2019-03-11 13:53:06', NULL, NULL, 0, 1, 0, 0, 'IMPORT', '1060 X 1060 D-400 FRAME & COVER'),
(295, 1, 1, 1, 'Products', '', '2019-03-11 13:53:06', '2019-03-11 13:53:06', NULL, NULL, 0, 1, 0, 0, 'IMPORT', '600X600 DS D-400 RECESS FRM. & COV.'),
(296, 1, 1, 1, 'Products', '', '2019-03-11 13:53:06', '2019-03-11 13:53:06', NULL, NULL, 0, 1, 0, 0, 'IMPORT', '600 X 600 DT D-400 HINGED FRAME & COVER(WITH GRP)'),
(297, 1, 1, 1, 'Products', '', '2019-03-11 13:53:06', '2019-03-11 13:53:06', NULL, NULL, 0, 1, 0, 0, 'IMPORT', '450 X 450 SS B-125 COVER(STANDARD SIF)'),
(298, 1, 1, 1, 'Products', '', '2019-03-11 13:53:06', '2019-03-11 13:53:06', NULL, NULL, 0, 1, 0, 0, 'IMPORT', '600 X 600 SS B-125 FRAME & COVER_SIF'),
(299, 1, 1, 1, 'Products', '', '2019-03-11 13:53:06', '2019-03-11 13:53:06', NULL, NULL, 0, 1, 0, 0, 'IMPORT', '450X450 SS B-125 FRAME & COVER'),
(300, 1, 1, 1, 'Products', '', '2019-03-11 13:53:06', '2019-03-11 13:53:06', NULL, NULL, 0, 1, 0, 0, 'IMPORT', '450X450 DS B-125 RECESSED FRAME & COVER'),
(301, 1, 1, 1, 'Products', '', '2019-03-11 13:53:06', '2019-03-11 13:53:06', NULL, NULL, 0, 1, 0, 0, 'IMPORT', '600X600 CLASS-D 210 KN INFILL FRAME & COVER'),
(302, 1, 1, 1, 'Products', '', '2019-03-11 13:53:06', '2019-03-11 13:53:06', NULL, NULL, 0, 1, 0, 0, 'IMPORT', '600 X 600 CLASS-D 210 KN INFILL FRAME & COVER'),
(303, 1, 1, 1, 'Products', '', '2019-03-11 13:53:06', '2019-03-11 13:53:06', NULL, NULL, 0, 1, 0, 0, 'IMPORT', '450X450 CLASS-D 210 KN INFILL FRAME & COVER'),
(304, 1, 1, 1, 'Products', '', '2019-03-11 13:53:06', '2019-03-11 13:53:06', NULL, NULL, 0, 1, 0, 0, 'IMPORT', '600X600 CLASS-D 210 KN SOLID TOP FRAME & COVER'),
(305, 1, 1, 1, 'Products', '', '2019-03-11 13:53:06', '2019-03-11 13:53:06', NULL, NULL, 0, 1, 0, 0, 'IMPORT', '450X450 CLASS-B 80 KN INFILL FRAME & COVER'),
(306, 1, 1, 1, 'Products', '', '2019-03-11 13:53:06', '2019-03-11 13:53:06', NULL, NULL, 0, 1, 0, 0, 'IMPORT', '600X600 CLASS-B 80 KN INFILL FRAME & COVER'),
(307, 1, 1, 1, 'Products', '', '2019-03-11 13:53:06', '2019-03-11 13:53:06', NULL, NULL, 0, 1, 0, 0, 'IMPORT', '900X1200 CLASS-D 210 KN INFILL FRAME & COVER'),
(308, 1, 1, 1, 'Products', '', '2019-03-11 13:53:06', '2019-03-11 13:53:06', NULL, NULL, 0, 1, 0, 0, 'IMPORT', '450X450 CLASS-D 210 KN SOLID TOP FRAME & COVER'),
(309, 1, 1, 1, 'Products', '', '2019-03-11 13:53:06', '2019-03-11 13:53:06', NULL, NULL, 0, 1, 0, 0, 'IMPORT', '900X900 CLASS-D 210 KN SOLID TOP FRAME & COVER'),
(310, 1, 1, 1, 'Products', '', '2019-03-11 13:53:06', '2019-03-11 13:53:06', NULL, NULL, 0, 1, 0, 0, 'IMPORT', '900 X 900 CLASS-D 210 KN SOLID TOP FRAME & COVER'),
(311, 1, 1, 1, 'Products', '', '2019-03-11 13:53:06', '2019-03-11 13:53:06', NULL, NULL, 0, 1, 0, 0, 'IMPORT', '900X900 CLASS-D 210 KN SOLID TOP FRM. & COV.'),
(312, 1, 1, 1, 'Products', '', '2019-03-11 13:53:06', '2019-03-11 13:53:06', NULL, NULL, 0, 1, 0, 0, 'IMPORT', '1200X1200 CLASS-D 210 KN SOLID TOP FRAME & COVER'),
(313, 1, 1, 1, 'Products', '', '2019-03-11 13:53:06', '2019-03-11 13:53:06', NULL, NULL, 0, 1, 0, 0, 'IMPORT', '1200 X 1200 CLASS-D 210 KN SOLID TOP FRAME & COVER'),
(314, 1, 1, 1, 'Products', '', '2019-03-11 13:53:06', '2019-03-11 13:53:06', NULL, NULL, 0, 1, 0, 0, 'IMPORT', '600X450 CLASS-D 210 KN SOLID TOP FRAME & COVER'),
(315, 1, 1, 1, 'Products', '', '2019-03-11 13:53:06', '2019-03-11 13:53:06', NULL, NULL, 0, 1, 0, 0, 'IMPORT', '450X450 DS B-125 RECESSED FRM. & COV.'),
(316, 1, 1, 1, 'Products', '', '2019-03-11 13:53:06', '2019-03-11 13:53:06', NULL, NULL, 0, 1, 0, 0, 'IMPORT', '450 X 450 DS B-125 RECESSED FRAME & COVER'),
(317, 1, 1, 1, 'Products', '', '2019-03-11 13:53:06', '2019-03-11 13:53:06', NULL, NULL, 0, 1, 0, 0, 'IMPORT', '450 X 450 DS B-125 RECESSED FRM. & COV.'),
(318, 1, 1, 1, 'Products', '', '2019-03-11 13:53:06', '2019-03-11 13:53:06', NULL, NULL, 0, 1, 0, 0, 'IMPORT', 'JRC-12 SWD FRAME & COVER'),
(319, 1, 1, 1, 'Products', '', '2019-03-11 13:53:06', '2019-03-11 13:53:06', NULL, NULL, 0, 1, 0, 0, 'IMPORT', 'JRC-4 QNBN FRAME & COVER'),
(320, 1, 1, 1, 'Products', '', '2019-03-11 13:53:06', '2019-03-11 13:53:06', NULL, NULL, 0, 1, 0, 0, 'IMPORT', 'JRC-4 QNBN FRM. & COV.'),
(321, 1, 1, 1, 'Products', '', '2019-03-11 13:53:06', '2019-03-11 13:53:06', NULL, NULL, 0, 1, 0, 0, 'IMPORT', '600 X 600 DS B-125 RECESSED FRAME & COVER (SIF)'),
(322, 1, 1, 1, 'Products', '', '2019-03-11 13:53:06', '2019-03-11 13:53:06', NULL, NULL, 0, 1, 0, 0, 'IMPORT', '600X600 DS B-125 RECESSED FRM. & COV. (SIF)'),
(323, 1, 1, 1, 'Products', '', '2019-03-11 13:53:06', '2019-03-11 13:53:06', NULL, NULL, 0, 1, 0, 0, 'IMPORT', '600 X 600 X 80 SS D-400 RECESSED FRAME & COVER(AMANAH)(PAM)'),
(324, 1, 1, 1, 'Products', '', '2019-03-11 13:53:06', '2019-03-11 13:53:06', NULL, NULL, 0, 1, 0, 0, 'IMPORT', '600 DIA CLASS B FRM. & COV.(STORM)'),
(325, 1, 1, 1, 'Products', '', '2019-03-11 13:53:06', '2019-03-11 13:53:06', NULL, NULL, 0, 1, 0, 0, 'IMPORT', '400X400 B-125 DRWA FRAME & COVER'),
(326, 1, 1, 1, 'Products', '', '2019-03-11 13:53:06', '2019-03-11 13:53:06', NULL, NULL, 0, 1, 0, 0, 'IMPORT', '300X300 B-125 DRWA FRAME & COVER'),
(327, 1, 1, 1, 'Products', '', '2019-03-11 13:53:06', '2019-03-11 13:53:06', NULL, NULL, 0, 1, 0, 0, 'IMPORT', '500X500 B-125 DRWA FRAME & COVER'),
(328, 1, 1, 1, 'Products', '', '2019-03-11 13:53:06', '2019-03-11 13:53:06', NULL, NULL, 0, 1, 0, 0, 'IMPORT', '600X600 B-125 DRWA FRAME & COVER'),
(329, 1, 1, 1, 'Products', '', '2019-03-11 13:53:06', '2019-03-11 13:53:06', NULL, NULL, 0, 1, 0, 0, 'IMPORT', '600X600 C-250 DRWA FRAME & COVER'),
(330, 1, 1, 1, 'Products', '', '2019-03-11 13:53:06', '2019-03-11 13:53:06', NULL, NULL, 0, 1, 0, 0, 'IMPORT', '700X700 B-125 DRWA FRAME & COVER'),
(331, 1, 1, 1, 'Products', '', '2019-03-11 13:53:06', '2019-03-11 13:53:06', NULL, NULL, 0, 1, 0, 0, 'IMPORT', '700 X 700 B-125 DRWA FRAME & COVER'),
(332, 1, 1, 1, 'Products', '', '2019-03-11 13:53:06', '2019-03-11 13:53:06', NULL, NULL, 0, 1, 0, 0, 'IMPORT', '800X800 B-125 DRWA FRAME & COVER'),
(333, 1, 1, 1, 'Products', '', '2019-03-11 13:53:07', '2019-03-11 13:53:07', NULL, NULL, 0, 1, 0, 0, 'IMPORT', '900X900 B-125 DRWA FRAME & COVER'),
(334, 1, 1, 1, 'Products', '', '2019-03-11 13:53:07', '2019-03-11 13:53:07', NULL, NULL, 0, 1, 0, 0, 'IMPORT', '700X700 C-250 DRWA FRAME & COVER'),
(335, 1, 1, 1, 'Products', '', '2019-03-11 13:53:07', '2019-03-11 13:53:07', NULL, NULL, 0, 1, 0, 0, 'IMPORT', '600X600 DT D-400 WITH GRP FRAME & COVER(SEWERGE)'),
(336, 1, 1, 1, 'Products', '', '2019-03-11 13:53:07', '2019-03-11 13:53:07', NULL, NULL, 0, 1, 0, 0, 'IMPORT', '600 X 600 DT D-400 WITH GRP FRAME & COVER(SEWERGE)'),
(337, 1, 1, 1, 'Products', '', '2019-03-11 13:53:07', '2019-03-11 13:53:07', NULL, NULL, 0, 1, 0, 0, 'IMPORT', '600 DIA D-400 SEMI CIRCULAR FRM. & COV'),
(338, 1, 1, 1, 'Products', '', '2019-03-11 13:53:07', '2019-03-11 13:53:07', NULL, NULL, 0, 1, 0, 0, 'IMPORT', '600X600 DS D-400 FRAME & COVER(FIRE HYDRENT)'),
(339, 1, 1, 1, 'Products', '', '2019-03-11 13:53:07', '2019-03-11 13:53:07', NULL, NULL, 0, 1, 0, 0, 'IMPORT', '600 X 600 DS D-400 FRAME & COVER(FIRE HYDRENT)'),
(340, 1, 1, 1, 'Products', '', '2019-03-11 13:53:07', '2019-03-11 13:53:07', NULL, NULL, 0, 1, 0, 0, 'IMPORT', '675 DIA DT D-400 SWD FR. & COV.'),
(341, 1, 1, 1, 'Products', '', '2019-03-11 13:53:07', '2019-03-11 13:53:07', NULL, NULL, 0, 1, 0, 0, 'IMPORT', '675 DIA DT D-400 SWD FRM. & CO.'),
(342, 1, 1, 1, 'Products', '', '2019-03-11 13:53:07', '2019-03-11 13:53:07', NULL, NULL, 0, 1, 0, 0, 'IMPORT', 'JRC-12 FRAME & COVER_TSE'),
(343, 1, 1, 1, 'Products', '', '2019-03-11 13:53:07', '2019-03-11 13:53:07', NULL, NULL, 0, 1, 0, 0, 'IMPORT', 'JRC-12 FRM. & COV_TSE'),
(344, 1, 1, 1, 'Products', '', '2019-03-11 13:53:07', '2019-03-11 13:53:07', NULL, NULL, 0, 1, 0, 0, 'IMPORT', 'JRC-12 FR. & COV._TSE'),
(345, 1, 1, 1, 'Products', '', '2019-03-11 13:53:07', '2019-03-11 13:53:07', NULL, NULL, 0, 1, 0, 0, 'IMPORT', 'JRC-12 FRM. & CO._TSE'),
(346, 1, 1, 1, 'Products', '', '2019-03-11 13:53:07', '2019-03-11 13:53:07', NULL, NULL, 0, 1, 0, 0, 'IMPORT', '750X750 D/T D-400 FRAME & COVER(WITHOUT GRP)_TSE'),
(347, 1, 1, 1, 'Products', '', '2019-03-11 13:53:07', '2019-03-11 13:53:07', NULL, NULL, 0, 1, 0, 0, 'IMPORT', '750 X 750 D/T D-400 FRAME & COVER(WITHOUT GRP)_TSE'),
(348, 1, 1, 1, 'Products', '', '2019-03-11 13:53:07', '2019-03-11 13:53:07', NULL, NULL, 0, 1, 0, 0, 'IMPORT', '750 DIA D-400 SS FRAME & COVER(AIR FIELD)');
INSERT INTO `vtiger_crmentity_bkp` (`crmid`, `smcreatorid`, `smownerid`, `modifiedby`, `setype`, `description`, `createdtime`, `modifiedtime`, `viewedtime`, `status`, `version`, `presence`, `deleted`, `smgroupid`, `source`, `label`) VALUES
(349, 1, 1, 1, 'Products', '', '2019-03-11 13:53:07', '2019-03-11 13:53:07', NULL, NULL, 0, 1, 0, 0, 'IMPORT', '750 DIA D-400 SS FRM. & COV.(AIR FIELD)'),
(350, 1, 1, 1, 'Products', '', '2019-03-11 13:53:07', '2019-03-11 13:53:07', NULL, NULL, 0, 1, 0, 0, 'IMPORT', '600 DIA COVER WITH SQUARE FRAME(FIRE FIGHTING)'),
(351, 1, 1, 1, 'Products', '', '2019-03-11 13:53:07', '2019-03-11 13:53:07', NULL, NULL, 0, 1, 0, 0, 'IMPORT', '600 X 600 DS D-400 RECESS FRM. & COV.'),
(352, 1, 1, 1, 'Products', '', '2019-03-11 13:53:07', '2019-03-11 13:53:07', NULL, NULL, 0, 1, 0, 0, 'IMPORT', '600 DIA COVER WITH SQUARE FRAME(FIRE HYDRENT)'),
(353, 1, 1, 1, 'Products', '', '2019-03-11 13:53:07', '2019-03-11 13:53:07', NULL, NULL, 0, 1, 0, 0, 'IMPORT', '800X800 F-900 FRAME & COVER(HVLV)'),
(354, 1, 1, 1, 'Products', '', '2019-03-11 13:53:07', '2019-03-11 13:53:07', NULL, NULL, 0, 1, 0, 0, 'IMPORT', '800X800 F-900 FRAME & COVER(FSD)'),
(355, 1, 1, 1, 'Products', '', '2019-03-11 13:53:07', '2019-03-11 13:53:07', NULL, NULL, 0, 1, 0, 0, 'IMPORT', '800 X 800 F-900 FRAME & COVER(HVLV'),
(356, 1, 1, 1, 'Products', '', '2019-03-11 13:53:07', '2019-03-11 13:53:07', NULL, NULL, 0, 1, 0, 0, 'IMPORT', '800 X 800 F-900 FRAME & COVER(FSD)'),
(357, 1, 1, 1, 'Products', '', '2019-03-11 13:53:07', '2019-03-11 13:53:07', NULL, NULL, 0, 1, 0, 0, 'IMPORT', '800X800 F-900 SOLID TOP FRAME & COVER(PORTABLE WATER)'),
(358, 1, 1, 1, 'Products', '', '2019-03-11 13:53:07', '2019-03-11 13:53:07', NULL, NULL, 0, 1, 0, 0, 'IMPORT', 'SJRC-14 DT D-400 FRAME & COVER'),
(359, 1, 1, 1, 'Products', '', '2019-03-11 13:53:07', '2019-03-11 13:53:07', NULL, NULL, 0, 1, 0, 0, 'IMPORT', 'JRC-14 QNBN/TELECOM NPP FRAME & COVER'),
(360, 1, 1, 1, 'Products', '', '2019-03-11 13:53:07', '2019-03-11 13:53:07', NULL, NULL, 0, 1, 0, 0, 'IMPORT', '750 DIA D-400 FRAME & COVER(MEDIUM VOLTAGE)'),
(361, 1, 1, 1, 'Products', '', '2019-03-11 13:53:07', '2019-03-11 13:53:07', NULL, NULL, 0, 1, 0, 0, 'IMPORT', '750 DIA D-400 FRM. & COV.(MEDIUM VOLTAGE)'),
(362, 1, 1, 1, 'Products', '', '2019-03-11 13:53:07', '2019-03-11 13:53:07', NULL, NULL, 0, 1, 0, 0, 'IMPORT', '750 DIA D-400 FRAME & COVER(LOW VOLTAGE)'),
(363, 1, 1, 1, 'Products', '', '2019-03-11 13:53:07', '2019-03-11 13:53:07', NULL, NULL, 0, 1, 0, 0, 'IMPORT', '750 DIA D-400 FRM. & COV.(LOW VOLTAGE)'),
(364, 1, 1, 1, 'Products', '', '2019-03-11 13:53:07', '2019-03-11 13:53:07', NULL, NULL, 0, 1, 0, 0, 'IMPORT', '800X800 DS D-400 RECESSED FRAME & COVER_SIF'),
(365, 1, 1, 1, 'Products', '', '2019-03-11 13:53:07', '2019-03-11 13:53:07', NULL, NULL, 0, 1, 0, 0, 'IMPORT', '800 X 800 F-900 SOLID TOP FRAME & COVER(PORTABLE WATER)'),
(366, 1, 1, 1, 'Products', '', '2019-03-11 13:53:07', '2019-03-11 13:53:07', NULL, NULL, 0, 1, 0, 0, 'IMPORT', '900 DIA D-400 SAXSON FRAME & COVER(STORM DRAINAGE)'),
(367, 1, 1, 1, 'Products', '', '2019-03-11 13:53:07', '2019-03-11 13:53:07', NULL, NULL, 0, 1, 0, 0, 'IMPORT', '600X600 C-250 TCS FRAME & COVER(SAXSON)'),
(368, 1, 1, 1, 'Products', '', '2019-03-11 13:53:07', '2019-03-11 13:53:07', NULL, NULL, 0, 1, 0, 0, 'IMPORT', 'CD 1657 KMB FRAME & COVER'),
(369, 1, 1, 1, 'Products', '', '2019-03-11 13:53:07', '2019-03-11 13:53:07', NULL, NULL, 0, 1, 0, 0, 'IMPORT', 'CD 762 KMB FRAME & COVER'),
(370, 1, 1, 1, 'Products', '', '2019-03-11 13:53:07', '2019-03-11 13:53:07', NULL, NULL, 0, 1, 0, 0, 'IMPORT', 'CD 777 KMB FRAME & COVER'),
(371, 1, 1, 1, 'Products', '', '2019-03-11 13:53:07', '2019-03-11 13:53:07', NULL, NULL, 0, 1, 0, 0, 'IMPORT', '450X450 C-250 FRAME & COVER(SAXON)_ADM'),
(372, 1, 1, 1, 'Products', '', '2019-03-11 13:53:07', '2019-03-11 13:53:07', NULL, NULL, 0, 1, 0, 0, 'IMPORT', '800X800 F-900 FRAME & COVER(FIRE WATER)'),
(373, 1, 1, 1, 'Products', '', '2019-03-11 13:53:07', '2019-03-11 13:53:07', NULL, NULL, 0, 1, 0, 0, 'IMPORT', '800X405 KERB GULLY FRAME & COVER'),
(374, 1, 1, 1, 'Products', '', '2019-03-11 13:53:07', '2019-03-11 13:53:07', NULL, NULL, 0, 1, 0, 0, 'IMPORT', 'CD 701 KMD FRAME & COVER'),
(375, 1, 1, 1, 'Products', '', '2019-03-11 13:53:08', '2019-03-11 13:53:08', NULL, NULL, 0, 1, 0, 0, 'IMPORT', 'CD 701 HKMD FRAME & COVER'),
(376, 1, 1, 1, 'Products', '', '2019-03-11 13:53:08', '2019-03-11 13:53:08', NULL, NULL, 0, 1, 0, 0, 'IMPORT', 'CD 762 KMD FRAME & COVER'),
(377, 1, 1, 1, 'Products', '', '2019-03-11 13:53:08', '2019-03-11 13:53:08', NULL, NULL, 0, 1, 0, 0, 'IMPORT', '600x600 DS C-250 FRAME & COVER(AMANAH)_PAM'),
(378, 1, 1, 1, 'Products', '', '2019-03-11 13:53:08', '2019-03-11 13:53:08', NULL, NULL, 0, 1, 0, 0, 'IMPORT', '600x600 DS C-250 FRM. & COV.(AMANAH)_PAM'),
(379, 1, 1, 1, 'Products', '', '2019-03-11 13:53:08', '2019-03-11 13:53:08', NULL, NULL, 0, 1, 0, 0, 'IMPORT', '750 DIA ADSSC FRAME & COVER'),
(380, 1, 1, 1, 'Products', '', '2019-03-11 13:53:08', '2019-03-11 13:53:08', NULL, NULL, 0, 1, 0, 0, 'IMPORT', '750 DIA ADSSC FRM. & COV.'),
(381, 1, 1, 1, 'Products', '', '2019-03-11 13:53:08', '2019-03-11 13:53:08', NULL, NULL, 0, 1, 0, 0, 'IMPORT', '600x600 SS D-400 FRAME & COVER(ELECTRICAL SL)'),
(382, 1, 1, 1, 'Products', '', '2019-03-11 13:53:08', '2019-03-11 13:53:08', NULL, NULL, 0, 1, 0, 0, 'IMPORT', '690 DIA RECESS PTT FRAME & COVER(NECO)'),
(383, 1, 1, 1, 'Products', '', '2019-03-11 13:53:08', '2019-03-11 13:53:08', NULL, NULL, 0, 1, 0, 0, 'IMPORT', 'JRC-14 QNBN/TELECOM SSD FRAME & COVER'),
(384, 1, 1, 1, 'Products', '', '2019-03-11 13:53:08', '2019-03-11 13:53:08', NULL, NULL, 0, 1, 0, 0, 'IMPORT', '1000x1000 DT D-400 FSD FRAME & COVER'),
(385, 1, 1, 1, 'Products', '', '2019-03-11 13:53:08', '2019-03-11 13:53:08', NULL, NULL, 0, 1, 0, 0, 'IMPORT', '615 MM DIA FRAME & COVER(WITH SAFETY GRILL)'),
(386, 1, 1, 1, 'Products', '', '2019-03-11 13:53:08', '2019-03-11 13:53:08', NULL, NULL, 0, 1, 0, 0, 'IMPORT', '900X600 B-125 FRAME & COVER(IRRIGATION)'),
(387, 1, 1, 1, 'Products', '', '2019-03-11 13:53:08', '2019-03-11 13:53:08', NULL, NULL, 0, 1, 0, 0, 'IMPORT', 'CD 1659 KMD FRAME & COVER'),
(388, 1, 1, 1, 'Products', '', '2019-03-11 13:53:08', '2019-03-11 13:53:08', NULL, NULL, 0, 1, 0, 0, 'IMPORT', 'CD 1659 AKMD FRAME & COVER'),
(389, 1, 1, 1, 'Products', '', '2019-03-11 13:53:08', '2019-03-11 13:53:08', NULL, NULL, 0, 1, 0, 0, 'IMPORT', 'CD 1659 AHKMD FRAME & COVER'),
(390, 1, 1, 1, 'Products', '', '2019-03-11 13:53:08', '2019-03-11 13:53:08', NULL, NULL, 0, 1, 0, 0, 'IMPORT', '900 X 600 B-125 FRAME & COVER(IRRIGATION)'),
(391, 1, 1, 1, 'Products', '', '2019-03-11 13:53:08', '2019-03-11 13:53:08', NULL, NULL, 0, 1, 0, 0, 'IMPORT', 'MC-119 D-400 FRAME & COVER'),
(392, 1, 1, 1, 'Products', '', '2019-03-11 13:53:08', '2019-03-11 13:53:08', NULL, NULL, 0, 1, 0, 0, 'IMPORT', '500x500 C-250 DRWA FRAME & COVER'),
(393, 1, 1, 1, 'Products', '', '2019-03-11 13:53:08', '2019-03-11 13:53:08', NULL, NULL, 0, 1, 0, 0, 'IMPORT', '800X800 C-250 DRWA FRAME & COVER'),
(394, 1, 1, 1, 'Products', '', '2019-03-11 13:53:08', '2019-03-11 13:53:08', NULL, NULL, 0, 1, 0, 0, 'IMPORT', '900X900 C-250 DRWA FRAME & COVER'),
(395, 1, 1, 1, 'Products', '', '2019-03-11 13:53:08', '2019-03-11 13:53:08', NULL, NULL, 0, 1, 0, 0, 'IMPORT', '700 X 700 C-250 DRWA FRAME & COVER'),
(396, 1, 1, 1, 'Products', '', '2019-03-11 13:53:08', '2019-03-11 13:53:08', NULL, NULL, 0, 1, 0, 0, 'IMPORT', 'CD 701 AKMD FRAME & COVER'),
(397, 1, 1, 1, 'Products', '', '2019-03-11 13:53:08', '2019-03-11 13:53:08', NULL, NULL, 0, 1, 0, 0, 'IMPORT', '600X600 DT D-400 FRAME & COVER(THOMAS DUDLEY)'),
(398, 1, 1, 1, 'Products', '', '2019-03-11 13:53:08', '2019-03-11 13:53:08', NULL, NULL, 0, 1, 0, 0, 'IMPORT', '300X300 DS D-400 RECESS FRM. & COV.'),
(399, 1, 1, 1, 'Products', '', '2019-03-11 13:53:08', '2019-03-11 13:53:08', NULL, NULL, 0, 1, 0, 0, 'IMPORT', '1600X1600 D-400 FRAME & COVER'),
(400, 1, 1, 1, 'Products', '', '2019-03-11 13:53:08', '2019-03-11 13:53:08', NULL, NULL, 0, 1, 0, 0, 'IMPORT', 'JRC-12 D-400 TELECOM/ELV FRAME & COVER'),
(401, 1, 1, 1, 'Products', '', '2019-03-11 13:53:08', '2019-03-11 13:53:08', NULL, NULL, 0, 1, 0, 0, 'IMPORT', '300X300 DS C-250 FRAME & COVER(AMANAH)'),
(402, 1, 1, 1, 'Products', '', '2019-03-11 13:53:08', '2019-03-11 13:53:08', NULL, NULL, 0, 1, 0, 0, 'IMPORT', '600X600 DS D-400 FRAME & COVER WITH GRP_AMANAH'),
(403, 1, 1, 1, 'Products', '', '2019-03-11 13:53:08', '2019-03-11 13:53:08', NULL, NULL, 0, 1, 0, 0, 'IMPORT', 'CD 1659 KMD FRAME & COVER(FW)'),
(404, 1, 1, 1, 'Products', '', '2019-03-11 13:53:08', '2019-03-11 13:53:08', NULL, NULL, 0, 1, 0, 0, 'IMPORT', 'CD 1659 KMD FRAME & COVER(SW)'),
(405, 1, 1, 1, 'Products', '', '2019-03-11 13:53:08', '2019-03-11 13:53:08', NULL, NULL, 0, 1, 0, 0, 'IMPORT', 'CD 1659 AKMD FRAME & COVER(SW)'),
(406, 1, 1, 1, 'Products', '', '2019-03-11 13:53:08', '2019-03-11 13:53:08', NULL, NULL, 0, 1, 0, 0, 'IMPORT', 'CD 1659 AKMD FRAME & COVER(FW)'),
(407, 1, 1, 1, 'Products', '', '2019-03-11 13:53:08', '2019-03-11 13:53:08', NULL, NULL, 0, 1, 0, 0, 'IMPORT', '600 DIA CLASS D SEWER FRAME & COVER(WELD LOCK)'),
(408, 1, 1, 1, 'Products', '', '2019-03-11 13:53:08', '2019-03-11 13:53:08', NULL, NULL, 0, 1, 0, 0, 'IMPORT', '600 DIA CLASS B SEWER FRAME & COVER(WELD LOCK)'),
(409, 1, 1, 1, 'Products', '', '2019-03-11 13:53:08', '2019-03-11 13:53:08', NULL, NULL, 0, 1, 0, 0, 'IMPORT', '600 DIA CLASS B SEWER FRM. & COV.(WELD LOCK)'),
(410, 1, 1, 1, 'Products', '', '2019-03-11 13:53:08', '2019-03-11 13:53:08', NULL, NULL, 0, 1, 0, 0, 'IMPORT', '1600X600 D-400 FRAME & COVER'),
(411, 1, 1, 1, 'Products', '', '2019-03-11 13:53:08', '2019-03-11 13:53:08', NULL, NULL, 0, 1, 0, 0, 'IMPORT', '600X600 DS D-400 SOLID TOP FRAME & COVER(PAM)'),
(412, 1, 1, 1, 'Products', '', '2019-03-11 13:53:08', '2019-03-11 13:53:08', NULL, NULL, 0, 1, 0, 0, 'IMPORT', '600X600 DS D-400 SOLID TOP FRM. & COV.(PAM)'),
(413, 1, 1, 1, 'Products', '', '2019-03-11 13:53:08', '2019-03-11 13:53:08', NULL, NULL, 0, 1, 0, 0, 'IMPORT', '145 DIA SURFACE BOX FRAME & COVER'),
(414, 1, 1, 1, 'Products', '', '2019-03-11 13:53:08', '2019-03-11 13:53:08', NULL, NULL, 0, 1, 0, 0, 'IMPORT', '700X700 B-125 FRAME & COVER(DRWA)_CARAT'),
(415, 1, 1, 1, 'Products', '', '2019-03-11 13:53:08', '2019-03-11 13:53:08', NULL, NULL, 0, 1, 0, 0, 'IMPORT', '800X800 B-125 FRAME & COVER(DRWA)_CARAT'),
(416, 1, 1, 1, 'Products', '', '2019-03-11 13:53:08', '2019-03-11 13:53:08', NULL, NULL, 0, 1, 0, 0, 'IMPORT', '700X700 D-400 FRAME & COVER(DRWA)_CARAT'),
(417, 1, 1, 1, 'Products', '', '2019-03-11 13:53:08', '2019-03-11 13:53:08', NULL, NULL, 0, 1, 0, 0, 'IMPORT', '700X700 C-250 FRAME & COVER(DRWA)_CARAT'),
(418, 1, 1, 1, 'Products', '', '2019-03-11 13:53:08', '2019-03-11 13:53:08', NULL, NULL, 0, 1, 0, 0, 'IMPORT', '900X900 C-250 FRAME & COVER(DRWA)_CARAT'),
(419, 1, 1, 1, 'Products', '', '2019-03-11 13:53:09', '2019-03-11 13:53:09', NULL, NULL, 0, 1, 0, 0, 'IMPORT', '400X400 B-125 FRAME & COVER(DRWA)_CARAT'),
(420, 1, 1, 1, 'Products', '', '2019-03-11 13:53:09', '2019-03-11 13:53:09', NULL, NULL, 0, 1, 0, 0, 'IMPORT', '145 DIA SURFACE BOX FRM. & COV.'),
(421, 1, 1, 1, 'Products', '', '2019-03-11 13:53:09', '2019-03-11 13:53:09', NULL, NULL, 0, 1, 0, 0, 'IMPORT', '600 DIA HINGE D-400 FRAME & COVER(SEWER)(PAM)'),
(422, 1, 1, 1, 'Products', '', '2019-03-11 13:53:09', '2019-03-11 13:53:09', NULL, NULL, 0, 1, 0, 0, 'IMPORT', '600 DIA HINGE D-400 FRM & COV(SEWER)(PAM)'),
(423, 1, 1, 1, 'Products', '', '2019-03-11 13:53:09', '2019-03-11 13:53:09', NULL, NULL, 0, 1, 0, 0, 'IMPORT', '600 DIA HINGE D-400 FRAME & COVER(STORM-WATER)(PAM)'),
(424, 1, 1, 1, 'Products', '', '2019-03-11 13:53:09', '2019-03-11 13:53:09', NULL, NULL, 0, 1, 0, 0, 'IMPORT', '600 DIA HINGE D-400 FRM & COV(STORM-WATER)(PAM)'),
(425, 1, 1, 1, 'Products', '', '2019-03-11 13:53:09', '2019-03-11 13:53:09', NULL, NULL, 0, 1, 0, 0, 'IMPORT', '600X600 DS C-250 FRAME & COVER(AMANAH)(STORM-PAM)'),
(426, 1, 1, 1, 'Products', '', '2019-03-11 13:53:09', '2019-03-11 13:53:09', NULL, NULL, 0, 1, 0, 0, 'IMPORT', '600X600 DS C-250 FRM & COV(AMANAH)(STORM-PAM)'),
(427, 1, 1, 1, 'Products', '', '2019-03-11 13:53:09', '2019-03-11 13:53:09', NULL, NULL, 0, 1, 0, 0, 'IMPORT', '600X750 SS D-400 SOLID TOP FRAME & COVER(EWA WATER BOLTED)'),
(428, 1, 1, 1, 'Products', '', '2019-03-11 13:53:09', '2019-03-11 13:53:09', NULL, NULL, 0, 1, 0, 0, 'IMPORT', '600X600 SS D-400 SOLID TOP FRAME & COVER(EWA WATER BOLTED)'),
(429, 1, 1, 1, 'Products', '', '2019-03-11 13:53:09', '2019-03-11 13:53:09', NULL, NULL, 0, 1, 0, 0, 'IMPORT', '1200X600 SS D-400 SOLID TOP FRAME & COVER(EWA WATER BOLTED)'),
(430, 1, 1, 1, 'Products', '', '2019-03-11 13:53:09', '2019-03-11 13:53:09', NULL, NULL, 0, 1, 0, 0, 'IMPORT', '1200X600 SS D-400 SOLID TOP FRM. & COV.(EWA WATER BOLTED)'),
(431, 1, 1, 1, 'Products', '', '2019-03-11 13:53:09', '2019-03-11 13:53:09', NULL, NULL, 0, 1, 0, 0, 'IMPORT', '600 DIA SS D-400 FRAME & COVER(DEWA)'),
(432, 1, 1, 1, 'Products', '', '2019-03-11 13:53:09', '2019-03-11 13:53:09', NULL, NULL, 0, 1, 0, 0, 'IMPORT', '600x600 SS D-400 FRAME & COVER(ELECTRICAL/HM)'),
(433, 1, 1, 1, 'Products', '', '2019-03-11 13:53:09', '2019-03-11 13:53:09', NULL, NULL, 0, 1, 0, 0, 'IMPORT', 'JRC-14 D-400 TELECOM/ELV FRAME & COVER'),
(434, 1, 1, 1, 'Products', '', '2019-03-11 13:53:09', '2019-03-11 13:53:09', NULL, NULL, 0, 1, 0, 0, 'IMPORT', 'JRC-14 D-400 TELECOM/ELV FRM. & COV.'),
(435, 1, 1, 1, 'Products', '', '2019-03-11 13:53:09', '2019-03-11 13:53:09', NULL, NULL, 0, 1, 0, 0, 'IMPORT', '600X600 DT D-400 FRAME & COVER(SEWERAGE)_AMANAH'),
(436, 1, 1, 1, 'Products', '', '2019-03-11 13:53:09', '2019-03-11 13:53:09', NULL, NULL, 0, 1, 0, 0, 'IMPORT', '600X600 DT D-400 FRM & COV(SEWERAGE)_AMANAH'),
(437, 1, 1, 1, 'Products', '', '2019-03-11 13:53:09', '2019-03-11 13:53:09', NULL, NULL, 0, 1, 0, 0, 'IMPORT', '300X300 DS C-250 FRM & COV(AMANAH)'),
(438, 1, 1, 1, 'Products', '', '2019-03-11 13:53:09', '2019-03-11 13:53:09', NULL, NULL, 0, 1, 0, 0, 'IMPORT', '610 DIA D-400 SURECAST FRAME & COVER'),
(439, 1, 1, 1, 'Products', '', '2019-03-11 13:53:09', '2019-03-11 13:53:09', NULL, NULL, 0, 1, 0, 0, 'IMPORT', '1000X1000 B-125 DRWA FRAME & COVER'),
(440, 1, 1, 1, 'Products', '', '2019-03-11 13:53:09', '2019-03-11 13:53:09', NULL, NULL, 0, 1, 0, 0, 'IMPORT', 'JRC-14 QNBN/TELECOM NPP F-900 FRAME & COVER'),
(441, 1, 1, 1, 'Products', '', '2019-03-11 13:53:09', '2019-03-11 13:53:09', NULL, NULL, 0, 1, 0, 0, 'IMPORT', '1000X1000 DT D-400 FRAME & COVER(PORTABLE WATER)'),
(442, 1, 1, 1, 'Products', '', '2019-03-11 13:53:09', '2019-03-11 13:53:09', NULL, NULL, 0, 1, 0, 0, 'IMPORT', '600X600 DT D-400 FRAME & COVER(M.H.C.LTD)'),
(443, 1, 1, 1, 'Products', '', '2019-03-11 13:53:09', '2019-03-11 13:53:09', NULL, NULL, 0, 1, 0, 0, 'IMPORT', '890X890 D-400 FRAME & COVER(OIL INTERCEPTOR)'),
(444, 1, 1, 1, 'Products', '', '2019-03-11 13:53:09', '2019-03-11 13:53:09', NULL, NULL, 0, 1, 0, 0, 'IMPORT', '750 DIA D-400 FRAME & COVER(STORM DRAINAGE)'),
(445, 1, 1, 1, 'Products', '', '2019-03-11 13:53:09', '2019-03-11 13:53:09', NULL, NULL, 0, 1, 0, 0, 'IMPORT', '600 DIA D-400 FRAME & COVER(IRRIGATION)'),
(446, 1, 1, 1, 'Products', '', '2019-03-11 13:53:09', '2019-03-11 13:53:09', NULL, NULL, 0, 1, 0, 0, 'IMPORT', 'CD 701 AKMD FRAME & COVER(FW)'),
(447, 1, 1, 1, 'Products', '', '2019-03-11 13:53:09', '2019-03-11 13:53:09', NULL, NULL, 0, 1, 0, 0, 'IMPORT', 'CD 701 AKMD FRAME & COVER(SW)'),
(448, 1, 1, 1, 'Products', '', '2019-03-11 13:53:09', '2019-03-11 13:53:09', NULL, NULL, 0, 1, 0, 0, 'IMPORT', 'CD 701 AHKMD FRAME & COVER(SW)'),
(449, 1, 1, 1, 'Products', '', '2019-03-11 13:53:09', '2019-03-11 13:53:09', NULL, NULL, 0, 1, 0, 0, 'IMPORT', 'CD 759 KMB FRAME & COVER'),
(450, 1, 1, 1, 'Products', '', '2019-03-11 13:53:09', '2019-03-11 13:53:09', NULL, NULL, 0, 1, 0, 0, 'IMPORT', '1220X1220 C-250 FRAME & COVER'),
(451, 1, 1, 1, 'Products', '', '2019-03-11 13:53:09', '2019-03-11 13:53:09', NULL, NULL, 0, 1, 0, 0, 'IMPORT', 'JRC-14 QNBN/TELECOM SSD F-900 FRAME & COVER'),
(452, 1, 1, 1, 'Products', '', '2019-03-11 13:53:09', '2019-03-11 13:53:09', NULL, NULL, 0, 1, 0, 0, 'IMPORT', '600 DIA CLASS D SEWER FRM. & COV.(WELD LOCK)'),
(453, 1, 1, 1, 'Products', '', '2019-03-11 13:53:09', '2019-03-11 13:53:09', NULL, NULL, 0, 1, 0, 0, 'IMPORT', '600 DIA CLASS D STORM WATER FRAME & COVER(WELD LOCK)'),
(454, 1, 1, 1, 'Products', '', '2019-03-11 13:53:09', '2019-03-11 13:53:09', NULL, NULL, 0, 1, 0, 0, 'IMPORT', '600 DIA CLASS D STORM WATER FRM. & COV.(WELD LOCK)'),
(455, 1, 1, 1, 'Products', '', '2019-03-11 13:53:09', '2019-03-11 13:53:09', NULL, NULL, 0, 1, 0, 0, 'IMPORT', '675X675 DT D-400 FRAME & COVER(THOMAS DUDLEY)'),
(456, 1, 1, 1, 'Products', '', '2019-03-11 13:53:09', '2019-03-11 13:53:09', NULL, NULL, 0, 1, 0, 0, 'IMPORT', '600X600 B-125 FRAME & COVER(THOMAS DUDLEY)'),
(457, 1, 1, 1, 'Products', '', '2019-03-11 13:53:09', '2019-03-11 13:53:09', NULL, NULL, 0, 1, 0, 0, 'IMPORT', '1500X750 DT D-400 FRAME & COVER(TELECOM SSD)'),
(458, 1, 1, 1, 'Products', '', '2019-03-11 13:53:09', '2019-03-11 13:53:09', NULL, NULL, 0, 1, 0, 0, 'IMPORT', '1500X750 DT D-400 FRAME & COVER(FIRE WATER)'),
(459, 1, 1, 1, 'Products', '', '2019-03-11 13:53:10', '2019-03-11 13:53:10', NULL, NULL, 0, 1, 0, 0, 'IMPORT', '800X800 F-900 FRAME & COVER(IRRIGATION)'),
(460, 1, 1, 1, 'Products', '', '2019-03-11 13:53:10', '2019-03-11 13:53:10', NULL, NULL, 0, 1, 0, 0, 'IMPORT', '675X675X100 DT D-400 FRAME & COVER(THOMAS DUDLEY)'),
(461, 1, 1, 1, 'Products', '', '2019-03-11 13:53:10', '2019-03-11 13:53:10', NULL, NULL, 0, 1, 0, 0, 'IMPORT', '600X600 DS B-125 FRAME & COVER'),
(462, 1, 1, 1, 'Products', '', '2019-03-11 13:53:10', '2019-03-11 13:53:10', NULL, NULL, 0, 1, 0, 0, 'IMPORT', 'CD 701 AHKMD FRAME & COVER'),
(463, 1, 1, 1, 'Products', '', '2019-03-11 13:53:10', '2019-03-11 13:53:10', NULL, NULL, 0, 1, 0, 0, 'IMPORT', 'JRC-14 QNBN/CRA FRM. & COV.'),
(464, 1, 1, 1, 'Products', '', '2019-03-11 13:53:10', '2019-03-11 13:53:10', NULL, NULL, 0, 1, 0, 0, 'IMPORT', '750X750 D/T D-400 FRAME & COVER(WITHOUT GRP)_POTABLE WATER'),
(465, 1, 1, 1, 'Products', '', '2019-03-11 13:53:10', '2019-03-11 13:53:10', NULL, NULL, 0, 1, 0, 0, 'IMPORT', '600X600 DT D-400 FRAME & COVER(HB)'),
(466, 1, 1, 1, 'Products', '', '2019-03-11 13:53:10', '2019-03-11 13:53:10', NULL, NULL, 0, 1, 0, 0, 'IMPORT', '675 X 675 DT D-400 FRAME & COVER(THOMAS DUDLEY)'),
(467, 1, 1, 1, 'Products', '', '2019-03-11 13:53:10', '2019-03-11 13:53:10', NULL, NULL, 0, 1, 0, 0, 'IMPORT', '600X600 DT D-400 WITH GRP FRAME & COVER(SEWERGE)(NIF)'),
(468, 1, 1, 1, 'Products', '', '2019-03-11 13:53:10', '2019-03-11 13:53:10', NULL, NULL, 0, 1, 0, 0, 'IMPORT', '600X600 DT D-400 WITH GRP FRM & COV(SEWERGE)(NIF)'),
(469, 1, 1, 1, 'Products', '', '2019-03-11 13:53:10', '2019-03-11 13:53:10', NULL, NULL, 0, 1, 0, 0, 'IMPORT', '600 DIA SEMICIRCULAR FRAME & COVER(STORM WATER)(NIF)'),
(470, 1, 1, 1, 'Products', '', '2019-03-11 13:53:10', '2019-03-11 13:53:10', NULL, NULL, 0, 1, 0, 0, 'IMPORT', '600X600 DS D-400 FRAME & COVER(SEWERGE)(NIF)'),
(471, 1, 1, 1, 'Products', '', '2019-03-11 13:53:10', '2019-03-11 13:53:10', NULL, NULL, 0, 1, 0, 0, 'IMPORT', '600X600 DS D-400 FRM & COV(SEWERGE)(NIF)'),
(472, 1, 1, 1, 'Products', '', '2019-03-11 13:53:10', '2019-03-11 13:53:10', NULL, NULL, 0, 1, 0, 0, 'IMPORT', '890X890 D-400 FRAME & COVER(CHILLER WATER)'),
(473, 1, 1, 1, 'Products', '', '2019-03-11 13:53:10', '2019-03-11 13:53:10', NULL, NULL, 0, 1, 0, 0, 'IMPORT', '800 X 800 DS D-400 RECESSED FRAME & COVER_SIF'),
(474, 1, 1, 1, 'Products', '', '2019-03-11 13:53:10', '2019-03-11 13:53:10', NULL, NULL, 0, 1, 0, 0, 'IMPORT', '600X600 DS D-400 FRM & COV'),
(475, 1, 1, 1, 'Products', '', '2019-03-11 13:53:10', '2019-03-11 13:53:10', NULL, NULL, 0, 1, 0, 0, 'IMPORT', '600 X 600 DS D-400 FRM & COV'),
(476, 1, 1, 1, 'Products', '', '2019-03-11 13:53:10', '2019-03-11 13:53:10', NULL, NULL, 0, 1, 0, 0, 'IMPORT', '600 X 600 DS D-400 FRAME & COVER'),
(477, 1, 1, 1, 'Products', '', '2019-03-11 13:53:10', '2019-03-11 13:53:10', NULL, NULL, 0, 1, 0, 0, 'IMPORT', '450 X 450 DT D-400 FRAME & GRATE(STORM WATER)'),
(478, 1, 1, 1, 'Products', '', '2019-03-11 13:53:10', '2019-03-11 13:53:10', NULL, NULL, 0, 1, 0, 0, 'IMPORT', '300X300 DS B-125 RECESS FRAME & COVER'),
(479, 1, 1, 1, 'Products', '', '2019-03-11 13:53:10', '2019-03-11 13:53:10', NULL, NULL, 0, 1, 0, 0, 'IMPORT', '300 X 300 DS B-125 RECESS FRAME & COVER'),
(480, 1, 1, 1, 'Products', '', '2019-03-11 13:53:10', '2019-03-11 13:53:10', NULL, NULL, 0, 1, 0, 0, 'IMPORT', 'JRC-14 DT D-400 FRAME & COVER(TELECOM PUBLIC)'),
(481, 1, 1, 1, 'Products', '', '2019-03-11 13:53:10', '2019-03-11 13:53:10', NULL, NULL, 0, 1, 0, 0, 'IMPORT', 'CD 701 KMD FRAME & COVER(FW)'),
(482, 1, 1, 1, 'Products', '', '2019-03-11 13:53:10', '2019-03-11 13:53:10', NULL, NULL, 0, 1, 0, 0, 'IMPORT', 'CD 701 KMD FRAME & COVER(SW)'),
(483, 1, 1, 1, 'Products', '', '2019-03-11 13:53:10', '2019-03-11 13:53:10', NULL, NULL, 0, 1, 0, 0, 'IMPORT', '750X750 BOLTED FRAME & COVER'),
(484, 1, 1, 1, 'Products', '', '2019-03-11 13:53:10', '2019-03-11 13:53:10', NULL, NULL, 0, 1, 0, 0, 'IMPORT', '750X750 BOLTED FRM & COV'),
(485, 1, 1, 1, 'Products', '', '2019-03-11 13:53:10', '2019-03-11 13:53:10', NULL, NULL, 0, 1, 0, 0, 'IMPORT', '600X750 D-400 FRM & COV(EWA WATER BOLTED)'),
(486, 1, 1, 1, 'Products', '', '2019-03-11 13:53:10', '2019-03-11 13:53:10', NULL, NULL, 0, 1, 0, 0, 'IMPORT', '1200X750 D-400 FRAME & COVER(EWA WATER BOLTED)'),
(487, 1, 1, 1, 'Products', '', '2019-03-11 13:53:10', '2019-03-11 13:53:10', NULL, NULL, 0, 1, 0, 0, 'IMPORT', '1200X750 D-400 FRM & COV(EWA WATER BOLTED)'),
(488, 1, 1, 1, 'Products', '', '2019-03-11 13:53:10', '2019-03-11 13:53:10', NULL, NULL, 0, 1, 0, 0, 'IMPORT', '1500X750 D-400 FRAME & COVER(EWA WATER BOLTED)'),
(489, 1, 1, 1, 'Products', '', '2019-03-11 13:53:10', '2019-03-11 13:53:10', NULL, NULL, 0, 1, 0, 0, 'IMPORT', '600 DIA B-125 FRAME & COVER(THOMAS DUDLEY)'),
(490, 1, 1, 1, 'Products', '', '2019-03-11 13:53:10', '2019-03-11 13:53:10', NULL, NULL, 0, 1, 0, 0, 'IMPORT', '900 DIA D-400 FRAME & COVER(TELECOM SSD)'),
(491, 1, 1, 1, 'Products', '', '2019-03-11 13:53:10', '2019-03-11 13:53:10', NULL, NULL, 0, 1, 0, 0, 'IMPORT', '600X600 SS D-400 FRAME & COVER(FSD)'),
(492, 1, 1, 1, 'Products', '', '2019-03-11 13:53:10', '2019-03-11 13:53:10', NULL, NULL, 0, 1, 0, 0, 'IMPORT', '400X400 D-400 FRAME & COVER'),
(493, 1, 1, 1, 'Products', '', '2019-03-11 13:53:10', '2019-03-11 13:53:10', NULL, NULL, 0, 1, 0, 0, 'IMPORT', '675 DIA D-400 SQ FRAME & COVER(STORM WATER)'),
(494, 1, 1, 1, 'Products', '', '2019-03-11 13:53:10', '2019-03-11 13:53:10', NULL, NULL, 0, 1, 0, 0, 'IMPORT', '1500X750 D-400 FRAME & COVER(TELECOM SSD)'),
(495, 1, 1, 1, 'Products', '', '2019-03-11 13:53:10', '2019-03-11 13:53:10', NULL, NULL, 0, 1, 0, 0, 'IMPORT', '300X300 SS D-400 FRAME & COVER'),
(496, 1, 1, 1, 'Products', '', '2019-03-11 13:53:10', '2019-03-11 13:53:10', NULL, NULL, 0, 1, 0, 0, 'IMPORT', '1220X675X100 DT D-400 FRAME & COVER(THOMAS DUDLEY)'),
(497, 1, 1, 1, 'Products', '', '2019-03-11 13:53:10', '2019-03-11 13:53:10', NULL, NULL, 0, 1, 0, 0, 'IMPORT', '750X600X100 DT D-400 FRAME & COVER(THOMAS DUDLEY)'),
(498, 1, 1, 1, 'Products', '', '2019-03-11 13:53:10', '2019-03-11 13:53:10', NULL, NULL, 0, 1, 0, 0, 'IMPORT', '900X600X100 DT D-400 FRAME & COVER(THOMAS DUDLEY)'),
(499, 1, 1, 1, 'Products', '', '2019-03-11 13:53:10', '2019-03-11 13:53:10', NULL, NULL, 0, 1, 0, 0, 'IMPORT', '1200X1200 DT D-400 FRAME & COVER(THOMAS DUDLEY)'),
(500, 1, 1, 1, 'Products', '', '2019-03-11 13:53:10', '2019-03-11 13:53:10', NULL, NULL, 0, 1, 0, 0, 'IMPORT', '750X750X100 DT D-400 FRAME & COVER(THOMAS DUDLEY)'),
(501, 1, 1, 1, 'Products', '', '2019-03-11 13:53:10', '2019-03-11 13:53:10', NULL, NULL, 0, 1, 0, 0, 'IMPORT', '750 X 600 X 100 DT D-400 FRAME & COVER(THOMAS DUDLEY)'),
(502, 1, 1, 1, 'Products', '', '2019-03-11 13:53:10', '2019-03-11 13:53:10', NULL, NULL, 0, 1, 0, 0, 'IMPORT', '1000X1000 B-125 FRAME & COVER(DRWA)_CARAT'),
(503, 1, 1, 1, 'Products', '', '2019-03-11 13:53:10', '2019-03-11 13:53:10', NULL, NULL, 0, 1, 0, 0, 'IMPORT', '1100X1100 C-250 FRAME & COVER(DRWA)_CARAT'),
(504, 1, 1, 1, 'Products', '', '2019-03-11 13:53:10', '2019-03-11 13:53:10', NULL, NULL, 0, 1, 0, 0, 'IMPORT', '400X400 D-400 FRAME & COVER(DRWA)_CARAT'),
(505, 1, 1, 1, 'Products', '', '2019-03-11 13:53:11', '2019-03-11 13:53:11', NULL, NULL, 0, 1, 0, 0, 'IMPORT', '500X500 D-400 FRAME & COVER(DRWA)_CARAT'),
(506, 1, 1, 1, 'Products', '', '2019-03-11 13:53:11', '2019-03-11 13:53:11', NULL, NULL, 0, 1, 0, 0, 'IMPORT', '600X600 D-400 FRAME & COVER(DRWA)_CARAT'),
(507, 1, 1, 1, 'Products', '', '2019-03-11 13:53:11', '2019-03-11 13:53:11', NULL, NULL, 0, 1, 0, 0, 'IMPORT', '800X800 D-400 FRAME & COVER(DRWA)_CARAT'),
(508, 1, 1, 1, 'Products', '', '2019-03-11 13:53:11', '2019-03-11 13:53:11', NULL, NULL, 0, 1, 0, 0, 'IMPORT', '1000X1000 D-400 FRAME & COVER(DRWA)_CARAT'),
(509, 1, 1, 1, 'Products', '', '2019-03-11 13:53:11', '2019-03-11 13:53:11', NULL, NULL, 0, 1, 0, 0, 'IMPORT', '1100X1100 D-400 FRAME & COVER(DRWA)_CARAT'),
(510, 1, 1, 1, 'Products', '', '2019-03-11 13:53:11', '2019-03-11 13:53:11', NULL, NULL, 0, 1, 0, 0, 'IMPORT', '600X600 DS D-400 FRAME & COVER(FIRE FIGHTING)'),
(511, 1, 1, 1, 'Products', '', '2019-03-11 13:53:11', '2019-03-11 13:53:11', NULL, NULL, 0, 1, 0, 0, 'IMPORT', '600 X 600 DS D-400 FRAME & COVER(FIRE FIGHTING)'),
(512, 1, 1, 1, 'Products', '', '2019-03-11 13:53:11', '2019-03-11 13:53:11', NULL, NULL, 0, 1, 0, 0, 'IMPORT', '600X600 DS B-125 FRAME & COVER(ADDC WATER)'),
(513, 1, 1, 1, 'Products', '', '2019-03-11 13:53:11', '2019-03-11 13:53:11', NULL, NULL, 0, 1, 0, 0, 'IMPORT', '532X405 KERB GULLY FRAME & COVER(AMANAH)'),
(514, 1, 1, 1, 'Products', '', '2019-03-11 13:53:11', '2019-03-11 13:53:11', NULL, NULL, 0, 1, 0, 0, 'IMPORT', '532 X 405 KERB GULLY FRAME & COVER(AMANAH)'),
(515, 1, 1, 1, 'Products', '', '2019-03-11 13:53:11', '2019-03-11 13:53:11', NULL, NULL, 0, 1, 0, 0, 'IMPORT', '600x600 DS C-250 RECESS FRAME & COVER(AMANAH)_PAM'),
(516, 1, 1, 1, 'Products', '', '2019-03-11 13:53:11', '2019-03-11 13:53:11', NULL, NULL, 0, 1, 0, 0, 'IMPORT', '600 x 600 DS C-250 RECESS FRAME & COVER(AMANAH)_PAM'),
(517, 1, 1, 1, 'Products', '', '2019-03-11 13:53:11', '2019-03-11 13:53:11', NULL, NULL, 0, 1, 0, 0, 'IMPORT', '1500X750 DT D-400 FRAME & COVER(TELECOM NPP)'),
(518, 1, 1, 1, 'Products', '', '2019-03-11 13:53:11', '2019-03-11 13:53:11', NULL, NULL, 0, 1, 0, 0, 'IMPORT', '1500X750 D-400 FRAME & COVER(TELECOM PUBLIC)'),
(519, 1, 1, 1, 'Products', '', '2019-03-11 13:53:11', '2019-03-11 13:53:11', NULL, NULL, 0, 1, 0, 0, 'IMPORT', '1500X750 D-400 FRM & COV(TELECOM PUBLIC)'),
(520, 1, 1, 1, 'Products', '', '2019-03-11 13:53:11', '2019-03-11 13:53:11', NULL, NULL, 0, 1, 0, 0, 'IMPORT', '600X600 DT D-400 ITS ARROW COVER & FRAME'),
(521, 1, 1, 1, 'Products', '', '2019-03-11 13:53:11', '2019-03-11 13:53:11', NULL, NULL, 0, 1, 0, 0, 'IMPORT', '600X600 DT D-400 ITS ARROW COV & FRM'),
(522, 1, 1, 1, 'Products', '', '2019-03-11 13:53:11', '2019-03-11 13:53:11', NULL, NULL, 0, 1, 0, 0, 'IMPORT', 'CD 1659 HKMD FRAME & COVER'),
(523, 1, 1, 1, 'Products', '', '2019-03-11 13:53:11', '2019-03-11 13:53:11', NULL, NULL, 0, 1, 0, 0, 'IMPORT', '600X600 SS B-125 FRAME & COVER(TRAFFIC SIGNAL)'),
(524, 1, 1, 1, 'Products', '', '2019-03-11 13:53:11', '2019-03-11 13:53:11', NULL, NULL, 0, 1, 0, 0, 'IMPORT', '600X600 SS B-125 FRM & COV(TRAFFIC SIGNAL)'),
(525, 1, 1, 1, 'Products', '', '2019-03-11 13:53:11', '2019-03-11 13:53:11', NULL, NULL, 0, 1, 0, 0, 'IMPORT', '1500X750 DT D-400 FRM & COV(TELECOM SSD)'),
(526, 1, 1, 1, 'Products', '', '2019-03-11 13:53:11', '2019-03-11 13:53:11', NULL, NULL, 0, 1, 0, 0, 'IMPORT', '675X675 DT D-400 SWD FRAME & COVER'),
(527, 1, 1, 1, 'Products', '', '2019-03-11 13:53:11', '2019-03-11 13:53:11', NULL, NULL, 0, 1, 0, 0, 'IMPORT', '675 X 675 DT D-400 SWD FRAME & COVER'),
(528, 1, 1, 1, 'Products', '', '2019-03-11 13:53:11', '2019-03-11 13:53:11', NULL, NULL, 0, 1, 0, 0, 'IMPORT', '890X890 D-400 FSD FRAME & COVER'),
(529, 1, 1, 1, 'Products', '', '2019-03-11 13:53:11', '2019-03-11 13:53:11', NULL, NULL, 0, 1, 0, 0, 'IMPORT', '1000X750 D-400 BOLTED FRAME & COVER'),
(530, 1, 1, 1, 'Products', '', '2019-03-11 13:53:11', '2019-03-11 13:53:11', NULL, NULL, 0, 1, 0, 0, 'IMPORT', '600X600 DS B-125 FRAME & COVER(TRAFFIC SIGNAL)'),
(531, 1, 1, 1, 'Products', '', '2019-03-11 13:53:11', '2019-03-11 13:53:11', NULL, NULL, 0, 1, 0, 0, 'IMPORT', '600 DIA CLASS B FRM & COV(SEWER)'),
(532, 1, 1, 1, 'Products', '', '2019-03-11 13:53:11', '2019-03-11 13:53:11', NULL, NULL, 0, 1, 0, 0, 'IMPORT', '600X600 DS D-400 RECESSED FRAME & COVER(CLARK DRAIN)'),
(533, 1, 1, 1, 'Products', '', '2019-03-11 13:53:11', '2019-03-11 13:53:11', NULL, NULL, 0, 1, 0, 0, 'IMPORT', '900 DIA FRAME & COVER(TELECOM NPP)'),
(534, 1, 1, 1, 'Products', '', '2019-03-11 13:53:11', '2019-03-11 13:53:11', NULL, NULL, 0, 1, 0, 0, 'IMPORT', '900 DIA FRM & COV(TELECOM NPP)'),
(535, 1, 1, 1, 'Products', '', '2019-03-11 13:53:11', '2019-03-11 13:53:11', NULL, NULL, 0, 1, 0, 0, 'IMPORT', 'CD 1659 KMD FRAME & COVER(2015)'),
(536, 1, 1, 1, 'Products', '', '2019-03-11 13:56:59', '2019-03-11 13:56:59', NULL, NULL, 0, 1, 0, 0, 'IMPORT', '600X600 CLASS D SOLID TOP FRAME & COVER(WED LOCK)'),
(537, 1, 1, 1, 'Products', '', '2019-03-11 13:56:59', '2019-03-11 13:56:59', NULL, NULL, 0, 1, 0, 0, 'IMPORT', '800 X 800 DS D-400 RECESSED FRAME & COVER_AMANAH'),
(538, 1, 1, 1, 'Products', '', '2019-03-11 13:56:59', '2019-03-11 13:56:59', NULL, NULL, 0, 1, 0, 0, 'IMPORT', 'CD 701 KMD FRAME & COVER(2015)'),
(539, 1, 1, 1, 'Products', '', '2019-03-11 13:56:59', '2019-03-11 13:56:59', NULL, NULL, 0, 1, 0, 0, 'IMPORT', '900X900 D-400 RECESSED FRAME & COVER'),
(540, 1, 1, 1, 'Products', '', '2019-03-11 13:56:59', '2019-03-11 13:56:59', NULL, NULL, 0, 1, 0, 0, 'IMPORT', '900X900 B-125 FRAME & COVER(AMANAH)'),
(541, 1, 1, 1, 'Products', '', '2019-03-11 13:56:59', '2019-03-11 13:56:59', NULL, NULL, 0, 1, 0, 0, 'IMPORT', '900 X 900 B-125 DRWA FRAME & COVER'),
(542, 1, 1, 1, 'Products', '', '2019-03-11 13:56:59', '2019-03-11 13:56:59', NULL, NULL, 0, 1, 0, 0, 'IMPORT', '600x600x150 DT D-400 FRAME & COVER(THOMAS DUDLEY)'),
(543, 1, 1, 1, 'Products', '', '2019-03-11 13:56:59', '2019-03-11 13:56:59', NULL, NULL, 0, 1, 0, 0, 'IMPORT', '532X405 FRAME & COVER(MBBM)'),
(544, 1, 1, 1, 'Products', '', '2019-03-11 13:57:00', '2019-03-11 13:57:00', NULL, NULL, 0, 1, 0, 0, 'IMPORT', '1000X1000 DT D-400 FRAME & COVER(KAHARMA ELECTRICITY)'),
(545, 1, 1, 1, 'Products', '', '2019-03-11 13:57:00', '2019-03-11 13:57:00', NULL, NULL, 0, 1, 0, 0, 'IMPORT', '1000X1000 DT D-400 FRM & COV(KAHARMA ELECTRICITY)'),
(546, 1, 1, 1, 'Products', '', '2019-03-11 13:57:00', '2019-03-11 13:57:00', NULL, NULL, 0, 1, 0, 0, 'IMPORT', 'JRC-14 QNBN FRAME & COVER'),
(547, 1, 1, 1, 'Products', '', '2019-03-11 13:57:00', '2019-03-11 13:57:00', NULL, NULL, 0, 1, 0, 0, 'IMPORT', 'JRC-14 QNBN FRM & COV'),
(548, 1, 1, 1, 'Products', '', '2019-03-11 13:57:00', '2019-03-11 13:57:00', NULL, NULL, 0, 1, 0, 0, 'IMPORT', '1000X1000 D-400 DRWA FRAME & COVER(TUV)'),
(549, 1, 1, 1, 'Products', '', '2019-03-11 13:57:00', '2019-03-11 13:57:00', NULL, NULL, 0, 1, 0, 0, 'IMPORT', '1100X1100 D-400 DRWA FRAME & COVER(TUV)'),
(550, 1, 1, 1, 'Products', '', '2019-03-11 13:57:00', '2019-03-11 13:57:00', NULL, NULL, 0, 1, 0, 0, 'IMPORT', '600 DIA D-400 SEMICIRCULAR FRAME & COVER(MBBM)(STORM WATER)'),
(551, 1, 1, 1, 'Products', '', '2019-03-11 13:57:00', '2019-03-11 13:57:00', NULL, NULL, 0, 1, 0, 0, 'IMPORT', '600X600 DT D-400 FRAME & COVER(MBBM)'),
(552, 1, 1, 1, 'Products', '', '2019-03-11 13:57:00', '2019-03-11 13:57:00', NULL, NULL, 0, 1, 0, 0, 'IMPORT', '600X600 DT D-400 FRM & COV(THOMAS DUDLEY)'),
(553, 1, 1, 1, 'Products', '', '2019-03-11 13:57:00', '2019-03-11 13:57:00', NULL, NULL, 0, 1, 0, 0, 'IMPORT', '600X600 DT D-400 FRM & COV(THOMAS DUDLEY)(MHC LTD)'),
(554, 1, 1, 1, 'Products', '', '2019-03-11 13:57:00', '2019-03-11 13:57:00', NULL, NULL, 0, 1, 0, 0, 'IMPORT', '1000X1000X100 DT D-400 FRAME & COVER(THOMAS DUDLEY)'),
(555, 1, 1, 1, 'Products', '', '2019-03-11 13:57:00', '2019-03-11 13:57:00', NULL, NULL, 0, 1, 0, 0, 'IMPORT', '675X675X150 DT D-400 FRAME & COVER(THOMAS DUDLEY)'),
(556, 1, 1, 1, 'Products', '', '2019-03-11 13:57:00', '2019-03-11 13:57:00', NULL, NULL, 0, 1, 0, 0, 'IMPORT', 'CD 1659 KMD FRAME & COVER(2015)(FW)'),
(557, 1, 1, 1, 'Products', '', '2019-03-11 13:57:00', '2019-03-11 13:57:00', NULL, NULL, 0, 1, 0, 0, 'IMPORT', '900X900 F-900 FRAME & COVER(POTABLE WATER)'),
(558, 1, 1, 1, 'Products', '', '2019-03-11 13:57:00', '2019-03-11 13:57:00', NULL, NULL, 0, 1, 0, 0, 'IMPORT', '800X800 F-900 FRAME & COVER(ELECTRICAL)'),
(559, 1, 1, 1, 'Products', '', '2019-03-11 13:57:00', '2019-03-11 13:57:00', NULL, NULL, 0, 1, 0, 0, 'IMPORT', '367 DIA CLASS B FRAME & COVER(WELDLOCK)'),
(560, 1, 1, 1, 'Products', '', '2019-03-11 13:57:00', '2019-03-11 13:57:00', NULL, NULL, 0, 1, 0, 0, 'IMPORT', '450X450 CLASS B SOLID TOP FRAME & COVER(WELDLOCK)'),
(561, 1, 1, 1, 'Products', '', '2019-03-11 13:57:00', '2019-03-11 13:57:00', NULL, NULL, 0, 1, 0, 0, 'IMPORT', '450X450 CLASS B SOLID TOP FRM. & COV.(WELDLOCK)'),
(562, 1, 1, 1, 'Products', '', '2019-03-11 13:57:00', '2019-03-11 13:57:00', NULL, NULL, 0, 1, 0, 0, 'IMPORT', '600X600 SS D-400 FRAME & COVER(POTABLE WATER)'),
(563, 1, 1, 1, 'Products', '', '2019-03-11 13:57:00', '2019-03-11 13:57:00', NULL, NULL, 0, 1, 0, 0, 'IMPORT', '600X600 CLASS B SOLID TOP FRAME & COVER(WELDLOCK)'),
(564, 1, 1, 1, 'Products', '', '2019-03-11 13:57:00', '2019-03-11 13:57:00', NULL, NULL, 0, 1, 0, 0, 'IMPORT', '1100X1100 D-400 FRAME & COVER(CAPA)'),
(565, 1, 1, 1, 'Products', '', '2019-03-11 13:57:00', '2019-03-11 13:57:00', NULL, NULL, 0, 1, 0, 0, 'IMPORT', '1100X1100 D-400 FRM. & COV.(CAPA)'),
(566, 1, 1, 1, 'Products', '', '2019-03-11 13:57:00', '2019-03-11 13:57:00', NULL, NULL, 0, 1, 0, 0, 'IMPORT', '800X800 D-400 FRAME & COVER(CAPA)'),
(567, 1, 1, 1, 'Products', '', '2019-03-11 13:57:00', '2019-03-11 13:57:00', NULL, NULL, 0, 1, 0, 0, 'IMPORT', 'CD 1659 AKMD FRM. & COV.'),
(568, 1, 1, 1, 'Products', '', '2019-03-11 13:57:00', '2019-03-11 13:57:00', NULL, NULL, 0, 1, 0, 0, 'IMPORT', '750X600 D-400 SWD FRM & COV'),
(569, 1, 1, 1, 'Products', '', '2019-03-11 13:57:00', '2019-03-11 13:57:00', NULL, NULL, 0, 1, 0, 0, 'IMPORT', '700X700 B-125 CAPA FRAME & COVER'),
(570, 1, 1, 1, 'Products', '', '2019-03-11 13:57:00', '2019-03-11 13:57:00', NULL, NULL, 0, 1, 0, 0, 'IMPORT', '800X405 D-400 KERB GULLY FRM & COV'),
(571, 1, 1, 1, 'Products', '', '2019-03-11 13:57:00', '2019-03-11 13:57:00', NULL, NULL, 0, 1, 0, 0, 'IMPORT', '900X900 F-900 FRM & COV(POTABLE WATER)'),
(572, 1, 1, 1, 'Products', '', '2019-03-11 13:57:00', '2019-03-11 13:57:00', NULL, NULL, 0, 1, 0, 0, 'IMPORT', '675 DIA D-400 SQ FRM & COV(STORM WATER)'),
(573, 1, 1, 1, 'Products', '', '2019-03-11 13:57:00', '2019-03-11 13:57:00', NULL, NULL, 0, 1, 0, 0, 'IMPORT', '600X600 SS D-400 FRAME & COVER(FIRE WATER)'),
(574, 1, 1, 1, 'Products', '', '2019-03-11 13:57:00', '2019-03-11 13:57:00', NULL, NULL, 0, 1, 0, 0, 'IMPORT', '600X600 F-900 FRAME & COVER(ELECTRICAL)'),
(575, 1, 1, 1, 'Products', '', '2019-03-11 13:57:00', '2019-03-11 13:57:00', NULL, NULL, 0, 1, 0, 0, 'IMPORT', '600X600 F-900 SSD FRAME & COVER'),
(576, 1, 1, 1, 'Products', '', '2019-03-11 13:57:00', '2019-03-11 13:57:00', NULL, NULL, 0, 1, 0, 0, 'IMPORT', '600X600 F-900 SSD FRM & COV'),
(577, 1, 1, 1, 'Products', '', '2019-03-11 13:57:00', '2019-03-11 13:57:00', NULL, NULL, 0, 1, 0, 0, 'IMPORT', '1220X675X150 DT D-400 FRAMR & COVER(THOMAS DUDLEY)'),
(578, 1, 1, 1, 'Products', '', '2019-03-11 13:57:00', '2019-03-11 13:57:00', NULL, NULL, 0, 1, 0, 0, 'IMPORT', 'MC 119 D-400 FRAME & COVER'),
(579, 1, 1, 1, 'Products', '', '2019-03-11 13:57:00', '2019-03-11 13:57:00', NULL, NULL, 0, 1, 0, 0, 'IMPORT', '500 DIA D-400 FRM & COV-SGPS'),
(580, 1, 1, 1, 'Products', '', '2019-03-11 13:57:00', '2019-03-11 13:57:00', NULL, NULL, 0, 1, 0, 0, 'IMPORT', '180 DIA D-400 FRAME & COVER-SGPS'),
(581, 1, 1, 1, 'Products', '', '2019-03-11 13:57:00', '2019-03-11 13:57:00', NULL, NULL, 0, 1, 0, 0, 'IMPORT', 'BENITO TH-40 FRAME & COVER'),
(582, 1, 1, 1, 'Products', '', '2019-03-11 13:57:00', '2019-03-11 13:57:00', NULL, NULL, 0, 1, 0, 0, 'IMPORT', 'BENITO TH-40 FRM & COV'),
(583, 1, 1, 1, 'Products', '', '2019-03-11 13:57:00', '2019-03-11 13:57:00', NULL, NULL, 0, 1, 0, 0, 'IMPORT', '1000X1000 DT D-400 FRAME & COVER-TSE'),
(584, 1, 1, 1, 'Products', '', '2019-03-11 13:57:00', '2019-03-11 13:57:00', NULL, NULL, 0, 1, 0, 0, 'IMPORT', '450X450 B-125 GNE FRAME & COVER'),
(585, 1, 1, 1, 'Products', '', '2019-03-11 13:57:00', '2019-03-11 13:57:00', NULL, NULL, 0, 1, 0, 0, 'IMPORT', '450X450 B-125 GNE FRM & COV'),
(586, 1, 1, 1, 'Products', '', '2019-03-11 13:57:00', '2019-03-11 13:57:00', NULL, NULL, 0, 1, 0, 0, 'IMPORT', '350X350 B-125 GNE FRAME & COVER'),
(587, 1, 1, 1, 'Products', '', '2019-03-11 13:57:00', '2019-03-11 13:57:00', NULL, NULL, 0, 1, 0, 0, 'IMPORT', '700X700 B-125 CAPA FRAME & COVER(SANEMANTO)'),
(588, 1, 1, 1, 'Products', '', '2019-03-11 13:57:01', '2019-03-11 13:57:01', NULL, NULL, 0, 1, 0, 0, 'IMPORT', '700X700 B-125 CAPA FRM & COV(SANEMANTO)'),
(589, 1, 1, 1, 'Products', '', '2019-03-11 13:57:01', '2019-03-11 13:57:01', NULL, NULL, 0, 1, 0, 0, 'IMPORT', '600 DIA D-400 FRAME & COVER(KANUS)'),
(590, 1, 1, 1, 'Products', '', '2019-03-11 13:57:01', '2019-03-11 13:57:01', NULL, NULL, 0, 1, 0, 0, 'IMPORT', '532X405X205 KERB GULLY FRM & COV'),
(591, 1, 1, 1, 'Products', '', '2019-03-11 13:57:01', '2019-03-11 13:57:01', NULL, NULL, 0, 1, 0, 0, 'IMPORT', '600X800 D-400 OTE FRAME & COVER'),
(592, 1, 1, 1, 'Products', '', '2019-03-11 13:57:01', '2019-03-11 13:57:01', NULL, NULL, 0, 1, 0, 0, 'IMPORT', '1000X1000 DT D-400 FRAME & COVER(KAHARMA OPTICAL FIBRE)'),
(593, 1, 1, 1, 'Products', '', '2019-03-11 13:57:01', '2019-03-11 13:57:01', NULL, NULL, 0, 1, 0, 0, 'IMPORT', '450X450 CLASS D 210 KN SOLID TOP FRM & COV'),
(594, 1, 1, 1, 'Products', '', '2019-03-11 13:57:01', '2019-03-11 13:57:01', NULL, NULL, 0, 1, 0, 0, 'IMPORT', '600X600 CLASS D 210 KN SOLID TOP FRM & COV'),
(595, 1, 1, 1, 'Products', '', '2019-03-11 13:57:01', '2019-03-11 13:57:01', NULL, NULL, 0, 1, 0, 0, 'IMPORT', '450X450 CLASS B 80 KN SOLID TOP FRAME & COVER'),
(596, 1, 1, 1, 'Products', '', '2019-03-11 13:57:01', '2019-03-11 13:57:01', NULL, NULL, 0, 1, 0, 0, 'IMPORT', '600X600 CLASS B 80 KN SOLID TOP FRAME & COVER'),
(597, 1, 1, 1, 'Products', '', '2019-03-11 13:57:01', '2019-03-11 13:57:01', NULL, NULL, 0, 1, 0, 0, 'IMPORT', '900X600 CLASS D SOLID TOP FRAME & COVER'),
(598, 1, 1, 1, 'Products', '', '2019-03-11 13:57:01', '2019-03-11 13:57:01', NULL, NULL, 0, 1, 0, 0, 'IMPORT', '600X600 SS D-400 WITH GRP FRM & COV(AMANAH)(PAM)'),
(599, 1, 1, 1, 'Products', '', '2019-03-11 13:57:01', '2019-03-11 13:57:01', NULL, NULL, 0, 1, 0, 0, 'IMPORT', '600 X 600 SS D-400 WITH GRP FRM & COV(AMANAH)(PAM)'),
(600, 1, 1, 1, 'Products', '', '2019-03-11 13:57:01', '2019-03-11 13:57:01', NULL, NULL, 0, 1, 0, 0, 'IMPORT', '300X300 DS D-400 RECESS FRAME &  COVER(AMANAH)(PAM)'),
(601, 1, 1, 1, 'Products', '', '2019-03-11 13:57:01', '2019-03-11 13:57:01', NULL, NULL, 0, 1, 0, 0, 'IMPORT', '600 DIA DS RECESS CIRCULAR FRAME & COVER(AMANAH)'),
(602, 1, 1, 1, 'Products', '', '2019-03-11 13:57:01', '2019-03-11 13:57:01', NULL, NULL, 0, 1, 0, 0, 'IMPORT', '600 DIA DS RECESS CIRCULAR FRM & COV(AMANAH)'),
(603, 1, 1, 1, 'Products', '', '2019-03-11 13:57:01', '2019-03-11 13:57:01', NULL, NULL, 0, 1, 0, 0, 'IMPORT', '300X300 DS D-400 SOLID TOP FRAME & COVER(AMANAH)(PAM)'),
(604, 1, 1, 1, 'Products', '', '2019-03-11 13:57:01', '2019-03-11 13:57:01', NULL, NULL, 0, 1, 0, 0, 'IMPORT', '800X800 DT D-400 FRAME & COVER(AMANAH)'),
(605, 1, 1, 1, 'Products', '', '2019-03-11 13:57:01', '2019-03-11 13:57:01', NULL, NULL, 0, 1, 0, 0, 'IMPORT', '750 DIA SS C-250 FRAME & COVER(SAXON)(IRRIGATION)'),
(606, 1, 1, 1, 'Products', '', '2019-03-11 13:57:01', '2019-03-11 13:57:01', NULL, NULL, 0, 1, 0, 0, 'IMPORT', '750 DIA SS C-250 FRM & COV(SAXON)(IRRIGATION)'),
(607, 1, 1, 1, 'Products', '', '2019-03-11 13:57:01', '2019-03-11 13:57:01', NULL, NULL, 0, 1, 0, 0, 'IMPORT', 'CD 701 KMD FRM & COV'),
(608, 1, 1, 1, 'Products', '', '2019-03-11 13:57:01', '2019-03-11 13:57:01', NULL, NULL, 0, 1, 0, 0, 'IMPORT', '600X600 SS D-400 FRAME & COVER(TS)'),
(609, 1, 1, 1, 'Products', '', '2019-03-11 13:57:01', '2019-03-11 13:57:01', NULL, NULL, 0, 1, 0, 0, 'IMPORT', '600X600 SS D-400 FRM & COV(TS)'),
(610, 1, 1, 1, 'Products', '', '2019-03-11 13:57:01', '2019-03-11 13:57:01', NULL, NULL, 0, 1, 0, 0, 'IMPORT', '300X300 DS B-125 FRM & COV(TS)'),
(611, 1, 1, 1, 'Products', '', '2019-03-11 13:57:01', '2019-03-11 13:57:01', NULL, NULL, 0, 1, 0, 0, 'IMPORT', '700X700 B-125 CAPA FRAME & COVER(ELETRICIDADE)'),
(612, 1, 1, 1, 'Products', '', '2019-03-11 13:57:02', '2019-03-11 13:57:02', NULL, NULL, 0, 1, 0, 0, 'IMPORT', '700X700 B-125 CAPA FRM & COV(ELETRICIDADE)'),
(613, 1, 1, 1, 'Products', '', '2019-03-11 13:57:02', '2019-03-11 13:57:02', NULL, NULL, 0, 1, 0, 0, 'IMPORT', '700X700 B-125 CAPA FRAME & COVER(AGUAS PLUVIAIS)'),
(614, 1, 1, 1, 'Products', '', '2019-03-11 13:57:02', '2019-03-11 13:57:02', NULL, NULL, 0, 1, 0, 0, 'IMPORT', '700X700 B-125 CAPA FRM & COV(AGUAS PLUVIAIS)'),
(615, 1, 1, 1, 'Products', '', '2019-03-11 13:57:02', '2019-03-11 13:57:02', NULL, NULL, 0, 1, 0, 0, 'IMPORT', '180 DIA D-400 FRM & COV_SGPS'),
(616, 1, 1, 1, 'Products', '', '2019-03-11 13:57:02', '2019-03-11 13:57:02', NULL, NULL, 0, 1, 0, 0, 'IMPORT', 'JRC-12 QNBN/CRA FRM & COV'),
(617, 1, 1, 1, 'Products', '', '2019-03-11 13:57:02', '2019-03-11 13:57:02', NULL, NULL, 0, 1, 0, 0, 'IMPORT', '450X450 DS D-400 FRM & COV(STREET LIGHT)'),
(618, 1, 1, 1, 'Products', '', '2019-03-11 13:57:02', '2019-03-11 13:57:02', NULL, NULL, 0, 1, 0, 0, 'IMPORT', '450X450 DS D-400 FRAME & COVER(STREET LIGHT)'),
(619, 1, 1, 1, 'Products', '', '2019-03-11 13:57:02', '2019-03-11 13:57:02', NULL, NULL, 0, 1, 0, 0, 'IMPORT', 'JRC-14 QNBN FRAME & COVER_HSD'),
(620, 1, 1, 1, 'Products', '', '2019-03-11 13:57:02', '2019-03-11 13:57:02', NULL, NULL, 0, 1, 0, 0, 'IMPORT', 'JRC-12 QNBN FRAME & COVER_HSD'),
(621, 1, 1, 1, 'Products', '', '2019-03-11 13:57:02', '2019-03-11 13:57:02', NULL, NULL, 0, 1, 0, 0, 'IMPORT', '1000X1000 DT D-400 FRAME & COVER(IRRIGATION MBBM)'),
(622, 1, 1, 1, 'Products', '', '2019-03-11 13:57:02', '2019-03-11 13:57:02', NULL, NULL, 0, 1, 0, 0, 'IMPORT', '750X750 D/T D-400 FRAME & COVER(WITHOUT GRP)(IRRIGATION MBBM)'),
(623, 1, 1, 1, 'Products', '', '2019-03-11 13:57:02', '2019-03-11 13:57:02', NULL, NULL, 0, 1, 0, 0, 'IMPORT', '900X600 D-400 FRAME & COVER(IRRIGATION MBBM)'),
(624, 1, 1, 1, 'Products', '', '2019-03-11 13:57:02', '2019-03-11 13:57:02', NULL, NULL, 0, 1, 0, 0, 'IMPORT', '900X600 D-400 FRM & COV(IRRIGATION MBBM)'),
(625, 1, 1, 1, 'Products', '', '2019-03-11 13:57:02', '2019-03-11 13:57:02', NULL, NULL, 0, 1, 0, 0, 'IMPORT', '150X150 DT D-400 BOX & LID(IRRIGATION MBBM)'),
(626, 1, 1, 1, 'Products', '', '2019-03-11 13:57:03', '2019-03-11 13:57:03', NULL, NULL, 0, 1, 0, 0, 'IMPORT', 'JRC-12 QNBN FRAME & COVER'),
(627, 1, 1, 1, 'Products', '', '2019-03-11 13:57:03', '2019-03-11 13:57:03', NULL, NULL, 0, 1, 0, 0, 'IMPORT', '300X300 DS B-125 FRAME & COVER'),
(628, 1, 1, 1, 'Products', '', '2019-03-11 13:57:03', '2019-03-11 13:57:03', NULL, NULL, 0, 1, 0, 0, 'IMPORT', '300X300 DS B-125 FRM & COV'),
(629, 1, 1, 1, 'Products', '', '2019-03-11 13:57:03', '2019-03-11 13:57:03', NULL, NULL, 0, 1, 0, 0, 'IMPORT', 'JRC-12 QNBN FRM. & COV.'),
(630, 1, 1, 1, 'Products', '', '2019-03-11 13:57:03', '2019-03-11 13:57:03', NULL, NULL, 0, 1, 0, 0, 'IMPORT', 'JRC-14 QNBN FRM & COV_HSD'),
(631, 1, 1, 1, 'Products', '', '2019-03-11 13:57:03', '2019-03-11 13:57:03', NULL, NULL, 0, 1, 0, 0, 'IMPORT', 'JRC-12 QNBN FRM & COV_HSD'),
(632, 1, 1, 1, 'Products', '', '2019-03-11 13:57:03', '2019-03-11 13:57:03', NULL, NULL, 0, 1, 0, 0, 'IMPORT', '675 DIA D-400 ROUND FRAME & COVER(STORM WATER)'),
(633, 1, 1, 1, 'Products', '', '2019-03-11 13:57:03', '2019-03-11 13:57:03', NULL, NULL, 0, 1, 0, 0, 'IMPORT', '900 X 900 F-900 SPRING ASSIST FRAME & GRATE'),
(634, 1, 1, 1, 'Products', '', '2019-03-11 13:57:03', '2019-03-11 13:57:03', NULL, NULL, 0, 1, 0, 0, 'IMPORT', '900 X 900 F-900 SPRING ASSIST FRM. & GRT.'),
(635, 1, 1, 1, 'Products', '', '2019-03-11 13:57:03', '2019-03-11 13:57:03', NULL, NULL, 0, 1, 0, 0, 'IMPORT', '1000 X 1000 DT D-400 FRAME & COVER(PORTABLE WATER)'),
(636, 1, 1, 1, 'Products', '', '2019-03-11 13:57:03', '2019-03-11 13:57:03', NULL, NULL, 0, 1, 0, 0, 'IMPORT', '1600X1600 D-400 FRAME & COVER(FIRE WATER)'),
(637, 1, 1, 1, 'Products', '', '2019-03-11 13:57:03', '2019-03-11 13:57:03', NULL, NULL, 0, 1, 0, 0, 'IMPORT', '400X500 B-125 DZ FRAME & COVER'),
(638, 1, 1, 1, 'Products', '', '2019-03-11 13:57:03', '2019-03-11 13:57:03', NULL, NULL, 0, 1, 0, 0, 'IMPORT', '600X600 B-125 DZ FRAME & COVER'),
(639, 1, 1, 1, 'Products', '', '2019-03-11 13:57:03', '2019-03-11 13:57:03', NULL, NULL, 0, 1, 0, 0, 'IMPORT', '600 DIA B-125 DZ FRAME & COVER'),
(640, 1, 1, 1, 'Products', '', '2019-03-11 13:57:03', '2019-03-11 13:57:03', NULL, NULL, 0, 1, 0, 0, 'IMPORT', '900 X 900 C-250 DRWA FRAME & COVER'),
(641, 1, 1, 1, 'Products', '', '2019-03-11 13:57:03', '2019-03-11 13:57:03', NULL, NULL, 0, 1, 0, 0, 'IMPORT', '1100X1100 C-250 DRWA FRAME & COVER'),
(642, 1, 1, 1, 'Products', '', '2019-03-11 13:57:03', '2019-03-11 13:57:03', NULL, NULL, 0, 1, 0, 0, 'IMPORT', '1100 X 1100 C-250 DRWA FRAME & COVER'),
(643, 1, 1, 1, 'Products', '', '2019-03-11 13:57:03', '2019-03-11 13:57:03', NULL, NULL, 0, 1, 0, 0, 'IMPORT', '750X750 D/T D-400 SWD FRAME & COVER(WITH GRP)(KAHARMA)'),
(644, 1, 1, 1, 'Products', '', '2019-03-11 13:57:04', '2019-03-11 13:57:04', NULL, NULL, 0, 1, 0, 0, 'IMPORT', '750X750 D/T D-400 SWD FRM & COV(WITH GRP)(KAHARMA)'),
(645, 1, 1, 1, 'Products', '', '2019-03-11 13:57:04', '2019-03-11 13:57:04', NULL, NULL, 0, 1, 0, 0, 'IMPORT', '600X600 SS C-250 FRAME & COVER(TS)'),
(646, 1, 1, 1, 'Products', '', '2019-03-11 13:57:04', '2019-03-11 13:57:04', NULL, NULL, 0, 1, 0, 0, 'IMPORT', '675 DIA DT D-400 FSD FRAME & COVER'),
(647, 1, 1, 1, 'Products', '', '2019-03-11 13:57:04', '2019-03-11 13:57:04', NULL, NULL, 0, 1, 0, 0, 'IMPORT', '600X800 D-400 OTE FRM & COV'),
(648, 1, 1, 1, 'Products', '', '2019-03-11 13:57:04', '2019-03-11 13:57:04', NULL, NULL, 0, 1, 0, 0, 'IMPORT', '600X600 SS D-400 FRAME & COVER(HECAL)'),
(649, 1, 1, 1, 'Products', '', '2019-03-11 13:57:04', '2019-03-11 13:57:04', NULL, NULL, 0, 1, 0, 0, 'IMPORT', '750X600 D-400 SSD FRAME & COVER(CIL)'),
(650, 1, 1, 1, 'Products', '', '2019-03-11 13:57:04', '2019-03-11 13:57:04', NULL, NULL, 0, 1, 0, 0, 'IMPORT', '750X750 DT D-400 WITH GRP FRAME & COVER(CCTV)(CIL)'),
(651, 1, 1, 1, 'Products', '', '2019-03-11 13:57:04', '2019-03-11 13:57:04', NULL, NULL, 0, 1, 0, 0, 'IMPORT', '750X750 DT D-400 WITH GRP FRM. & COV.(IC)(CIL)'),
(652, 1, 1, 1, 'Products', '', '2019-03-11 13:57:04', '2019-03-11 13:57:04', NULL, NULL, 0, 1, 0, 0, 'IMPORT', '750X600 D-400 SSD FRM & COV(CIL)'),
(653, 1, 1, 1, 'Products', '', '2019-03-11 13:57:04', '2019-03-11 13:57:04', NULL, NULL, 0, 1, 0, 0, 'IMPORT', '750X750 DT D-400 WITH GRP FRM & COV(CCTV)(CIL)'),
(654, 1, 1, 1, 'Products', '', '2019-03-11 13:57:04', '2019-03-11 13:57:04', NULL, NULL, 0, 1, 0, 0, 'IMPORT', '600X600 SS B-125 FRAME & COVER(TS)(CIL)'),
(655, 1, 1, 1, 'Products', '', '2019-03-11 13:57:04', '2019-03-11 13:57:04', NULL, NULL, 0, 1, 0, 0, 'IMPORT', '750X750 DT D-400 FRAME & COVER(SV/W)'),
(656, 1, 1, 1, 'Products', '', '2019-03-11 13:57:04', '2019-03-11 13:57:04', NULL, NULL, 0, 1, 0, 0, 'IMPORT', '600X600 DT D-400 FRAME & COVER(STREET LIGHTING)(CIL)'),
(657, 1, 1, 1, 'Products', '', '2019-03-11 13:57:04', '2019-03-11 13:57:04', NULL, NULL, 0, 1, 0, 0, 'IMPORT', 'JRC-12 DT D-400 FRAME & COVER(ITS SCADA)'),
(658, 1, 1, 1, 'Products', '', '2019-03-11 13:57:04', '2019-03-11 13:57:04', NULL, NULL, 0, 1, 0, 0, 'IMPORT', '750X750 D/T D-400 FRAME & COVER-TSE(CIL)(1036LU/DC)'),
(659, 1, 1, 1, 'Products', '', '2019-03-11 13:57:04', '2019-03-11 13:57:04', NULL, NULL, 0, 1, 0, 0, 'IMPORT', '750X750 D/T D-400 FRAME & COVER-TSE(CIL)(1036LU/WO)'),
(660, 1, 1, 1, 'Products', '', '2019-03-11 13:57:04', '2019-03-11 13:57:04', NULL, NULL, 0, 1, 0, 0, 'IMPORT', '750X600 D-400 SS SSD FRAME & COVER(CIL)(1026LU)'),
(661, 1, 1, 1, 'Products', '', '2019-03-11 13:57:04', '2019-03-11 13:57:04', NULL, NULL, 0, 1, 0, 0, 'IMPORT', '750X750 D/T D-400 FRAME & COVER-TSE(CIL)(1036LU/VC)'),
(662, 1, 1, 1, 'Products', '', '2019-03-11 13:57:04', '2019-03-11 13:57:04', NULL, NULL, 0, 1, 0, 0, 'IMPORT', '750X750 D/T D-400 POTABLE WATER FRAME & COVER(CIL)(1036LU)'),
(663, 1, 1, 1, 'Products', '', '2019-03-11 13:57:04', '2019-03-11 13:57:04', NULL, NULL, 0, 1, 0, 0, 'IMPORT', '750 X 750 D/T D-400 SWD FRM & COV(WITHOUT GRP)'),
(664, 1, 1, 1, 'Products', '', '2019-03-11 13:57:04', '2019-03-11 13:57:04', NULL, NULL, 0, 1, 0, 0, 'IMPORT', 'LEO 50C FRAME & COVER'),
(665, 1, 1, 1, 'Products', '', '2019-03-11 13:57:04', '2019-03-11 13:57:04', NULL, NULL, 0, 1, 0, 0, 'IMPORT', 'LEO 30B FRAME & COVER'),
(666, 1, 1, 1, 'Products', '', '2019-03-11 13:57:04', '2019-03-11 13:57:04', NULL, NULL, 0, 1, 0, 0, 'IMPORT', 'LEO 40C FRAME & COVER'),
(667, 1, 1, 1, 'Products', '', '2019-03-11 13:57:04', '2019-03-11 13:57:04', NULL, NULL, 0, 1, 0, 0, 'IMPORT', '750X750 D/T D-400 SWD FRM & COV(WITHOUT GRP)'),
(668, 1, 1, 1, 'Products', '', '2019-03-11 13:57:04', '2019-03-11 13:57:04', NULL, NULL, 0, 1, 0, 0, 'IMPORT', '750X750 D/T D-400 FSD FRM & COV(WITH GRP)'),
(669, 1, 1, 1, 'Products', '', '2019-03-11 13:57:04', '2019-03-11 13:57:04', NULL, NULL, 0, 1, 0, 0, 'IMPORT', '750 X 750 D/T D-400 FSD FRM & COV(WITH GRP)'),
(670, 1, 1, 1, 'Products', '', '2019-03-11 13:57:04', '2019-03-11 13:57:04', NULL, NULL, 0, 1, 0, 0, 'IMPORT', '600 DIA D-400 FRM & COV(BENITO)'),
(671, 1, 1, 1, 'Products', '', '2019-03-11 13:57:04', '2019-03-11 13:57:04', NULL, NULL, 0, 1, 0, 0, 'IMPORT', '600 DIA D-400 FRM. & COV.(BENITO)'),
(672, 1, 1, 1, 'Products', '', '2019-03-11 13:57:04', '2019-03-11 13:57:04', NULL, NULL, 0, 1, 0, 0, 'IMPORT', '600 DIA D-400 FRM. & COV(BENITO)'),
(673, 1, 1, 1, 'Products', '', '2019-03-11 13:57:04', '2019-03-11 13:57:04', NULL, NULL, 0, 1, 0, 0, 'IMPORT', '300X300 DT D-400 FRAME & COVER(STREET LIGHTING)(CIL)');
INSERT INTO `vtiger_crmentity_bkp` (`crmid`, `smcreatorid`, `smownerid`, `modifiedby`, `setype`, `description`, `createdtime`, `modifiedtime`, `viewedtime`, `status`, `version`, `presence`, `deleted`, `smgroupid`, `source`, `label`) VALUES
(674, 1, 1, 1, 'Products', '', '2019-03-11 13:57:04', '2019-03-11 13:57:04', NULL, NULL, 0, 1, 0, 0, 'IMPORT', '300X300 DT D-400 FRM & COV(STREET LIGHTING)(CIL)'),
(675, 1, 1, 1, 'Products', '', '2019-03-11 13:57:04', '2019-03-11 13:57:04', NULL, NULL, 0, 1, 0, 0, 'IMPORT', '300X300 F-900 FRAME & COVER(ELECTRICAL EARTHING)'),
(676, 1, 1, 1, 'Products', '', '2019-03-11 13:57:04', '2019-03-11 13:57:04', NULL, NULL, 0, 1, 0, 0, 'IMPORT', '750X750 D/T D-400 FSD FRAME & COVER(WITH GRP)(CIL)'),
(677, 1, 1, 1, 'Products', '', '2019-03-11 13:57:04', '2019-03-11 13:57:04', NULL, NULL, 0, 1, 0, 0, 'IMPORT', '750X750 D/T D-400 FSD FRM & COV(WITH GRP)(CIL)'),
(678, 1, 1, 1, 'Products', '', '2019-03-11 13:57:04', '2019-03-11 13:57:04', NULL, NULL, 0, 1, 0, 0, 'IMPORT', '150X150 DT D-400 FRAME & COVER(SV/W)(KAHARMA)'),
(679, 1, 1, 1, 'Products', '', '2019-03-11 13:57:04', '2019-03-11 13:57:04', NULL, NULL, 0, 1, 0, 0, 'IMPORT', '150X150 DT D-400 FRAME & COVER(BV/W)(KAHARMA)'),
(680, 1, 1, 1, 'Products', '', '2019-03-11 13:57:04', '2019-03-11 13:57:04', NULL, NULL, 0, 1, 0, 0, 'IMPORT', '150X150 DT D-400 FRAME & COVER(AV/W)(KAHARMA)'),
(681, 1, 1, 1, 'Products', '', '2019-03-11 13:57:04', '2019-03-11 13:57:04', NULL, NULL, 0, 1, 0, 0, 'IMPORT', '750X750 D/T D-400 FRAME & COVER(WITHOUT GRP)(WO/W)'),
(682, 1, 1, 1, 'Products', '', '2019-03-11 13:57:04', '2019-03-11 13:57:04', NULL, NULL, 0, 1, 0, 0, 'IMPORT', '750X750 D/T D-400 FRM & COV(WITHOUT GRP)(WO/W)'),
(683, 1, 1, 1, 'Products', '', '2019-03-11 13:57:05', '2019-03-11 13:57:05', NULL, NULL, 0, 1, 0, 0, 'IMPORT', '750X750 D/T D-400 FRAME & COVER(WITHOUT GRP)(BV/W)'),
(684, 1, 1, 1, 'Products', '', '2019-03-11 13:57:05', '2019-03-11 13:57:05', NULL, NULL, 0, 1, 0, 0, 'IMPORT', '750X750 D/T D-400 FRM & COV(WITHOUT GRP)(BV/W)'),
(685, 1, 1, 1, 'Products', '', '2019-03-11 13:57:05', '2019-03-11 13:57:05', NULL, NULL, 0, 1, 0, 0, 'IMPORT', '750X750 D/T D-400 FRAME & COVER(WITHOUT GRP)(AV/W)'),
(686, 1, 1, 1, 'Products', '', '2019-03-11 13:57:05', '2019-03-11 13:57:05', NULL, NULL, 0, 1, 0, 0, 'IMPORT', '750X750 D/T D-400 FRM & COV(WITHOUT GRP)(AV/W)'),
(687, 1, 1, 1, 'Products', '', '2019-03-11 13:57:05', '2019-03-11 13:57:05', NULL, NULL, 0, 1, 0, 0, 'IMPORT', '750X750 D/T D-400 FRAME & COVER(WITHOUT GRP)(FM/W)'),
(688, 1, 1, 1, 'Products', '', '2019-03-11 13:57:05', '2019-03-11 13:57:05', NULL, NULL, 0, 1, 0, 0, 'IMPORT', '750X750 D/T D-400 FRM & COV(WITHOUT GRP)(FM/W)'),
(689, 1, 1, 1, 'Products', '', '2019-03-11 13:57:05', '2019-03-11 13:57:05', NULL, NULL, 0, 1, 0, 0, 'IMPORT', '750X750 D/T D-400 UNDER FLOOR FRAME & COVER(WITH GRP)(CIL)'),
(690, 1, 1, 1, 'Products', '', '2019-03-11 13:57:05', '2019-03-11 13:57:05', NULL, NULL, 0, 1, 0, 0, 'IMPORT', 'JRC-4 D-400 FIBRE OPTIC FRAME & COVER(CIL)'),
(691, 1, 1, 1, 'Products', '', '2019-03-11 13:57:05', '2019-03-11 13:57:05', NULL, NULL, 0, 1, 0, 0, 'IMPORT', '400X400 B-125 DZ FRAME & COVER'),
(692, 1, 1, 1, 'Products', '', '2019-03-11 13:57:05', '2019-03-11 13:57:05', NULL, NULL, 0, 1, 0, 0, 'IMPORT', '500X500 B-125 DZ FRAME & COVER'),
(693, 1, 1, 1, 'Products', '', '2019-03-11 13:57:05', '2019-03-11 13:57:05', NULL, NULL, 0, 1, 0, 0, 'IMPORT', '1000X1000 B-125 DZ FRAME & COVER'),
(694, 1, 1, 1, 'Products', '', '2019-03-11 13:57:05', '2019-03-11 13:57:05', NULL, NULL, 0, 1, 0, 0, 'IMPORT', '600X600 B-125 FRAME & COVER(HECAL)(AGARA)'),
(695, 1, 1, 1, 'Products', '', '2019-03-11 13:57:05', '2019-03-11 13:57:05', NULL, NULL, 0, 1, 0, 0, 'IMPORT', '600X600 SS D-400 FRAME & COVER(HECAL)(TAMESIS)'),
(696, 1, 1, 1, 'Products', '', '2019-03-11 13:57:05', '2019-03-11 13:57:05', NULL, NULL, 0, 1, 0, 0, 'IMPORT', '700X700 B-125 FSD FRAME & COVER(WITH GRP)(CIL)'),
(697, 1, 1, 1, 'Products', '', '2019-03-11 13:57:05', '2019-03-11 13:57:05', NULL, NULL, 0, 1, 0, 0, 'IMPORT', '700X700 B-125 SWD FRAME & COVER(WITH GRP)(CIL)'),
(698, 1, 1, 1, 'Products', '', '2019-03-11 13:57:05', '2019-03-11 13:57:05', NULL, NULL, 0, 1, 0, 0, 'IMPORT', '700X700 B-125 SWD FRM & COV(WITH GRP)(CIL)'),
(699, 1, 1, 1, 'Products', '', '2019-03-11 13:57:05', '2019-03-11 13:57:05', NULL, NULL, 0, 1, 0, 0, 'IMPORT', 'JRC-14 DT D-400 FRAME & COVER(VODAFONE)'),
(700, 1, 1, 1, 'Products', '', '2019-03-11 13:57:05', '2019-03-11 13:57:05', NULL, NULL, 0, 1, 0, 0, 'IMPORT', 'JRC-12 DT D-400 FRAME & COVER(VODAFONE)'),
(701, 1, 1, 1, 'Products', '', '2019-03-11 13:57:05', '2019-03-11 13:57:05', NULL, NULL, 0, 1, 0, 0, 'IMPORT', 'JRC-4 D-400 FIBRE OPTIC FRM & COV(CIL)'),
(702, 1, 1, 1, 'Products', '', '2019-03-11 13:57:05', '2019-03-11 13:57:05', NULL, NULL, 0, 1, 0, 0, 'IMPORT', '600X600 SS B-125 TS FRM & COV(CIL)'),
(703, 1, 1, 1, 'Products', '', '2019-03-11 13:57:05', '2019-03-11 13:57:05', NULL, NULL, 0, 1, 0, 0, 'IMPORT', '600 X 600 D-400 RECESS FRAME & COVER CIL (ELEC)1008LU'),
(704, 1, 1, 1, 'Products', '', '2019-03-11 13:57:05', '2019-03-11 13:57:05', NULL, NULL, 0, 1, 0, 0, 'IMPORT', '600X600 RECESS D-400 FRAME & COVER(CIL)(GT)(1008LU)'),
(705, 1, 1, 1, 'Products', '', '2019-03-11 13:57:05', '2019-03-11 13:57:05', NULL, NULL, 0, 1, 0, 0, 'IMPORT', '750X600 RECESS D-400 SSD FRAME & COVER CIL (1026LU)'),
(706, 1, 1, 1, 'Products', '', '2019-03-11 13:57:05', '2019-03-11 13:57:05', NULL, NULL, 0, 1, 0, 0, 'IMPORT', '675X675 RECESS D-400 FRAME & COVER-CPMH(CIL)(1042LU)'),
(707, 1, 1, 1, 'Products', '', '2019-03-11 13:57:05', '2019-03-11 13:57:05', NULL, NULL, 0, 1, 0, 0, 'IMPORT', '675 DIA D-400 ROUND FRM & COV(STORM WATER)'),
(708, 1, 1, 1, 'Products', '', '2019-03-11 13:57:05', '2019-03-11 13:57:05', NULL, NULL, 0, 1, 0, 0, 'IMPORT', '800X800 F-900 FRM & COV(HVLV)'),
(709, 1, 1, 1, 'Products', '', '2019-03-11 13:57:05', '2019-03-11 13:57:05', NULL, NULL, 0, 1, 0, 0, 'IMPORT', '300X300 F-900 FRAME & COVER(ELECTRICAL)'),
(710, 1, 1, 1, 'Products', '', '2019-03-11 13:57:05', '2019-03-11 13:57:05', NULL, NULL, 0, 1, 0, 0, 'IMPORT', '300X300 F-900 FRM & COV(ELECTRICAL)'),
(711, 1, 1, 1, 'Products', '', '2019-03-11 13:57:05', '2019-03-11 13:57:05', NULL, NULL, 0, 1, 0, 0, 'IMPORT', 'REHAU B-125 FRAME & COVER(WITHOUT LOCK)'),
(712, 1, 1, 1, 'Products', '', '2019-03-11 13:57:05', '2019-03-11 13:57:05', NULL, NULL, 0, 1, 0, 0, 'IMPORT', 'REHAU B-125 FRM & COV(WITHOUT LOCK)'),
(713, 1, 1, 1, 'Products', '', '2019-03-11 13:57:05', '2019-03-11 13:57:05', NULL, NULL, 0, 1, 0, 0, 'IMPORT', 'REHAU B-125 FRAME & COVER(W/O LOCK)'),
(714, 1, 1, 1, 'Products', '', '2019-03-11 13:57:05', '2019-03-11 13:57:05', NULL, NULL, 0, 1, 0, 0, 'IMPORT', 'JRC-12 D-400 FRAME & COVER(OOREDOO)'),
(715, 1, 1, 1, 'Products', '', '2019-03-11 13:57:05', '2019-03-11 13:57:05', NULL, NULL, 0, 1, 0, 0, 'IMPORT', 'JRC-14 D-400 FRAME & COVER(OOREDOO)'),
(716, 1, 1, 1, 'Products', '', '2019-03-11 13:57:05', '2019-03-11 13:57:05', NULL, NULL, 0, 1, 0, 0, 'IMPORT', 'JRC-4 D-400 FRAME & COVER(OOREDOO)'),
(717, 1, 1, 1, 'Products', '', '2019-03-11 13:57:05', '2019-03-11 13:57:05', NULL, NULL, 0, 1, 0, 0, 'IMPORT', '800X800 D-400 CAPA FRAME & COVER(TELECOMMUNICATION)'),
(718, 1, 1, 1, 'Products', '', '2019-03-11 13:57:05', '2019-03-11 13:57:05', NULL, NULL, 0, 1, 0, 0, 'IMPORT', '750X750 DT B-125 FRAME & COVER(WITH GRP)-IC(KAHARMA)(CIL)'),
(719, 1, 1, 1, 'Products', '', '2019-03-11 13:57:05', '2019-03-11 13:57:05', NULL, NULL, 0, 1, 0, 0, 'IMPORT', 'JRC-12 DT D-400 FRM & COV(ITS SCADA)'),
(720, 1, 1, 1, 'Products', '', '2019-03-11 13:57:05', '2019-03-11 13:57:05', NULL, NULL, 0, 1, 0, 0, 'IMPORT', 'JRC-12 DT D-400 FRAME & COVER_ITS SCADA'),
(721, 1, 1, 1, 'Products', '', '2019-03-11 13:57:05', '2019-03-11 13:57:05', NULL, NULL, 0, 1, 0, 0, 'IMPORT', '1220X696 D-400 RECESS FRAME & COVER'),
(722, 1, 1, 1, 'Products', '', '2019-03-11 13:57:05', '2019-03-11 13:57:05', NULL, NULL, 0, 1, 0, 0, 'IMPORT', 'JRC-14 D-400 FRM & COV(OOREDOO)'),
(723, 1, 1, 1, 'Products', '', '2019-03-11 13:57:05', '2019-03-11 13:57:05', NULL, NULL, 0, 1, 0, 0, 'IMPORT', '1000X1000 DT D-400 SWD FRAME & COVER'),
(724, 1, 1, 1, 'Products', '', '2019-03-11 13:57:05', '2019-03-11 13:57:05', NULL, NULL, 0, 1, 0, 0, 'IMPORT', 'JRC-14 DT D-400 FRAME & COVER(SIF)'),
(725, 1, 1, 1, 'Products', '', '2019-03-11 13:57:05', '2019-03-11 13:57:05', NULL, NULL, 0, 1, 0, 0, 'IMPORT', 'JRC-14 DT D-400 FRM & COV(SIF)'),
(726, 1, 1, 1, 'Products', '', '2019-03-11 13:57:05', '2019-03-11 13:57:05', NULL, NULL, 0, 1, 0, 0, 'IMPORT', 'BENITO B-125 TH-30 FRAME & COVER(300X300)'),
(727, 1, 1, 1, 'Products', '', '2019-03-11 13:57:05', '2019-03-11 13:57:05', NULL, NULL, 0, 1, 0, 0, 'IMPORT', '900X900 D-400 DRWA FRAME & COVER'),
(728, 1, 1, 1, 'Products', '', '2019-03-11 13:57:05', '2019-03-11 13:57:05', NULL, NULL, 0, 1, 0, 0, 'IMPORT', '600X600 SS C-250 FRM & COV(TS)'),
(729, 1, 1, 1, 'Products', '', '2019-03-11 13:57:06', '2019-03-11 13:57:06', NULL, NULL, 0, 1, 0, 0, 'IMPORT', '675X675 DT D-400 FRAME & COVER'),
(730, 1, 1, 1, 'Products', '', '2019-03-11 13:57:06', '2019-03-11 13:57:06', NULL, NULL, 0, 1, 0, 0, 'IMPORT', '600X600 DT D-400 FRAME & COVER-3 FLANGE'),
(731, 1, 1, 1, 'Products', '', '2019-03-11 13:57:06', '2019-03-11 13:57:06', NULL, NULL, 0, 1, 0, 0, 'IMPORT', '600 DIA HINGED FRAME & COVER'),
(732, 1, 1, 1, 'Products', '', '2019-03-11 13:57:06', '2019-03-11 13:57:06', NULL, NULL, 0, 1, 0, 0, 'IMPORT', 'Manhole Frame and cover CO 600x600mm B125'),
(733, 1, 1, 1, 'Products', '', '2019-03-11 13:57:06', '2019-03-11 13:57:06', NULL, NULL, 0, 1, 0, 0, 'IMPORT', '600x450 B125 FRAME & COVER'),
(734, 1, 1, 1, 'Products', '', '2019-03-11 13:57:06', '2019-03-11 13:57:06', NULL, NULL, 0, 1, 0, 0, 'IMPORT', '800X800 SS B-125 FRAME and COVER'),
(735, 1, 1, 1, 'Products', '', '2019-03-11 13:57:06', '2019-03-11 13:57:06', NULL, NULL, 0, 1, 0, 0, 'IMPORT', '800 X 800 SS D-400 FRAME & COVER'),
(736, 1, 1, 1, 'Products', '', '2019-03-11 13:57:06', '2019-03-11 13:57:06', NULL, NULL, 0, 1, 0, 0, 'IMPORT', '600x600 D-400 FRAME & COVER'),
(737, 1, 1, 1, 'Products', '', '2019-03-11 13:57:06', '2019-03-11 13:57:06', NULL, NULL, 0, 1, 0, 0, 'IMPORT', '600X600X100MM DS, D400, GRP PROVISION MHCF WITH STORM WATER MARKING'),
(738, 1, 1, 1, 'Products', '', '2019-03-11 13:57:06', '2019-03-11 13:57:06', NULL, NULL, 0, 1, 0, 0, 'IMPORT', '600X600X100MM DS, D400, GRP PROVISION MHCF WITH FOUL SEWER MARKING'),
(739, 1, 1, 1, 'Products', '', '2019-03-11 13:57:06', '2019-03-11 13:57:06', NULL, NULL, 0, 1, 0, 0, 'IMPORT', '600 DIA D-400 IFCO SINGLE MARK SET'),
(740, 1, 1, 1, 'Products', '', '2019-03-11 13:57:06', '2019-03-11 13:57:06', NULL, NULL, 0, 1, 0, 0, 'IMPORT', '600x600 B125 Frame & Cover'),
(741, 1, 1, 1, 'Products', '', '2019-03-11 13:57:06', '2019-03-11 13:57:06', NULL, NULL, 0, 1, 0, 0, 'IMPORT', '600 Dia B125 Frame & Cover'),
(742, 1, 1, 1, 'Products', '', '2019-03-11 13:57:06', '2019-03-11 13:57:06', NULL, NULL, 0, 1, 0, 0, 'IMPORT', '600 Dia D400 SS Frame & Cover'),
(743, 1, 1, 1, 'Products', '', '2019-03-11 13:57:06', '2019-03-11 13:57:06', NULL, NULL, 0, 1, 0, 0, 'IMPORT', '600 Dia Frame Autolock D400 Frame & Cover, \"Water\"'),
(744, 1, 1, 1, 'Products', '', '2019-03-11 13:57:06', '2019-03-11 13:57:06', NULL, NULL, 0, 1, 0, 0, 'IMPORT', '600 Dia Frame Autolock D400 Frame & Cover, \"Storm\"'),
(745, 1, 1, 1, 'Products', '', '2019-03-11 13:57:06', '2019-03-11 13:57:06', NULL, NULL, 0, 1, 0, 0, 'IMPORT', 'CLKS 1659 AKMD FRAME & COVER'),
(746, 1, 1, 1, 'Products', '', '2019-03-11 13:57:06', '2019-03-11 13:57:06', NULL, NULL, 0, 1, 0, 0, 'IMPORT', 'CLKS 1659 HKMD FRAME & COVER'),
(747, 1, 1, 1, 'Products', '', '2019-03-11 13:57:06', '2019-03-11 13:57:06', NULL, NULL, 0, 1, 0, 0, 'IMPORT', 'CLKS 1659 KMD FRAME & COVER'),
(748, 1, 1, 1, 'Products', '', '2019-03-11 13:57:06', '2019-03-11 13:57:06', NULL, NULL, 0, 1, 0, 0, 'IMPORT', 'CLKS 701 AKMD FRAME & COVER'),
(749, 1, 1, 1, 'Products', '', '2019-03-11 13:57:06', '2019-03-11 13:57:06', NULL, NULL, 0, 1, 0, 0, 'IMPORT', 'CLKS 701 AHKMD FRAME & COVER'),
(750, 1, 1, 1, 'Products', '', '2019-03-11 13:57:06', '2019-03-11 13:57:06', NULL, NULL, 0, 1, 0, 0, 'IMPORT', 'CLKS 701 KMD FRAME & COVER'),
(751, 1, 1, 1, 'Products', '', '2019-03-11 13:57:06', '2019-03-11 13:57:06', NULL, NULL, 0, 1, 0, 0, 'IMPORT', 'CLKS 759 KMB FRM & COV.'),
(752, 1, 1, 1, 'Products', '', '2019-03-11 13:57:06', '2019-03-11 13:57:06', NULL, NULL, 0, 1, 0, 0, 'IMPORT', 'CLKS 778 KMB SET'),
(753, 1, 1, 1, 'Products', '', '2019-03-11 13:57:06', '2019-03-11 13:57:06', NULL, NULL, 0, 1, 0, 0, 'IMPORT', 'CLKS 701 HKMD FRAME & COVER'),
(754, 1, 1, 1, 'Products', '', '2019-03-11 13:57:06', '2019-03-11 13:57:06', NULL, NULL, 0, 1, 0, 0, 'IMPORT', 'CLKS 500 SET'),
(755, 1, 1, 1, 'Products', '', '2019-03-11 13:57:06', '2019-03-11 13:57:06', NULL, NULL, 0, 1, 0, 0, 'IMPORT', '600 DIA IFCO SINGLE MARK SET'),
(756, 1, 1, 1, 'Products', '', '2019-03-11 13:57:06', '2019-03-11 13:57:06', NULL, NULL, 0, 1, 0, 0, 'IMPORT', '450X450 SOLID TOP FRAME & COVER'),
(757, 1, 1, 1, 'Products', '', '2019-03-11 13:57:06', '2019-03-11 13:57:06', NULL, NULL, 0, 1, 0, 0, 'IMPORT', '450X450 SOLI TOP FRAME & COVER(CONCREATE INFILL)'),
(758, 1, 1, 1, 'Products', '', '2019-03-11 13:57:06', '2019-03-11 13:57:06', NULL, NULL, 0, 1, 0, 0, 'IMPORT', '600X750 SOLID TOP SET'),
(759, 1, 1, 1, 'Products', '', '2019-03-11 13:57:06', '2019-03-11 13:57:06', NULL, NULL, 0, 1, 0, 0, 'IMPORT', '450X450 B-125 BAHARAIN SET'),
(760, 1, 1, 1, 'Products', '', '2019-03-11 13:57:06', '2019-03-11 13:57:06', NULL, NULL, 0, 1, 0, 0, 'IMPORT', '675 MM DOUBLE TRIANGULAR D-400 BAHARAIN SET'),
(761, 1, 1, 1, 'Products', '', '2019-03-11 13:57:06', '2019-03-11 13:57:06', NULL, NULL, 0, 1, 0, 0, 'IMPORT', 'CLKS 761 KMB SETS'),
(762, 1, 1, 1, 'Products', '', '2019-03-11 13:57:06', '2019-03-11 13:57:06', NULL, NULL, 0, 1, 0, 0, 'IMPORT', '600X750 D-400 SOLID TOP SETS'),
(763, 1, 1, 1, 'Products', '', '2019-03-11 13:57:06', '2019-03-11 13:57:06', NULL, NULL, 0, 1, 0, 0, 'IMPORT', 'CLKS 722 SETS'),
(764, 1, 1, 1, 'Products', '', '2019-03-11 13:57:06', '2019-03-11 13:57:06', NULL, NULL, 0, 1, 0, 0, 'IMPORT', 'CLKS 779 KMB FRAME & COVER'),
(765, 1, 1, 1, 'Products', '', '2019-03-11 13:57:06', '2019-03-11 13:57:06', NULL, NULL, 0, 1, 0, 0, 'IMPORT', '675X675 DT D-400 FRAME & COVER-TSE'),
(766, 1, 1, 1, 'Products', '', '2019-03-11 13:57:06', '2019-03-11 13:57:06', NULL, NULL, 0, 1, 0, 0, 'IMPORT', 'CLKS 1659 AHKMD FRAME & COVER'),
(767, 1, 1, 1, 'Products', '', '2019-03-11 13:57:06', '2019-03-11 13:57:06', NULL, NULL, 0, 1, 0, 0, 'IMPORT', '600X600 SINGLE SEAL B-125 DOHA SET'),
(768, 1, 1, 1, 'Products', '', '2019-03-11 13:57:06', '2019-03-11 13:57:06', NULL, NULL, 0, 1, 0, 0, 'IMPORT', '260 DIA D-400 FRAME & GRATE SGPS'),
(769, 1, 1, 1, 'Products', '', '2019-03-11 13:57:06', '2019-03-11 13:57:06', NULL, NULL, 0, 1, 0, 0, 'IMPORT', '600X600 SS B-125 FRAME & COVER_SIF'),
(770, 1, 1, 1, 'Products', '', '2019-03-11 13:57:06', '2019-03-11 13:57:06', NULL, NULL, 0, 1, 0, 0, 'IMPORT', '300X300 DS B-125 FRAME & COVER(TS)'),
(771, 1, 1, 1, 'Products', '', '2019-03-11 13:57:06', '2019-03-11 13:57:06', NULL, NULL, 0, 1, 0, 0, 'IMPORT', '450X450X70 C250, PULL BOX T'),
(772, 1, 1, 1, 'Products', '', '2019-03-11 13:57:06', '2019-03-11 13:57:06', NULL, NULL, 0, 1, 0, 0, 'IMPORT', '450X450 B-125 FRAME & COVER'),
(773, 1, 1, 1, 'Products', '', '2019-03-11 13:57:06', '2019-03-11 13:57:06', NULL, NULL, 0, 1, 0, 0, 'IMPORT', '600X600 D-400 DS FRAME & COVER'),
(774, 1, 1, 1, 'Products', '', '2019-03-11 13:57:06', '2019-03-11 13:57:06', NULL, NULL, 0, 1, 0, 0, 'IMPORT', '600X600 SS D-400 AMANAH FRAME & COVER(WITH GRP)(PAM)'),
(775, 1, 1, 1, 'Products', '', '2019-03-11 13:57:07', '2019-03-11 13:57:07', NULL, NULL, 0, 1, 0, 0, 'IMPORT', '600 DIA SAFETY D-400 WITH SAFTY GRATE'),
(776, 1, 1, 1, 'Products', '', '2019-03-11 13:57:07', '2019-03-11 13:57:07', NULL, NULL, 0, 1, 0, 0, 'IMPORT', '750X750 D/T D-400 FRAME & COVER(WITH GRP)'),
(777, 1, 1, 1, 'Products', '', '2019-03-11 13:57:07', '2019-03-11 13:57:07', NULL, NULL, 0, 1, 0, 0, 'IMPORT', '600X600 ITS B-125 SOLID TOP FRAME & COVER'),
(778, 1, 1, 1, 'Products', '', '2019-03-11 13:57:07', '2019-03-11 13:57:07', NULL, NULL, 0, 1, 0, 0, 'IMPORT', '600X600X100MM D/T D-400 SWD FRAME & COVER(WITH GRP)'),
(779, 1, 1, 1, 'Products', '', '2019-03-11 13:57:07', '2019-03-11 13:57:07', NULL, NULL, 0, 1, 0, 0, 'IMPORT', '600X600 CLASS D FRAME & COVER(STROME WATER)'),
(780, 1, 1, 1, 'Products', '', '2019-03-11 13:57:07', '2019-03-11 13:57:07', NULL, NULL, 0, 1, 0, 0, 'IMPORT', '600X600 CLASS B FRAME & COVER(STROME WATER)'),
(781, 1, 1, 1, 'Products', '', '2019-03-11 13:57:07', '2019-03-11 13:57:07', NULL, NULL, 0, 1, 0, 0, 'IMPORT', '600 DIA CLASS B FRAME & COVER(SEWER)'),
(782, 1, 1, 1, 'Products', '', '2019-03-11 13:57:07', '2019-03-11 13:57:07', NULL, NULL, 0, 1, 0, 0, 'IMPORT', '600 DIA CLASS B FRAME & COVER(STORM)'),
(783, 1, 1, 1, 'Products', '', '2019-03-11 13:57:07', '2019-03-11 13:57:07', NULL, NULL, 0, 1, 0, 0, 'IMPORT', '600 DIA CLASS D FRAME & COVER (STORM WATER)'),
(784, 1, 1, 1, 'Products', '', '2019-03-11 13:57:07', '2019-03-11 13:57:07', NULL, NULL, 0, 1, 0, 0, 'IMPORT', '750X750 D/T D-400 SWD FRAME & COVER (WITH OUT GRP)'),
(785, 1, 1, 1, 'Products', '', '2019-03-11 13:57:07', '2019-03-11 13:57:07', NULL, NULL, 0, 1, 0, 0, 'IMPORT', '170MM KAUNAS D-400 FRAME & COVER'),
(786, 1, 1, 1, 'Products', '', '2019-03-11 13:57:15', '2019-03-11 13:57:15', NULL, NULL, 0, 1, 0, 0, 'IMPORT', '600 DIA 3 PIN LOCKING D-400 FRAME & COVER'),
(787, 1, 1, 1, 'Products', '', '2019-03-11 13:57:15', '2019-03-11 13:57:15', NULL, NULL, 0, 1, 0, 0, 'IMPORT', '300x300 DS D-400 RECESSED FRAME & COVER'),
(788, 1, 1, 1, 'Products', '', '2019-03-11 13:57:15', '2019-03-11 13:57:15', NULL, NULL, 0, 1, 0, 0, 'IMPORT', '600 DIA DOUBLE HINGE FRAME & COVER(SEWER)'),
(789, 1, 1, 1, 'Products', '', '2019-03-11 13:57:15', '2019-03-11 13:57:15', NULL, NULL, 0, 1, 0, 0, 'IMPORT', '400x400 C-250 FRAME & COVER'),
(790, 1, 1, 1, 'Products', '', '2019-03-11 13:57:15', '2019-03-11 13:57:15', NULL, NULL, 0, 1, 0, 0, 'IMPORT', '600 DIA CLASS D FRAME & COVER (SEWER)'),
(791, 1, 1, 1, 'Products', '', '2019-03-11 13:57:15', '2019-03-11 13:57:15', NULL, NULL, 0, 1, 0, 0, 'IMPORT', '600x600X40 SS B-125 FRAME & COVER(THOMAS DUDLEY)'),
(792, 1, 1, 1, 'Products', '', '2019-03-11 13:57:15', '2019-03-11 13:57:15', NULL, NULL, 0, 1, 0, 0, 'IMPORT', '600 x 600 X 40 SS B-125 FRAME & COVER'),
(793, 1, 1, 1, 'Products', '', '2019-03-11 13:57:15', '2019-03-11 13:57:15', NULL, NULL, 0, 1, 0, 0, 'IMPORT', '300 X 300 DS B-125 FRAME & COVER'),
(794, 1, 1, 1, 'Products', '', '2019-03-11 13:57:15', '2019-03-11 13:57:15', NULL, NULL, 0, 1, 0, 0, 'IMPORT', '300 X 300 DS B-125 FRAME & COVER(EPOXY)'),
(795, 1, 1, 1, 'Products', '', '2019-03-11 13:57:15', '2019-03-11 13:57:15', NULL, NULL, 0, 1, 0, 0, 'IMPORT', '600X600 DS B-125 S.T FRAME & COVER (SIF)'),
(796, 1, 1, 1, 'Products', '', '2019-03-11 13:57:15', '2019-03-11 13:57:15', NULL, NULL, 0, 1, 0, 0, 'IMPORT', '600 X 600 DS B-125 FRAME & COVER'),
(797, 1, 1, 1, 'Products', '', '2019-03-11 13:57:15', '2019-03-11 13:57:15', NULL, NULL, 0, 1, 0, 0, 'IMPORT', '600 DIA D-400 FRAME & COVER(BENITO)'),
(798, 1, 1, 1, 'Products', '', '2019-03-11 13:57:15', '2019-03-11 13:57:15', NULL, NULL, 0, 1, 0, 0, 'IMPORT', '600X600 DS D-400 RECESSED FRAME & COVER'),
(799, 1, 1, 1, 'Products', '', '2019-03-11 13:57:15', '2019-03-11 13:57:15', NULL, NULL, 0, 1, 0, 0, 'IMPORT', '750x600X100 SS D-400 ITS FRAME & COVER'),
(800, 1, 1, 1, 'Products', '', '2019-03-11 13:57:15', '2019-03-11 13:57:15', NULL, NULL, 0, 1, 0, 0, 'IMPORT', '600X600 DS D-400 FRAME & COVER'),
(801, 1, 1, 1, 'Products', '', '2019-03-11 13:57:15', '2019-03-11 13:57:15', NULL, NULL, 0, 1, 0, 0, 'IMPORT', '600X600 DS D-400 FRAME & COVER(BITUMIN)'),
(802, 1, 1, 1, 'Products', '', '2019-03-11 13:57:16', '2019-03-11 13:57:16', NULL, NULL, 0, 1, 0, 0, 'IMPORT', '430 X 370 D-400 HINGED GULLY GRATE SET'),
(803, 1, 1, 1, 'Products', '', '2019-03-11 13:57:16', '2019-03-11 13:57:16', NULL, NULL, 0, 1, 0, 0, 'IMPORT', '150X150 DT D-400 SURFACE BOX BODY & LID'),
(804, 1, 1, 1, 'Products', '', '2019-03-11 13:57:16', '2019-03-11 13:57:16', NULL, NULL, 0, 1, 0, 0, 'IMPORT', '150 X 150 DT D-400'),
(805, 1, 1, 1, 'Products', '', '2019-03-11 13:57:16', '2019-03-11 13:57:16', NULL, NULL, 0, 1, 0, 0, 'IMPORT', '1100X1100 D-400 FRAME(CAPA)'),
(806, 1, 1, 1, 'Products', '', '2019-03-11 13:57:16', '2019-03-11 13:57:16', NULL, NULL, 0, 1, 0, 0, 'IMPORT', '300X300 DS D-400 SOLID TOP FRAME(AMANAH)'),
(807, 1, 1, 1, 'Products', '', '2019-03-11 13:57:16', '2019-03-11 13:57:16', NULL, NULL, 0, 1, 0, 0, 'IMPORT', '385x317 D400 GULLY FRAME'),
(808, 1, 1, 1, 'Products', '', '2019-03-11 13:57:16', '2019-03-11 13:57:16', NULL, NULL, 0, 1, 0, 0, 'IMPORT', 'CROSS BAR WITH \'V\''),
(809, 1, 1, 1, 'Products', '', '2019-03-11 13:57:16', '2019-03-11 13:57:16', NULL, NULL, 0, 1, 0, 0, 'IMPORT', '450X450 DS B-125 FRAME'),
(810, 1, 1, 1, 'Products', '', '2019-03-11 13:57:16', '2019-03-11 13:57:16', NULL, NULL, 0, 1, 0, 0, 'IMPORT', '350X350 B-125 GNE FRAME'),
(811, 1, 1, 1, 'Products', '', '2019-03-11 13:57:16', '2019-03-11 13:57:16', NULL, NULL, 0, 1, 0, 0, 'IMPORT', '600X600 WITH GRP FRAME'),
(812, 1, 1, 1, 'Products', '', '2019-03-11 13:57:16', '2019-03-11 13:57:16', NULL, NULL, 0, 1, 0, 0, 'IMPORT', '450X450 D-400 HINGE FRAME'),
(813, 1, 1, 1, 'Products', '', '2019-03-11 13:57:16', '2019-03-11 13:57:16', NULL, NULL, 0, 1, 0, 0, 'IMPORT', '675X675 DT D-400 FRAME'),
(814, 1, 1, 1, 'Products', '', '2019-03-11 13:57:16', '2019-03-11 13:57:16', NULL, NULL, 0, 1, 0, 0, 'IMPORT', '800X800 C-250 GNE FRAME'),
(815, 1, 1, 1, 'Products', '', '2019-03-11 13:57:16', '2019-03-11 13:57:16', NULL, NULL, 0, 1, 0, 0, 'IMPORT', '300X300 B-125 GNE FRAME'),
(816, 1, 1, 1, 'Products', '', '2019-03-11 13:57:16', '2019-03-11 13:57:16', NULL, NULL, 0, 1, 0, 0, 'IMPORT', '600 DIA D-400 TECUATECH FRAME(OCTAGONAL)'),
(817, 1, 1, 1, 'Products', '', '2019-03-11 13:57:16', '2019-03-11 13:57:16', NULL, NULL, 0, 1, 0, 0, 'IMPORT', '600X600 DT D-400 GNE FRAME'),
(818, 1, 1, 1, 'Products', '', '2019-03-11 13:57:16', '2019-03-11 13:57:16', NULL, NULL, 0, 1, 0, 0, 'IMPORT', '450X450 B-125 GNE FRAME'),
(819, 1, 1, 1, 'Products', '', '2019-03-11 13:57:16', '2019-03-11 13:57:16', NULL, NULL, 0, 1, 0, 0, 'IMPORT', '600X750 DT D-400 FRAME'),
(820, 1, 1, 1, 'Products', '', '2019-03-11 13:57:16', '2019-03-11 13:57:16', NULL, NULL, 0, 1, 0, 0, 'IMPORT', '800X405 D-400 CURB GULLY FRAME'),
(821, 1, 1, 1, 'Products', '', '2019-03-11 13:57:16', '2019-03-11 13:57:16', NULL, NULL, 0, 1, 0, 0, 'IMPORT', '600X450 C-250 GNE FRAME'),
(822, 1, 1, 1, 'Products', '', '2019-03-11 13:57:16', '2019-03-11 13:57:16', NULL, NULL, 0, 1, 0, 0, 'IMPORT', '800X800 B-125 GNE FRAME'),
(823, 1, 1, 1, 'Products', '', '2019-03-11 13:57:16', '2019-03-11 13:57:16', NULL, NULL, 0, 1, 0, 0, 'IMPORT', '600X600 B-125 GNE FRAME'),
(824, 1, 1, 1, 'Products', '', '2019-03-11 13:57:16', '2019-03-11 13:57:16', NULL, NULL, 0, 1, 0, 0, 'IMPORT', '600X450 B-125 GNE FRAME'),
(825, 1, 1, 1, 'Products', '', '2019-03-11 13:57:16', '2019-03-11 13:57:16', NULL, NULL, 0, 1, 0, 0, 'IMPORT', '450X450 D-400 FRAME_AMANAH'),
(826, 1, 1, 1, 'Products', '', '2019-03-11 13:57:16', '2019-03-11 13:57:16', NULL, NULL, 0, 1, 0, 0, 'IMPORT', '260 DIA D-400 FRAME-SGPS'),
(827, 1, 1, 1, 'Products', '', '2019-03-11 13:57:16', '2019-03-11 13:57:16', NULL, NULL, 0, 1, 0, 0, 'IMPORT', 'KITA FRAME'),
(828, 1, 1, 1, 'Products', '', '2019-03-11 13:57:16', '2019-03-11 13:57:16', NULL, NULL, 0, 1, 0, 0, 'IMPORT', '150X150 F-900 SURFACE BOX BODY'),
(829, 1, 1, 1, 'Products', '', '2019-03-11 13:57:16', '2019-03-11 13:57:16', NULL, NULL, 0, 1, 0, 0, 'IMPORT', '600X600 F-900 FRAME'),
(830, 1, 1, 1, 'Products', '', '2019-03-11 13:57:16', '2019-03-11 13:57:16', NULL, NULL, 0, 1, 0, 0, 'IMPORT', 'MC 119 D-400 FRAME'),
(831, 1, 1, 1, 'Products', '', '2019-03-11 13:57:16', '2019-03-11 13:57:16', NULL, NULL, 0, 1, 0, 0, 'IMPORT', '900 DIA D-400 SAXSON FRAME'),
(832, 1, 1, 1, 'Products', '', '2019-03-11 13:57:16', '2019-03-11 13:57:16', NULL, NULL, 0, 1, 0, 0, 'IMPORT', 'TELLAM CLASS D FRAME(60 MM RISER)'),
(833, 1, 1, 1, 'Products', '', '2019-03-11 13:57:16', '2019-03-11 13:57:16', NULL, NULL, 0, 1, 0, 0, 'IMPORT', '600 DIA HAYA D-400 FRAME'),
(834, 1, 1, 1, 'Products', '', '2019-03-11 13:57:16', '2019-03-11 13:57:16', NULL, NULL, 0, 1, 0, 0, 'IMPORT', '500X500 D-400 FRAME'),
(835, 1, 1, 1, 'Products', '', '2019-03-11 13:57:16', '2019-03-11 13:57:16', NULL, NULL, 0, 1, 0, 0, 'IMPORT', '800X800 F-900 FRAME'),
(836, 1, 1, 1, 'Products', '', '2019-03-11 13:57:16', '2019-03-11 13:57:16', NULL, NULL, 0, 1, 0, 0, 'IMPORT', '500 DIA D-400 FRAME-SGPS(MELTEX)'),
(837, 1, 1, 1, 'Products', '', '2019-03-11 13:57:16', '2019-03-11 13:57:16', NULL, NULL, 0, 1, 0, 0, 'IMPORT', 'ACO D-400 FRAME(604185)'),
(838, 1, 1, 1, 'Products', '', '2019-03-11 13:57:16', '2019-03-11 13:57:16', NULL, NULL, 0, 1, 0, 0, 'IMPORT', '660X610 D-400 CATCH BASIN FRAME(SAXON)'),
(839, 1, 1, 1, 'Products', '', '2019-03-11 13:57:16', '2019-03-11 13:57:16', NULL, NULL, 0, 1, 0, 0, 'IMPORT', '300X300 DS D-400 SAXON FRAME'),
(840, 1, 1, 1, 'Products', '', '2019-03-11 13:57:16', '2019-03-11 13:57:16', NULL, NULL, 0, 1, 0, 0, 'IMPORT', '1000X600 D-400 FRAME'),
(841, 1, 1, 1, 'Products', '', '2019-03-11 13:57:16', '2019-03-11 13:57:16', NULL, NULL, 0, 1, 0, 0, 'IMPORT', '300X300 DS D-400 FRAME-DOHA'),
(842, 1, 1, 1, 'Products', '', '2019-03-11 13:57:16', '2019-03-11 13:57:16', NULL, NULL, 0, 1, 0, 0, 'IMPORT', '300X300 DS D-400 FRAME(OMAN MASCAT)'),
(843, 1, 1, 1, 'Products', '', '2019-03-11 13:57:16', '2019-03-11 13:57:16', NULL, NULL, 0, 1, 0, 0, 'IMPORT', '300X300 DS B-125 FRAME(OMAN MASCAT)'),
(844, 1, 1, 1, 'Products', '', '2019-03-11 13:57:17', '2019-03-11 13:57:17', NULL, NULL, 0, 1, 0, 0, 'IMPORT', '800X800 SS D-400 FRAME'),
(845, 1, 1, 1, 'Products', '', '2019-03-11 13:57:17', '2019-03-11 13:57:17', NULL, NULL, 0, 1, 0, 0, 'IMPORT', '660X610 C-250 CATCH BASIN FRAME(AMANAH)'),
(846, 1, 1, 1, 'Products', '', '2019-03-11 13:57:17', '2019-03-11 13:57:17', NULL, NULL, 0, 1, 0, 0, 'IMPORT', '600X600 DS D-400 WITH GRP FRAME(AMANAH)'),
(847, 1, 1, 1, 'Products', '', '2019-03-11 13:57:17', '2019-03-11 13:57:17', NULL, NULL, 0, 1, 0, 0, 'IMPORT', '600X600 SS C-250 FRAME'),
(848, 1, 1, 1, 'Products', '', '2019-03-11 13:57:17', '2019-03-11 13:57:17', NULL, NULL, 0, 1, 0, 0, 'IMPORT', '300X300 SS D-400 FRAME'),
(849, 1, 1, 1, 'Products', '', '2019-03-11 13:57:17', '2019-03-11 13:57:17', NULL, NULL, 0, 1, 0, 0, 'IMPORT', '600X600 DT D-400 FRAME(AMANAH)'),
(850, 1, 1, 1, 'Products', '', '2019-03-11 13:57:17', '2019-03-11 13:57:17', NULL, NULL, 0, 1, 0, 0, 'IMPORT', '600 DIA D-400 FRAME(AMANAH)'),
(851, 1, 1, 1, 'Products', '', '2019-03-11 13:57:17', '2019-03-11 13:57:17', NULL, NULL, 0, 1, 0, 0, 'IMPORT', 'JRC-4 D-400 FRAME(995X540)'),
(852, 1, 1, 1, 'Products', '', '2019-03-11 13:57:17', '2019-03-11 13:57:17', NULL, NULL, 0, 1, 0, 0, 'IMPORT', '532X405 D-400 FRAME(MBBM)'),
(853, 1, 1, 1, 'Products', '', '2019-03-11 13:57:17', '2019-03-11 13:57:17', NULL, NULL, 0, 1, 0, 0, 'IMPORT', '150 DIA D-400 FRAME(AMANAH)'),
(854, 1, 1, 1, 'Products', '', '2019-03-11 13:57:17', '2019-03-11 13:57:17', NULL, NULL, 0, 1, 0, 0, 'IMPORT', '675X675 DT D-400 FRAME(CORNER TO CORNER)'),
(855, 1, 1, 1, 'Products', '', '2019-03-11 13:57:17', '2019-03-11 13:57:17', NULL, NULL, 0, 1, 0, 0, 'IMPORT', 'ACO 1320926 D-400 FRAME'),
(856, 1, 1, 1, 'Products', '', '2019-03-11 13:57:17', '2019-03-11 13:57:17', NULL, NULL, 0, 1, 0, 0, 'IMPORT', '450X450 DT FRAME(AMANAH)'),
(857, 1, 1, 1, 'Products', '', '2019-03-11 13:57:17', '2019-03-11 13:57:17', NULL, NULL, 0, 1, 0, 0, 'IMPORT', '450X450 CLASS B INFILL RAIL'),
(858, 1, 1, 1, 'Products', '', '2019-03-11 13:57:17', '2019-03-11 13:57:17', NULL, NULL, 0, 1, 0, 0, 'IMPORT', '750X300 D-400 RAIL'),
(859, 1, 1, 1, 'Products', '', '2019-03-11 13:57:17', '2019-03-11 13:57:17', NULL, NULL, 0, 1, 0, 0, 'IMPORT', '750X200 D-400 RAIL'),
(860, 1, 1, 1, 'Products', '', '2019-03-11 13:57:17', '2019-03-11 13:57:17', NULL, NULL, 0, 1, 0, 0, 'IMPORT', '750X300 F-900 RAIL(AMANAH)'),
(861, 1, 1, 1, 'Products', '', '2019-03-11 13:57:17', '2019-03-11 13:57:17', NULL, NULL, 0, 1, 0, 0, 'IMPORT', '600X600 DT D-400 TOP ENTRY FRAME(AMANAH)'),
(862, 1, 1, 1, 'Products', '', '2019-03-11 13:57:17', '2019-03-11 13:57:17', NULL, NULL, 0, 1, 0, 0, 'IMPORT', '600X600 SS D-400 WITH GRP FRAME(AMANAH)'),
(863, 1, 1, 1, 'Products', '', '2019-03-11 13:57:17', '2019-03-11 13:57:17', NULL, NULL, 0, 1, 0, 0, 'IMPORT', '600 DIA D-400 SEMI CIRCULAR FRAME'),
(864, 1, 1, 1, 'Products', '', '2019-03-11 13:57:17', '2019-03-11 13:57:17', NULL, NULL, 0, 1, 0, 0, 'IMPORT', '890X890X100 D-400 FRAME'),
(865, 1, 1, 1, 'Products', '', '2019-03-11 13:57:17', '2019-03-11 13:57:17', NULL, NULL, 0, 1, 0, 0, 'IMPORT', '600X600 DS C-250 FRAME(AMANAH)'),
(866, 1, 1, 1, 'Products', '', '2019-03-11 13:57:17', '2019-03-11 13:57:17', NULL, NULL, 0, 1, 0, 0, 'IMPORT', 'HYDRENT BODY'),
(867, 1, 1, 1, 'Products', '', '2019-03-11 13:57:17', '2019-03-11 13:57:17', NULL, NULL, 0, 1, 0, 0, 'IMPORT', '600X600 PUSH LOCK D-400 FRAME(OMAN)'),
(868, 1, 1, 1, 'Products', '', '2019-03-11 13:57:17', '2019-03-11 13:57:17', NULL, NULL, 0, 1, 0, 0, 'IMPORT', '800X800 CO DT D-400 FRAME(AMANAH)'),
(869, 1, 1, 1, 'Products', '', '2019-03-11 13:57:17', '2019-03-11 13:57:17', NULL, NULL, 0, 1, 0, 0, 'IMPORT', '1060X1060 D-400 FRAME'),
(870, 1, 1, 1, 'Products', '', '2019-03-11 13:57:17', '2019-03-11 13:57:17', NULL, NULL, 0, 1, 0, 0, 'IMPORT', '1000X1000 DT D-400 FRAME'),
(871, 1, 1, 1, 'Products', '', '2019-03-11 13:57:17', '2019-03-11 13:57:17', NULL, NULL, 0, 1, 0, 0, 'IMPORT', '470X470 C-250 KERB GULLY FRAME(AMANAH)'),
(872, 1, 1, 1, 'Products', '', '2019-03-11 13:57:17', '2019-03-11 13:57:17', NULL, NULL, 0, 1, 0, 0, 'IMPORT', '705X655 C-250 FRAME(AMANAH)'),
(873, 1, 1, 1, 'Products', '', '2019-03-11 13:57:17', '2019-03-11 13:57:17', NULL, NULL, 0, 1, 0, 0, 'IMPORT', '600 DIA 150 HT D-400 FRAME'),
(874, 1, 1, 1, 'Products', '', '2019-03-11 13:57:17', '2019-03-11 13:57:17', NULL, NULL, 0, 1, 0, 0, 'IMPORT', '450X450 DS D-400 FRAME'),
(875, 1, 1, 1, 'Products', '', '2019-03-11 13:57:17', '2019-03-11 13:57:17', NULL, NULL, 0, 1, 0, 0, 'IMPORT', 'JRC-12 D-400 FRAME(1205x680x100)'),
(876, 1, 1, 1, 'Products', '', '2019-03-11 13:57:17', '2019-03-11 13:57:17', NULL, NULL, 0, 1, 0, 0, 'IMPORT', '260 DIA D-400 FRAME-SGPS(MELTEX)'),
(877, 1, 1, 1, 'Products', '', '2019-03-11 13:57:17', '2019-03-11 13:57:17', NULL, NULL, 0, 1, 0, 0, 'IMPORT', '800X800 SS B-125 FRAME'),
(878, 1, 1, 1, 'Products', '', '2019-03-11 13:57:17', '2019-03-11 13:57:17', NULL, NULL, 0, 1, 0, 0, 'IMPORT', 'SJRC-14 FRAME(1830x696x160)'),
(879, 1, 1, 1, 'Products', '', '2019-03-11 13:57:17', '2019-03-11 13:57:17', NULL, NULL, 0, 1, 0, 0, 'IMPORT', '70X70 B-125 FRAME LIGHT(BENGAL METAL)'),
(880, 1, 1, 1, 'Products', '', '2019-03-11 13:57:17', '2019-03-11 13:57:17', NULL, NULL, 0, 1, 0, 0, 'IMPORT', '450X450 SS B-125 FRAME'),
(881, 1, 1, 1, 'Products', '', '2019-03-11 13:57:17', '2019-03-11 13:57:17', NULL, NULL, 0, 1, 0, 0, 'IMPORT', '600X600X80 CO SS RECESS D-400 FRAME'),
(882, 1, 1, 1, 'Products', '', '2019-03-11 13:57:17', '2019-03-11 13:57:17', NULL, NULL, 0, 1, 0, 0, 'IMPORT', '300X300 DS D-400 RECESS FRAME_AMANAH'),
(883, 1, 1, 1, 'Products', '', '2019-03-11 13:57:17', '2019-03-11 13:57:17', NULL, NULL, 0, 1, 0, 0, 'IMPORT', '750X600 DS D-400 RECESS FRAME_AMANAH'),
(884, 1, 1, 1, 'Products', '', '2019-03-11 13:57:17', '2019-03-11 13:57:17', NULL, NULL, 0, 1, 0, 0, 'IMPORT', 'CLKS 701 AKMD FRAME'),
(885, 1, 1, 1, 'Products', '', '2019-03-11 13:57:17', '2019-03-11 13:57:17', NULL, NULL, 0, 1, 0, 0, 'IMPORT', '450X450 B-125 RECESS FRAME'),
(886, 1, 1, 1, 'Products', '', '2019-03-11 13:57:17', '2019-03-11 13:57:17', NULL, NULL, 0, 1, 0, 0, 'IMPORT', 'MINI KITA FRAME'),
(887, 1, 1, 1, 'Products', '', '2019-03-11 13:57:17', '2019-03-11 13:57:17', NULL, NULL, 0, 1, 0, 0, 'IMPORT', 'JRC-12 D-400 FRAME(QNBN)'),
(888, 1, 1, 1, 'Products', '', '2019-03-11 13:57:17', '2019-03-11 13:57:17', NULL, NULL, 0, 1, 0, 0, 'IMPORT', 'JRC-14 D-400 FRAME(QNBN)'),
(889, 1, 1, 1, 'Products', '', '2019-03-11 13:57:17', '2019-03-11 13:57:17', NULL, NULL, 0, 1, 0, 0, 'IMPORT', '300X300 DT D-400 FRAME(AMANAH)'),
(890, 1, 1, 1, 'Products', '', '2019-03-11 13:57:18', '2019-03-11 13:57:18', NULL, NULL, 0, 1, 0, 0, 'IMPORT', '1000X1000 C-250 FRAME'),
(891, 1, 1, 1, 'Products', '', '2019-03-11 13:57:18', '2019-03-11 13:57:18', NULL, NULL, 0, 1, 0, 0, 'IMPORT', '600X600 DT D-400 HINGE FRAME(AMANAH)'),
(892, 1, 1, 1, 'Products', '', '2019-03-11 13:57:18', '2019-03-11 13:57:18', NULL, NULL, 0, 1, 0, 0, 'IMPORT', '750 DIA DS D-400 FRAME(AMANAH)'),
(893, 1, 1, 1, 'Products', '', '2019-03-11 13:57:18', '2019-03-11 13:57:18', NULL, NULL, 0, 1, 0, 0, 'IMPORT', '750 DIA D-400 SS WITH GRP FRAME(AMANAH)'),
(894, 1, 1, 1, 'Products', '', '2019-03-11 13:57:18', '2019-03-11 13:57:18', NULL, NULL, 0, 1, 0, 0, 'IMPORT', '600 DIA SS D-400 FRAME(SAXON)'),
(895, 1, 1, 1, 'Products', '', '2019-03-11 13:57:18', '2019-03-11 13:57:18', NULL, NULL, 0, 1, 0, 0, 'IMPORT', '300X300 B-125 FRAME(DRWA)'),
(896, 1, 1, 1, 'Products', '', '2019-03-11 13:57:18', '2019-03-11 13:57:18', NULL, NULL, 0, 1, 0, 0, 'IMPORT', '532X405 D-400 KERB GULLY FRAME(AMANAH)'),
(897, 1, 1, 1, 'Products', '', '2019-03-11 13:57:18', '2019-03-11 13:57:18', NULL, NULL, 0, 1, 0, 0, 'IMPORT', '800X800 DS D-400 RECESSED FRAME_SIF'),
(898, 1, 1, 1, 'Products', '', '2019-03-11 13:57:18', '2019-03-11 13:57:18', NULL, NULL, 0, 1, 0, 0, 'IMPORT', '400X400 B-125 FRAME(DRWA)'),
(899, 1, 1, 1, 'Products', '', '2019-03-11 13:57:18', '2019-03-11 13:57:18', NULL, NULL, 0, 1, 0, 0, 'IMPORT', '600X600 B-125 FRAME(DRWA)'),
(900, 1, 1, 1, 'Products', '', '2019-03-11 13:57:18', '2019-03-11 13:57:18', NULL, NULL, 0, 1, 0, 0, 'IMPORT', '450X450 DT D-400 FRAME(DOHA)'),
(901, 1, 1, 1, 'Products', '', '2019-03-11 13:57:18', '2019-03-11 13:57:18', NULL, NULL, 0, 1, 0, 0, 'IMPORT', '500X500 B-125 FRAME(DRWA)'),
(902, 1, 1, 1, 'Products', '', '2019-03-11 13:57:18', '2019-03-11 13:57:18', NULL, NULL, 0, 1, 0, 0, 'IMPORT', '600X600 DS C-250 FRAME(SAXON)'),
(903, 1, 1, 1, 'Products', '', '2019-03-11 13:57:18', '2019-03-11 13:57:18', NULL, NULL, 0, 1, 0, 0, 'IMPORT', '600X600 C-250 FRAME(DRWA)'),
(904, 1, 1, 1, 'Products', '', '2019-03-11 13:57:18', '2019-03-11 13:57:18', NULL, NULL, 0, 1, 0, 0, 'IMPORT', '600 DIA SQ FLANGE D-400 FRAME'),
(905, 1, 1, 1, 'Products', '', '2019-03-11 13:57:18', '2019-03-11 13:57:18', NULL, NULL, 0, 1, 0, 0, 'IMPORT', '750 DIA DS D-400 FRAME(KITE MARK)'),
(906, 1, 1, 1, 'Products', '', '2019-03-11 13:57:18', '2019-03-11 13:57:18', NULL, NULL, 0, 1, 0, 0, 'IMPORT', '900X900 F-900 FRAME'),
(907, 1, 1, 1, 'Products', '', '2019-03-11 13:57:18', '2019-03-11 13:57:18', NULL, NULL, 0, 1, 0, 0, 'IMPORT', '600X600 DS B-125 FRAME(DOHA)'),
(908, 1, 1, 1, 'Products', '', '2019-03-11 13:57:18', '2019-03-11 13:57:18', NULL, NULL, 0, 1, 0, 0, 'IMPORT', '450X450 C-250 SAXON FRAME(ADM)'),
(909, 1, 1, 1, 'Products', '', '2019-03-11 13:57:18', '2019-03-11 13:57:18', NULL, NULL, 0, 1, 0, 0, 'IMPORT', 'JRC D-400 COVER(ENGLISH)_TELECOM NPP'),
(910, 1, 1, 1, 'Products', '', '2019-03-11 13:57:18', '2019-03-11 13:57:18', NULL, NULL, 0, 1, 0, 0, 'IMPORT', '600X600 DT D-400 FRAME(THOMAS DEDLEY)'),
(911, 1, 1, 1, 'Products', '', '2019-03-11 13:57:18', '2019-03-11 13:57:18', NULL, NULL, 0, 1, 0, 0, 'IMPORT', 'CD 1657 KMB B-125 FRAME'),
(912, 1, 1, 1, 'Products', '', '2019-03-11 13:57:18', '2019-03-11 13:57:18', NULL, NULL, 0, 1, 0, 0, 'IMPORT', '600X600 DT D-400 WITH OUT GRP FRAME'),
(913, 1, 1, 1, 'Products', '', '2019-03-11 13:57:18', '2019-03-11 13:57:18', NULL, NULL, 0, 1, 0, 0, 'IMPORT', 'CD 777 KMB FRAME'),
(914, 1, 1, 1, 'Products', '', '2019-03-11 13:57:18', '2019-03-11 13:57:18', NULL, NULL, 0, 1, 0, 0, 'IMPORT', 'CD 644 KMD D-400 FRAME'),
(915, 1, 1, 1, 'Products', '', '2019-03-11 13:57:18', '2019-03-11 13:57:18', NULL, NULL, 0, 1, 0, 0, 'IMPORT', 'CD 762 KMB B-125 FRAME'),
(916, 1, 1, 1, 'Products', '', '2019-03-11 13:57:18', '2019-03-11 13:57:18', NULL, NULL, 0, 1, 0, 0, 'IMPORT', 'CD 185 KMD D-400 FRAME'),
(917, 1, 1, 1, 'Products', '', '2019-03-11 13:57:18', '2019-03-11 13:57:18', NULL, NULL, 0, 1, 0, 0, 'IMPORT', '690 DIA D-400 FRAME(MOC)'),
(918, 1, 1, 1, 'Products', '', '2019-03-11 13:57:18', '2019-03-11 13:57:18', NULL, NULL, 0, 1, 0, 0, 'IMPORT', 'CD 732 KMD D-400 FRAME'),
(919, 1, 1, 1, 'Products', '', '2019-03-11 13:57:18', '2019-03-11 13:57:18', NULL, NULL, 0, 1, 0, 0, 'IMPORT', '900X900 F-900 SPRING ASSIST FRAME'),
(920, 1, 1, 1, 'Products', '', '2019-03-11 13:57:18', '2019-03-11 13:57:18', NULL, NULL, 0, 1, 0, 0, 'IMPORT', 'CD 732 HKMD D-400 FRAME'),
(921, 1, 1, 1, 'Products', '', '2019-03-11 13:57:18', '2019-03-11 13:57:18', NULL, NULL, 0, 1, 0, 0, 'IMPORT', 'CD 1659 KMD D-400 FRAME'),
(922, 1, 1, 1, 'Products', '', '2019-03-11 13:57:18', '2019-03-11 13:57:18', NULL, NULL, 0, 1, 0, 0, 'IMPORT', 'CD 1659 KMD D-400 COVER ARROW'),
(923, 1, 1, 1, 'Products', '', '2019-03-11 13:57:18', '2019-03-11 13:57:18', NULL, NULL, 0, 1, 0, 0, 'IMPORT', 'CD 180 KMD D-400 FRAME'),
(924, 1, 1, 1, 'Products', '', '2019-03-11 13:57:18', '2019-03-11 13:57:18', NULL, NULL, 0, 1, 0, 0, 'IMPORT', 'CD 701 HKMD D-400 FRAME'),
(925, 1, 1, 1, 'Products', '', '2019-03-11 13:57:18', '2019-03-11 13:57:18', NULL, NULL, 0, 1, 0, 0, 'IMPORT', '690 DIA D-400 FRAME(NECO)'),
(926, 1, 1, 1, 'Products', '', '2019-03-11 13:57:18', '2019-03-11 13:57:18', NULL, NULL, 0, 1, 0, 0, 'IMPORT', 'CD 128 KMC C-250 FRAME'),
(927, 1, 1, 1, 'Products', '', '2019-03-11 13:57:18', '2019-03-11 13:57:18', NULL, NULL, 0, 1, 0, 0, 'IMPORT', '415X415 DT D-400 FRAME'),
(928, 1, 1, 1, 'Products', '', '2019-03-11 13:57:18', '2019-03-11 13:57:18', NULL, NULL, 0, 1, 0, 0, 'IMPORT', '145 DIA SURFACE BOX FRAME'),
(929, 1, 1, 1, 'Products', '', '2019-03-11 13:57:18', '2019-03-11 13:57:18', NULL, NULL, 0, 1, 0, 0, 'IMPORT', '600X600 DT D-400 FRAME - 4 FLANGE'),
(930, 1, 1, 1, 'Products', '', '2019-03-11 13:57:18', '2019-03-11 13:57:18', NULL, NULL, 0, 1, 0, 0, 'IMPORT', '600X600 DT D-400 FRAME-3 FLANGE'),
(931, 1, 1, 1, 'Products', '', '2019-03-11 13:57:18', '2019-03-11 13:57:18', NULL, NULL, 0, 1, 0, 0, 'IMPORT', 'CD 1659 AKMD D-400 FRAME'),
(932, 1, 1, 1, 'Products', '', '2019-03-11 13:57:18', '2019-03-11 13:57:18', NULL, NULL, 0, 1, 0, 0, 'IMPORT', 'CD 701 AKMD D-400 FRAME'),
(933, 1, 1, 1, 'Products', '', '2019-03-11 13:57:18', '2019-03-11 13:57:18', NULL, NULL, 0, 1, 0, 0, 'IMPORT', '300X300 DS C-250 FRAME(AMANAH)'),
(934, 1, 1, 1, 'Products', '', '2019-03-11 13:57:18', '2019-03-11 13:57:18', NULL, NULL, 0, 1, 0, 0, 'IMPORT', 'CD 1659 AHKMD D-400 FRAME'),
(935, 1, 1, 1, 'Products', '', '2019-03-11 13:57:18', '2019-03-11 13:57:18', NULL, NULL, 0, 1, 0, 0, 'IMPORT', '900X900 C-250 FRAME(DRWA)'),
(936, 1, 1, 1, 'Products', '', '2019-03-11 13:57:18', '2019-03-11 13:57:18', NULL, NULL, 0, 1, 0, 0, 'IMPORT', '300X300 DT D-400 FRAME'),
(937, 1, 1, 1, 'Products', '', '2019-03-11 13:57:18', '2019-03-11 13:57:18', NULL, NULL, 0, 1, 0, 0, 'IMPORT', '900X600 B-125 SAXON FRAME'),
(938, 1, 1, 1, 'Products', '', '2019-03-11 13:57:19', '2019-03-11 13:57:19', NULL, NULL, 0, 1, 0, 0, 'IMPORT', '1500X750 D-400 FRAME'),
(939, 1, 1, 1, 'Products', '', '2019-03-11 13:57:19', '2019-03-11 13:57:19', NULL, NULL, 0, 1, 0, 0, 'IMPORT', '800X800 B-125 FRAME(DRWA)'),
(940, 1, 1, 1, 'Products', '', '2019-03-11 13:57:19', '2019-03-11 13:57:19', NULL, NULL, 0, 1, 0, 0, 'IMPORT', '615 DIA D-400 FRAME(WEB FORCE)'),
(941, 1, 1, 1, 'Products', '', '2019-03-11 13:57:19', '2019-03-11 13:57:19', NULL, NULL, 0, 1, 0, 0, 'IMPORT', '900X600B-125 SAXON FRAME'),
(942, 1, 1, 1, 'Products', '', '2019-03-11 13:57:19', '2019-03-11 13:57:19', NULL, NULL, 0, 1, 0, 0, 'IMPORT', '600X600 DT D-400 FRAME-HB'),
(943, 1, 1, 1, 'Products', '', '2019-03-11 13:57:19', '2019-03-11 13:57:19', NULL, NULL, 0, 1, 0, 0, 'IMPORT', '675X675X150 D-400 FRAME(THOMAS DUDLEY)'),
(944, 1, 1, 1, 'Products', '', '2019-03-11 13:57:19', '2019-03-11 13:57:19', NULL, NULL, 0, 1, 0, 0, 'IMPORT', '600X600X150 D-400 FRAME(THOMAS DUDLEY)'),
(945, 1, 1, 1, 'Products', '', '2019-03-11 13:57:19', '2019-03-11 13:57:19', NULL, NULL, 0, 1, 0, 0, 'IMPORT', '675X675X100 D-400 FRAME(THOMAS DUDLEY)'),
(946, 1, 1, 1, 'Products', '', '2019-03-11 13:57:19', '2019-03-11 13:57:19', NULL, NULL, 0, 1, 0, 0, 'IMPORT', '1220x1220 C-250 FRAME'),
(947, 1, 1, 1, 'Products', '', '2019-03-11 13:57:19', '2019-03-11 13:57:19', NULL, NULL, 0, 1, 0, 0, 'IMPORT', '1600X600 D-400 FRAME'),
(948, 1, 1, 1, 'Products', '', '2019-03-11 13:57:19', '2019-03-11 13:57:19', NULL, NULL, 0, 1, 0, 0, 'IMPORT', '600X600 SS B-125 FRAME(THOMAS DUDLEY)'),
(949, 1, 1, 1, 'Products', '', '2019-03-11 13:57:19', '2019-03-11 13:57:19', NULL, NULL, 0, 1, 0, 0, 'IMPORT', '600 DIA B-125 FRAME(THOMAS DUDLEY)'),
(950, 1, 1, 1, 'Products', '', '2019-03-11 13:57:19', '2019-03-11 13:57:19', NULL, NULL, 0, 1, 0, 0, 'IMPORT', '675X675X40 B-125 FRAME(THOMAS DUDLEY)'),
(951, 1, 1, 1, 'Products', '', '2019-03-11 13:57:19', '2019-03-11 13:57:19', NULL, NULL, 0, 1, 0, 0, 'IMPORT', '700X700 B-125 FRAME(DRWA)(CARAT)'),
(952, 1, 1, 1, 'Products', '', '2019-03-11 13:57:19', '2019-03-11 13:57:19', NULL, NULL, 0, 1, 0, 0, 'IMPORT', '400X400 B-125 FRAME(DRWA)(CARAT)'),
(953, 1, 1, 1, 'Products', '', '2019-03-11 13:57:19', '2019-03-11 13:57:19', NULL, NULL, 0, 1, 0, 0, 'IMPORT', '700X700 D-400 FRAME(DRWA)(CARAT)'),
(954, 1, 1, 1, 'Products', '', '2019-03-11 13:57:19', '2019-03-11 13:57:19', NULL, NULL, 0, 1, 0, 0, 'IMPORT', 'CD 701 AHKMD D-400 FRAME'),
(955, 1, 1, 1, 'Products', '', '2019-03-11 13:57:19', '2019-03-11 13:57:19', NULL, NULL, 0, 1, 0, 0, 'IMPORT', '800X800 B-125 FRAME(DRWA)(CARAT)'),
(956, 1, 1, 1, 'Products', '', '2019-03-11 13:57:19', '2019-03-11 13:57:19', NULL, NULL, 0, 1, 0, 0, 'IMPORT', '700X700 C-250 FRAME(DRWA)(CARAT)'),
(957, 1, 1, 1, 'Products', '', '2019-03-11 13:57:19', '2019-03-11 13:57:19', NULL, NULL, 0, 1, 0, 0, 'IMPORT', '900X900 C-250 FRAME(DRWA)(CARAT)'),
(958, 1, 1, 1, 'Products', '', '2019-03-11 13:57:19', '2019-03-11 13:57:19', NULL, NULL, 0, 1, 0, 0, 'IMPORT', '600X600 SS D-400 BOLTED FRAME(AMANAH)'),
(959, 1, 1, 1, 'Products', '', '2019-03-11 13:57:19', '2019-03-11 13:57:19', NULL, NULL, 0, 1, 0, 0, 'IMPORT', '1200X600 D-400 BOLTED FRAME'),
(960, 1, 1, 1, 'Products', '', '2019-03-11 13:57:19', '2019-03-11 13:57:19', NULL, NULL, 0, 1, 0, 0, 'IMPORT', 'CD 759 KMB B-125 FRAME'),
(961, 1, 1, 1, 'Products', '', '2019-03-11 13:57:19', '2019-03-11 13:57:19', NULL, NULL, 0, 1, 0, 0, 'IMPORT', '600X750 SS D-400 BOLTED FRAME(AMANAH)'),
(962, 1, 1, 1, 'Products', '', '2019-03-11 13:57:19', '2019-03-11 13:57:19', NULL, NULL, 0, 1, 0, 0, 'IMPORT', '600X600 DT D-400 FRAME(MBBM)(WITH GRP)'),
(963, 1, 1, 1, 'Products', '', '2019-03-11 13:57:19', '2019-03-11 13:57:19', NULL, NULL, 0, 1, 0, 0, 'IMPORT', '600 DIA VICRODS CLASS-B FRAME(ELECTRICAL)'),
(964, 1, 1, 1, 'Products', '', '2019-03-11 13:57:19', '2019-03-11 13:57:19', NULL, NULL, 0, 1, 0, 0, 'IMPORT', '1220X675X150 D-400 FRAME(THOMAS DUDLEY)'),
(965, 1, 1, 1, 'Products', '', '2019-03-11 13:57:19', '2019-03-11 13:57:19', NULL, NULL, 0, 1, 0, 0, 'IMPORT', '750 DIA SS D-400 BOLTED FRAME(SAXON)'),
(966, 1, 1, 1, 'Products', '', '2019-03-11 13:57:19', '2019-03-11 13:57:19', NULL, NULL, 0, 1, 0, 0, 'IMPORT', '600 DIA D-400 FRAME(SAXON)'),
(967, 1, 1, 1, 'Products', '', '2019-03-11 13:57:19', '2019-03-11 13:57:19', NULL, NULL, 0, 1, 0, 0, 'IMPORT', 'CD 755 KMD D-400 FRAME'),
(968, 1, 1, 1, 'Products', '', '2019-03-11 13:57:19', '2019-03-11 13:57:19', NULL, NULL, 0, 1, 0, 0, 'IMPORT', '900X600X100 D-400 FRAME(THOMAS DUDLEY)'),
(969, 1, 1, 1, 'Products', '', '2019-03-11 13:57:19', '2019-03-11 13:57:19', NULL, NULL, 0, 1, 0, 0, 'IMPORT', '300X300 F-900 FRAME'),
(970, 1, 1, 1, 'Products', '', '2019-03-11 13:57:19', '2019-03-11 13:57:19', NULL, NULL, 0, 1, 0, 0, 'IMPORT', '600X750X100 DT D-400 FRAME(THOMAS DUDLEY)'),
(971, 1, 1, 1, 'Products', '', '2019-03-11 13:57:19', '2019-03-11 13:57:19', NULL, NULL, 0, 1, 0, 0, 'IMPORT', '750X750X100 D-400 FRAME(THOMAS DUDLEY)'),
(972, 1, 1, 1, 'Products', '', '2019-03-11 13:57:19', '2019-03-11 13:57:19', NULL, NULL, 0, 1, 0, 0, 'IMPORT', '600 DIA D-400 SEMICIRCULAR FRAME(NIF)'),
(973, 1, 1, 1, 'Products', '', '2019-03-11 13:57:19', '2019-03-11 13:57:19', NULL, NULL, 0, 1, 0, 0, 'IMPORT', '750X750 D-400 BOLTED FRAME'),
(974, 1, 1, 1, 'Products', '', '2019-03-11 13:57:19', '2019-03-11 13:57:19', NULL, NULL, 0, 1, 0, 0, 'IMPORT', '600X600 DT D-400(WITH GRP)(NIF)'),
(975, 1, 1, 1, 'Products', '', '2019-03-11 13:57:19', '2019-03-11 13:57:19', NULL, NULL, 0, 1, 0, 0, 'IMPORT', '600X600 DT D-400 WITH GRP FRAME(NIF)'),
(976, 1, 1, 1, 'Products', '', '2019-03-11 13:57:19', '2019-03-11 13:57:19', NULL, NULL, 0, 1, 0, 0, 'IMPORT', '600X600 DS D-400 WITH GRP FRAME(NIF)'),
(977, 1, 1, 1, 'Products', '', '2019-03-11 13:57:19', '2019-03-11 13:57:19', NULL, NULL, 0, 1, 0, 0, 'IMPORT', '900X900X100 D-400 FRAME(THOMAS DUDLEY)'),
(978, 1, 1, 1, 'Products', '', '2019-03-11 13:57:19', '2019-03-11 13:57:19', NULL, NULL, 0, 1, 0, 0, 'IMPORT', '1220X675X100 D-400 FRAME(THOMAS DUDLEY)'),
(979, 1, 1, 1, 'Products', '', '2019-03-11 13:57:19', '2019-03-11 13:57:19', NULL, NULL, 0, 1, 0, 0, 'IMPORT', '500X500 D-400 FRAME(DRWA)(CARAT)'),
(980, 1, 1, 1, 'Products', '', '2019-03-11 13:57:19', '2019-03-11 13:57:19', NULL, NULL, 0, 1, 0, 0, 'IMPORT', '900 DIA SS D-400 WITH GRP FRAME'),
(981, 1, 1, 1, 'Products', '', '2019-03-11 13:57:19', '2019-03-11 13:57:19', NULL, NULL, 0, 1, 0, 0, 'IMPORT', '1200X1200 DT D-400 FRAME(THOMAS DUDLEY)'),
(982, 1, 1, 1, 'Products', '', '2019-03-11 13:57:19', '2019-03-11 13:57:19', NULL, NULL, 0, 1, 0, 0, 'IMPORT', '1000X1000X100 D-400 FRAME(THOMAS DUDLEY)'),
(983, 1, 1, 1, 'Products', '', '2019-03-11 13:57:20', '2019-03-11 13:57:20', NULL, NULL, 0, 1, 0, 0, 'IMPORT', '750X750X40 B-125 FRAME(THOMAS DUDLEY)'),
(984, 1, 1, 1, 'Products', '', '2019-03-11 13:57:20', '2019-03-11 13:57:20', NULL, NULL, 0, 1, 0, 0, 'IMPORT', '1200X750 D-400 BOLTED FRAME'),
(985, 1, 1, 1, 'Products', '', '2019-03-11 13:57:20', '2019-03-11 13:57:20', NULL, NULL, 0, 1, 0, 0, 'IMPORT', '1000X750 D-400 BOLTED FRAME'),
(986, 1, 1, 1, 'Products', '', '2019-03-11 13:57:20', '2019-03-11 13:57:20', NULL, NULL, 0, 1, 0, 0, 'IMPORT', '1500X750 D-400 BOLTED FRAME'),
(987, 1, 1, 1, 'Products', '', '2019-03-11 13:57:20', '2019-03-11 13:57:20', NULL, NULL, 0, 1, 0, 0, 'IMPORT', '600 DIA JUPALCO D-400 FRAME'),
(988, 1, 1, 1, 'Products', '', '2019-03-11 13:57:20', '2019-03-11 13:57:20', NULL, NULL, 0, 1, 0, 0, 'IMPORT', '750 DIA SS C-250 FRAME'),
(989, 1, 1, 1, 'Products', '', '2019-03-11 13:57:20', '2019-03-11 13:57:20', NULL, NULL, 0, 1, 0, 0, 'IMPORT', '750X600X40 B-125 FRAME(THOMAS DUDLEY)'),
(990, 1, 1, 1, 'Products', '', '2019-03-11 13:57:20', '2019-03-11 13:57:20', NULL, NULL, 0, 1, 0, 0, 'IMPORT', '400X400 D-400 FRAME(DRWA)'),
(991, 1, 1, 1, 'Products', '', '2019-03-11 13:57:20', '2019-03-11 13:57:20', NULL, NULL, 0, 1, 0, 0, 'IMPORT', '500X500 D-400 FRAME(DRWA)'),
(992, 1, 1, 1, 'Products', '', '2019-03-11 13:57:20', '2019-03-11 13:57:20', NULL, NULL, 0, 1, 0, 0, 'IMPORT', '800X800 D-400 FRAME(DRWA)(CARAT)'),
(993, 1, 1, 1, 'Products', '', '2019-03-11 13:57:20', '2019-03-11 13:57:20', NULL, NULL, 0, 1, 0, 0, 'IMPORT', '400X400 D-400 FRAME(DOHA)'),
(994, 1, 1, 1, 'Products', '', '2019-03-11 13:57:20', '2019-03-11 13:57:20', NULL, NULL, 0, 1, 0, 0, 'IMPORT', '1000X1000 D-400 FRAME(DRWA)'),
(995, 1, 1, 1, 'Products', '', '2019-03-11 13:57:20', '2019-03-11 13:57:20', NULL, NULL, 0, 1, 0, 0, 'IMPORT', '1000X1000 B-125 FRAME(DRWA)(CARAT)'),
(996, 1, 1, 1, 'Products', '', '2019-03-11 13:57:20', '2019-03-11 13:57:20', NULL, NULL, 0, 1, 0, 0, 'IMPORT', '1100X1100 C-250 FRAME(DRWA)'),
(997, 1, 1, 1, 'Products', '', '2019-03-11 13:57:20', '2019-03-11 13:57:20', NULL, NULL, 0, 1, 0, 0, 'IMPORT', '600X600 D-400 FRAME(DRWA)(CARAT)'),
(998, 1, 1, 1, 'Products', '', '2019-03-11 13:57:20', '2019-03-11 13:57:20', NULL, NULL, 0, 1, 0, 0, 'IMPORT', '1100X1100 D-400 FRAME(DRWA)'),
(999, 1, 1, 1, 'Products', '', '2019-03-11 13:57:20', '2019-03-11 13:57:20', NULL, NULL, 0, 1, 0, 0, 'IMPORT', '900X900 B-125 FRAME(AMANAH)'),
(1000, 1, 1, 1, 'Products', '', '2019-03-11 13:57:20', '2019-03-11 13:57:20', NULL, NULL, 0, 1, 0, 0, 'IMPORT', 'CD 1659 HKMD FRAME'),
(1001, 1, 1, 1, 'Products', '', '2019-03-11 13:57:20', '2019-03-11 13:57:20', NULL, NULL, 0, 1, 0, 0, 'IMPORT', '367 DIA CLASS B FRAME'),
(1002, 1, 1, 1, 'Products', '', '2019-03-11 13:57:20', '2019-03-11 13:57:20', NULL, NULL, 0, 1, 0, 0, 'IMPORT', '1000X1000 D-400 DRWA FRAME_TUV'),
(1003, 1, 1, 1, 'Products', '', '2019-03-11 13:57:20', '2019-03-11 13:57:20', NULL, NULL, 0, 1, 0, 0, 'IMPORT', '1100X1100 D-400 DRWA FRAME_TUV'),
(1004, 1, 1, 1, 'Products', '', '2019-03-11 13:57:20', '2019-03-11 13:57:20', NULL, NULL, 0, 1, 0, 0, 'IMPORT', '900X900 D-400 RECESS FRAME'),
(1005, 1, 1, 1, 'Products', '', '2019-03-11 13:57:20', '2019-03-11 13:57:20', NULL, NULL, 0, 1, 0, 0, 'IMPORT', '49 KG AUSTRALIA FRAME'),
(1006, 1, 1, 1, 'Products', '', '2019-03-11 13:57:20', '2019-03-11 13:57:20', NULL, NULL, 0, 1, 0, 0, 'IMPORT', 'CD 232 KMC C-250 FRAME'),
(1007, 1, 1, 1, 'Products', '', '2019-03-11 13:57:20', '2019-03-11 13:57:20', NULL, NULL, 0, 1, 0, 0, 'IMPORT', 'CD 180 AKMD D-400 L FRAME(150 HIEGHT)'),
(1008, 1, 1, 1, 'Products', '', '2019-03-11 13:57:20', '2019-03-11 13:57:20', NULL, NULL, 0, 1, 0, 0, 'IMPORT', 'CD 750 DT D-400 AHKMD FRAME'),
(1009, 1, 1, 1, 'Products', '', '2019-03-11 13:57:20', '2019-03-11 13:57:20', NULL, NULL, 0, 1, 0, 0, 'IMPORT', 'CD 761 KMB B-125 FRAME(NEW)'),
(1010, 1, 1, 1, 'Products', '', '2019-03-11 13:57:20', '2019-03-11 13:57:20', NULL, NULL, 0, 1, 0, 0, 'IMPORT', 'CD 184 D-400 SKMD FRAME'),
(1011, 1, 1, 1, 'Products', '', '2019-03-11 13:57:20', '2019-03-11 13:57:20', NULL, NULL, 0, 1, 0, 0, 'IMPORT', 'CD 693 D-400 AHKMD FRAME'),
(1012, 1, 1, 1, 'Products', '', '2019-03-11 13:57:20', '2019-03-11 13:57:20', NULL, NULL, 0, 1, 0, 0, 'IMPORT', 'CD 751 D-400 HKMD FRAME'),
(1013, 1, 1, 1, 'Products', '', '2019-03-11 13:57:20', '2019-03-11 13:57:20', NULL, NULL, 0, 1, 0, 0, 'IMPORT', 'CD 752 HKMD D-400 FRAME'),
(1014, 1, 1, 1, 'Products', '', '2019-03-11 13:57:20', '2019-03-11 13:57:20', NULL, NULL, 0, 1, 0, 0, 'IMPORT', 'CD 753 HKMD D-400 FRAME');
INSERT INTO `vtiger_crmentity_bkp` (`crmid`, `smcreatorid`, `smownerid`, `modifiedby`, `setype`, `description`, `createdtime`, `modifiedtime`, `viewedtime`, `status`, `version`, `presence`, `deleted`, `smgroupid`, `source`, `label`) VALUES
(1015, 1, 1, 1, 'Products', '', '2019-03-11 13:57:20', '2019-03-11 13:57:20', NULL, NULL, 0, 1, 0, 0, 'IMPORT', 'CD 695 HKMD D-400 FRAME'),
(1016, 1, 1, 1, 'Products', '', '2019-03-11 13:57:20', '2019-03-11 13:57:20', NULL, NULL, 0, 1, 0, 0, 'IMPORT', '600 DIA DS RECESS CIRCULAR FRAME(AMANAH)'),
(1017, 1, 1, 1, 'Products', '', '2019-03-11 13:57:20', '2019-03-11 13:57:20', NULL, NULL, 0, 1, 0, 0, 'IMPORT', '600 DIA D-400 HINGE FRAME(AMANAH)(PAM)'),
(1018, 1, 1, 1, 'Products', '', '2019-03-11 13:57:20', '2019-03-11 13:57:20', NULL, NULL, 0, 1, 0, 0, 'IMPORT', 'CD 693 HKMD D-400 FRAME'),
(1019, 1, 1, 1, 'Products', '', '2019-03-11 13:57:20', '2019-03-11 13:57:20', NULL, NULL, 0, 1, 0, 0, 'IMPORT', '180 DIA D-400 FRAME_MELTEX'),
(1020, 1, 1, 1, 'Products', '', '2019-03-11 13:57:20', '2019-03-11 13:57:20', NULL, NULL, 0, 1, 0, 0, 'IMPORT', '700X700 B-125 CAPA FRAME'),
(1021, 1, 1, 1, 'Products', '', '2019-03-11 13:57:20', '2019-03-11 13:57:20', NULL, NULL, 0, 1, 0, 0, 'IMPORT', '900X600 D-400 DZ FRAME'),
(1022, 1, 1, 1, 'Products', '', '2019-03-11 13:57:20', '2019-03-11 13:57:20', NULL, NULL, 0, 1, 0, 0, 'IMPORT', '600X800 OTE D-400 FRAME'),
(1023, 1, 1, 1, 'Products', '', '2019-03-11 13:57:20', '2019-03-11 13:57:20', NULL, NULL, 0, 1, 0, 0, 'IMPORT', '600 DIA B-125 FRAME(DOHA)'),
(1024, 1, 1, 1, 'Products', '', '2019-03-11 13:57:20', '2019-03-11 13:57:20', NULL, NULL, 0, 1, 0, 0, 'IMPORT', '1050 MM DIA RING (SECURE-PIT)'),
(1025, 1, 1, 1, 'Products', '', '2019-03-11 13:57:20', '2019-03-11 13:57:20', NULL, NULL, 0, 1, 0, 0, 'IMPORT', '260 DIA D-400 FRM. - SGPS'),
(1026, 1, 1, 1, 'Products', '', '2019-03-11 13:57:20', '2019-03-11 13:57:20', NULL, NULL, 0, 1, 0, 0, 'IMPORT', '800X800 D-400 FRAME(CAPA)'),
(1027, 1, 1, 1, 'Products', '', '2019-03-11 13:57:20', '2019-03-11 13:57:20', NULL, NULL, 0, 1, 0, 0, 'IMPORT', '600 DIA D-400 FRAME(BENITO)'),
(1028, 1, 1, 1, 'Products', '', '2019-03-11 13:57:20', '2019-03-11 13:57:20', NULL, NULL, 0, 1, 0, 0, 'IMPORT', '430X370 D-400 FRAME(NEW)'),
(1029, 1, 1, 1, 'Products', '', '2019-03-11 13:57:20', '2019-03-11 13:57:20', NULL, NULL, 0, 1, 0, 0, 'IMPORT', '900X600 C-250 DZ FRAME'),
(1030, 1, 1, 1, 'Products', '', '2019-03-11 13:57:20', '2019-03-11 13:57:20', NULL, NULL, 0, 1, 0, 0, 'IMPORT', 'HECAL SURFACE BOX LID'),
(1031, 1, 1, 1, 'Products', '', '2019-03-11 13:57:21', '2019-03-11 13:57:21', NULL, NULL, 0, 1, 0, 0, 'IMPORT', '400X400 B-125 FRAME(BENITO)'),
(1032, 1, 1, 1, 'Products', '', '2019-03-11 13:57:21', '2019-03-11 13:57:21', NULL, NULL, 0, 1, 0, 0, 'IMPORT', '300X300 B-125 DZ FRAME'),
(1033, 1, 1, 1, 'Products', '', '2019-03-11 13:57:21', '2019-03-11 13:57:21', NULL, NULL, 0, 1, 0, 0, 'IMPORT', '600X600 B-125 DZ FRAME'),
(1034, 1, 1, 1, 'Products', '', '2019-03-11 13:57:21', '2019-03-11 13:57:21', NULL, NULL, 0, 1, 0, 0, 'IMPORT', '400X400 B-125 DZ FRAME'),
(1035, 1, 1, 1, 'Products', '', '2019-03-11 13:57:21', '2019-03-11 13:57:21', NULL, NULL, 0, 1, 0, 0, 'IMPORT', '1000X1000 B-125 FRAME'),
(1036, 1, 1, 1, 'Products', '', '2019-03-11 13:58:14', '2019-03-11 13:58:14', NULL, NULL, 0, 1, 0, 0, 'IMPORT', '1600X1600 DT D-400 FRAME'),
(1037, 1, 1, 1, 'Products', '', '2019-03-11 13:58:14', '2019-03-11 13:58:14', NULL, NULL, 0, 1, 0, 0, 'IMPORT', '600X600 SS D-400 FRAME(HECAL)'),
(1038, 1, 1, 1, 'Products', '', '2019-03-11 13:58:14', '2019-03-11 13:58:14', NULL, NULL, 0, 1, 0, 0, 'IMPORT', '600 DIA D-400 170MM HIGHT FRAME(KANUS)'),
(1039, 1, 1, 1, 'Products', '', '2019-03-11 13:58:14', '2019-03-11 13:58:14', NULL, NULL, 0, 1, 0, 0, 'IMPORT', 'HECAL SURFACE BOX LID(A-310)'),
(1040, 1, 1, 1, 'Products', '', '2019-03-11 13:58:14', '2019-03-11 13:58:14', NULL, NULL, 0, 1, 0, 0, 'IMPORT', '180 DIA D-400 FRAME_SGPS'),
(1041, 1, 1, 1, 'Products', '', '2019-03-11 13:58:14', '2019-03-11 13:58:14', NULL, NULL, 0, 1, 0, 0, 'IMPORT', 'BENITO B-125 TH-40 FRAME(400X400)'),
(1042, 1, 1, 1, 'Products', '', '2019-03-11 13:58:14', '2019-03-11 13:58:14', NULL, NULL, 0, 1, 0, 0, 'IMPORT', '380X230 D-400 FRAME(KAHARMA)'),
(1043, 1, 1, 1, 'Products', '', '2019-03-11 13:58:14', '2019-03-11 13:58:14', NULL, NULL, 0, 1, 0, 0, 'IMPORT', '900X600 D-400 FRAME'),
(1044, 1, 1, 1, 'Products', '', '2019-03-11 13:58:14', '2019-03-11 13:58:14', NULL, NULL, 0, 1, 0, 0, 'IMPORT', 'HECAL TE063 FRAME'),
(1045, 1, 1, 1, 'Products', '', '2019-03-11 13:58:14', '2019-03-11 13:58:14', NULL, NULL, 0, 1, 0, 0, 'IMPORT', '600X600 SS D-400 FRAME(HECAL)(WITH GASKIT)'),
(1046, 1, 1, 1, 'Products', '', '2019-03-11 13:58:14', '2019-03-11 13:58:14', NULL, NULL, 0, 1, 0, 0, 'IMPORT', '500X500 C-250 FRAME(MCP)'),
(1047, 1, 1, 1, 'Products', '', '2019-03-11 13:58:14', '2019-03-11 13:58:14', NULL, NULL, 0, 1, 0, 0, 'IMPORT', 'JRC-14 D-400 FRAME(QNBN)_HSD(1830X696X160)'),
(1048, 1, 1, 1, 'Products', '', '2019-03-11 13:58:14', '2019-03-11 13:58:14', NULL, NULL, 0, 1, 0, 0, 'IMPORT', 'JRC-12 D-400 FRAME(QNBN)_HSD(1220X696X160)'),
(1049, 1, 1, 1, 'Products', '', '2019-03-11 13:58:14', '2019-03-11 13:58:14', NULL, NULL, 0, 1, 0, 0, 'IMPORT', 'MCP 30C FRAME'),
(1050, 1, 1, 1, 'Products', '', '2019-03-11 13:58:14', '2019-03-11 13:58:14', NULL, NULL, 0, 1, 0, 0, 'IMPORT', 'LEO 50C FRAME'),
(1051, 1, 1, 1, 'Products', '', '2019-03-11 13:58:14', '2019-03-11 13:58:14', NULL, NULL, 0, 1, 0, 0, 'IMPORT', 'LEO 30B FRAME'),
(1052, 1, 1, 1, 'Products', '', '2019-03-11 13:58:14', '2019-03-11 13:58:14', NULL, NULL, 0, 1, 0, 0, 'IMPORT', '900X600 D-400 FRAME(MBBM)'),
(1053, 1, 1, 1, 'Products', '', '2019-03-11 13:58:14', '2019-03-11 13:58:14', NULL, NULL, 0, 1, 0, 0, 'IMPORT', '600 DIA B-125 DZ FRAME'),
(1054, 1, 1, 1, 'Products', '', '2019-03-11 13:58:14', '2019-03-11 13:58:14', NULL, NULL, 0, 1, 0, 0, 'IMPORT', '750X750 DT D-400 FRAME(MBBM)'),
(1055, 1, 1, 1, 'Products', '', '2019-03-11 13:58:14', '2019-03-11 13:58:14', NULL, NULL, 0, 1, 0, 0, 'IMPORT', '500X500 B-125 DZ FRAME'),
(1056, 1, 1, 1, 'Products', '', '2019-03-11 13:58:14', '2019-03-11 13:58:14', NULL, NULL, 0, 1, 0, 0, 'IMPORT', '500X500 C-250 LEO FRAME'),
(1057, 1, 1, 1, 'Products', '', '2019-03-11 13:58:14', '2019-03-11 13:58:14', NULL, NULL, 0, 1, 0, 0, 'IMPORT', '300X300 C-250 LEO FRAME'),
(1058, 1, 1, 1, 'Products', '', '2019-03-11 13:58:14', '2019-03-11 13:58:14', NULL, NULL, 0, 1, 0, 0, 'IMPORT', '400X500 B-125 DZ FRAME'),
(1059, 1, 1, 1, 'Products', '', '2019-03-11 13:58:14', '2019-03-11 13:58:14', NULL, NULL, 0, 1, 0, 0, 'IMPORT', 'MIC 40C FRAME(MCP)'),
(1060, 1, 1, 1, 'Products', '', '2019-03-11 13:58:14', '2019-03-11 13:58:14', NULL, NULL, 0, 1, 0, 0, 'IMPORT', '600 DIA D-400 FRAME(TANQIA)'),
(1061, 1, 1, 1, 'Products', '', '2019-03-11 13:58:14', '2019-03-11 13:58:14', NULL, NULL, 0, 1, 0, 0, 'IMPORT', 'MCP 40B FRAME(LEO)'),
(1062, 1, 1, 1, 'Products', '', '2019-03-11 13:58:14', '2019-03-11 13:58:14', NULL, NULL, 0, 1, 0, 0, 'IMPORT', '750X750 DT D-400 FRAME(WITH GRP)(CIL)'),
(1063, 1, 1, 1, 'Products', '', '2019-03-11 13:58:14', '2019-03-11 13:58:14', NULL, NULL, 0, 1, 0, 0, 'IMPORT', '600X750 SS D-400 FRAME(CIL)'),
(1064, 1, 1, 1, 'Products', '', '2019-03-11 13:58:14', '2019-03-11 13:58:14', NULL, NULL, 0, 1, 0, 0, 'IMPORT', '600 DIA DT D-400 FRAME(SIF INDIA)'),
(1065, 1, 1, 1, 'Products', '', '2019-03-11 13:58:14', '2019-03-11 13:58:14', NULL, NULL, 0, 1, 0, 0, 'IMPORT', '600X600 SS B-125 FRAME(CIL)'),
(1066, 1, 1, 1, 'Products', '', '2019-03-11 13:58:14', '2019-03-11 13:58:14', NULL, NULL, 0, 1, 0, 0, 'IMPORT', '300X300 DS B-125 FRAME(CIL)'),
(1067, 1, 1, 1, 'Products', '', '2019-03-11 13:58:14', '2019-03-11 13:58:14', NULL, NULL, 0, 1, 0, 0, 'IMPORT', 'BENITO B-125 TH-30 FRAME(300X300)'),
(1068, 1, 1, 1, 'Products', '', '2019-03-11 13:58:14', '2019-03-11 13:58:14', NULL, NULL, 0, 1, 0, 0, 'IMPORT', '1000X1000 RECESS D-400 FRAME(CIL)(1044LU)'),
(1069, 1, 1, 1, 'Products', '', '2019-03-11 13:58:14', '2019-03-11 13:58:14', NULL, NULL, 0, 1, 0, 0, 'IMPORT', '600X600 D-400 RECESS FRAME(CIL)(1008LU)'),
(1070, 1, 1, 1, 'Products', '', '2019-03-11 13:58:14', '2019-03-11 13:58:14', NULL, NULL, 0, 1, 0, 0, 'IMPORT', '675X675 D-400 RECESS FRAME(CIL)(1042LU)'),
(1071, 1, 1, 1, 'Products', '', '2019-03-11 13:58:14', '2019-03-11 13:58:14', NULL, NULL, 0, 1, 0, 0, 'IMPORT', '600X600 DT D-400 RECESS FRAME(CIL)(1054LU)'),
(1072, 1, 1, 1, 'Products', '', '2019-03-11 13:58:14', '2019-03-11 13:58:14', NULL, NULL, 0, 1, 0, 0, 'IMPORT', '600X750 D-400 RECESS FRAME(CIL)(1041LU)'),
(1073, 1, 1, 1, 'Products', '', '2019-03-11 13:58:14', '2019-03-11 13:58:14', NULL, NULL, 0, 1, 0, 0, 'IMPORT', '900X750 D-400 RECESS FRAME(CIL)(1043LU)'),
(1074, 1, 1, 1, 'Products', '', '2019-03-11 13:58:14', '2019-03-11 13:58:14', NULL, NULL, 0, 1, 0, 0, 'IMPORT', '750X750 RECESS D-400 FRAME(CIL)(1045LU)'),
(1075, 1, 1, 1, 'Products', '', '2019-03-11 13:58:15', '2019-03-11 13:58:15', NULL, NULL, 0, 1, 0, 0, 'IMPORT', '600X600 B-125 FRAME(HECAL)'),
(1076, 1, 1, 1, 'Products', '', '2019-03-11 13:58:15', '2019-03-11 13:58:15', NULL, NULL, 0, 1, 0, 0, 'IMPORT', '750X750 DT FRAME(CIL)(1036LU)'),
(1077, 1, 1, 1, 'Products', '', '2019-03-11 13:58:15', '2019-03-11 13:58:15', NULL, NULL, 0, 1, 0, 0, 'IMPORT', '600X600 DT D-400 FRAME(CIL)'),
(1078, 1, 1, 1, 'Products', '', '2019-03-11 13:58:15', '2019-03-11 13:58:15', NULL, NULL, 0, 1, 0, 0, 'IMPORT', '750X600 FRAME(CIL)(1026LU)'),
(1079, 1, 1, 1, 'Products', '', '2019-03-11 13:58:15', '2019-03-11 13:58:15', NULL, NULL, 0, 1, 0, 0, 'IMPORT', 'JRC-4 D-400 FRAME(995X540)-SIF INDIA'),
(1080, 1, 1, 1, 'Products', '', '2019-03-11 13:58:15', '2019-03-11 13:58:15', NULL, NULL, 0, 1, 0, 0, 'IMPORT', 'JRC-12 D-400 RECESSED FRAME(1220x696x130)'),
(1081, 1, 1, 1, 'Products', '', '2019-03-11 13:58:15', '2019-03-11 13:58:15', NULL, NULL, 0, 1, 0, 0, 'IMPORT', '300X300 DT D-400 FRAME(CIL)'),
(1082, 1, 1, 1, 'Products', '', '2019-03-11 13:58:15', '2019-03-11 13:58:15', NULL, NULL, 0, 1, 0, 0, 'IMPORT', '600X600 D-400 GG FRAME(CI)'),
(1083, 1, 1, 1, 'Products', '', '2019-03-11 13:58:15', '2019-03-11 13:58:15', NULL, NULL, 0, 1, 0, 0, 'IMPORT', 'JRC-14 D-400 RECESSED FRAME(1830x696x130)'),
(1084, 1, 1, 1, 'Products', '', '2019-03-11 13:58:15', '2019-03-11 13:58:15', NULL, NULL, 0, 1, 0, 0, 'IMPORT', '1050 MM DIA RING'),
(1085, 1, 1, 1, 'Products', '', '2019-03-11 13:58:15', '2019-03-11 13:58:15', NULL, NULL, 0, 1, 0, 0, 'IMPORT', '750X750 B-125 WITH GRP FRAME(CIL)'),
(1086, 1, 1, 1, 'Products', '', '2019-03-11 13:58:15', '2019-03-11 13:58:15', NULL, NULL, 0, 1, 0, 0, 'IMPORT', '1500X1000 DT D-400 FRAME'),
(1087, 1, 1, 1, 'Products', '', '2019-03-11 13:58:15', '2019-03-11 13:58:15', NULL, NULL, 0, 1, 0, 0, 'IMPORT', '1000X500 DT D-400 FRAME'),
(1088, 1, 1, 1, 'Products', '', '2019-03-11 13:58:15', '2019-03-11 13:58:15', NULL, NULL, 0, 1, 0, 0, 'IMPORT', '600X600X210 D-400 GG FRAME'),
(1089, 1, 1, 1, 'Products', '', '2019-03-11 13:58:15', '2019-03-11 13:58:15', NULL, NULL, 0, 1, 0, 0, 'IMPORT', '1041 8\" D-400 FRAME(500 DIA)'),
(1090, 1, 1, 1, 'Products', '', '2019-03-11 13:58:15', '2019-03-11 13:58:15', NULL, NULL, 0, 1, 0, 0, 'IMPORT', '500X500 D-400 GG FRAME'),
(1091, 1, 1, 1, 'Products', '', '2019-03-11 13:58:15', '2019-03-11 13:58:15', NULL, NULL, 0, 1, 0, 0, 'IMPORT', 'BENITO TH-40 B-125 LC FRAME(400X400)'),
(1092, 1, 1, 1, 'Products', '', '2019-03-11 13:58:15', '2019-03-11 13:58:15', NULL, NULL, 0, 1, 0, 0, 'IMPORT', 'MS ANGULAR FRAME(980X490)'),
(1093, 1, 1, 1, 'Products', '', '2019-03-11 13:58:15', '2019-03-11 13:58:15', NULL, NULL, 0, 1, 0, 0, 'IMPORT', 'MCP 60C FRAME(LEO)'),
(1094, 1, 1, 1, 'Products', '', '2019-03-11 13:58:15', '2019-03-11 13:58:15', NULL, NULL, 0, 1, 0, 0, 'IMPORT', '500X500 D-400 FRAME(HECAL)'),
(1095, 1, 1, 1, 'Products', '', '2019-03-11 13:58:15', '2019-03-11 13:58:15', NULL, NULL, 0, 1, 0, 0, 'IMPORT', '312 SURFACE BOX(SMALL)'),
(1096, 1, 1, 1, 'Products', '', '2019-03-11 13:58:15', '2019-03-11 13:58:15', NULL, NULL, 0, 1, 0, 0, 'IMPORT', '500 DIA D-400 FRAME(REHAU)'),
(1097, 1, 1, 1, 'Products', '', '2019-03-11 13:58:15', '2019-03-11 13:58:15', NULL, NULL, 0, 1, 0, 0, 'IMPORT', '600X600 DS B-125 FRAME(CIL)'),
(1098, 1, 1, 1, 'Products', '', '2019-03-11 13:58:15', '2019-03-11 13:58:15', NULL, NULL, 0, 1, 0, 0, 'IMPORT', '300 DIA D-400 DZ FRAME'),
(1099, 1, 1, 1, 'Products', '', '2019-03-11 13:58:15', '2019-03-11 13:58:15', NULL, NULL, 0, 1, 0, 0, 'IMPORT', '400 DIA D-400 DZ FRAME'),
(1100, 1, 1, 1, 'Products', '', '2019-03-11 13:58:15', '2019-03-11 13:58:15', NULL, NULL, 0, 1, 0, 0, 'IMPORT', '900X900 D-400 FRAME(DRWA)'),
(1101, 1, 1, 1, 'Products', '', '2019-03-11 13:58:15', '2019-03-11 13:58:15', NULL, NULL, 0, 1, 0, 0, 'IMPORT', '1100X450 NECO FRAME'),
(1102, 1, 1, 1, 'Products', '', '2019-03-11 13:58:15', '2019-03-11 13:58:15', NULL, NULL, 0, 1, 0, 0, 'IMPORT', '450X450 CLASS D INFILL CHANNEL'),
(1103, 1, 1, 1, 'Products', '', '2019-03-11 13:58:15', '2019-03-11 13:58:15', NULL, NULL, 0, 1, 0, 0, 'IMPORT', '600 DIA DOUBLE HINGE D-400 FRAME'),
(1104, 1, 1, 1, 'Products', '', '2019-03-11 13:58:15', '2019-03-11 13:58:15', NULL, NULL, 0, 1, 0, 0, 'IMPORT', '990X990X100 D-400 FRAME'),
(1105, 1, 1, 1, 'Products', '', '2019-03-11 13:58:15', '2019-03-11 13:58:15', NULL, NULL, 0, 1, 0, 0, 'IMPORT', '600X600 DS B-125 FRAME'),
(1106, 1, 1, 1, 'Products', '', '2019-03-11 13:58:15', '2019-03-11 13:58:15', NULL, NULL, 0, 1, 0, 0, 'IMPORT', '600 DIA NECO D-400 FRAME'),
(1107, 1, 1, 1, 'Products', '', '2019-03-11 13:58:15', '2019-03-11 13:58:15', NULL, NULL, 0, 1, 0, 0, 'IMPORT', 'CLKS 1659 KMD FRAME'),
(1108, 1, 1, 1, 'Products', '', '2019-03-11 13:58:15', '2019-03-11 13:58:15', NULL, NULL, 0, 1, 0, 0, 'IMPORT', '70X70 B-125 FRAME HEAVY(BENGAL METAL)'),
(1109, 1, 1, 1, 'Products', '', '2019-03-11 13:58:15', '2019-03-11 13:58:15', NULL, NULL, 0, 1, 0, 0, 'IMPORT', 'CLKS 1657  FRAME'),
(1110, 1, 1, 1, 'Products', '', '2019-03-11 13:58:15', '2019-03-11 13:58:15', NULL, NULL, 0, 1, 0, 0, 'IMPORT', '750X750 CLASS D INFILL CHANNEL'),
(1111, 1, 1, 1, 'Products', '', '2019-03-11 13:58:15', '2019-03-11 13:58:15', NULL, NULL, 0, 1, 0, 0, 'IMPORT', '600 DIA D-400 SWD FRAME'),
(1112, 1, 1, 1, 'Products', '', '2019-03-11 13:58:15', '2019-03-11 13:58:15', NULL, NULL, 0, 1, 0, 0, 'IMPORT', '450X450 C-250 SAXON FRAME'),
(1113, 1, 1, 1, 'Products', '', '2019-03-11 13:58:15', '2019-03-11 13:58:15', NULL, NULL, 0, 1, 0, 0, 'IMPORT', '675 DIA B-125 FOUL SEWER FRAME'),
(1114, 1, 1, 1, 'Products', '', '2019-03-11 13:58:15', '2019-03-11 13:58:15', NULL, NULL, 0, 1, 0, 0, 'IMPORT', '675 DIA DT D-400 SWD FRAME & COVER'),
(1115, 1, 1, 1, 'Products', '', '2019-03-11 13:58:15', '2019-03-11 13:58:15', NULL, NULL, 0, 1, 0, 0, 'IMPORT', '600 DIA IFCO FRAME (2 POINT SELF LOCK)'),
(1116, 1, 1, 1, 'Products', '', '2019-03-11 13:58:15', '2019-03-11 13:58:15', NULL, NULL, 0, 1, 0, 0, 'IMPORT', '600 DIA NECO B-125 FRAME'),
(1117, 1, 1, 1, 'Products', '', '2019-03-11 13:58:15', '2019-03-11 13:58:15', NULL, NULL, 0, 1, 0, 0, 'IMPORT', '1000X1000 B-125 FRAME(DRWA)'),
(1118, 1, 1, 1, 'Products', '', '2019-03-11 13:58:16', '2019-03-11 13:58:16', NULL, NULL, 0, 1, 0, 0, 'IMPORT', '600 Dia Frame Autolock (3 pt)'),
(1119, 1, 1, 1, 'Products', '', '2019-03-11 13:58:16', '2019-03-11 13:58:16', NULL, NULL, 0, 1, 0, 0, 'IMPORT', '600 Dia Frame D400'),
(1120, 1, 1, 1, 'Products', '', '2019-03-11 13:58:16', '2019-03-11 13:58:16', NULL, NULL, 0, 1, 0, 0, 'IMPORT', 'JUPALCO FRAME_CI'),
(1121, 1, 1, 1, 'Products', '', '2019-03-11 13:58:16', '2019-03-11 13:58:16', NULL, NULL, 0, 1, 0, 0, 'IMPORT', '600x600 DS D-400 Frame'),
(1122, 1, 1, 1, 'Products', '', '2019-03-11 13:58:16', '2019-03-11 13:58:16', NULL, NULL, 0, 1, 0, 0, 'IMPORT', '750x600 SS D-400 FRAME'),
(1123, 1, 1, 1, 'Products', '', '2019-03-11 13:58:16', '2019-03-11 13:58:16', NULL, NULL, 0, 1, 0, 0, 'IMPORT', '675 DIA DT D-400 FRAME'),
(1124, 1, 1, 1, 'Products', '', '2019-03-11 13:58:16', '2019-03-11 13:58:16', NULL, NULL, 0, 1, 0, 0, 'IMPORT', '675 DIA B-125 D/S FRAME'),
(1125, 1, 1, 1, 'Products', '', '2019-03-11 13:58:16', '2019-03-11 13:58:16', NULL, NULL, 0, 1, 0, 0, 'IMPORT', 'CLKS 759 KMB FRAME'),
(1126, 1, 1, 1, 'Products', '', '2019-03-11 13:58:16', '2019-03-11 13:58:16', NULL, NULL, 0, 1, 0, 0, 'IMPORT', '610 DIA D-400 SURECAST FRAME'),
(1127, 1, 1, 1, 'Products', '', '2019-03-11 13:58:16', '2019-03-11 13:58:16', NULL, NULL, 0, 1, 0, 0, 'IMPORT', 'CLKS 780 FRAME'),
(1128, 1, 1, 1, 'Products', '', '2019-03-11 13:58:16', '2019-03-11 13:58:16', NULL, NULL, 0, 1, 0, 0, 'IMPORT', '750X250 CHANNEL'),
(1129, 1, 1, 1, 'Products', '', '2019-03-11 13:58:16', '2019-03-11 13:58:16', NULL, NULL, 0, 1, 0, 0, 'IMPORT', '600 DIA D-400 TECUATECH FRAME(ROUND)'),
(1130, 1, 1, 1, 'Products', '', '2019-03-11 13:58:16', '2019-03-11 13:58:16', NULL, NULL, 0, 1, 0, 0, 'IMPORT', '170MM KAUNAS D-400 FRAME'),
(1131, 1, 1, 1, 'Products', '', '2019-03-11 13:58:16', '2019-03-11 13:58:16', NULL, NULL, 0, 1, 0, 0, 'IMPORT', 'MC-106 SINGLE HINGE FRAME'),
(1132, 1, 1, 1, 'Products', '', '2019-03-11 13:58:16', '2019-03-11 13:58:16', NULL, NULL, 0, 1, 0, 0, 'IMPORT', '50X50 B-125 FRAME LIGHT(BENGAL METAL)'),
(1133, 1, 1, 1, 'Products', '', '2019-03-11 13:58:16', '2019-03-11 13:58:16', NULL, NULL, 0, 1, 0, 0, 'IMPORT', 'JRC-14 D-400 FRAME(1805x680)_CI'),
(1134, 1, 1, 1, 'Products', '', '2019-03-11 13:58:16', '2019-03-11 13:58:16', NULL, NULL, 0, 1, 0, 0, 'IMPORT', '260 DIA FRAME SGPS'),
(1135, 1, 1, 1, 'Products', '', '2019-03-11 13:58:16', '2019-03-11 13:58:16', NULL, NULL, 0, 1, 0, 0, 'IMPORT', '600 DOA DOUBLE HINGE IFCO FRAME'),
(1136, 1, 1, 1, 'Products', '', '2019-03-11 13:58:16', '2019-03-11 13:58:16', NULL, NULL, 0, 1, 0, 0, 'IMPORT', '600 DIA DOUBLE HINGE IFCO FRAME'),
(1137, 1, 1, 1, 'Products', '', '2019-03-11 13:58:16', '2019-03-11 13:58:16', NULL, NULL, 0, 1, 0, 0, 'IMPORT', '600X600 DT D-400 FRAME'),
(1138, 1, 1, 1, 'Products', '', '2019-03-11 13:58:16', '2019-03-11 13:58:16', NULL, NULL, 0, 1, 0, 0, 'IMPORT', '600X600 CLASS D INFILL RAIL(SMALL)'),
(1139, 1, 1, 1, 'Products', '', '2019-03-11 13:58:16', '2019-03-11 13:58:16', NULL, NULL, 0, 1, 0, 0, 'IMPORT', '600 DIA DOUBLE HINGE LOCK'),
(1140, 1, 1, 1, 'Products', '', '2019-03-11 13:58:16', '2019-03-11 13:58:16', NULL, NULL, 0, 1, 0, 0, 'IMPORT', '50X50 B-125 FRAME HEAVY(BENGAL METAL)'),
(1141, 1, 1, 1, 'Products', '', '2019-03-11 13:58:16', '2019-03-11 13:58:16', NULL, NULL, 0, 1, 0, 0, 'IMPORT', 'REHAU D-400 FRAME(WITH OUT LOCK)'),
(1142, 1, 1, 1, 'Products', '', '2019-03-11 13:58:16', '2019-03-11 13:58:16', NULL, NULL, 0, 1, 0, 0, 'IMPORT', 'MC-106 DOUBLE HINGE LOCK'),
(1143, 1, 1, 1, 'Products', '', '2019-03-11 13:58:16', '2019-03-11 13:58:16', NULL, NULL, 0, 1, 0, 0, 'IMPORT', 'CD 701 D-400 KMD FRAME'),
(1144, 1, 1, 1, 'Products', '', '2019-03-11 13:58:16', '2019-03-11 13:58:16', NULL, NULL, 0, 1, 0, 0, 'IMPORT', 'REHAU B-125 FRAME(WITH OUT LOCK)'),
(1145, 1, 1, 1, 'Products', '', '2019-03-11 13:58:16', '2019-03-11 13:58:16', NULL, NULL, 0, 1, 0, 0, 'IMPORT', '600x600X40 SS B-125 FRAME'),
(1146, 1, 1, 1, 'Products', '', '2019-03-11 13:58:16', '2019-03-11 13:58:16', NULL, NULL, 0, 1, 0, 0, 'IMPORT', '300X300 DS B-125 FRAME'),
(1147, 1, 1, 1, 'Products', '', '2019-03-11 13:58:16', '2019-03-11 13:58:16', NULL, NULL, 0, 1, 0, 0, 'IMPORT', '750X750 DT D-400 FRAME(WITH GRP)'),
(1148, 1, 1, 1, 'Products', '', '2019-03-11 13:58:16', '2019-03-11 13:58:16', NULL, NULL, 0, 1, 0, 0, 'IMPORT', '600 DIA DOUBLE HINGE 3 PIN LOCKING D-400 FRAME(S)'),
(1149, 1, 1, 1, 'Products', '', '2019-03-11 13:58:16', '2019-03-11 13:58:16', NULL, NULL, 0, 1, 0, 0, 'IMPORT', 'TELLAM 600 DIA CLASS B FRAME(SEWER+STROM)'),
(1150, 1, 1, 1, 'Products', '', '2019-03-11 13:58:16', '2019-03-11 13:58:16', NULL, NULL, 0, 1, 0, 0, 'IMPORT', 'TELLAM 600 DIA CLASS D FRAME (STORM+SEWER )'),
(1151, 1, 1, 1, 'Products', '', '2019-03-11 13:58:16', '2019-03-11 13:58:16', NULL, NULL, 0, 1, 0, 0, 'IMPORT', '750X750 DT D-400 FOUL SEWER COVER(WITH GRP)'),
(1152, 1, 1, 1, 'Products', '', '2019-03-11 13:58:16', '2019-03-11 13:58:16', NULL, NULL, 0, 1, 0, 0, 'IMPORT', '750X750 DT D-400 FRAME(WITH OUT GRP)'),
(1153, 1, 1, 1, 'Products', '', '2019-03-11 13:58:16', '2019-03-11 13:58:16', NULL, NULL, 0, 1, 0, 0, 'IMPORT', 'REHAU D-400 FRAME(WITH LOCK)'),
(1154, 1, 1, 1, 'Products', '', '2019-03-11 13:58:17', '2019-03-11 13:58:17', NULL, NULL, 0, 1, 0, 0, 'IMPORT', '600X600 SS D-400 FRAME'),
(1155, 1, 1, 1, 'Products', '', '2019-03-11 13:58:17', '2019-03-11 13:58:17', NULL, NULL, 0, 1, 0, 0, 'IMPORT', 'REHAU D-400 FRAME SQUARE FLANG(WITH OUT LOCK)'),
(1156, 1, 1, 1, 'Products', '', '2019-03-11 13:58:17', '2019-03-11 13:58:17', NULL, NULL, 0, 1, 0, 0, 'IMPORT', '150X150 DT D-400 SURFACE BOX BODY'),
(1157, 1, 1, 1, 'Products', '', '2019-03-11 13:58:17', '2019-03-11 13:58:17', NULL, NULL, 0, 1, 0, 0, 'IMPORT', 'REHAU B-125 FRAME(WITH LOCK)'),
(1158, 1, 1, 1, 'Products', '', '2019-03-11 13:58:17', '2019-03-11 13:58:17', NULL, NULL, 0, 1, 0, 0, 'IMPORT', '400x400 C-250 GNE FRAME'),
(1159, 1, 1, 1, 'Products', '', '2019-03-11 13:58:17', '2019-03-11 13:58:17', NULL, NULL, 0, 1, 0, 0, 'IMPORT', 'CLKS 761 KMB FRAME'),
(1160, 1, 1, 1, 'Products', '', '2019-03-11 13:58:17', '2019-03-11 13:58:17', NULL, NULL, 0, 1, 0, 0, 'IMPORT', 'CLKS 762 KMB B-125 FRAME'),
(1161, 1, 1, 1, 'Products', '', '2019-03-11 13:58:17', '2019-03-11 13:58:17', NULL, NULL, 0, 1, 0, 0, 'IMPORT', '40X40 C-250 FRAME(BENGAL METAL)'),
(1162, 1, 1, 1, 'Products', '', '2019-03-11 13:58:17', '2019-03-11 13:58:17', NULL, NULL, 0, 1, 0, 0, 'IMPORT', '30X30 B-125 FRAME(BENGAL METAL)'),
(1163, 1, 1, 1, 'Products', '', '2019-03-11 13:58:17', '2019-03-11 13:58:17', NULL, NULL, 0, 1, 0, 0, 'IMPORT', 'CLKS 780 KMB FRAME'),
(1164, 1, 1, 1, 'Products', '', '2019-03-11 13:58:17', '2019-03-11 13:58:17', NULL, NULL, 0, 1, 0, 0, 'IMPORT', 'CLKS 1657 KMB B-125 FRAME'),
(1165, 1, 1, 1, 'Products', '', '2019-03-11 13:58:17', '2019-03-11 13:58:17', NULL, NULL, 0, 1, 0, 0, 'IMPORT', 'CLKS 752 KMB FRAME'),
(1166, 1, 1, 1, 'Products', '', '2019-03-11 13:58:17', '2019-03-11 13:58:17', NULL, NULL, 0, 1, 0, 0, 'IMPORT', 'CLKS 779 KMB FRAME'),
(1167, 1, 1, 1, 'Products', '', '2019-03-11 13:58:17', '2019-03-11 13:58:17', NULL, NULL, 0, 1, 0, 0, 'IMPORT', 'CLKS 777 KMB FRAME'),
(1168, 1, 1, 1, 'Products', '', '2019-03-11 13:58:17', '2019-03-11 13:58:17', NULL, NULL, 0, 1, 0, 0, 'IMPORT', '40X40 B-125 FRAME LIGHT(BENGAL METAL)'),
(1169, 1, 1, 1, 'Products', '', '2019-03-11 13:58:17', '2019-03-11 13:58:17', NULL, NULL, 0, 1, 0, 0, 'IMPORT', '30X30 B-125 DRWA FRAME'),
(1170, 1, 1, 1, 'Products', '', '2019-03-11 13:58:17', '2019-03-11 13:58:17', NULL, NULL, 0, 1, 0, 0, 'IMPORT', '40X40 B-125 DRWA FRAME'),
(1171, 1, 1, 1, 'Products', '', '2019-03-11 13:58:17', '2019-03-11 13:58:17', NULL, NULL, 0, 1, 0, 0, 'IMPORT', '50X50 B-125 DRWA FRAME'),
(1172, 1, 1, 1, 'Products', '', '2019-03-11 13:58:17', '2019-03-11 13:58:17', NULL, NULL, 0, 1, 0, 0, 'IMPORT', '60X60 B-125 DRWA FRAME'),
(1173, 1, 1, 1, 'Products', '', '2019-03-11 13:58:17', '2019-03-11 13:58:17', NULL, NULL, 0, 1, 0, 0, 'IMPORT', '700X700 B-125 FRAME(DRWA)'),
(1174, 1, 1, 1, 'Products', '', '2019-03-11 13:58:17', '2019-03-11 13:58:17', NULL, NULL, 0, 1, 0, 0, 'IMPORT', '800X800 B-125 DRWA FRAME'),
(1175, 1, 1, 1, 'Products', '', '2019-03-11 13:58:17', '2019-03-11 13:58:17', NULL, NULL, 0, 1, 0, 0, 'IMPORT', '900X900 B-125 DRWA FRAME'),
(1176, 1, 1, 1, 'Products', '', '2019-03-11 13:58:17', '2019-03-11 13:58:17', NULL, NULL, 0, 1, 0, 0, 'IMPORT', '100X100 B-125 DRWA FRAME'),
(1177, 1, 1, 1, 'Products', '', '2019-03-11 13:58:17', '2019-03-11 13:58:17', NULL, NULL, 0, 1, 0, 0, 'IMPORT', '675 DIA D-400 RIEW FRAME'),
(1178, 1, 1, 1, 'Products', '', '2019-03-11 13:58:17', '2019-03-11 13:58:17', NULL, NULL, 0, 1, 0, 0, 'IMPORT', '600 DIA B-125 SEWERAGE FRAME'),
(1179, 1, 1, 1, 'Products', '', '2019-03-11 13:58:17', '2019-03-11 13:58:17', NULL, NULL, 0, 1, 0, 0, 'IMPORT', '400x400 B-125 GNE FRAME'),
(1180, 1, 1, 1, 'Products', '', '2019-03-11 13:58:17', '2019-03-11 13:58:17', NULL, NULL, 0, 1, 0, 0, 'IMPORT', 'CLKS 701 KMD FRAME'),
(1181, 1, 1, 1, 'Products', '', '2019-03-11 13:58:17', '2019-03-11 13:58:17', NULL, NULL, 0, 1, 0, 0, 'IMPORT', 'CLKS 701 AHKMD FRAME'),
(1182, 1, 1, 1, 'Products', '', '2019-03-11 13:58:17', '2019-03-11 13:58:17', NULL, NULL, 0, 1, 0, 0, 'IMPORT', '80X80 B-125 FRAME LIGHT(BENGAL METAL)'),
(1183, 1, 1, 1, 'Products', '', '2019-03-11 13:58:17', '2019-03-11 13:58:17', NULL, NULL, 0, 1, 0, 0, 'IMPORT', 'CLKS 701 HKMD FRAME'),
(1184, 1, 1, 1, 'Products', '', '2019-03-11 13:58:17', '2019-03-11 13:58:17', NULL, NULL, 0, 1, 0, 0, 'IMPORT', 'CLKS 756 KMD FRAME'),
(1185, 1, 1, 1, 'Products', '', '2019-03-11 13:58:17', '2019-03-11 13:58:17', NULL, NULL, 0, 1, 0, 0, 'IMPORT', 'CLKS 1659 AKMD FRAME'),
(1186, 1, 1, 1, 'Products', '', '2019-03-11 13:58:17', '2019-03-11 13:58:17', NULL, NULL, 0, 1, 0, 0, 'IMPORT', 'CLKS 1659 AHKMD FRAME'),
(1187, 1, 1, 1, 'Products', '', '2019-03-11 13:58:17', '2019-03-11 13:58:17', NULL, NULL, 0, 1, 0, 0, 'IMPORT', 'CLKS 1659 HKMD FRAME'),
(1188, 1, 1, 1, 'Products', '', '2019-03-11 13:58:17', '2019-03-11 13:58:17', NULL, NULL, 0, 1, 0, 0, 'IMPORT', 'CLKS 1657 KMD FRAME'),
(1189, 1, 1, 1, 'Products', '', '2019-03-11 13:58:18', '2019-03-11 13:58:18', NULL, NULL, 0, 1, 0, 0, 'IMPORT', 'CLKS 693 AHKMD FRAME'),
(1190, 1, 1, 1, 'Products', '', '2019-03-11 13:58:18', '2019-03-11 13:58:18', NULL, NULL, 0, 1, 0, 0, 'IMPORT', 'CLKS 693 HKMD FRAME'),
(1191, 1, 1, 1, 'Products', '', '2019-03-11 13:58:18', '2019-03-11 13:58:18', NULL, NULL, 0, 1, 0, 0, 'IMPORT', '40X40 DRWA D-400 FRAME'),
(1192, 1, 1, 1, 'Products', '', '2019-03-11 13:58:18', '2019-03-11 13:58:18', NULL, NULL, 0, 1, 0, 0, 'IMPORT', '50X50 DRWA D-400 FRAME'),
(1193, 1, 1, 1, 'Products', '', '2019-03-11 13:58:18', '2019-03-11 13:58:18', NULL, NULL, 0, 1, 0, 0, 'IMPORT', '60X60 DRWA D-400 FRAME'),
(1194, 1, 1, 1, 'Products', '', '2019-03-11 13:58:18', '2019-03-11 13:58:18', NULL, NULL, 0, 1, 0, 0, 'IMPORT', '800X800 DRWA D-400 FRAME'),
(1195, 1, 1, 1, 'Products', '', '2019-03-11 13:58:18', '2019-03-11 13:58:18', NULL, NULL, 0, 1, 0, 0, 'IMPORT', '90X90 DRWA D-400 FRAME'),
(1196, 1, 1, 1, 'Products', '', '2019-03-11 13:58:18', '2019-03-11 13:58:18', NULL, NULL, 0, 1, 0, 0, 'IMPORT', '100X100 DRWA D-400 FRAME'),
(1197, 1, 1, 1, 'Products', '', '2019-03-11 13:58:18', '2019-03-11 13:58:18', NULL, NULL, 0, 1, 0, 0, 'IMPORT', '600X600X100 DS D-400 FRAME'),
(1198, 1, 1, 1, 'Products', '', '2019-03-11 13:58:18', '2019-03-11 13:58:18', NULL, NULL, 0, 1, 0, 0, 'IMPORT', '600 DIA D-400 HD COVER'),
(1199, 1, 1, 1, 'Products', '', '2019-03-11 13:58:18', '2019-03-11 13:58:18', NULL, NULL, 0, 1, 0, 0, 'IMPORT', 'JRC-14 D-400 FRAME(1805x680x100)'),
(1200, 1, 1, 1, 'Products', '', '2019-03-11 13:58:18', '2019-03-11 13:58:18', NULL, NULL, 0, 1, 0, 0, 'IMPORT', '60X60 B-125 FRAME LIGHT(BENGAL METAL)'),
(1201, 1, 1, 1, 'Products', '', '2019-03-11 13:58:18', '2019-03-11 13:58:18', NULL, NULL, 0, 1, 0, 0, 'IMPORT', 'CLKS 12 FRAME'),
(1202, 1, 1, 1, 'Products', '', '2019-03-11 13:58:18', '2019-03-11 13:58:18', NULL, NULL, 0, 1, 0, 0, 'IMPORT', 'CLKS 62 FRAME'),
(1203, 1, 1, 1, 'Products', '', '2019-03-11 13:58:18', '2019-03-11 13:58:18', NULL, NULL, 0, 1, 0, 0, 'IMPORT', '600X600X95 DS D-400 RECESS FRAME'),
(1204, 1, 1, 1, 'Products', '', '2019-03-11 13:58:18', '2019-03-11 13:58:18', NULL, NULL, 0, 1, 0, 0, 'IMPORT', '300X300 DS D-400 RECESS FRAME'),
(1205, 1, 1, 1, 'Products', '', '2019-03-11 13:58:18', '2019-03-11 13:58:18', NULL, NULL, 0, 1, 0, 0, 'IMPORT', '600 DIA D-400 SEWERAGE FRAME'),
(1206, 1, 1, 1, 'Products', '', '2019-03-11 13:58:18', '2019-03-11 13:58:18', NULL, NULL, 0, 1, 0, 0, 'IMPORT', '750MM DIA DT D-400 FRAME'),
(1207, 1, 1, 1, 'Products', '', '2019-03-11 13:58:18', '2019-03-11 13:58:18', NULL, NULL, 0, 1, 0, 0, 'IMPORT', '500X500 DRWA C-250 FRAME'),
(1208, 1, 1, 1, 'Products', '', '2019-03-11 13:58:18', '2019-03-11 13:58:18', NULL, NULL, 0, 1, 0, 0, 'IMPORT', '600 DIA D-400 RIEW FRAME'),
(1209, 1, 1, 1, 'Products', '', '2019-03-11 13:58:18', '2019-03-11 13:58:18', NULL, NULL, 0, 1, 0, 0, 'IMPORT', '700X700 DRWA C-250 FRAME'),
(1210, 1, 1, 1, 'Products', '', '2019-03-11 13:58:18', '2019-03-11 13:58:18', NULL, NULL, 0, 1, 0, 0, 'IMPORT', '800X800 DRWA C-250 FRAME'),
(1211, 1, 1, 1, 'Products', '', '2019-03-11 13:58:18', '2019-03-11 13:58:18', NULL, NULL, 0, 1, 0, 0, 'IMPORT', '60X60 B-125 FRAME HEAVY(BENGAL METAL)'),
(1212, 1, 1, 1, 'Products', '', '2019-03-11 13:58:18', '2019-03-11 13:58:18', NULL, NULL, 0, 1, 0, 0, 'IMPORT', '660X610 C-250 CATCH BASIN FRAME'),
(1213, 1, 1, 1, 'Products', '', '2019-03-11 13:58:18', '2019-03-11 13:58:18', NULL, NULL, 0, 1, 0, 0, 'IMPORT', 'manhole cl. D400 w.o.vent. 420x420 w.bolts'),
(1214, 1, 1, 1, 'Products', '', '2019-03-11 13:58:18', '2019-03-11 13:58:18', NULL, NULL, 0, 1, 0, 0, 'IMPORT', 'manhole cl. B125 w.o.vent. DN 315 Frame'),
(1215, 1, 1, 1, 'Products', '', '2019-03-11 13:58:18', '2019-03-11 13:58:18', NULL, NULL, 0, 1, 0, 0, 'IMPORT', 'manhole cl. B125 w.vent. DN 315 w.bolts'),
(1216, 1, 1, 1, 'Products', '', '2019-03-11 13:58:18', '2019-03-11 13:58:18', NULL, NULL, 0, 1, 0, 0, 'IMPORT', 'manhole cl.D400 w.o.vent. DN 315 w.bolts'),
(1217, 1, 1, 1, 'Products', '', '2019-03-11 13:58:18', '2019-03-11 13:58:18', NULL, NULL, 0, 1, 0, 0, 'IMPORT', 'manhole cl.D400 w.vent. DN 315 w.bolts'),
(1218, 1, 1, 1, 'Products', '', '2019-03-11 13:58:18', '2019-03-11 13:58:18', NULL, NULL, 0, 1, 0, 0, 'IMPORT', 'NF-80 FRAME'),
(1219, 1, 1, 1, 'Products', '', '2019-03-11 13:58:18', '2019-03-11 13:58:18', NULL, NULL, 0, 1, 0, 0, 'IMPORT', '1100X1100 D-400 COVER(CAPA)'),
(1220, 1, 1, 1, 'Products', '', '2019-03-11 13:58:18', '2019-03-11 13:58:18', NULL, NULL, 0, 1, 0, 0, 'IMPORT', '600 DIA BRINE DRAIN COVER'),
(1221, 1, 1, 1, 'Products', '', '2019-03-11 13:58:18', '2019-03-11 13:58:18', NULL, NULL, 0, 1, 0, 0, 'IMPORT', '600 DIA COVER STORM WATER'),
(1222, 1, 1, 1, 'Products', '', '2019-03-11 13:58:18', '2019-03-11 13:58:18', NULL, NULL, 0, 1, 0, 0, 'IMPORT', 'BONNET'),
(1223, 1, 1, 1, 'Products', '', '2019-03-11 13:58:18', '2019-03-11 13:58:18', NULL, NULL, 0, 1, 0, 0, 'IMPORT', '450X450 DS SOLID TOP B-125 COVER'),
(1224, 1, 1, 1, 'Products', '', '2019-03-11 13:58:18', '2019-03-11 13:58:18', NULL, NULL, 0, 1, 0, 0, 'IMPORT', '600X600 DT D-400 SURFACE WATER COVER'),
(1225, 1, 1, 1, 'Products', '', '2019-03-11 13:58:18', '2019-03-11 13:58:18', NULL, NULL, 0, 1, 0, 0, 'IMPORT', 'JRC-14 D-400 ITS COVER(RIB)_Ashgol'),
(1226, 1, 1, 1, 'Products', '', '2019-03-11 13:58:18', '2019-03-11 13:58:18', NULL, NULL, 0, 1, 0, 0, 'IMPORT', '1200X900 CLASS D SOLID TOP IDS COVER'),
(1227, 1, 1, 1, 'Products', '', '2019-03-11 13:58:18', '2019-03-11 13:58:18', NULL, NULL, 0, 1, 0, 0, 'IMPORT', 'MC-106 SINGLE HINGE COVER'),
(1228, 1, 1, 1, 'Products', '', '2019-03-11 13:58:18', '2019-03-11 13:58:18', NULL, NULL, 0, 1, 0, 0, 'IMPORT', '600X600 WITH GRP FOUL SEWER COVER'),
(1229, 1, 1, 1, 'Products', '', '2019-03-11 13:58:19', '2019-03-11 13:58:19', NULL, NULL, 0, 1, 0, 0, 'IMPORT', '675X675 DT D-400 FOUL SEWER COVER'),
(1230, 1, 1, 1, 'Products', '', '2019-03-11 13:58:19', '2019-03-11 13:58:19', NULL, NULL, 0, 1, 0, 0, 'IMPORT', '450X450 B-125 GNE COVER'),
(1231, 1, 1, 1, 'Products', '', '2019-03-11 13:58:19', '2019-03-11 13:58:19', NULL, NULL, 0, 1, 0, 0, 'IMPORT', '300X300 B-125 GNE COVER'),
(1232, 1, 1, 1, 'Products', '', '2019-03-11 13:58:19', '2019-03-11 13:58:19', NULL, NULL, 0, 1, 0, 0, 'IMPORT', '800X800 C-250 GNE COVER'),
(1233, 1, 1, 1, 'Products', '', '2019-03-11 13:58:19', '2019-03-11 13:58:19', NULL, NULL, 0, 1, 0, 0, 'IMPORT', '600 DIA CLASS D COVER(SEWER)'),
(1234, 1, 1, 1, 'Products', '', '2019-03-11 13:58:19', '2019-03-11 13:58:19', NULL, NULL, 0, 1, 0, 0, 'IMPORT', '600X450 CLASS D INFILL COVER'),
(1235, 1, 1, 1, 'Products', '', '2019-03-11 13:58:19', '2019-03-11 13:58:19', NULL, NULL, 0, 1, 0, 0, 'IMPORT', '800X800X100 SS D-400 FRAME'),
(1236, 1, 1, 1, 'Products', '', '2019-03-11 13:58:19', '2019-03-11 13:58:19', NULL, NULL, 0, 1, 0, 0, 'IMPORT', '800X800X100 SS D-400 COVER'),
(1237, 1, 1, 1, 'Products', '', '2019-03-11 13:58:19', '2019-03-11 13:58:19', NULL, NULL, 0, 1, 0, 0, 'IMPORT', '600X600 SS D-400 COVER'),
(1238, 1, 1, 1, 'Products', '', '2019-03-11 13:58:19', '2019-03-11 13:58:19', NULL, NULL, 0, 1, 0, 0, 'IMPORT', '900 DIA D-400 SAXSON COVER(STORM DRAINAGE)'),
(1239, 1, 1, 1, 'Products', '', '2019-03-11 13:58:19', '2019-03-11 13:58:19', NULL, NULL, 0, 1, 0, 0, 'IMPORT', '675 DIA DT D-400 SURFACE WATER COVER'),
(1240, 1, 1, 1, 'Products', '', '2019-03-11 13:58:19', '2019-03-11 13:58:19', NULL, NULL, 0, 1, 0, 0, 'IMPORT', '750x600 D-400 SSD COVER(80 MM)'),
(1241, 1, 1, 1, 'Products', '', '2019-03-11 13:58:19', '2019-03-11 13:58:19', NULL, NULL, 0, 1, 0, 0, 'IMPORT', '450X450 DS B-125 FSD COVER'),
(1242, 1, 1, 1, 'Products', '', '2019-03-11 13:58:19', '2019-03-11 13:58:19', NULL, NULL, 0, 1, 0, 0, 'IMPORT', '600X600 SS D-400 ITS COVER(80MM)'),
(1243, 1, 1, 1, 'Products', '', '2019-03-11 13:58:19', '2019-03-11 13:58:19', NULL, NULL, 0, 1, 0, 0, 'IMPORT', '675 DIA D-400 TSE COVER(TUV)'),
(1244, 1, 1, 1, 'Products', '', '2019-03-11 13:58:19', '2019-03-11 13:58:19', NULL, NULL, 0, 1, 0, 0, 'IMPORT', '600X450 C-250 GNE COVER'),
(1245, 1, 1, 1, 'Products', '', '2019-03-11 13:58:19', '2019-03-11 13:58:19', NULL, NULL, 0, 1, 0, 0, 'IMPORT', '800X405 D-400 CURB GULLY COVER'),
(1246, 1, 1, 1, 'Products', '', '2019-03-11 13:58:19', '2019-03-11 13:58:19', NULL, NULL, 0, 1, 0, 0, 'IMPORT', '675 DIA DT D-400 COVER(SWD)'),
(1247, 1, 1, 1, 'Products', '', '2019-03-11 13:58:19', '2019-03-11 13:58:19', NULL, NULL, 0, 1, 0, 0, 'IMPORT', '600X600 D-400 GNE COVER'),
(1248, 1, 1, 1, 'Products', '', '2019-03-11 13:58:19', '2019-03-11 13:58:19', NULL, NULL, 0, 1, 0, 0, 'IMPORT', '800X800 B-125 GNE COVER'),
(1249, 1, 1, 1, 'Products', '', '2019-03-11 13:58:19', '2019-03-11 13:58:19', NULL, NULL, 0, 1, 0, 0, 'IMPORT', '600X600 B-125 GNE COVER'),
(1250, 1, 1, 1, 'Products', '', '2019-03-11 13:58:19', '2019-03-11 13:58:19', NULL, NULL, 0, 1, 0, 0, 'IMPORT', '600X450 B-125 GNE COVER'),
(1251, 1, 1, 1, 'Products', '', '2019-03-11 13:58:19', '2019-03-11 13:58:19', NULL, NULL, 0, 1, 0, 0, 'IMPORT', '300X300 DS B-125 TRAFFIC SIGNAL COVER'),
(1252, 1, 1, 1, 'Products', '', '2019-03-11 13:58:19', '2019-03-11 13:58:19', NULL, NULL, 0, 1, 0, 0, 'IMPORT', '990X990X100 D-400 COVER'),
(1253, 1, 1, 1, 'Products', '', '2019-03-11 13:58:19', '2019-03-11 13:58:19', NULL, NULL, 0, 1, 0, 0, 'IMPORT', '750x600 D-400 SWD COVER'),
(1254, 1, 1, 1, 'Products', '', '2019-03-11 13:58:19', '2019-03-11 13:58:19', NULL, NULL, 0, 1, 0, 0, 'IMPORT', '260 DIA D-400 COVER-SGPS'),
(1255, 1, 1, 1, 'Products', '', '2019-03-11 13:58:19', '2019-03-11 13:58:19', NULL, NULL, 0, 1, 0, 0, 'IMPORT', 'ACO D-400 COVER(602508)'),
(1256, 1, 1, 1, 'Products', '', '2019-03-11 13:58:19', '2019-03-11 13:58:19', NULL, NULL, 0, 1, 0, 0, 'IMPORT', 'MOD NR003 STENINGER COVER WITH HOLE'),
(1257, 1, 1, 1, 'Products', '', '2019-03-11 13:58:19', '2019-03-11 13:58:19', NULL, NULL, 0, 1, 0, 0, 'IMPORT', 'ACO D-400 COVER (23634380201)'),
(1258, 1, 1, 1, 'Products', '', '2019-03-11 13:58:19', '2019-03-11 13:58:19', NULL, NULL, 0, 1, 0, 0, 'IMPORT', 'ACO D-400 COVER(38780340201)'),
(1259, 1, 1, 1, 'Products', '', '2019-03-11 13:58:19', '2019-03-11 13:58:19', NULL, NULL, 0, 1, 0, 0, 'IMPORT', 'TELLAM CLASS D BCC SEWER COVER'),
(1260, 1, 1, 1, 'Products', '', '2019-03-11 13:58:19', '2019-03-11 13:58:19', NULL, NULL, 0, 1, 0, 0, 'IMPORT', 'TELLAM CLASS D BCC STORM WATER COVER'),
(1261, 1, 1, 1, 'Products', '', '2019-03-11 13:58:19', '2019-03-11 13:58:19', NULL, NULL, 0, 1, 0, 0, 'IMPORT', 'KITA COVER'),
(1262, 1, 1, 1, 'Products', '', '2019-03-11 13:58:19', '2019-03-11 13:58:19', NULL, NULL, 0, 1, 0, 0, 'IMPORT', '150X150 F-900 SURFACE BOX LID'),
(1263, 1, 1, 1, 'Products', '', '2019-03-11 13:58:19', '2019-03-11 13:58:19', NULL, NULL, 0, 1, 0, 0, 'IMPORT', '900X900 B-125 COVER'),
(1264, 1, 1, 1, 'Products', '', '2019-03-11 13:58:19', '2019-03-11 13:58:19', NULL, NULL, 0, 1, 0, 0, 'IMPORT', '600X600 F-900 COVER'),
(1265, 1, 1, 1, 'Products', '', '2019-03-11 13:58:19', '2019-03-11 13:58:19', NULL, NULL, 0, 1, 0, 0, 'IMPORT', '900X600 DS D-400 COVER'),
(1266, 1, 1, 1, 'Products', '', '2019-03-11 13:58:19', '2019-03-11 13:58:19', NULL, NULL, 0, 1, 0, 0, 'IMPORT', 'TELLAM CLASS B BCC STORM WATER COVER'),
(1267, 1, 1, 1, 'Products', '', '2019-03-11 13:58:19', '2019-03-11 13:58:19', NULL, NULL, 0, 1, 0, 0, 'IMPORT', 'TELLAM CLASS B BCC SEWER COVER'),
(1268, 1, 1, 1, 'Products', '', '2019-03-11 13:58:19', '2019-03-11 13:58:19', NULL, NULL, 0, 1, 0, 0, 'IMPORT', 'JRC-14 D-400 ITS COVER(SCADA)'),
(1269, 1, 1, 1, 'Products', '', '2019-03-11 13:58:19', '2019-03-11 13:58:19', NULL, NULL, 0, 1, 0, 0, 'IMPORT', 'JRC-14 D-400 ITS COVER(RIB)(SCADA)'),
(1270, 1, 1, 1, 'Products', '', '2019-03-11 13:58:19', '2019-03-11 13:58:19', NULL, NULL, 0, 1, 0, 0, 'IMPORT', 'TELLAM CLASS D FRAME(75 MM RISER)'),
(1271, 1, 1, 1, 'Products', '', '2019-03-11 13:58:20', '2019-03-11 13:58:20', NULL, NULL, 0, 1, 0, 0, 'IMPORT', 'CD 701 D-400 COVER ARROW'),
(1272, 1, 1, 1, 'Products', '', '2019-03-11 13:58:20', '2019-03-11 13:58:20', NULL, NULL, 0, 1, 0, 0, 'IMPORT', 'MC 119 D-400 SEWER COVER'),
(1273, 1, 1, 1, 'Products', '', '2019-03-11 13:58:20', '2019-03-11 13:58:20', NULL, NULL, 0, 1, 0, 0, 'IMPORT', '500 DIA D-400 COVER-SGPS'),
(1274, 1, 1, 1, 'Products', '', '2019-03-11 13:58:20', '2019-03-11 13:58:20', NULL, NULL, 0, 1, 0, 0, 'IMPORT', 'JRC-14 D-400 ITS COVER(TUV)'),
(1275, 1, 1, 1, 'Products', '', '2019-03-11 13:58:20', '2019-03-11 13:58:20', NULL, NULL, 0, 1, 0, 0, 'IMPORT', 'JRC-14 D-400 ITS COVER(RIB)(TUV)'),
(1276, 1, 1, 1, 'Products', '', '2019-03-11 13:58:20', '2019-03-11 13:58:20', NULL, NULL, 0, 1, 0, 0, 'IMPORT', '450X450 C-250 COVER(MURTHARINTAVIDA)'),
(1277, 1, 1, 1, 'Products', '', '2019-03-11 13:58:20', '2019-03-11 13:58:20', NULL, NULL, 0, 1, 0, 0, 'IMPORT', '675 DIA D-400 DRAINAGE HINGE COVER(TUV)'),
(1278, 1, 1, 1, 'Products', '', '2019-03-11 13:58:20', '2019-03-11 13:58:20', NULL, NULL, 0, 1, 0, 0, 'IMPORT', 'ACO D-400 COVER(1155137100-2)'),
(1279, 1, 1, 1, 'Products', '', '2019-03-11 13:58:20', '2019-03-11 13:58:20', NULL, NULL, 0, 1, 0, 0, 'IMPORT', '600x600 IFCO D-400 COVER'),
(1280, 1, 1, 1, 'Products', '', '2019-03-11 13:58:20', '2019-03-11 13:58:20', NULL, NULL, 0, 1, 0, 0, 'IMPORT', '600 DIA HAYA D-400 COVER'),
(1281, 1, 1, 1, 'Products', '', '2019-03-11 13:58:20', '2019-03-11 13:58:20', NULL, NULL, 0, 1, 0, 0, 'IMPORT', 'ACO D-400 COVER(603931)(841201)'),
(1282, 1, 1, 1, 'Products', '', '2019-03-11 13:58:20', '2019-03-11 13:58:20', NULL, NULL, 0, 1, 0, 0, 'IMPORT', 'ACO D-400 COVER(602509-2)'),
(1283, 1, 1, 1, 'Products', '', '2019-03-11 13:58:20', '2019-03-11 13:58:20', NULL, NULL, 0, 1, 0, 0, 'IMPORT', 'TELLAM CLASS D STORM WATER COVER'),
(1284, 1, 1, 1, 'Products', '', '2019-03-11 13:58:20', '2019-03-11 13:58:20', NULL, NULL, 0, 1, 0, 0, 'IMPORT', 'JRC-4 D-400 COVER(QNBN)'),
(1285, 1, 1, 1, 'Products', '', '2019-03-11 13:58:20', '2019-03-11 13:58:20', NULL, NULL, 0, 1, 0, 0, 'IMPORT', '800X800 F-900 COVER'),
(1286, 1, 1, 1, 'Products', '', '2019-03-11 13:59:13', '2019-03-11 13:59:13', NULL, NULL, 0, 1, 0, 0, 'IMPORT', '660X610 D-400 CATCH BASIN COVER(SAXON)'),
(1287, 1, 1, 1, 'Products', '', '2019-03-11 13:59:13', '2019-03-11 13:59:13', NULL, NULL, 0, 1, 0, 0, 'IMPORT', '500X300 D-400 GG COVER'),
(1288, 1, 1, 1, 'Products', '', '2019-03-11 13:59:13', '2019-03-11 13:59:13', NULL, NULL, 0, 1, 0, 0, 'IMPORT', '300X300 DS D-400 SAXON COVER'),
(1289, 1, 1, 1, 'Products', '', '2019-03-11 13:59:13', '2019-03-11 13:59:13', NULL, NULL, 0, 1, 0, 0, 'IMPORT', 'TELLAM CLASS D SEWAR COVER'),
(1290, 1, 1, 1, 'Products', '', '2019-03-11 13:59:13', '2019-03-11 13:59:13', NULL, NULL, 0, 1, 0, 0, 'IMPORT', '450X450 C-250 COVER(AMANAH)'),
(1291, 1, 1, 1, 'Products', '', '2019-03-11 13:59:13', '2019-03-11 13:59:13', NULL, NULL, 0, 1, 0, 0, 'IMPORT', '800 DIA D-400 COVER'),
(1292, 1, 1, 1, 'Products', '', '2019-03-11 13:59:13', '2019-03-11 13:59:13', NULL, NULL, 0, 1, 0, 0, 'IMPORT', '750MM DIA DT D-400 SURFACE WATER COVER'),
(1293, 1, 1, 1, 'Products', '', '2019-03-11 13:59:13', '2019-03-11 13:59:13', NULL, NULL, 0, 1, 0, 0, 'IMPORT', 'TELLAM CLASS B SEWAR COVER'),
(1294, 1, 1, 1, 'Products', '', '2019-03-11 13:59:13', '2019-03-11 13:59:13', NULL, NULL, 0, 1, 0, 0, 'IMPORT', '1000X600 D-400 SSD COVER(TUV)'),
(1295, 1, 1, 1, 'Products', '', '2019-03-11 13:59:13', '2019-03-11 13:59:13', NULL, NULL, 0, 1, 0, 0, 'IMPORT', '500X500 C-250 CONCAVE GRATE'),
(1296, 1, 1, 1, 'Products', '', '2019-03-11 13:59:13', '2019-03-11 13:59:13', NULL, NULL, 0, 1, 0, 0, 'IMPORT', 'JRC-14 D-400 COVER(RIB)(BIG ITS SCADA)'),
(1297, 1, 1, 1, 'Products', '', '2019-03-11 13:59:14', '2019-03-11 13:59:14', NULL, NULL, 0, 1, 0, 0, 'IMPORT', 'JRC-14 D-400 COVER(BIG ITS SCADA)'),
(1298, 1, 1, 1, 'Products', '', '2019-03-11 13:59:14', '2019-03-11 13:59:14', NULL, NULL, 0, 1, 0, 0, 'IMPORT', '300X300 DS D-400 COVER(OMAN MASCAT)'),
(1299, 1, 1, 1, 'Products', '', '2019-03-11 13:59:14', '2019-03-11 13:59:14', NULL, NULL, 0, 1, 0, 0, 'IMPORT', 'TELLAM CLASS B STORM WATER COVER'),
(1300, 1, 1, 1, 'Products', '', '2019-03-11 13:59:14', '2019-03-11 13:59:14', NULL, NULL, 0, 1, 0, 0, 'IMPORT', '450X450 DS B-125 COVER'),
(1301, 1, 1, 1, 'Products', '', '2019-03-11 13:59:14', '2019-03-11 13:59:14', NULL, NULL, 0, 1, 0, 0, 'IMPORT', '900 DIA D-400 COVER(AMANAH)'),
(1302, 1, 1, 1, 'Products', '', '2019-03-11 13:59:14', '2019-03-11 13:59:14', NULL, NULL, 0, 1, 0, 0, 'IMPORT', '660X610 C-250 CATCH BASIN COVER(AMANAH)'),
(1303, 1, 1, 1, 'Products', '', '2019-03-11 13:59:14', '2019-03-11 13:59:14', NULL, NULL, 0, 1, 0, 0, 'IMPORT', '600X600 DS B-125 COVER(OMAN MASCAT)'),
(1304, 1, 1, 1, 'Products', '', '2019-03-11 13:59:14', '2019-03-11 13:59:14', NULL, NULL, 0, 1, 0, 0, 'IMPORT', '600X600 DS D-400 COVER(OMAN MASCAT)'),
(1305, 1, 1, 1, 'Products', '', '2019-03-11 13:59:14', '2019-03-11 13:59:14', NULL, NULL, 0, 1, 0, 0, 'IMPORT', '800X800 SS D-400 COVER'),
(1306, 1, 1, 1, 'Products', '', '2019-03-11 13:59:14', '2019-03-11 13:59:14', NULL, NULL, 0, 1, 0, 0, 'IMPORT', '675X675 DT D-400 COVER(TSE)'),
(1307, 1, 1, 1, 'Products', '', '2019-03-11 13:59:14', '2019-03-11 13:59:14', NULL, NULL, 0, 1, 0, 0, 'IMPORT', '675X675 DT D-400 DRAINAGE COVER'),
(1308, 1, 1, 1, 'Products', '', '2019-03-11 13:59:14', '2019-03-11 13:59:14', NULL, NULL, 0, 1, 0, 0, 'IMPORT', '600X600 DS D-400 WITH GRP COVER(AMANAH)'),
(1309, 1, 1, 1, 'Products', '', '2019-03-11 13:59:14', '2019-03-11 13:59:14', NULL, NULL, 0, 1, 0, 0, 'IMPORT', '300X300 C/O SS D-400 WITH GRP COVER(AMANAH)'),
(1310, 1, 1, 1, 'Products', '', '2019-03-11 13:59:14', '2019-03-11 13:59:14', NULL, NULL, 0, 1, 0, 0, 'IMPORT', '600X600 SS C-250 COVER(AMANAH)'),
(1311, 1, 1, 1, 'Products', '', '2019-03-11 13:59:14', '2019-03-11 13:59:14', NULL, NULL, 0, 1, 0, 0, 'IMPORT', 'ACO D-400 COVER (1155132800)'),
(1312, 1, 1, 1, 'Products', '', '2019-03-11 13:59:14', '2019-03-11 13:59:14', NULL, NULL, 0, 1, 0, 0, 'IMPORT', 'QNBN D-400 COVER(JRC 12/14)(ENGLISH)-45'),
(1313, 1, 1, 1, 'Products', '', '2019-03-11 13:59:14', '2019-03-11 13:59:14', NULL, NULL, 0, 1, 0, 0, 'IMPORT', '600 DIA D-400 FEWA WATER COVER(AMANAH)'),
(1314, 1, 1, 1, 'Products', '', '2019-03-11 13:59:14', '2019-03-11 13:59:14', NULL, NULL, 0, 1, 0, 0, 'IMPORT', '532X405 D-400 COVER(MBBM)'),
(1315, 1, 1, 1, 'Products', '', '2019-03-11 13:59:14', '2019-03-11 13:59:14', NULL, NULL, 0, 1, 0, 0, 'IMPORT', '600X600 SS D-400 COVER(LOW CURRENT)'),
(1316, 1, 1, 1, 'Products', '', '2019-03-11 13:59:14', '2019-03-11 13:59:14', NULL, NULL, 0, 1, 0, 0, 'IMPORT', '750X750 DT D-400 SURFACE WATER COVER(WITH GRP)'),
(1317, 1, 1, 1, 'Products', '', '2019-03-11 13:59:14', '2019-03-11 13:59:14', NULL, NULL, 0, 1, 0, 0, 'IMPORT', '150 DIA D-400 FEWA WATER COVER(AMANAH)'),
(1318, 1, 1, 1, 'Products', '', '2019-03-11 13:59:14', '2019-03-11 13:59:14', NULL, NULL, 0, 1, 0, 0, 'IMPORT', '675X675 DT D-400 WITH GRP COVER(TSE)(C TO C)'),
(1319, 1, 1, 1, 'Products', '', '2019-03-11 13:59:14', '2019-03-11 13:59:14', NULL, NULL, 0, 1, 0, 0, 'IMPORT', '675X675 DT D-400 WITH GRP DRAINAGE COVER(C TO C)'),
(1320, 1, 1, 1, 'Products', '', '2019-03-11 13:59:14', '2019-03-11 13:59:14', NULL, NULL, 0, 1, 0, 0, 'IMPORT', '532X405 D-400 KERB GULLY COVER(AMANAH)'),
(1321, 1, 1, 1, 'Products', '', '2019-03-11 13:59:14', '2019-03-11 13:59:14', NULL, NULL, 0, 1, 0, 0, 'IMPORT', '640X440 GG B-125 COVER'),
(1322, 1, 1, 1, 'Products', '', '2019-03-11 13:59:14', '2019-03-11 13:59:14', NULL, NULL, 0, 1, 0, 0, 'IMPORT', '600X600 SS B-125 COVER'),
(1323, 1, 1, 1, 'Products', '', '2019-03-11 13:59:14', '2019-03-11 13:59:14', NULL, NULL, 0, 1, 0, 0, 'IMPORT', '600X600 SS D-400 WITH GRP COVER(AMANAH)'),
(1324, 1, 1, 1, 'Products', '', '2019-03-11 13:59:14', '2019-03-11 13:59:14', NULL, NULL, 0, 1, 0, 0, 'IMPORT', '600X600 CLASS B INFILL RAIL'),
(1325, 1, 1, 1, 'Products', '', '2019-03-11 13:59:14', '2019-03-11 13:59:14', NULL, NULL, 0, 1, 0, 0, 'IMPORT', '150X150 D-400 SUFRACE BOX LID(KARHMAA)'),
(1326, 1, 1, 1, 'Products', '', '2019-03-11 13:59:14', '2019-03-11 13:59:14', NULL, NULL, 0, 1, 0, 0, 'IMPORT', '600 DIA D-400 SEMI CIRCULAR STORM WATER COVER(MBBM)'),
(1327, 1, 1, 1, 'Products', '', '2019-03-11 13:59:14', '2019-03-11 13:59:14', NULL, NULL, 0, 1, 0, 0, 'IMPORT', '890X890X100 D-400 COVER(ITS SCADA)'),
(1328, 1, 1, 1, 'Products', '', '2019-03-11 13:59:14', '2019-03-11 13:59:14', NULL, NULL, 0, 1, 0, 0, 'IMPORT', '890X890X100 D-400 COVER(ELECTRICAL)'),
(1329, 1, 1, 1, 'Products', '', '2019-03-11 13:59:14', '2019-03-11 13:59:14', NULL, NULL, 0, 1, 0, 0, 'IMPORT', '450X450 DS D-400 COVER'),
(1330, 1, 1, 1, 'Products', '', '2019-03-11 13:59:14', '2019-03-11 13:59:14', NULL, NULL, 0, 1, 0, 0, 'IMPORT', 'HYDRENT BOX LID WITH H MARKING'),
(1331, 1, 1, 1, 'Products', '', '2019-03-11 13:59:14', '2019-03-11 13:59:14', NULL, NULL, 0, 1, 0, 0, 'IMPORT', 'HYDRENT BOX LID WITH SV MARKING'),
(1332, 1, 1, 1, 'Products', '', '2019-03-11 13:59:14', '2019-03-11 13:59:14', NULL, NULL, 0, 1, 0, 0, 'IMPORT', '600X600 DS C-250 COVER(AMANAH)'),
(1333, 1, 1, 1, 'Products', '', '2019-03-11 13:59:14', '2019-03-11 13:59:14', NULL, NULL, 0, 1, 0, 0, 'IMPORT', '600 DIA DOUBLE HINGE DM D-400 SEWARAGE COVER(FOR 150 HEIGHT FRAME)'),
(1334, 1, 1, 1, 'Products', '', '2019-03-11 13:59:14', '2019-03-11 13:59:14', NULL, NULL, 0, 1, 0, 0, 'IMPORT', '600X600 DS B-125 COVER(IRRIGATION WATER)'),
(1335, 1, 1, 1, 'Products', '', '2019-03-11 13:59:14', '2019-03-11 13:59:14', NULL, NULL, 0, 1, 0, 0, 'IMPORT', '600X600 DS D-400 COVER(FOUL WATER)'),
(1336, 1, 1, 1, 'Products', '', '2019-03-11 13:59:14', '2019-03-11 13:59:14', NULL, NULL, 0, 1, 0, 0, 'IMPORT', '70X70 B-125 COVER LIGHT(BENGAL METAL)'),
(1337, 1, 1, 1, 'Products', '', '2019-03-11 13:59:14', '2019-03-11 13:59:14', NULL, NULL, 0, 1, 0, 0, 'IMPORT', '1060X1060 D-400 COVER'),
(1338, 1, 1, 1, 'Products', '', '2019-03-11 13:59:14', '2019-03-11 13:59:14', NULL, NULL, 0, 1, 0, 0, 'IMPORT', '1000X1000 DT D-400 COVER'),
(1339, 1, 1, 1, 'Products', '', '2019-03-11 13:59:15', '2019-03-11 13:59:15', NULL, NULL, 0, 1, 0, 0, 'IMPORT', '890X890X100 D-400 COVER(AMANNAH)'),
(1340, 1, 1, 1, 'Products', '', '2019-03-11 13:59:15', '2019-03-11 13:59:15', NULL, NULL, 0, 1, 0, 0, 'IMPORT', '1000X600 D-400 COVER'),
(1341, 1, 1, 1, 'Products', '', '2019-03-11 13:59:15', '2019-03-11 13:59:15', NULL, NULL, 0, 1, 0, 0, 'IMPORT', '600X600 DS B-125 COVER(POTABLE WATER)'),
(1342, 1, 1, 1, 'Products', '', '2019-03-11 13:59:15', '2019-03-11 13:59:15', NULL, NULL, 0, 1, 0, 0, 'IMPORT', '600X600 DS B-125 COVER(TELEPHONE)'),
(1343, 1, 1, 1, 'Products', '', '2019-03-11 13:59:15', '2019-03-11 13:59:15', NULL, NULL, 0, 1, 0, 0, 'IMPORT', '600X600 DS B-125 COVER(CCTV)'),
(1344, 1, 1, 1, 'Products', '', '2019-03-11 13:59:15', '2019-03-11 13:59:15', NULL, NULL, 0, 1, 0, 0, 'IMPORT', '800X800 CO DT D-400 COVER(AMANAH)'),
(1345, 1, 1, 1, 'Products', '', '2019-03-11 13:59:15', '2019-03-11 13:59:15', NULL, NULL, 0, 1, 0, 0, 'IMPORT', '705X655 C-250 COVER(AMANAH)'),
(1346, 1, 1, 1, 'Products', '', '2019-03-11 13:59:15', '2019-03-11 13:59:15', NULL, NULL, 0, 1, 0, 0, 'IMPORT', '600X600 DS D-400 COVER(TELEPHONE)'),
(1347, 1, 1, 1, 'Products', '', '2019-03-11 13:59:15', '2019-03-11 13:59:15', NULL, NULL, 0, 1, 0, 0, 'IMPORT', '35'),
(1348, 1, 1, 1, 'Products', '', '2019-03-11 13:59:15', '2019-03-11 13:59:15', NULL, NULL, 0, 1, 0, 0, 'IMPORT', '600X600 DS B-125 COVER(FIRE WATER)'),
(1349, 1, 1, 1, 'Products', '', '2019-03-11 13:59:15', '2019-03-11 13:59:15', NULL, NULL, 0, 1, 0, 0, 'IMPORT', '800X800 D-400 COVER(FOUL WATER)'),
(1350, 1, 1, 1, 'Products', '', '2019-03-11 13:59:15', '2019-03-11 13:59:15', NULL, NULL, 0, 1, 0, 0, 'IMPORT', '600X600 DS B-125 RECESS COVER'),
(1351, 1, 1, 1, 'Products', '', '2019-03-11 13:59:15', '2019-03-11 13:59:15', NULL, NULL, 0, 1, 0, 0, 'IMPORT', '675X675 DT D-400 SURFACE WATER COVER'),
(1352, 1, 1, 1, 'Products', '', '2019-03-11 13:59:15', '2019-03-11 13:59:15', NULL, NULL, 0, 1, 0, 0, 'IMPORT', 'JRC-12 D-400 ITS COVER FOR 1205X680(RIB)'),
(1353, 1, 1, 1, 'Products', '', '2019-03-11 13:59:15', '2019-03-11 13:59:15', NULL, NULL, 0, 1, 0, 0, 'IMPORT', 'JRC-12 D-400 ITS COVER FOR 1205X680'),
(1354, 1, 1, 1, 'Products', '', '2019-03-11 13:59:15', '2019-03-11 13:59:15', NULL, NULL, 0, 1, 0, 0, 'IMPORT', '800X800 SS B-125 COVER'),
(1355, 1, 1, 1, 'Products', '', '2019-03-11 13:59:15', '2019-03-11 13:59:15', NULL, NULL, 0, 1, 0, 0, 'IMPORT', 'SJRC-14 COVER_RIB(1830x696x160)'),
(1356, 1, 1, 1, 'Products', '', '2019-03-11 13:59:15', '2019-03-11 13:59:15', NULL, NULL, 0, 1, 0, 0, 'IMPORT', 'SJRC-14 COVER(1830x696x160)'),
(1357, 1, 1, 1, 'Products', '', '2019-03-11 13:59:15', '2019-03-11 13:59:15', NULL, NULL, 0, 1, 0, 0, 'IMPORT', 'SJRC-12 COVER_RIB(1220x696x160)'),
(1358, 1, 1, 1, 'Products', '', '2019-03-11 13:59:15', '2019-03-11 13:59:15', NULL, NULL, 0, 1, 0, 0, 'IMPORT', 'SJRC-12 COVER(1220x696x160)'),
(1359, 1, 1, 1, 'Products', '', '2019-03-11 13:59:15', '2019-03-11 13:59:15', NULL, NULL, 0, 1, 0, 0, 'IMPORT', 'JRC-12 D-400 COVER FOR 1205X680(ITS SCADA)(RIB)'),
(1360, 1, 1, 1, 'Products', '', '2019-03-11 13:59:15', '2019-03-11 13:59:15', NULL, NULL, 0, 1, 0, 0, 'IMPORT', 'JRC-12 D-400 COVER FOR 1205X680(ITS SCADA)'),
(1361, 1, 1, 1, 'Products', '', '2019-03-11 13:59:15', '2019-03-11 13:59:15', NULL, NULL, 0, 1, 0, 0, 'IMPORT', '450X450 SS B-125 COVER(STANDARD SIF)');
INSERT INTO `vtiger_crmentity_bkp` (`crmid`, `smcreatorid`, `smownerid`, `modifiedby`, `setype`, `description`, `createdtime`, `modifiedtime`, `viewedtime`, `status`, `version`, `presence`, `deleted`, `smgroupid`, `source`, `label`) VALUES
(1362, 1, 1, 1, 'Products', '', '2019-03-11 13:59:15', '2019-03-11 13:59:15', NULL, NULL, 0, 1, 0, 0, 'IMPORT', '1000x1000 DT D-400 FOUL WATER COVER'),
(1363, 1, 1, 1, 'Products', '', '2019-03-11 13:59:15', '2019-03-11 13:59:15', NULL, NULL, 0, 1, 0, 0, 'IMPORT', 'JRC D-400 COVER(ENGLISH)_CRA'),
(1364, 1, 1, 1, 'Products', '', '2019-03-11 13:59:15', '2019-03-11 13:59:15', NULL, NULL, 0, 1, 0, 0, 'IMPORT', '600X600 SS D-400 TRAFFIC SIGNAL COVER'),
(1365, 1, 1, 1, 'Products', '', '2019-03-11 13:59:15', '2019-03-11 13:59:15', NULL, NULL, 0, 1, 0, 0, 'IMPORT', 'JRC-12 D-400 DRAINAGE COVER(1205X680)'),
(1366, 1, 1, 1, 'Products', '', '2019-03-11 13:59:15', '2019-03-11 13:59:15', NULL, NULL, 0, 1, 0, 0, 'IMPORT', 'JRC-12 D-400 SURFACE WATER COVER(RIB)_1205X680'),
(1367, 1, 1, 1, 'Products', '', '2019-03-11 13:59:15', '2019-03-11 13:59:15', NULL, NULL, 0, 1, 0, 0, 'IMPORT', 'JRC-12D-400 SURFACE WATER COVER(1205X680)'),
(1368, 1, 1, 1, 'Products', '', '2019-03-11 13:59:15', '2019-03-11 13:59:15', NULL, NULL, 0, 1, 0, 0, 'IMPORT', '600X600X80 CO SS RECESS D-400 COVER'),
(1369, 1, 1, 1, 'Products', '', '2019-03-11 13:59:15', '2019-03-11 13:59:15', NULL, NULL, 0, 1, 0, 0, 'IMPORT', 'JRC-12 D-400 TSE COVER(RIB)_1205X680'),
(1370, 1, 1, 1, 'Products', '', '2019-03-11 13:59:15', '2019-03-11 13:59:15', NULL, NULL, 0, 1, 0, 0, 'IMPORT', 'JRC-12 D-400 TSE COVER(1205X680)'),
(1371, 1, 1, 1, 'Products', '', '2019-03-11 13:59:15', '2019-03-11 13:59:15', NULL, NULL, 0, 1, 0, 0, 'IMPORT', 'JRC D-400 COVER(ARABIC)_CRA'),
(1372, 1, 1, 1, 'Products', '', '2019-03-11 13:59:15', '2019-03-11 13:59:15', NULL, NULL, 0, 1, 0, 0, 'IMPORT', 'JRC-4 D-400 COVER(CRA)'),
(1373, 1, 1, 1, 'Products', '', '2019-03-11 13:59:15', '2019-03-11 13:59:15', NULL, NULL, 0, 1, 0, 0, 'IMPORT', '800X800 DS D-400 RECESS COVER_AMANAH'),
(1374, 1, 1, 1, 'Products', '', '2019-03-11 13:59:15', '2019-03-11 13:59:15', NULL, NULL, 0, 1, 0, 0, 'IMPORT', '600X600 DS D-400 RECESS COVER_AMANAH'),
(1375, 1, 1, 1, 'Products', '', '2019-03-11 13:59:15', '2019-03-11 13:59:15', NULL, NULL, 0, 1, 0, 0, 'IMPORT', '300X300 DS D-400 RECESS COVER_AMANAH'),
(1376, 1, 1, 1, 'Products', '', '2019-03-11 13:59:15', '2019-03-11 13:59:15', NULL, NULL, 0, 1, 0, 0, 'IMPORT', '750X600 DS D-400 RECESS COVER_AMANAH'),
(1377, 1, 1, 1, 'Products', '', '2019-03-11 13:59:15', '2019-03-11 13:59:15', NULL, NULL, 0, 1, 0, 0, 'IMPORT', '600 DIA D-400 SEMI CIRCULAR STORM WATER COVER(AMANAH)'),
(1378, 1, 1, 1, 'Products', '', '2019-03-11 13:59:15', '2019-03-11 13:59:15', NULL, NULL, 0, 1, 0, 0, 'IMPORT', '600X600 DS D-400 COVER(FIRE ALARM)'),
(1379, 1, 1, 1, 'Products', '', '2019-03-11 13:59:16', '2019-03-11 13:59:16', NULL, NULL, 0, 1, 0, 0, 'IMPORT', 'CLKS 759 KMB COVER'),
(1380, 1, 1, 1, 'Products', '', '2019-03-11 13:59:16', '2019-03-11 13:59:16', NULL, NULL, 0, 1, 0, 0, 'IMPORT', '1205X680 D-400 TELECOM/ELV COVER(AMANAH)'),
(1381, 1, 1, 1, 'Products', '', '2019-03-11 13:59:16', '2019-03-11 13:59:16', NULL, NULL, 0, 1, 0, 0, 'IMPORT', '1205X680 D-400 TELECOM/ELV COVER(RIB)(AMANAH)'),
(1382, 1, 1, 1, 'Products', '', '2019-03-11 13:59:16', '2019-03-11 13:59:16', NULL, NULL, 0, 1, 0, 0, 'IMPORT', '450X450 B-125 RECESS COVER'),
(1383, 1, 1, 1, 'Products', '', '2019-03-11 13:59:16', '2019-03-11 13:59:16', NULL, NULL, 0, 1, 0, 0, 'IMPORT', '600 DIA SS D-400 COVER(SAXON)'),
(1384, 1, 1, 1, 'Products', '', '2019-03-11 13:59:16', '2019-03-11 13:59:16', NULL, NULL, 0, 1, 0, 0, 'IMPORT', '1000X1000 C-250 SOLID TOP COVER'),
(1385, 1, 1, 1, 'Products', '', '2019-03-11 13:59:16', '2019-03-11 13:59:16', NULL, NULL, 0, 1, 0, 0, 'IMPORT', '600X600 DT D-400 HINGE COVER(AMANAH)'),
(1386, 1, 1, 1, 'Products', '', '2019-03-11 13:59:16', '2019-03-11 13:59:16', NULL, NULL, 0, 1, 0, 0, 'IMPORT', '750 DIA D-400 SS AMANAH COVER(AFL)'),
(1387, 1, 1, 1, 'Products', '', '2019-03-11 13:59:16', '2019-03-11 13:59:16', NULL, NULL, 0, 1, 0, 0, 'IMPORT', '800X800 DT D-400 COVER(AMANAH)'),
(1388, 1, 1, 1, 'Products', '', '2019-03-11 13:59:16', '2019-03-11 13:59:16', NULL, NULL, 0, 1, 0, 0, 'IMPORT', '600X600 B-125 COVER(DRWA)'),
(1389, 1, 1, 1, 'Products', '', '2019-03-11 13:59:16', '2019-03-11 13:59:16', NULL, NULL, 0, 1, 0, 0, 'IMPORT', '300X300 B-125 COVER(DRWA)'),
(1390, 1, 1, 1, 'Products', '', '2019-03-11 13:59:16', '2019-03-11 13:59:16', NULL, NULL, 0, 1, 0, 0, 'IMPORT', '800X800 DS D-400 RECESSED COVER_SIF'),
(1391, 1, 1, 1, 'Products', '', '2019-03-11 13:59:16', '2019-03-11 13:59:16', NULL, NULL, 0, 1, 0, 0, 'IMPORT', '750 DIA DS D-400 ADSSC COVER(AMANAH)'),
(1392, 1, 1, 1, 'Products', '', '2019-03-11 13:59:16', '2019-03-11 13:59:16', NULL, NULL, 0, 1, 0, 0, 'IMPORT', '500X500 B-125 COVER(DRWA)'),
(1393, 1, 1, 1, 'Products', '', '2019-03-11 13:59:16', '2019-03-11 13:59:16', NULL, NULL, 0, 1, 0, 0, 'IMPORT', '600X600 DS C-250 COVER(SAXON)'),
(1394, 1, 1, 1, 'Products', '', '2019-03-11 13:59:16', '2019-03-11 13:59:16', NULL, NULL, 0, 1, 0, 0, 'IMPORT', '1200x1200 CLASS D 210 KN SOLID TOP COVER'),
(1395, 1, 1, 1, 'Products', '', '2019-03-11 13:59:16', '2019-03-11 13:59:16', NULL, NULL, 0, 1, 0, 0, 'IMPORT', '900X600 CLASS D SOLID TOP COVER'),
(1396, 1, 1, 1, 'Products', '', '2019-03-11 13:59:16', '2019-03-11 13:59:16', NULL, NULL, 0, 1, 0, 0, 'IMPORT', '700X700 B-125 COVER(DRWA)'),
(1397, 1, 1, 1, 'Products', '', '2019-03-11 13:59:16', '2019-03-11 13:59:16', NULL, NULL, 0, 1, 0, 0, 'IMPORT', '600X600 C-250 COVER(DRWA)'),
(1398, 1, 1, 1, 'Products', '', '2019-03-11 13:59:16', '2019-03-11 13:59:16', NULL, NULL, 0, 1, 0, 0, 'IMPORT', '800X800 F-900 COVER(HV/LV CABLE PIT)'),
(1399, 1, 1, 1, 'Products', '', '2019-03-11 13:59:16', '2019-03-11 13:59:16', NULL, NULL, 0, 1, 0, 0, 'IMPORT', '600 DIA D-400 COVER(FIRE FIGHTING)_AMANAH'),
(1400, 1, 1, 1, 'Products', '', '2019-03-11 13:59:16', '2019-03-11 13:59:16', NULL, NULL, 0, 1, 0, 0, 'IMPORT', '675 DIA D-400 SQ FLANGE COVER'),
(1401, 1, 1, 1, 'Products', '', '2019-03-11 13:59:16', '2019-03-11 13:59:16', NULL, NULL, 0, 1, 0, 0, 'IMPORT', '800X800 F-900 COVER(FSD)'),
(1402, 1, 1, 1, 'Products', '', '2019-03-11 13:59:16', '2019-03-11 13:59:16', NULL, NULL, 0, 1, 0, 0, 'IMPORT', '600 DIA D-400 HYDROTOP KESEL COVER(ABSCHIDER)'),
(1403, 1, 1, 1, 'Products', '', '2019-03-11 13:59:16', '2019-03-11 13:59:16', NULL, NULL, 0, 1, 0, 0, 'IMPORT', '600 DIA D-400 HYDROTOP KESEL COVER'),
(1404, 1, 1, 1, 'Products', '', '2019-03-11 13:59:16', '2019-03-11 13:59:16', NULL, NULL, 0, 1, 0, 0, 'IMPORT', '600 DIA SS D-400 COVER(KITE MARK)'),
(1405, 1, 1, 1, 'Products', '', '2019-03-11 13:59:16', '2019-03-11 13:59:16', NULL, NULL, 0, 1, 0, 0, 'IMPORT', '675 DIA D-400 SQUARE FLANGE COVER(SEWERGE)(KITE MARK)'),
(1406, 1, 1, 1, 'Products', '', '2019-03-11 13:59:16', '2019-03-11 13:59:16', NULL, NULL, 0, 1, 0, 0, 'IMPORT', '900 DIA D-400 COVER(KITE MARK)'),
(1407, 1, 1, 1, 'Products', '', '2019-03-11 13:59:16', '2019-03-11 13:59:16', NULL, NULL, 0, 1, 0, 0, 'IMPORT', '600X600 DS C-250 COVER(SAXON)(TCS)'),
(1408, 1, 1, 1, 'Products', '', '2019-03-11 13:59:16', '2019-03-11 13:59:16', NULL, NULL, 0, 1, 0, 0, 'IMPORT', '450X450 C-250 COVER(SAXON)(TCS)'),
(1409, 1, 1, 1, 'Products', '', '2019-03-11 13:59:16', '2019-03-11 13:59:16', NULL, NULL, 0, 1, 0, 0, 'IMPORT', '600X600 DT D-400 COVER(THOMAS DEDLEY)'),
(1410, 1, 1, 1, 'Products', '', '2019-03-11 13:59:16', '2019-03-11 13:59:16', NULL, NULL, 0, 1, 0, 0, 'IMPORT', '600X600 DS D-400 WITH GRP COVER(FIRE HYDRENT)_AMANAH'),
(1411, 1, 1, 1, 'Products', '', '2019-03-11 13:59:16', '2019-03-11 13:59:16', NULL, NULL, 0, 1, 0, 0, 'IMPORT', '450X450 C-250 SAXON COVER(ADM)'),
(1412, 1, 1, 1, 'Products', '', '2019-03-11 13:59:16', '2019-03-11 13:59:16', NULL, NULL, 0, 1, 0, 0, 'IMPORT', '800X800 F-900 COVER(PORTABLE WATER)'),
(1413, 1, 1, 1, 'Products', '', '2019-03-11 13:59:16', '2019-03-11 13:59:16', NULL, NULL, 0, 1, 0, 0, 'IMPORT', 'JRC D-400 COVER(ARABIC)_TELECOM NPP'),
(1414, 1, 1, 1, 'Products', '', '2019-03-11 13:59:16', '2019-03-11 13:59:16', NULL, NULL, 0, 1, 0, 0, 'IMPORT', '600 DIA D-400 COVER(FIRE HYDRENT)_AMANAH'),
(1415, 1, 1, 1, 'Products', '', '2019-03-11 13:59:16', '2019-03-11 13:59:16', NULL, NULL, 0, 1, 0, 0, 'IMPORT', '750 DIA D-400 SS COVER_AMANAH(MEDIUM VOLTAGE)'),
(1416, 1, 1, 1, 'Products', '', '2019-03-11 13:59:16', '2019-03-11 13:59:16', NULL, NULL, 0, 1, 0, 0, 'IMPORT', 'CD 777 KMB COVER'),
(1417, 1, 1, 1, 'Products', '', '2019-03-11 13:59:16', '2019-03-11 13:59:16', NULL, NULL, 0, 1, 0, 0, 'IMPORT', 'CD 762 KMB B-125 COVER'),
(1418, 1, 1, 1, 'Products', '', '2019-03-11 13:59:16', '2019-03-11 13:59:16', NULL, NULL, 0, 1, 0, 0, 'IMPORT', '750 DIA D-400 SS COVER_AMANAH(LOW VOLTAGE)'),
(1419, 1, 1, 1, 'Products', '', '2019-03-11 13:59:16', '2019-03-11 13:59:16', NULL, NULL, 0, 1, 0, 0, 'IMPORT', 'CD 1657 KMB B-125 COVER'),
(1420, 1, 1, 1, 'Products', '', '2019-03-11 13:59:17', '2019-03-11 13:59:17', NULL, NULL, 0, 1, 0, 0, 'IMPORT', '615 DIA D-400 INFILL SEWER COVER(WEB FORCE)'),
(1421, 1, 1, 1, 'Products', '', '2019-03-11 13:59:17', '2019-03-11 13:59:17', NULL, NULL, 0, 1, 0, 0, 'IMPORT', '690 DIA D-400 RECESS COVER(MOC)'),
(1422, 1, 1, 1, 'Products', '', '2019-03-11 13:59:17', '2019-03-11 13:59:17', NULL, NULL, 0, 1, 0, 0, 'IMPORT', '800X800 F-900 COVER(FIRE WATER)'),
(1423, 1, 1, 1, 'Products', '', '2019-03-11 13:59:17', '2019-03-11 13:59:17', NULL, NULL, 0, 1, 0, 0, 'IMPORT', '600X600 DS C-250 COVER(AMANAH)(PAM)'),
(1424, 1, 1, 1, 'Products', '', '2019-03-11 13:59:17', '2019-03-11 13:59:17', NULL, NULL, 0, 1, 0, 0, 'IMPORT', '600X600 SS D-400 COVER(ELECTRICAL SL)(AMANAH)'),
(1425, 1, 1, 1, 'Products', '', '2019-03-11 13:59:17', '2019-03-11 13:59:17', NULL, NULL, 0, 1, 0, 0, 'IMPORT', '145 DIA SURFACE BOX COVER'),
(1426, 1, 1, 1, 'Products', '', '2019-03-11 13:59:17', '2019-03-11 13:59:17', NULL, NULL, 0, 1, 0, 0, 'IMPORT', '690 DIA D-400 COVER(NECO)'),
(1427, 1, 1, 1, 'Products', '', '2019-03-11 13:59:17', '2019-03-11 13:59:17', NULL, NULL, 0, 1, 0, 0, 'IMPORT', 'JRC D-400 COVER(ENGLISH)(TELECOM SSD)'),
(1428, 1, 1, 1, 'Products', '', '2019-03-11 13:59:17', '2019-03-11 13:59:17', NULL, NULL, 0, 1, 0, 0, 'IMPORT', '675 DIA D-400 ROUND COVER(STORM WATER)'),
(1429, 1, 1, 1, 'Products', '', '2019-03-11 13:59:17', '2019-03-11 13:59:17', NULL, NULL, 0, 1, 0, 0, 'IMPORT', 'CD 701 KMD D-400 COVER'),
(1430, 1, 1, 1, 'Products', '', '2019-03-11 13:59:17', '2019-03-11 13:59:17', NULL, NULL, 0, 1, 0, 0, 'IMPORT', 'CD 1659 KMD D-400 COVER'),
(1431, 1, 1, 1, 'Products', '', '2019-03-11 13:59:17', '2019-03-11 13:59:17', NULL, NULL, 0, 1, 0, 0, 'IMPORT', '300X300 DS C-250 COVER(AMANAH)'),
(1432, 1, 1, 1, 'Products', '', '2019-03-11 13:59:17', '2019-03-11 13:59:17', NULL, NULL, 0, 1, 0, 0, 'IMPORT', '600 DIA SS HINGE D-400 COVER(SEWER)(PAM)'),
(1433, 1, 1, 1, 'Products', '', '2019-03-11 13:59:17', '2019-03-11 13:59:17', NULL, NULL, 0, 1, 0, 0, 'IMPORT', '600X600 DS B-125 ADDC WATER COVER(AMANAH)'),
(1434, 1, 1, 1, 'Products', '', '2019-03-11 13:59:17', '2019-03-11 13:59:17', NULL, NULL, 0, 1, 0, 0, 'IMPORT', '600 DIA SS D-400 COVER(AMANAH)(DEWA)'),
(1435, 1, 1, 1, 'Products', '', '2019-03-11 13:59:17', '2019-03-11 13:59:17', NULL, NULL, 0, 1, 0, 0, 'IMPORT', '600 DIA SS HINGE D-400 AMANAH COVER(STORM WATER)(PAM)'),
(1436, 1, 1, 1, 'Products', '', '2019-03-11 13:59:17', '2019-03-11 13:59:17', NULL, NULL, 0, 1, 0, 0, 'IMPORT', '690 DIA D-400 COVER WITH VENT(NECO)'),
(1437, 1, 1, 1, 'Products', '', '2019-03-11 13:59:17', '2019-03-11 13:59:17', NULL, NULL, 0, 1, 0, 0, 'IMPORT', '1000X1000 DT D-400 DRAINAGE COVER'),
(1438, 1, 1, 1, 'Products', '', '2019-03-11 13:59:17', '2019-03-11 13:59:17', NULL, NULL, 0, 1, 0, 0, 'IMPORT', '600X600 DT D-400 SEWERGE COVER(AMANAH)'),
(1439, 1, 1, 1, 'Products', '', '2019-03-11 13:59:17', '2019-03-11 13:59:17', NULL, NULL, 0, 1, 0, 0, 'IMPORT', '800X800 B-125 COVER(AMANAH)'),
(1440, 1, 1, 1, 'Products', '', '2019-03-11 13:59:17', '2019-03-11 13:59:17', NULL, NULL, 0, 1, 0, 0, 'IMPORT', '450X450 DS D-400 COVER(AMANAH)'),
(1441, 1, 1, 1, 'Products', '', '2019-03-11 13:59:17', '2019-03-11 13:59:17', NULL, NULL, 0, 1, 0, 0, 'IMPORT', '900X900 C-250 COVER(DRWA)'),
(1442, 1, 1, 1, 'Products', '', '2019-03-11 13:59:17', '2019-03-11 13:59:17', NULL, NULL, 0, 1, 0, 0, 'IMPORT', '900X600 B-125 SAXON COVER_IRRIGATION'),
(1443, 1, 1, 1, 'Products', '', '2019-03-11 13:59:17', '2019-03-11 13:59:17', NULL, NULL, 0, 1, 0, 0, 'IMPORT', '600 DIA NECO D-400 COVER(STORM WATER DRAINAGE)'),
(1444, 1, 1, 1, 'Products', '', '2019-03-11 13:59:17', '2019-03-11 13:59:17', NULL, NULL, 0, 1, 0, 0, 'IMPORT', '600X600 DS C-250 COVER(AMANAH)(STORM-PAM)'),
(1445, 1, 1, 1, 'Products', '', '2019-03-11 13:59:17', '2019-03-11 13:59:17', NULL, NULL, 0, 1, 0, 0, 'IMPORT', '900X600 B-125 SAXON COVER(IRRIGATION)'),
(1446, 1, 1, 1, 'Products', '', '2019-03-11 13:59:17', '2019-03-11 13:59:17', NULL, NULL, 0, 1, 0, 0, 'IMPORT', '800X800 B-125 COVER(DRWA)'),
(1447, 1, 1, 1, 'Products', '', '2019-03-11 13:59:17', '2019-03-11 13:59:17', NULL, NULL, 0, 1, 0, 0, 'IMPORT', '600X600 DT D-400 COVER-HB'),
(1448, 1, 1, 1, 'Products', '', '2019-03-11 13:59:17', '2019-03-11 13:59:17', NULL, NULL, 0, 1, 0, 0, 'IMPORT', '600X600 DS D-400 COVER(FIRE FIGHTING)_AMANAH'),
(1449, 1, 1, 1, 'Products', '', '2019-03-11 13:59:17', '2019-03-11 13:59:17', NULL, NULL, 0, 1, 0, 0, 'IMPORT', '600 DIA CLASS-B COVER(WELD LOCK)(SEWER)'),
(1450, 1, 1, 1, 'Products', '', '2019-03-11 13:59:17', '2019-03-11 13:59:17', NULL, NULL, 0, 1, 0, 0, 'IMPORT', '600 DIA CLASS-D COVER(WELD LOCK)(SEWER)'),
(1451, 1, 1, 1, 'Products', '', '2019-03-11 13:59:17', '2019-03-11 13:59:17', NULL, NULL, 0, 1, 0, 0, 'IMPORT', '600X600 DS D-400 WITH GRP COVER(AMANAH)(PAM)'),
(1452, 1, 1, 1, 'Products', '', '2019-03-11 13:59:17', '2019-03-11 13:59:17', NULL, NULL, 0, 1, 0, 0, 'IMPORT', '300X300 DS D-400 RECESS COVER(AMANAH)(PAM)'),
(1453, 1, 1, 1, 'Products', '', '2019-03-11 13:59:17', '2019-03-11 13:59:17', NULL, NULL, 0, 1, 0, 0, 'IMPORT', '1600X1600 D-400 COVER(FIRE STOP)(AMANAH)'),
(1454, 1, 1, 1, 'Products', '', '2019-03-11 13:59:17', '2019-03-11 13:59:17', NULL, NULL, 0, 1, 0, 0, 'IMPORT', '675X675 DT D-400 COVER(THOMAS DUDLEY)'),
(1455, 1, 1, 1, 'Products', '', '2019-03-11 13:59:17', '2019-03-11 13:59:17', NULL, NULL, 0, 1, 0, 0, 'IMPORT', 'CD 1659 KMD D-400 COVER(F.W)'),
(1456, 1, 1, 1, 'Products', '', '2019-03-11 13:59:17', '2019-03-11 13:59:17', NULL, NULL, 0, 1, 0, 0, 'IMPORT', '600X600 SS B-125 COVER(THOMAS DUDLEY)'),
(1457, 1, 1, 1, 'Products', '', '2019-03-11 13:59:17', '2019-03-11 13:59:17', NULL, NULL, 0, 1, 0, 0, 'IMPORT', '675X675 B-125 COVER(THOMAS DUDLEY)'),
(1458, 1, 1, 1, 'Products', '', '2019-03-11 13:59:17', '2019-03-11 13:59:17', NULL, NULL, 0, 1, 0, 0, 'IMPORT', 'CD 1659 KMD D-400 COVER(S.W)'),
(1459, 1, 1, 1, 'Products', '', '2019-03-11 13:59:17', '2019-03-11 13:59:17', NULL, NULL, 0, 1, 0, 0, 'IMPORT', '1220x1220 C-250 COVER'),
(1460, 1, 1, 1, 'Products', '', '2019-03-11 13:59:17', '2019-03-11 13:59:17', NULL, NULL, 0, 1, 0, 0, 'IMPORT', '1600X600 D-400 COVER'),
(1461, 1, 1, 1, 'Products', '', '2019-03-11 13:59:17', '2019-03-11 13:59:17', NULL, NULL, 0, 1, 0, 0, 'IMPORT', '900X900 C-250 COVER(DRWA)(CARAT LOGO)'),
(1462, 1, 1, 1, 'Products', '', '2019-03-11 13:59:17', '2019-03-11 13:59:17', NULL, NULL, 0, 1, 0, 0, 'IMPORT', '600 DIA B-125 COVER(THOMAS DUDLEY)'),
(1463, 1, 1, 1, 'Products', '', '2019-03-11 13:59:18', '2019-03-11 13:59:18', NULL, NULL, 0, 1, 0, 0, 'IMPORT', '700X700 D-400 COVER(DRWA)(CARAT)'),
(1464, 1, 1, 1, 'Products', '', '2019-03-11 13:59:18', '2019-03-11 13:59:18', NULL, NULL, 0, 1, 0, 0, 'IMPORT', '700X700 B-125 COVER(DRWA)(CARAT)'),
(1465, 1, 1, 1, 'Products', '', '2019-03-11 13:59:18', '2019-03-11 13:59:18', NULL, NULL, 0, 1, 0, 0, 'IMPORT', '800X800 B-125 COVER(DRWA)(CARAT)'),
(1466, 1, 1, 1, 'Products', '', '2019-03-11 13:59:18', '2019-03-11 13:59:18', NULL, NULL, 0, 1, 0, 0, 'IMPORT', '700X700 C-250 COVER(DRWA)(CARAT)'),
(1467, 1, 1, 1, 'Products', '', '2019-03-11 13:59:18', '2019-03-11 13:59:18', NULL, NULL, 0, 1, 0, 0, 'IMPORT', '400X400 B-125 COVER(DRWA)(CARAT)'),
(1468, 1, 1, 1, 'Products', '', '2019-03-11 13:59:18', '2019-03-11 13:59:18', NULL, NULL, 0, 1, 0, 0, 'IMPORT', '600X750 D-400 COVER(AMANAH)(EWA WATER BOLTED)'),
(1469, 1, 1, 1, 'Products', '', '2019-03-11 13:59:18', '2019-03-11 13:59:18', NULL, NULL, 0, 1, 0, 0, 'IMPORT', '600X600 SS D-400 COVER(AMANAH)(EWA WATER BOLTED)'),
(1470, 1, 1, 1, 'Products', '', '2019-03-11 13:59:18', '2019-03-11 13:59:18', NULL, NULL, 0, 1, 0, 0, 'IMPORT', '600 DIA D-400 COVER(AMANAH)(P & I)'),
(1471, 1, 1, 1, 'Products', '', '2019-03-11 13:59:18', '2019-03-11 13:59:18', NULL, NULL, 0, 1, 0, 0, 'IMPORT', '300X300 DS B-125 RECESS COVER'),
(1472, 1, 1, 1, 'Products', '', '2019-03-11 13:59:18', '2019-03-11 13:59:18', NULL, NULL, 0, 1, 0, 0, 'IMPORT', 'CD 759 KMB B-125 COVER'),
(1473, 1, 1, 1, 'Products', '', '2019-03-11 13:59:18', '2019-03-11 13:59:18', NULL, NULL, 0, 1, 0, 0, 'IMPORT', 'CD 701 KMD D-400 COVER(F.W)'),
(1474, 1, 1, 1, 'Products', '', '2019-03-11 13:59:18', '2019-03-11 13:59:18', NULL, NULL, 0, 1, 0, 0, 'IMPORT', '600X600 DT D-400 COVER(MBBM)'),
(1475, 1, 1, 1, 'Products', '', '2019-03-11 13:59:18', '2019-03-11 13:59:18', NULL, NULL, 0, 1, 0, 0, 'IMPORT', '750 DIA SS D-400 COVER(STORM DRAINAGE)(A.M)'),
(1476, 1, 1, 1, 'Products', '', '2019-03-11 13:59:18', '2019-03-11 13:59:18', NULL, NULL, 0, 1, 0, 0, 'IMPORT', '1200X600 D-400 GS COVER(EWA WATER BOLTED)'),
(1477, 1, 1, 1, 'Products', '', '2019-03-11 13:59:18', '2019-03-11 13:59:18', NULL, NULL, 0, 1, 0, 0, 'IMPORT', '1200X600 D-400 REVERSE COVER(EWA WATER BOLTED)'),
(1478, 1, 1, 1, 'Products', '', '2019-03-11 13:59:18', '2019-03-11 13:59:18', NULL, NULL, 0, 1, 0, 0, 'IMPORT', '600X600 DT D-400 COVER(THOMAS DUDLEY)(M.H.C LTD)'),
(1479, 1, 1, 1, 'Products', '', '2019-03-11 13:59:18', '2019-03-11 13:59:18', NULL, NULL, 0, 1, 0, 0, 'IMPORT', 'JRC F-900 COVER(ENGLISH)(TELECOM NPP)'),
(1480, 1, 1, 1, 'Products', '', '2019-03-11 13:59:18', '2019-03-11 13:59:18', NULL, NULL, 0, 1, 0, 0, 'IMPORT', 'CD 701 KMD D-400 COVER(S.W)'),
(1481, 1, 1, 1, 'Products', '', '2019-03-11 13:59:18', '2019-03-11 13:59:18', NULL, NULL, 0, 1, 0, 0, 'IMPORT', '600 X 600 B-125 DRWA FRAME & COVER'),
(1482, 1, 1, 1, 'Products', '', '2019-03-11 13:59:18', '2019-03-11 13:59:18', NULL, NULL, 0, 1, 0, 0, 'IMPORT', '600 DIA VICRODS CLASS-B COVER(ELECTRICAL)'),
(1483, 1, 1, 1, 'Products', '', '2019-03-11 13:59:18', '2019-03-11 13:59:18', NULL, NULL, 0, 1, 0, 0, 'IMPORT', '600 DIA VICRODS B-125 COVER(COMMUNICATION)'),
(1484, 1, 1, 1, 'Products', '', '2019-03-11 13:59:18', '2019-03-11 13:59:18', NULL, NULL, 0, 1, 0, 0, 'IMPORT', '600 DIA D-400 COVER(SAXON)(IRRIGATION MAIN)'),
(1485, 1, 1, 1, 'Products', '', '2019-03-11 13:59:18', '2019-03-11 13:59:18', NULL, NULL, 0, 1, 0, 0, 'IMPORT', '600 DIA CLASS D COVER(WELDLOCK)(STORM WATER)'),
(1486, 1, 1, 1, 'Products', '', '2019-03-11 13:59:18', '2019-03-11 13:59:18', NULL, NULL, 0, 1, 0, 0, 'IMPORT', 'JRC F-900 COVER(ENGLISH)(TELECOM SSD)'),
(1487, 1, 1, 1, 'Products', '', '2019-03-11 13:59:18', '2019-03-11 13:59:18', NULL, NULL, 0, 1, 0, 0, 'IMPORT', '890x890 D-400 COVER(OIL INTER SEPTER)'),
(1488, 1, 1, 1, 'Products', '', '2019-03-11 13:59:18', '2019-03-11 13:59:18', NULL, NULL, 0, 1, 0, 0, 'IMPORT', '1100X450 D-400 HINGE COVER'),
(1489, 1, 1, 1, 'Products', '', '2019-03-11 13:59:18', '2019-03-11 13:59:18', NULL, NULL, 0, 1, 0, 0, 'IMPORT', '450X450 CLASS D SOLID TOP COVER(WELDLOCK)'),
(1490, 1, 1, 1, 'Products', '', '2019-03-11 13:59:18', '2019-03-11 13:59:18', NULL, NULL, 0, 1, 0, 0, 'IMPORT', 'CD 755 KMD D-400 COVER'),
(1491, 1, 1, 1, 'Products', '', '2019-03-11 13:59:18', '2019-03-11 13:59:18', NULL, NULL, 0, 1, 0, 0, 'IMPORT', '1100X450 D-400 DOWN COVER'),
(1492, 1, 1, 1, 'Products', '', '2019-03-11 13:59:18', '2019-03-11 13:59:18', NULL, NULL, 0, 1, 0, 0, 'IMPORT', '1100X450 D-400 UP COVER'),
(1493, 1, 1, 1, 'Products', '', '2019-03-11 13:59:18', '2019-03-11 13:59:18', NULL, NULL, 0, 1, 0, 0, 'IMPORT', '900X600 DT D-400 COVER(THOMAS DUDLEY)'),
(1494, 1, 1, 1, 'Products', '', '2019-03-11 13:59:18', '2019-03-11 13:59:18', NULL, NULL, 0, 1, 0, 0, 'IMPORT', '1220X675 DT D-400 COVER(THOMAS DUDLEY)'),
(1495, 1, 1, 1, 'Products', '', '2019-03-11 13:59:18', '2019-03-11 13:59:18', NULL, NULL, 0, 1, 0, 0, 'IMPORT', '1500X750 DT D-400 COVER HEIGHT(FIRE WATER)'),
(1496, 1, 1, 1, 'Products', '', '2019-03-11 13:59:18', '2019-03-11 13:59:18', NULL, NULL, 0, 1, 0, 0, 'IMPORT', '1500X750 DT D-400 COVER SMALL(FIRE WATER)'),
(1497, 1, 1, 1, 'Products', '', '2019-03-11 13:59:18', '2019-03-11 13:59:18', NULL, NULL, 0, 1, 0, 0, 'IMPORT', '1500X750 DT D-400 HEIGHT COVER(TELECOM SSD)'),
(1498, 1, 1, 1, 'Products', '', '2019-03-11 13:59:18', '2019-03-11 13:59:18', NULL, NULL, 0, 1, 0, 0, 'IMPORT', '1500X750 DT D-400 SMALL COVER(TELECOM SSD)'),
(1499, 1, 1, 1, 'Products', '', '2019-03-11 13:59:18', '2019-03-11 13:59:18', NULL, NULL, 0, 1, 0, 0, 'IMPORT', '300X300 F-900 COVER'),
(1500, 1, 1, 1, 'Products', '', '2019-03-11 13:59:18', '2019-03-11 13:59:18', NULL, NULL, 0, 1, 0, 0, 'IMPORT', '750X750 DT D-400 DRAINAGE COVER(WITH GRP)(ASPIRE ZONE)'),
(1501, 1, 1, 1, 'Products', '', '2019-03-11 13:59:19', '2019-03-11 13:59:19', NULL, NULL, 0, 1, 0, 0, 'IMPORT', '750X750 DT D-400 FOUL SEWER COVER(WITH GRP)(ASPIRE ZONE)'),
(1502, 1, 1, 1, 'Products', '', '2019-03-11 13:59:19', '2019-03-11 13:59:19', NULL, NULL, 0, 1, 0, 0, 'IMPORT', '800X800 F-900 COVER(IRRIGATION)'),
(1503, 1, 1, 1, 'Products', '', '2019-03-11 13:59:19', '2019-03-11 13:59:19', NULL, NULL, 0, 1, 0, 0, 'IMPORT', '750X750 DT D-400 DRAINAGE COVER(WITHOUT GRP)(ASPIRE ZONE)'),
(1504, 1, 1, 1, 'Products', '', '2019-03-11 13:59:19', '2019-03-11 13:59:19', NULL, NULL, 0, 1, 0, 0, 'IMPORT', '750X750 DT D-400 SURFACE WATER COVER(WITHOUT GRP)(ASPIRE ZONE)'),
(1505, 1, 1, 1, 'Products', '', '2019-03-11 13:59:19', '2019-03-11 13:59:19', NULL, NULL, 0, 1, 0, 0, 'IMPORT', '750X750 DT D-400 TSE COVER(WITHOUT GRP)(ASPIRE ZONE)'),
(1506, 1, 1, 1, 'Products', '', '2019-03-11 13:59:19', '2019-03-11 13:59:19', NULL, NULL, 0, 1, 0, 0, 'IMPORT', '750X750 DT D-400 PORTABLE WATER COVER(WITHOUT GRP)'),
(1507, 1, 1, 1, 'Products', '', '2019-03-11 13:59:19', '2019-03-11 13:59:19', NULL, NULL, 0, 1, 0, 0, 'IMPORT', '600X750 DT D-400 COVER(THOMAS DUDLEY)'),
(1508, 1, 1, 1, 'Products', '', '2019-03-11 13:59:19', '2019-03-11 13:59:19', NULL, NULL, 0, 1, 0, 0, 'IMPORT', '600X600 DS D-400 RECESS COVER(CLARK DRAIN)'),
(1509, 1, 1, 1, 'Products', '', '2019-03-11 13:59:19', '2019-03-11 13:59:19', NULL, NULL, 0, 1, 0, 0, 'IMPORT', '600 DIA VICRODS CLASS B COVER'),
(1510, 1, 1, 1, 'Products', '', '2019-03-11 13:59:19', '2019-03-11 13:59:19', NULL, NULL, 0, 1, 0, 0, 'IMPORT', '600X600 DS B-125 RECESS COVER(CLARK DRAIN)'),
(1511, 1, 1, 1, 'Products', '', '2019-03-11 13:59:19', '2019-03-11 13:59:19', NULL, NULL, 0, 1, 0, 0, 'IMPORT', '900X900 DT D-400 COVER(THOMAS DUDLEY)'),
(1512, 1, 1, 1, 'Products', '', '2019-03-11 13:59:19', '2019-03-11 13:59:19', NULL, NULL, 0, 1, 0, 0, 'IMPORT', '300X300 CLASS D SOLID TOP COVER(WELDLOCK)'),
(1513, 1, 1, 1, 'Products', '', '2019-03-11 13:59:19', '2019-03-11 13:59:19', NULL, NULL, 0, 1, 0, 0, 'IMPORT', '900X900 CLASS D SOLID TOP COVER(WELDLOCK)'),
(1514, 1, 1, 1, 'Products', '', '2019-03-11 13:59:19', '2019-03-11 13:59:19', NULL, NULL, 0, 1, 0, 0, 'IMPORT', '450X450 CLASS B COVER(WELDLOCK)'),
(1515, 1, 1, 1, 'Products', '', '2019-03-11 13:59:19', '2019-03-11 13:59:19', NULL, NULL, 0, 1, 0, 0, 'IMPORT', '600X600 DS B-125 COVER(CLARK DRAIN)'),
(1516, 1, 1, 1, 'Products', '', '2019-03-11 13:59:19', '2019-03-11 13:59:19', NULL, NULL, 0, 1, 0, 0, 'IMPORT', '600X600 CLASS D SOLID TOP COVER(WELD LOCK)'),
(1517, 1, 1, 1, 'Products', '', '2019-03-11 13:59:19', '2019-03-11 13:59:19', NULL, NULL, 0, 1, 0, 0, 'IMPORT', '600X600 DT D-400WITH GRP COVER(SEWERGE)(MBBM)'),
(1518, 1, 1, 1, 'Products', '', '2019-03-11 13:59:19', '2019-03-11 13:59:19', NULL, NULL, 0, 1, 0, 0, 'IMPORT', '750X750 DT D-400 COVER(THOMAS DUDLEY)'),
(1519, 1, 1, 1, 'Products', '', '2019-03-11 13:59:19', '2019-03-11 13:59:19', NULL, NULL, 0, 1, 0, 0, 'IMPORT', '600 DIA D-400 SEMI CIRCULAR STORM WATER COVER(NIF)'),
(1520, 1, 1, 1, 'Products', '', '2019-03-11 13:59:19', '2019-03-11 13:59:19', NULL, NULL, 0, 1, 0, 0, 'IMPORT', '600X600 DT D-400 WITH GRP COVER(SEWERGE)(NIF)'),
(1521, 1, 1, 1, 'Products', '', '2019-03-11 13:59:19', '2019-03-11 13:59:19', NULL, NULL, 0, 1, 0, 0, 'IMPORT', '600X600 DS D-400 COVER(SEWERGE)(NIF)'),
(1522, 1, 1, 1, 'Products', '', '2019-03-11 13:59:19', '2019-03-11 13:59:19', NULL, NULL, 0, 1, 0, 0, 'IMPORT', 'JRC D-400 COVER(ENGLISH)_TELECOM PUBLIC'),
(1523, 1, 1, 1, 'Products', '', '2019-03-11 13:59:19', '2019-03-11 13:59:19', NULL, NULL, 0, 1, 0, 0, 'IMPORT', '70X70 B-125 COVER HEAVY(BENGAL METAL)'),
(1524, 1, 1, 1, 'Products', '', '2019-03-11 13:59:19', '2019-03-11 13:59:19', NULL, NULL, 0, 1, 0, 0, 'IMPORT', '750 DIA DS D-400 COVER(SEWERGE)(ADSSC)'),
(1525, 1, 1, 1, 'Products', '', '2019-03-11 13:59:19', '2019-03-11 13:59:19', NULL, NULL, 0, 1, 0, 0, 'IMPORT', '500X500 D-400 COVER(DRWA)(CARAT)'),
(1526, 1, 1, 1, 'Products', '', '2019-03-11 13:59:19', '2019-03-11 13:59:19', NULL, NULL, 0, 1, 0, 0, 'IMPORT', '750X750 D-400 BOLTED COVER'),
(1527, 1, 1, 1, 'Products', '', '2019-03-11 13:59:19', '2019-03-11 13:59:19', NULL, NULL, 0, 1, 0, 0, 'IMPORT', '600 DIA JUPALCO D-400 COVER'),
(1528, 1, 1, 1, 'Products', '', '2019-03-11 13:59:19', '2019-03-11 13:59:19', NULL, NULL, 0, 1, 0, 0, 'IMPORT', '1200X1200 DT D-400 COVER(THOMAS DUDLEY)'),
(1529, 1, 1, 1, 'Products', '', '2019-03-11 13:59:19', '2019-03-11 13:59:19', NULL, NULL, 0, 1, 0, 0, 'IMPORT', '600X600 CLASS B INFILL COVER(WELDLOCK)'),
(1530, 1, 1, 1, 'Products', '', '2019-03-11 13:59:19', '2019-03-11 13:59:19', NULL, NULL, 0, 1, 0, 0, 'IMPORT', '600X600 DS C-250 RECESS COVER(AMANAH)(PAM)'),
(1531, 1, 1, 1, 'Products', '', '2019-03-11 13:59:19', '2019-03-11 13:59:19', NULL, NULL, 0, 1, 0, 0, 'IMPORT', '1200X750 D-400 COVER(EWA WATER BOLTED)(AMANAH)(PAM)'),
(1532, 1, 1, 1, 'Products', '', '2019-03-11 13:59:19', '2019-03-11 13:59:19', NULL, NULL, 0, 1, 0, 0, 'IMPORT', '1200X750 D-400 REVERSE COVER(EWA WATER BOLTED)(AMANAH)(PAM)'),
(1533, 1, 1, 1, 'Products', '', '2019-03-11 13:59:19', '2019-03-11 13:59:19', NULL, NULL, 0, 1, 0, 0, 'IMPORT', '1500X750 D-400 BOLTED COVER(EWA WATER BOLTED)(AMANAH)(PAM)'),
(1534, 1, 1, 1, 'Products', '', '2019-03-11 13:59:19', '2019-03-11 13:59:19', NULL, NULL, 0, 1, 0, 0, 'IMPORT', '1500X750 D-400 BOLTED REVERSE COVER(AMANAH)(EWA WATER BOLTED)(PAM)'),
(1535, 1, 1, 1, 'Products', '', '2019-03-11 13:59:19', '2019-03-11 13:59:19', NULL, NULL, 0, 1, 0, 0, 'IMPORT', '600X600 SS SOLID TOP COVER_FSD'),
(1536, 1, 1, 1, 'Products', '', '2019-03-11 14:01:22', '2019-03-11 14:01:22', NULL, NULL, 0, 1, 0, 0, 'IMPORT', '600X600 SS SOLID TOP COVER_FSD'),
(1537, 1, 1, 1, 'Products', '', '2019-03-11 14:01:22', '2019-03-11 14:01:22', NULL, NULL, 0, 1, 0, 0, 'IMPORT', '700X700 B-125 COVER(THOMAS DUDLEY)'),
(1538, 1, 1, 1, 'Products', '', '2019-03-11 14:01:22', '2019-03-11 14:01:22', NULL, NULL, 0, 1, 0, 0, 'IMPORT', '750X750 B-125 COVER(THOMAS DUDLEY)'),
(1539, 1, 1, 1, 'Products', '', '2019-03-11 14:01:22', '2019-03-11 14:01:22', NULL, NULL, 0, 1, 0, 0, 'IMPORT', '900 DIA D-400 TELECOM SSD COVER'),
(1540, 1, 1, 1, 'Products', '', '2019-03-11 14:01:22', '2019-03-11 14:01:22', NULL, NULL, 0, 1, 0, 0, 'IMPORT', '750 DIA SS C-250 COVER(SAXON)(IRRIGATION)'),
(1541, 1, 1, 1, 'Products', '', '2019-03-11 14:01:22', '2019-03-11 14:01:22', NULL, NULL, 0, 1, 0, 0, 'IMPORT', '1000X750 D-400 BOLTED COVER(AMANAH)'),
(1542, 1, 1, 1, 'Products', '', '2019-03-11 14:01:22', '2019-03-11 14:01:22', NULL, NULL, 0, 1, 0, 0, 'IMPORT', '1000X1000 D-400 COVER(THOMAS DUDLEY)'),
(1543, 1, 1, 1, 'Products', '', '2019-03-11 14:01:22', '2019-03-11 14:01:22', NULL, NULL, 0, 1, 0, 0, 'IMPORT', '600X750 B-125 COVER(THOMAS DUDLEY)'),
(1544, 1, 1, 1, 'Products', '', '2019-03-11 14:01:22', '2019-03-11 14:01:22', NULL, NULL, 0, 1, 0, 0, 'IMPORT', '400X400 D-400 COVER(DRWA)'),
(1545, 1, 1, 1, 'Products', '', '2019-03-11 14:01:22', '2019-03-11 14:01:22', NULL, NULL, 0, 1, 0, 0, 'IMPORT', '1220X675 DT D-400 COVER_LOCK(THOMAS DUDLEY)'),
(1546, 1, 1, 1, 'Products', '', '2019-03-11 14:01:22', '2019-03-11 14:01:22', NULL, NULL, 0, 1, 0, 0, 'IMPORT', '800X800 D-400 COVER(DRWA)(CARAT)'),
(1547, 1, 1, 1, 'Products', '', '2019-03-11 14:01:22', '2019-03-11 14:01:22', NULL, NULL, 0, 1, 0, 0, 'IMPORT', '1220X675 DT D-400 COVER_MASTER(THOMAS DUDLEY)'),
(1548, 1, 1, 1, 'Products', '', '2019-03-11 14:01:22', '2019-03-11 14:01:22', NULL, NULL, 0, 1, 0, 0, 'IMPORT', 'JUPALCO COVER_CI'),
(1549, 1, 1, 1, 'Products', '', '2019-03-11 14:01:22', '2019-03-11 14:01:22', NULL, NULL, 0, 1, 0, 0, 'IMPORT', '900X900 CLASS D INFILL COVER'),
(1550, 1, 1, 1, 'Products', '', '2019-03-11 14:01:22', '2019-03-11 14:01:22', NULL, NULL, 0, 1, 0, 0, 'IMPORT', '400X400 D-400 COVER(DOHA)'),
(1551, 1, 1, 1, 'Products', '', '2019-03-11 14:01:23', '2019-03-11 14:01:23', NULL, NULL, 0, 1, 0, 0, 'IMPORT', '600X600 D-400 COVER(DRWA)(CARAT)'),
(1552, 1, 1, 1, 'Products', '', '2019-03-11 14:01:23', '2019-03-11 14:01:23', NULL, NULL, 0, 1, 0, 0, 'IMPORT', '1000X1000 D-400 COVER(DRWA)(CARAT)'),
(1553, 1, 1, 1, 'Products', '', '2019-03-11 14:01:23', '2019-03-11 14:01:23', NULL, NULL, 0, 1, 0, 0, 'IMPORT', '1000X1000 B-125 COVER(DRWA)(CARAT)'),
(1554, 1, 1, 1, 'Products', '', '2019-03-11 14:01:23', '2019-03-11 14:01:23', NULL, NULL, 0, 1, 0, 0, 'IMPORT', '1100X1100 C-250 COVER(DRWA)(CARAT)'),
(1555, 1, 1, 1, 'Products', '', '2019-03-11 14:01:23', '2019-03-11 14:01:23', NULL, NULL, 0, 1, 0, 0, 'IMPORT', '300X300 SS D-400 COVER(DOHA)'),
(1556, 1, 1, 1, 'Products', '', '2019-03-11 14:01:23', '2019-03-11 14:01:23', NULL, NULL, 0, 1, 0, 0, 'IMPORT', '450X450 CLASS-B INFILL COVER(WELDLOCK)'),
(1557, 1, 1, 1, 'Products', '', '2019-03-11 14:01:23', '2019-03-11 14:01:23', NULL, NULL, 0, 1, 0, 0, 'IMPORT', '450X450 CLASS-D INFILL COVER(WELDLOCK)'),
(1558, 1, 1, 1, 'Products', '', '2019-03-11 14:01:23', '2019-03-11 14:01:23', NULL, NULL, 0, 1, 0, 0, 'IMPORT', '890X890 D-400 S/T FOUL SEWER DRAINAGE COVER(AS PIRE ZONE)'),
(1559, 1, 1, 1, 'Products', '', '2019-03-11 14:01:23', '2019-03-11 14:01:23', NULL, NULL, 0, 1, 0, 0, 'IMPORT', '1100X1100 D-400 COVER(DRWA)(CARAT)'),
(1560, 1, 1, 1, 'Products', '', '2019-03-11 14:01:23', '2019-03-11 14:01:23', NULL, NULL, 0, 1, 0, 0, 'IMPORT', '1500X750 DT D-400 SMALL COVER(TELECOM NPP)'),
(1561, 1, 1, 1, 'Products', '', '2019-03-11 14:01:23', '2019-03-11 14:01:23', NULL, NULL, 0, 1, 0, 0, 'IMPORT', '1500X750 DT D-400 HEIGHT COVER(TELECOM NPP)'),
(1562, 1, 1, 1, 'Products', '', '2019-03-11 14:01:23', '2019-03-11 14:01:23', NULL, NULL, 0, 1, 0, 0, 'IMPORT', '600X600 CLASS D INFILL COVER(WELDLOCK)'),
(1563, 1, 1, 1, 'Products', '', '2019-03-11 14:01:23', '2019-03-11 14:01:23', NULL, NULL, 0, 1, 0, 0, 'IMPORT', '1500X750 DT D-400 SMALL COVER(TELECOM PUBLIC)'),
(1564, 1, 1, 1, 'Products', '', '2019-03-11 14:01:23', '2019-03-11 14:01:23', NULL, NULL, 0, 1, 0, 0, 'IMPORT', '1500X750 DT D-400 HIEGHT COVER(TELECOM PUBLIC)'),
(1565, 1, 1, 1, 'Products', '', '2019-03-11 14:01:23', '2019-03-11 14:01:23', NULL, NULL, 0, 1, 0, 0, 'IMPORT', '600X600 DT D-400 COVER ARROW(ITS)'),
(1566, 1, 1, 1, 'Products', '', '2019-03-11 14:01:23', '2019-03-11 14:01:23', NULL, NULL, 0, 1, 0, 0, 'IMPORT', '600X600 SS D-400 COVER(POTABLE  WATER)'),
(1567, 1, 1, 1, 'Products', '', '2019-03-11 14:01:23', '2019-03-11 14:01:23', NULL, NULL, 0, 1, 0, 0, 'IMPORT', '900X900 B-125 COVER(AMANAH)'),
(1568, 1, 1, 1, 'Products', '', '2019-03-11 14:01:23', '2019-03-11 14:01:23', NULL, NULL, 0, 1, 0, 0, 'IMPORT', '500 DIA CLASS-D WELDLOCK COVER'),
(1569, 1, 1, 1, 'Products', '', '2019-03-11 14:01:23', '2019-03-11 14:01:23', NULL, NULL, 0, 1, 0, 0, 'IMPORT', '1000X1000 DT D-400 COVER(KARHMAA-ELECTRICITY)'),
(1570, 1, 1, 1, 'Products', '', '2019-03-11 14:01:23', '2019-03-11 14:01:23', NULL, NULL, 0, 1, 0, 0, 'IMPORT', '900X900 CLASS-D INFILL COVER(WELDLOCK)'),
(1571, 1, 1, 1, 'Products', '', '2019-03-11 14:01:23', '2019-03-11 14:01:23', NULL, NULL, 0, 1, 0, 0, 'IMPORT', '367 DIA CLASS B COVER(WELDLOCK)'),
(1572, 1, 1, 1, 'Products', '', '2019-03-11 14:01:23', '2019-03-11 14:01:23', NULL, NULL, 0, 1, 0, 0, 'IMPORT', '1000X1000 D-400 DRWA COVER_TUV'),
(1573, 1, 1, 1, 'Products', '', '2019-03-11 14:01:23', '2019-03-11 14:01:23', NULL, NULL, 0, 1, 0, 0, 'IMPORT', '1100X1100 D-400 DRWA COVER_TUV'),
(1574, 1, 1, 1, 'Products', '', '2019-03-11 14:01:23', '2019-03-11 14:01:23', NULL, NULL, 0, 1, 0, 0, 'IMPORT', '900X900 D-400 RECESS COVER(AMANAH)'),
(1575, 1, 1, 1, 'Products', '', '2019-03-11 14:01:23', '2019-03-11 14:01:23', NULL, NULL, 0, 1, 0, 0, 'IMPORT', '900 DIA D-400 TELECOM NPP COVER'),
(1576, 1, 1, 1, 'Products', '', '2019-03-11 14:01:23', '2019-03-11 14:01:23', NULL, NULL, 0, 1, 0, 0, 'IMPORT', '150X150 D-400 SURFACE BOX LID(POTABLE WATER)'),
(1577, 1, 1, 1, 'Products', '', '2019-03-11 14:01:23', '2019-03-11 14:01:23', NULL, NULL, 0, 1, 0, 0, 'IMPORT', '600X600 DS B-125 COVER(TRAFFIC SIGNAL)'),
(1578, 1, 1, 1, 'Products', '', '2019-03-11 14:01:23', '2019-03-11 14:01:23', NULL, NULL, 0, 1, 0, 0, 'IMPORT', '532X405 D-400 COVER(MBBM)(DM)'),
(1579, 1, 1, 1, 'Products', '', '2019-03-11 14:01:23', '2019-03-11 14:01:23', NULL, NULL, 0, 1, 0, 0, 'IMPORT', '70X70 C-250 COVER(BENGAL METAL)'),
(1580, 1, 1, 1, 'Products', '', '2019-03-11 14:01:23', '2019-03-11 14:01:23', NULL, NULL, 0, 1, 0, 0, 'IMPORT', 'CD 1659 KMD D-400 COVER(2015)'),
(1581, 1, 1, 1, 'Products', '', '2019-03-11 14:01:23', '2019-03-11 14:01:23', NULL, NULL, 0, 1, 0, 0, 'IMPORT', 'CD 1659 KMD D-400 COVER ARROW(2015)'),
(1582, 1, 1, 1, 'Products', '', '2019-03-11 14:01:23', '2019-03-11 14:01:23', NULL, NULL, 0, 1, 0, 0, 'IMPORT', 'CD 750 D-400 COVER ARROW'),
(1583, 1, 1, 1, 'Products', '', '2019-03-11 14:01:23', '2019-03-11 14:01:23', NULL, NULL, 0, 1, 0, 0, 'IMPORT', 'CD 693 KMD D-400 COVER ARROW'),
(1584, 1, 1, 1, 'Products', '', '2019-03-11 14:01:23', '2019-03-11 14:01:23', NULL, NULL, 0, 1, 0, 0, 'IMPORT', 'CD 694 KMD D-400 COVER(F.W)'),
(1585, 1, 1, 1, 'Products', '', '2019-03-11 14:01:23', '2019-03-11 14:01:23', NULL, NULL, 0, 1, 0, 0, 'IMPORT', 'CD 761 KMB B-125 COVER(NEW)'),
(1586, 1, 1, 1, 'Products', '', '2019-03-11 14:01:23', '2019-03-11 14:01:23', NULL, NULL, 0, 1, 0, 0, 'IMPORT', 'CD 751 D-400 HKMD COVER'),
(1587, 1, 1, 1, 'Products', '', '2019-03-11 14:01:23', '2019-03-11 14:01:23', NULL, NULL, 0, 1, 0, 0, 'IMPORT', 'CD 701 D-400 KMD COVER ARROW(2015)'),
(1588, 1, 1, 1, 'Products', '', '2019-03-11 14:01:23', '2019-03-11 14:01:23', NULL, NULL, 0, 1, 0, 0, 'IMPORT', '700X700 B-125 CAPA COVER'),
(1589, 1, 1, 1, 'Products', '', '2019-03-11 14:01:23', '2019-03-11 14:01:23', NULL, NULL, 0, 1, 0, 0, 'IMPORT', '217X217 VICRODS COVER'),
(1590, 1, 1, 1, 'Products', '', '2019-03-11 14:01:24', '2019-03-11 14:01:24', NULL, NULL, 0, 1, 0, 0, 'IMPORT', '600X600 CLASS B INFILL RAIL_SMALL'),
(1591, 1, 1, 1, 'Products', '', '2019-03-11 14:01:24', '2019-03-11 14:01:24', NULL, NULL, 0, 1, 0, 0, 'IMPORT', 'CD 752 HKMD D-400 COVER ARROW(2015)'),
(1592, 1, 1, 1, 'Products', '', '2019-03-11 14:01:24', '2019-03-11 14:01:24', NULL, NULL, 0, 1, 0, 0, 'IMPORT', 'CD 753 HKMD D-400 COVER ARROW(2015)'),
(1593, 1, 1, 1, 'Products', '', '2019-03-11 14:01:24', '2019-03-11 14:01:24', NULL, NULL, 0, 1, 0, 0, 'IMPORT', 'CD 695 HKMD D-400 COVER'),
(1594, 1, 1, 1, 'Products', '', '2019-03-11 14:01:24', '2019-03-11 14:01:24', NULL, NULL, 0, 1, 0, 0, 'IMPORT', 'CD 1659 KMD D-400 COVER(2015)(F.W)'),
(1595, 1, 1, 1, 'Products', '', '2019-03-11 14:01:24', '2019-03-11 14:01:24', NULL, NULL, 0, 1, 0, 0, 'IMPORT', 'QNBN D-400 COVER(JRC 12/14)(ARABIC)-45'),
(1596, 1, 1, 1, 'Products', '', '2019-03-11 14:01:24', '2019-03-11 14:01:24', NULL, NULL, 0, 1, 0, 0, 'IMPORT', '600X600 CLASS-B COVER(WELDLOCK)'),
(1597, 1, 1, 1, 'Products', '', '2019-03-11 14:01:24', '2019-03-11 14:01:24', NULL, NULL, 0, 1, 0, 0, 'IMPORT', '750X750 DT D-400 COVER(WITH GRP)(MBBM)'),
(1598, 1, 1, 1, 'Products', '', '2019-03-11 14:01:24', '2019-03-11 14:01:24', NULL, NULL, 0, 1, 0, 0, 'IMPORT', '600X600 SS D-400 WITH GRP COVER(AMANAH)(PAM)'),
(1599, 1, 1, 1, 'Products', '', '2019-03-11 14:01:24', '2019-03-11 14:01:24', NULL, NULL, 0, 1, 0, 0, 'IMPORT', '600X600X80 C/O SS D-400 RECESS COVER(AMANAH)(PAM)'),
(1600, 1, 1, 1, 'Products', '', '2019-03-11 14:01:24', '2019-03-11 14:01:24', NULL, NULL, 0, 1, 0, 0, 'IMPORT', '800X800 DT D-400 COVER(AMANAH)(PAM)'),
(1601, 1, 1, 1, 'Products', '', '2019-03-11 14:01:24', '2019-03-11 14:01:24', NULL, NULL, 0, 1, 0, 0, 'IMPORT', '600X600 DS D-400 RECESS COVER(AMANAH)(PAM)'),
(1602, 1, 1, 1, 'Products', '', '2019-03-11 14:01:24', '2019-03-11 14:01:24', NULL, NULL, 0, 1, 0, 0, 'IMPORT', '300X300 DS D-400 SOLID TOP COVER(AMANAH)(PAM)'),
(1603, 1, 1, 1, 'Products', '', '2019-03-11 14:01:24', '2019-03-11 14:01:24', NULL, NULL, 0, 1, 0, 0, 'IMPORT', '600 DIA D-400 HINGE COVER(AMANAH)(PAM)'),
(1604, 1, 1, 1, 'Products', '', '2019-03-11 14:01:24', '2019-03-11 14:01:24', NULL, NULL, 0, 1, 0, 0, 'IMPORT', '600 DIA DS D-400 RECESS CIRCULAR COVER(AMANAH)'),
(1605, 1, 1, 1, 'Products', '', '2019-03-11 14:01:24', '2019-03-11 14:01:24', NULL, NULL, 0, 1, 0, 0, 'IMPORT', '180 DIA D-400 COVER_SGPS'),
(1606, 1, 1, 1, 'Products', '', '2019-03-11 14:01:24', '2019-03-11 14:01:24', NULL, NULL, 0, 1, 0, 0, 'IMPORT', 'CD 693 KMD D-400 COVER(FW)'),
(1607, 1, 1, 1, 'Products', '', '2019-03-11 14:01:24', '2019-03-11 14:01:24', NULL, NULL, 0, 1, 0, 0, 'IMPORT', '600X800 OTE D-400 COVER'),
(1608, 1, 1, 1, 'Products', '', '2019-03-11 14:01:24', '2019-03-11 14:01:24', NULL, NULL, 0, 1, 0, 0, 'IMPORT', '800X800 F-900 COVER(ELECTRICAL)'),
(1609, 1, 1, 1, 'Products', '', '2019-03-11 14:01:24', '2019-03-11 14:01:24', NULL, NULL, 0, 1, 0, 0, 'IMPORT', 'CD 693 AHKMD D-400 COVER(2015)(FW)'),
(1610, 1, 1, 1, 'Products', '', '2019-03-11 14:01:24', '2019-03-11 14:01:24', NULL, NULL, 0, 1, 0, 0, 'IMPORT', 'CD 693 AHKMD D-400 COVER ARROW(2015)'),
(1611, 1, 1, 1, 'Products', '', '2019-03-11 14:01:24', '2019-03-11 14:01:24', NULL, NULL, 0, 1, 0, 0, 'IMPORT', '600 DIA B-125 COVER'),
(1612, 1, 1, 1, 'Products', '', '2019-03-11 14:01:24', '2019-03-11 14:01:24', NULL, NULL, 0, 1, 0, 0, 'IMPORT', '900X900 F-900 COVER(POTABLE COVER)'),
(1613, 1, 1, 1, 'Products', '', '2019-03-11 14:01:24', '2019-03-11 14:01:24', NULL, NULL, 0, 1, 0, 0, 'IMPORT', 'CD 1659 KMD D-400 COVER(2015)(SW)'),
(1614, 1, 1, 1, 'Products', '', '2019-03-11 14:01:24', '2019-03-11 14:01:24', NULL, NULL, 0, 1, 0, 0, 'IMPORT', '260 DIA D-400 COV. - SGPS'),
(1615, 1, 1, 1, 'Products', '', '2019-03-11 14:01:24', '2019-03-11 14:01:24', NULL, NULL, 0, 1, 0, 0, 'IMPORT', '800X800 D-400 COVER(CAPA)'),
(1616, 1, 1, 1, 'Products', '', '2019-03-11 14:01:24', '2019-03-11 14:01:24', NULL, NULL, 0, 1, 0, 0, 'IMPORT', 'CD 701 KMD D-400 COVER(2015)'),
(1617, 1, 1, 1, 'Products', '', '2019-03-11 14:01:24', '2019-03-11 14:01:24', NULL, NULL, 0, 1, 0, 0, 'IMPORT', '600 DIA D-400 COVER(BENITO)'),
(1618, 1, 1, 1, 'Products', '', '2019-03-11 14:01:24', '2019-03-11 14:01:24', NULL, NULL, 0, 1, 0, 0, 'IMPORT', 'BENITO B-125 TH-40 COVER(400X400)'),
(1619, 1, 1, 1, 'Products', '', '2019-03-11 14:01:24', '2019-03-11 14:01:24', NULL, NULL, 0, 1, 0, 0, 'IMPORT', '400X400 B-125 DZ COVER'),
(1620, 1, 1, 1, 'Products', '', '2019-03-11 14:01:24', '2019-03-11 14:01:24', NULL, NULL, 0, 1, 0, 0, 'IMPORT', '1000X1000 DT D-400 COVER(KARHMAA-FIBER OPTIC CABLE)'),
(1621, 1, 1, 1, 'Products', '', '2019-03-11 14:01:24', '2019-03-11 14:01:24', NULL, NULL, 0, 1, 0, 0, 'IMPORT', '1000X1000 DT D-400 COVER(FOUL SEWER DRAINAGE)'),
(1622, 1, 1, 1, 'Products', '', '2019-03-11 14:01:24', '2019-03-11 14:01:24', NULL, NULL, 0, 1, 0, 0, 'IMPORT', '300X300 DS D-400 RECESSS COVER'),
(1623, 1, 1, 1, 'Products', '', '2019-03-11 14:01:24', '2019-03-11 14:01:24', NULL, NULL, 0, 1, 0, 0, 'IMPORT', '890X890 D-400 FSD COVER'),
(1624, 1, 1, 1, 'Products', '', '2019-03-11 14:01:24', '2019-03-11 14:01:24', NULL, NULL, 0, 1, 0, 0, 'IMPORT', '300X300 DS D-400 COVER(ASPIRE ZONE)'),
(1625, 1, 1, 1, 'Products', '', '2019-03-11 14:01:24', '2019-03-11 14:01:24', NULL, NULL, 0, 1, 0, 0, 'IMPORT', '800X800 B-125 DZ COVER'),
(1626, 1, 1, 1, 'Products', '', '2019-03-11 14:01:24', '2019-03-11 14:01:24', NULL, NULL, 0, 1, 0, 0, 'IMPORT', '1000X1000 B-125 COVER (DZ)'),
(1627, 1, 1, 1, 'Products', '', '2019-03-11 14:01:24', '2019-03-11 14:01:24', NULL, NULL, 0, 1, 0, 0, 'IMPORT', '1600X1600 DT D-400 COVER (DRAINAGE)'),
(1628, 1, 1, 1, 'Products', '', '2019-03-11 14:01:25', '2019-03-11 14:01:25', NULL, NULL, 0, 1, 0, 0, 'IMPORT', '1000X1000 DT D-400 COVER (POTABLE WATER)'),
(1629, 1, 1, 1, 'Products', '', '2019-03-11 14:01:25', '2019-03-11 14:01:25', NULL, NULL, 0, 1, 0, 0, 'IMPORT', '1000X1000 DT D-400 COVER (TSE DRAINAGE)'),
(1630, 1, 1, 1, 'Products', '', '2019-03-11 14:01:25', '2019-03-11 14:01:25', NULL, NULL, 0, 1, 0, 0, 'IMPORT', '890X890 D-400 COVER (FIRE WATER)'),
(1631, 1, 1, 1, 'Products', '', '2019-03-11 14:01:25', '2019-03-11 14:01:25', NULL, NULL, 0, 1, 0, 0, 'IMPORT', '400X500 B-125 DZ COVER'),
(1632, 1, 1, 1, 'Products', '', '2019-03-11 14:01:25', '2019-03-11 14:01:25', NULL, NULL, 0, 1, 0, 0, 'IMPORT', '600 DIA B-125 COVER(BENITO)'),
(1633, 1, 1, 1, 'Products', '', '2019-03-11 14:01:25', '2019-03-11 14:01:25', NULL, NULL, 0, 1, 0, 0, 'IMPORT', '600X600 SS D-400 COVER(HECAL)'),
(1634, 1, 1, 1, 'Products', '', '2019-03-11 14:01:25', '2019-03-11 14:01:25', NULL, NULL, 0, 1, 0, 0, 'IMPORT', '600X600 SS D-400 COVER(FIRE WATER)'),
(1635, 1, 1, 1, 'Products', '', '2019-03-11 14:01:25', '2019-03-11 14:01:25', NULL, NULL, 0, 1, 0, 0, 'IMPORT', '600X600 B-125 DZ COVER'),
(1636, 1, 1, 1, 'Products', '', '2019-03-11 14:01:25', '2019-03-11 14:01:25', NULL, NULL, 0, 1, 0, 0, 'IMPORT', '1100X1100 C-250 COVER(DRWA)'),
(1637, 1, 1, 1, 'Products', '', '2019-03-11 14:01:25', '2019-03-11 14:01:25', NULL, NULL, 0, 1, 0, 0, 'IMPORT', '1000X1000 C-250 COVER(DRWA)'),
(1638, 1, 1, 1, 'Products', '', '2019-03-11 14:01:25', '2019-03-11 14:01:25', NULL, NULL, 0, 1, 0, 0, 'IMPORT', '1100X1100 D-400 COVER(DRWA)'),
(1639, 1, 1, 1, 'Products', '', '2019-03-11 14:01:25', '2019-03-11 14:01:25', NULL, NULL, 0, 1, 0, 0, 'IMPORT', '1000X1000 D-400 COVER(DRWA)'),
(1640, 1, 1, 1, 'Products', '', '2019-03-11 14:01:25', '2019-03-11 14:01:25', NULL, NULL, 0, 1, 0, 0, 'IMPORT', '890X890 D-400 COVER(POTABLE WATER)'),
(1641, 1, 1, 1, 'Products', '', '2019-03-11 14:01:25', '2019-03-11 14:01:25', NULL, NULL, 0, 1, 0, 0, 'IMPORT', '600X600 SS F-900 COVER(SSD)'),
(1642, 1, 1, 1, 'Products', '', '2019-03-11 14:01:25', '2019-03-11 14:01:25', NULL, NULL, 0, 1, 0, 0, 'IMPORT', '600X600 SS F-900 COVER(ELECTRICITY)'),
(1643, 1, 1, 1, 'Products', '', '2019-03-11 14:01:25', '2019-03-11 14:01:25', NULL, NULL, 0, 1, 0, 0, 'IMPORT', '700X700 GG B-125 COVER(AET)'),
(1644, 1, 1, 1, 'Products', '', '2019-03-11 14:01:25', '2019-03-11 14:01:25', NULL, NULL, 0, 1, 0, 0, 'IMPORT', '600X600 F-900 SSD COVER'),
(1645, 1, 1, 1, 'Products', '', '2019-03-11 14:01:25', '2019-03-11 14:01:25', NULL, NULL, 0, 1, 0, 0, 'IMPORT', '890X890 F-900 COVER(POTABLE WATER)'),
(1646, 1, 1, 1, 'Products', '', '2019-03-11 14:01:25', '2019-03-11 14:01:25', NULL, NULL, 0, 1, 0, 0, 'IMPORT', '890X890 F-900 COVER(FIRE WATER)'),
(1647, 1, 1, 1, 'Products', '', '2019-03-11 14:01:25', '2019-03-11 14:01:25', NULL, NULL, 0, 1, 0, 0, 'IMPORT', '700X700 GG E-600 COVER(AET)'),
(1648, 1, 1, 1, 'Products', '', '2019-03-11 14:01:25', '2019-03-11 14:01:25', NULL, NULL, 0, 1, 0, 0, 'IMPORT', '700X700 B-125 DZ COVER'),
(1649, 1, 1, 1, 'Products', '', '2019-03-11 14:01:25', '2019-03-11 14:01:25', NULL, NULL, 0, 1, 0, 0, 'IMPORT', '600X600 SS C-250 COVER(SEWERAGE)'),
(1650, 1, 1, 1, 'Products', '', '2019-03-11 14:01:25', '2019-03-11 14:01:25', NULL, NULL, 0, 1, 0, 0, 'IMPORT', '600 DIA D-400 170MM HIGHT COVER(KANUS)_WITH OUT LOGO'),
(1651, 1, 1, 1, 'Products', '', '2019-03-11 14:01:25', '2019-03-11 14:01:25', NULL, NULL, 0, 1, 0, 0, 'IMPORT', 'HECAL SURFACE BOX(A-310)'),
(1652, 1, 1, 1, 'Products', '', '2019-03-11 14:01:25', '2019-03-11 14:01:25', NULL, NULL, 0, 1, 0, 0, 'IMPORT', '300X300 F-900 COVER(ELECTRICAL)'),
(1653, 1, 1, 1, 'Products', '', '2019-03-11 14:01:25', '2019-03-11 14:01:25', NULL, NULL, 0, 1, 0, 0, 'IMPORT', '260 DIA D-400 COVER_SGPS(WITH LOCK)'),
(1654, 1, 1, 1, 'Products', '', '2019-03-11 14:01:25', '2019-03-11 14:01:25', NULL, NULL, 0, 1, 0, 0, 'IMPORT', '700X700 B-125 CAPA COVER(SANEMANTO)'),
(1655, 1, 1, 1, 'Products', '', '2019-03-11 14:01:25', '2019-03-11 14:01:25', NULL, NULL, 0, 1, 0, 0, 'IMPORT', '600X600 SS D-400 COVER(HECAL)(WITH GASKIT)'),
(1656, 1, 1, 1, 'Products', '', '2019-03-11 14:01:25', '2019-03-11 14:01:25', NULL, NULL, 0, 1, 0, 0, 'IMPORT', '900X600 D-400 COVER(MBBM)(IRRIGATION)'),
(1657, 1, 1, 1, 'Products', '', '2019-03-11 14:01:25', '2019-03-11 14:01:25', NULL, NULL, 0, 1, 0, 0, 'IMPORT', '380X230 D-400 COVER'),
(1658, 1, 1, 1, 'Products', '', '2019-03-11 14:01:25', '2019-03-11 14:01:25', NULL, NULL, 0, 1, 0, 0, 'IMPORT', '700X700 B-125 CAPA COVER(AGUAS PLIVIAS)'),
(1659, 1, 1, 1, 'Products', '', '2019-03-11 14:01:25', '2019-03-11 14:01:25', NULL, NULL, 0, 1, 0, 0, 'IMPORT', '700X700 B-125 CAPA COVER(ELETRICIDADE)'),
(1660, 1, 1, 1, 'Products', '', '2019-03-11 14:01:25', '2019-03-11 14:01:25', NULL, NULL, 0, 1, 0, 0, 'IMPORT', 'HECAL TE063 COVER'),
(1661, 1, 1, 1, 'Products', '', '2019-03-11 14:01:25', '2019-03-11 14:01:25', NULL, NULL, 0, 1, 0, 0, 'IMPORT', '450X450 DS D-400 COVER(STREET LOGHTING)'),
(1662, 1, 1, 1, 'Products', '', '2019-03-11 14:01:25', '2019-03-11 14:01:25', NULL, NULL, 0, 1, 0, 0, 'IMPORT', '1600X1600 D-400 COVER(FIRE WATER)'),
(1663, 1, 1, 1, 'Products', '', '2019-03-11 14:01:25', '2019-03-11 14:01:25', NULL, NULL, 0, 1, 0, 0, 'IMPORT', '1000X1000 DT D-400 COVER(IRRIGATION MBBM)'),
(1664, 1, 1, 1, 'Products', '', '2019-03-11 14:01:25', '2019-03-11 14:01:25', NULL, NULL, 0, 1, 0, 0, 'IMPORT', '500X500 C-250 COVER(MCP)'),
(1665, 1, 1, 1, 'Products', '', '2019-03-11 14:01:26', '2019-03-11 14:01:26', NULL, NULL, 0, 1, 0, 0, 'IMPORT', 'MCP 40C COVER'),
(1666, 1, 1, 1, 'Products', '', '2019-03-11 14:01:26', '2019-03-11 14:01:26', NULL, NULL, 0, 1, 0, 0, 'IMPORT', 'MCP 30C COVER'),
(1667, 1, 1, 1, 'Products', '', '2019-03-11 14:01:26', '2019-03-11 14:01:26', NULL, NULL, 0, 1, 0, 0, 'IMPORT', 'WIENKANAL E-600 COVER'),
(1668, 1, 1, 1, 'Products', '', '2019-03-11 14:01:26', '2019-03-11 14:01:26', NULL, NULL, 0, 1, 0, 0, 'IMPORT', 'LEO 50C COVER'),
(1669, 1, 1, 1, 'Products', '', '2019-03-11 14:01:26', '2019-03-11 14:01:26', NULL, NULL, 0, 1, 0, 0, 'IMPORT', 'JRC D-400 COVER(ENGLISH)(HSD-60)'),
(1670, 1, 1, 1, 'Products', '', '2019-03-11 14:01:26', '2019-03-11 14:01:26', NULL, NULL, 0, 1, 0, 0, 'IMPORT', '600 DIA B-125 DZ COVER'),
(1671, 1, 1, 1, 'Products', '', '2019-03-11 14:01:26', '2019-03-11 14:01:26', NULL, NULL, 0, 1, 0, 0, 'IMPORT', '460X460 E-600 GG COVER'),
(1672, 1, 1, 1, 'Products', '', '2019-03-11 14:01:26', '2019-03-11 14:01:26', NULL, NULL, 0, 1, 0, 0, 'IMPORT', '500X500 B-125 DZ COVER'),
(1673, 1, 1, 1, 'Products', '', '2019-03-11 14:01:26', '2019-03-11 14:01:26', NULL, NULL, 0, 1, 0, 0, 'IMPORT', '150X150 D-400 SURFACE BOX LID(IRRIGATION MBBM)'),
(1674, 1, 1, 1, 'Products', '', '2019-03-11 14:01:26', '2019-03-11 14:01:26', NULL, NULL, 0, 1, 0, 0, 'IMPORT', 'JRC D-400 COVER(ARABIC)(HSD-60)'),
(1675, 1, 1, 1, 'Products', '', '2019-03-11 14:01:26', '2019-03-11 14:01:26', NULL, NULL, 0, 1, 0, 0, 'IMPORT', 'LEO 30B COVER'),
(1676, 1, 1, 1, 'Products', '', '2019-03-11 14:01:26', '2019-03-11 14:01:26', NULL, NULL, 0, 1, 0, 0, 'IMPORT', 'LEO 40C FRAME'),
(1677, 1, 1, 1, 'Products', '', '2019-03-11 14:01:26', '2019-03-11 14:01:26', NULL, NULL, 0, 1, 0, 0, 'IMPORT', 'LEO 40C COVER'),
(1678, 1, 1, 1, 'Products', '', '2019-03-11 14:01:26', '2019-03-11 14:01:26', NULL, NULL, 0, 1, 0, 0, 'IMPORT', '750X750 DT D-400 COVER(WITHOUT GRP)(IRRIGATION MBBM)'),
(1679, 1, 1, 1, 'Products', '', '2019-03-11 14:01:26', '2019-03-11 14:01:26', NULL, NULL, 0, 1, 0, 0, 'IMPORT', '500X500 C-250 LEO COVER'),
(1680, 1, 1, 1, 'Products', '', '2019-03-11 14:01:26', '2019-03-11 14:01:26', NULL, NULL, 0, 1, 0, 0, 'IMPORT', 'JRC D-400 COVER(OOREDOO)'),
(1681, 1, 1, 1, 'Products', '', '2019-03-11 14:01:26', '2019-03-11 14:01:26', NULL, NULL, 0, 1, 0, 0, 'IMPORT', '400X400 B-125 LEO COVER'),
(1682, 1, 1, 1, 'Products', '', '2019-03-11 14:01:26', '2019-03-11 14:01:26', NULL, NULL, 0, 1, 0, 0, 'IMPORT', 'HECAL SURFACE BOX LID(VODA)'),
(1683, 1, 1, 1, 'Products', '', '2019-03-11 14:01:26', '2019-03-11 14:01:26', NULL, NULL, 0, 1, 0, 0, 'IMPORT', '1440X700 GG B-125 COVER(AET)'),
(1684, 1, 1, 1, 'Products', '', '2019-03-11 14:01:26', '2019-03-11 14:01:26', NULL, NULL, 0, 1, 0, 0, 'IMPORT', '644X440 GG A-15 COVER(AET)'),
(1685, 1, 1, 1, 'Products', '', '2019-03-11 14:01:26', '2019-03-11 14:01:26', NULL, NULL, 0, 1, 0, 0, 'IMPORT', '1000X1000 DT D-400 COVER(TSE)'),
(1686, 1, 1, 1, 'Products', '', '2019-03-11 14:01:26', '2019-03-11 14:01:26', NULL, NULL, 0, 1, 0, 0, 'IMPORT', 'JRC D-400 COVER(ENGLISH)(HSD-45)'),
(1687, 1, 1, 1, 'Products', '', '2019-03-11 14:01:26', '2019-03-11 14:01:26', NULL, NULL, 0, 1, 0, 0, 'IMPORT', 'JRC D-400 COVER(ARABIC)(HSD-45)'),
(1688, 1, 1, 1, 'Products', '', '2019-03-11 14:01:26', '2019-03-11 14:01:26', NULL, NULL, 0, 1, 0, 0, 'IMPORT', '600 DIA D-400 COVER(TANQIA)'),
(1689, 1, 1, 1, 'Products', '', '2019-03-11 14:01:26', '2019-03-11 14:01:26', NULL, NULL, 0, 1, 0, 0, 'IMPORT', 'MCP 40B COVER(LEO)'),
(1690, 1, 1, 1, 'Products', '', '2019-03-11 14:01:26', '2019-03-11 14:01:26', NULL, NULL, 0, 1, 0, 0, 'IMPORT', '750X750 DT D-400 DRAINAGE COVER(WITH GRP)(KAHARMA)'),
(1691, 1, 1, 1, 'Products', '', '2019-03-11 14:01:26', '2019-03-11 14:01:26', NULL, NULL, 0, 1, 0, 0, 'IMPORT', '750X750 DT D-400 SURFACE WATER COVER(WITH GRP)(KAHARMA)'),
(1692, 1, 1, 1, 'Products', '', '2019-03-11 14:01:26', '2019-03-11 14:01:26', NULL, NULL, 0, 1, 0, 0, 'IMPORT', '600X750 SS D-400 SSD COVER(CIL)(HSD)'),
(1693, 1, 1, 1, 'Products', '', '2019-03-11 14:01:26', '2019-03-11 14:01:26', NULL, NULL, 0, 1, 0, 0, 'IMPORT', '600 DIA DT D-400 COVER(SIF INDIA)'),
(1694, 1, 1, 1, 'Products', '', '2019-03-11 14:01:26', '2019-03-11 14:01:26', NULL, NULL, 0, 1, 0, 0, 'IMPORT', '300X300 DS B-125 TRAFFIC SIGNAL COVER(CIL)');
INSERT INTO `vtiger_crmentity_bkp` (`crmid`, `smcreatorid`, `smownerid`, `modifiedby`, `setype`, `description`, `createdtime`, `modifiedtime`, `viewedtime`, `status`, `version`, `presence`, `deleted`, `smgroupid`, `source`, `label`) VALUES
(1695, 1, 1, 1, 'Products', '', '2019-03-11 14:01:26', '2019-03-11 14:01:26', NULL, NULL, 0, 1, 0, 0, 'IMPORT', '600X600 SS B-125 TRAFFIC SIGNAL COVER(CIL)'),
(1696, 1, 1, 1, 'Products', '', '2019-03-11 14:01:26', '2019-03-11 14:01:26', NULL, NULL, 0, 1, 0, 0, 'IMPORT', '600X600 SS C-250 COVER(TRAFFIC SIGNAL)'),
(1697, 1, 1, 1, 'Products', '', '2019-03-11 14:01:26', '2019-03-11 14:01:26', NULL, NULL, 0, 1, 0, 0, 'IMPORT', '600X600 DT D-400 RECESS COVER(CIL)(1054LU)'),
(1698, 1, 1, 1, 'Products', '', '2019-03-11 14:01:26', '2019-03-11 14:01:26', NULL, NULL, 0, 1, 0, 0, 'IMPORT', 'BENITO B-125 TH-30 COVER(300X300)'),
(1699, 1, 1, 1, 'Products', '', '2019-03-11 14:01:26', '2019-03-11 14:01:26', NULL, NULL, 0, 1, 0, 0, 'IMPORT', '750X750 DT D-400 WITH GRP COVER-IC(ENGLISH)(KARHMAA)(CIL)'),
(1700, 1, 1, 1, 'Products', '', '2019-03-11 14:01:26', '2019-03-11 14:01:26', NULL, NULL, 0, 1, 0, 0, 'IMPORT', '600X600 B-125 COVER(HECAL)'),
(1701, 1, 1, 1, 'Products', '', '2019-03-11 14:01:26', '2019-03-11 14:01:26', NULL, NULL, 0, 1, 0, 0, 'IMPORT', '750X750 DT D-400 WITH GRP COVER-CCTV(CIL)'),
(1702, 1, 1, 1, 'Products', '', '2019-03-11 14:01:26', '2019-03-11 14:01:26', NULL, NULL, 0, 1, 0, 0, 'IMPORT', '750X750 DT D-400 WITH GRP COVER-(SV/W)(CIL)'),
(1703, 1, 1, 1, 'Products', '', '2019-03-11 14:01:26', '2019-03-11 14:01:26', NULL, NULL, 0, 1, 0, 0, 'IMPORT', '675X675 RECESS D-400 COVER-CPMH(CIL)(1042LU)'),
(1704, 1, 1, 1, 'Products', '', '2019-03-11 14:01:26', '2019-03-11 14:01:26', NULL, NULL, 0, 1, 0, 0, 'IMPORT', '750X750 DT COVER- POTABLE WATER(ENG)(CIL)(1036VC)'),
(1705, 1, 1, 1, 'Products', '', '2019-03-11 14:01:27', '2019-03-11 14:01:27', NULL, NULL, 0, 1, 0, 0, 'IMPORT', '600X600 DT D-400 COVER(STREET LIGHIING)(CIL)'),
(1706, 1, 1, 1, 'Products', '', '2019-03-11 14:01:27', '2019-03-11 14:01:27', NULL, NULL, 0, 1, 0, 0, 'IMPORT', '600X600 RECESS D-400 COVER(CIL)(ELEC)(1008LU)'),
(1707, 1, 1, 1, 'Products', '', '2019-03-11 14:01:27', '2019-03-11 14:01:27', NULL, NULL, 0, 1, 0, 0, 'IMPORT', '600X600 RECESS D-400 COVER(CIL)(GT)(1008LU)'),
(1708, 1, 1, 1, 'Products', '', '2019-03-11 14:01:27', '2019-03-11 14:01:27', NULL, NULL, 0, 1, 0, 0, 'IMPORT', '750X600 SSD COVER(CIL)(1026LU)'),
(1709, 1, 1, 1, 'Products', '', '2019-03-11 14:01:27', '2019-03-11 14:01:27', NULL, NULL, 0, 1, 0, 0, 'IMPORT', '600X600 B-125 COVER(HECAL)(WITH GASKIT)'),
(1710, 1, 1, 1, 'Products', '', '2019-03-11 14:01:27', '2019-03-11 14:01:27', NULL, NULL, 0, 1, 0, 0, 'IMPORT', '750X750 DT COVER- (ENG)(CIL)(1036WO)'),
(1711, 1, 1, 1, 'Products', '', '2019-03-11 14:01:27', '2019-03-11 14:01:27', NULL, NULL, 0, 1, 0, 0, 'IMPORT', '750X750 DT TSE COVER- (ENG)(CIL)(1036DC)'),
(1712, 1, 1, 1, 'Products', '', '2019-03-11 14:01:27', '2019-03-11 14:01:27', NULL, NULL, 0, 1, 0, 0, 'IMPORT', '750X750 DT COVER- TSE(ENG)(CIL)(1036VC)'),
(1713, 1, 1, 1, 'Products', '', '2019-03-11 14:01:27', '2019-03-11 14:01:27', NULL, NULL, 0, 1, 0, 0, 'IMPORT', '750X750 DT COVER- POTABLE WATER (ARABIC)(CIL)(1036VC)'),
(1714, 1, 1, 1, 'Products', '', '2019-03-11 14:01:27', '2019-03-11 14:01:27', NULL, NULL, 0, 1, 0, 0, 'IMPORT', '750X750 D/T COVER-POTABLE WATER(ARABIC)(CIL)(1036WO)'),
(1715, 1, 1, 1, 'Products', '', '2019-03-11 14:01:27', '2019-03-11 14:01:27', NULL, NULL, 0, 1, 0, 0, 'IMPORT', '300X300 DT D-400 COVER(STREET LIGHTING)(CIL)'),
(1716, 1, 1, 1, 'Products', '', '2019-03-11 14:01:27', '2019-03-11 14:01:27', NULL, NULL, 0, 1, 0, 0, 'IMPORT', '600X600 B-125 COVER(HECAL)(AGARA)'),
(1717, 1, 1, 1, 'Products', '', '2019-03-11 14:01:27', '2019-03-11 14:01:27', NULL, NULL, 0, 1, 0, 0, 'IMPORT', '900X900 CLASS-D D-400 INFILL COVER(1800X1800)'),
(1718, 1, 1, 1, 'Products', '', '2019-03-11 14:01:27', '2019-03-11 14:01:27', NULL, NULL, 0, 1, 0, 0, 'IMPORT', 'BENITO TH-40 B-125 LC COVER(400X400)'),
(1719, 1, 1, 1, 'Products', '', '2019-03-11 14:01:27', '2019-03-11 14:01:27', NULL, NULL, 0, 1, 0, 0, 'IMPORT', '300X300 F-900 COVER(ELECTRICAL EARTHING)'),
(1720, 1, 1, 1, 'Products', '', '2019-03-11 14:01:27', '2019-03-11 14:01:27', NULL, NULL, 0, 1, 0, 0, 'IMPORT', '600X600 E-600 GG COVER(WEINKANAL)'),
(1721, 1, 1, 1, 'Products', '', '2019-03-11 14:01:27', '2019-03-11 14:01:27', NULL, NULL, 0, 1, 0, 0, 'IMPORT', '750X750 D-400 WITH OUT GRP COVER(WO/W)'),
(1722, 1, 1, 1, 'Products', '', '2019-03-11 14:01:27', '2019-03-11 14:01:27', NULL, NULL, 0, 1, 0, 0, 'IMPORT', '750X750 D-400 WITH OUT GRP COVER(AV/W)'),
(1723, 1, 1, 1, 'Products', '', '2019-03-11 14:01:27', '2019-03-11 14:01:27', NULL, NULL, 0, 1, 0, 0, 'IMPORT', '750X750 D-400 WITH OUT GRP COVER(BV/W)'),
(1724, 1, 1, 1, 'Products', '', '2019-03-11 14:01:27', '2019-03-11 14:01:27', NULL, NULL, 0, 1, 0, 0, 'IMPORT', '750X750 D-400 WITH OUT GRP COVER(FM/W)'),
(1725, 1, 1, 1, 'Products', '', '2019-03-11 14:01:27', '2019-03-11 14:01:27', NULL, NULL, 0, 1, 0, 0, 'IMPORT', '750X750 D-400 WITH GRP COVER(FOUL SEWAR)(CIL)'),
(1726, 1, 1, 1, 'Products', '', '2019-03-11 14:01:27', '2019-03-11 14:01:27', NULL, NULL, 0, 1, 0, 0, 'IMPORT', '600X600 D-400 RECESS COVER(CIL)(FF)(1008LU)'),
(1727, 1, 1, 1, 'Products', '', '2019-03-11 14:01:27', '2019-03-11 14:01:27', NULL, NULL, 0, 1, 0, 0, 'IMPORT', '750X750 DT D-400 COVER(UNDER FLOOR)(CIL)'),
(1728, 1, 1, 1, 'Products', '', '2019-03-11 14:01:27', '2019-03-11 14:01:27', NULL, NULL, 0, 1, 0, 0, 'IMPORT', 'JRC-4 D-400 COVER-FIBER OPTICS(CIL)'),
(1729, 1, 1, 1, 'Products', '', '2019-03-11 14:01:27', '2019-03-11 14:01:27', NULL, NULL, 0, 1, 0, 0, 'IMPORT', '675X675 D-400 RECESS COVER-PBMH(CIL)(1042LU)'),
(1730, 1, 1, 1, 'Products', '', '2019-03-11 14:01:27', '2019-03-11 14:01:27', NULL, NULL, 0, 1, 0, 0, 'IMPORT', '1000X1000 DT D-400 SURFACE WATER COVER'),
(1731, 1, 1, 1, 'Products', '', '2019-03-11 14:01:27', '2019-03-11 14:01:27', NULL, NULL, 0, 1, 0, 0, 'IMPORT', '1000X1000 DT D-400 ELECTRICAL COVER'),
(1732, 1, 1, 1, 'Products', '', '2019-03-11 14:01:27', '2019-03-11 14:01:27', NULL, NULL, 0, 1, 0, 0, 'IMPORT', '1220X696 D-400 RECESS COVER(CIL)'),
(1733, 1, 1, 1, 'Products', '', '2019-03-11 14:01:27', '2019-03-11 14:01:27', NULL, NULL, 0, 1, 0, 0, 'IMPORT', 'JRC D-400 COVER(VODAFONE)'),
(1734, 1, 1, 1, 'Products', '', '2019-03-11 14:01:27', '2019-03-11 14:01:27', NULL, NULL, 0, 1, 0, 0, 'IMPORT', '750X750 DT B-125 WITH GRP COVER(UNDER FLOOR)(CIL)'),
(1735, 1, 1, 1, 'Products', '', '2019-03-11 14:01:27', '2019-03-11 14:01:27', NULL, NULL, 0, 1, 0, 0, 'IMPORT', '750X750 DT B-125 WITH GRP COVER(DRAINAGE)(CIL)'),
(1736, 1, 1, 1, 'Products', '', '2019-03-11 14:01:27', '2019-03-11 14:01:27', NULL, NULL, 0, 1, 0, 0, 'IMPORT', '450X150 AET COVER'),
(1737, 1, 1, 1, 'Products', '', '2019-03-11 14:01:27', '2019-03-11 14:01:27', NULL, NULL, 0, 1, 0, 0, 'IMPORT', 'QNBN D-400 COVER(JRC 12/14)(ENGLISH)-60'),
(1738, 1, 1, 1, 'Products', '', '2019-03-11 14:01:27', '2019-03-11 14:01:27', NULL, NULL, 0, 1, 0, 0, 'IMPORT', 'QNBN D-400 COVER(JRC 12/14)(ARABIC)-60'),
(1739, 1, 1, 1, 'Products', '', '2019-03-11 14:01:27', '2019-03-11 14:01:27', NULL, NULL, 0, 1, 0, 0, 'IMPORT', '1500X1000 DT D-400 COVER'),
(1740, 1, 1, 1, 'Products', '', '2019-03-11 14:01:27', '2019-03-11 14:01:27', NULL, NULL, 0, 1, 0, 0, 'IMPORT', '750X750 DT B-125 WITH GRP COVER(FOUL SEWER)(CIL)'),
(1741, 1, 1, 1, 'Products', '', '2019-03-11 14:01:27', '2019-03-11 14:01:27', NULL, NULL, 0, 1, 0, 0, 'IMPORT', '600X600 SS D-400 COVER(HECAL)(TAMESIS)'),
(1742, 1, 1, 1, 'Products', '', '2019-03-11 14:01:27', '2019-03-11 14:01:27', NULL, NULL, 0, 1, 0, 0, 'IMPORT', '750X750 DT B-125 WITH GRP COVER (SURFACE WATER)(CIL)'),
(1743, 1, 1, 1, 'Products', '', '2019-03-11 14:01:27', '2019-03-11 14:01:27', NULL, NULL, 0, 1, 0, 0, 'IMPORT', '605 DIA D-400 COVER'),
(1744, 1, 1, 1, 'Products', '', '2019-03-11 14:01:27', '2019-03-11 14:01:27', NULL, NULL, 0, 1, 0, 0, 'IMPORT', 'JRC-4 D-400 COVER(OOREDOO)'),
(1745, 1, 1, 1, 'Products', '', '2019-03-11 14:01:27', '2019-03-11 14:01:27', NULL, NULL, 0, 1, 0, 0, 'IMPORT', '600X600X210 E-600 GG COVER'),
(1746, 1, 1, 1, 'Products', '', '2019-03-11 14:01:28', '2019-03-11 14:01:28', NULL, NULL, 0, 1, 0, 0, 'IMPORT', '800X800 D-400 COVER(CAPA)(TELECOMMUNICATION)'),
(1747, 1, 1, 1, 'Products', '', '2019-03-11 14:01:28', '2019-03-11 14:01:28', NULL, NULL, 0, 1, 0, 0, 'IMPORT', '750X750 DT B-125 WITH GRP COVER-IC(ENGLISH)(KARHMAA)(CIL)'),
(1748, 1, 1, 1, 'Products', '', '2019-03-11 14:01:28', '2019-03-11 14:01:28', NULL, NULL, 0, 1, 0, 0, 'IMPORT', 'JRC-12 D-400 COVER FOR 1205X680(RIB)_SIF'),
(1749, 1, 1, 1, 'Products', '', '2019-03-11 14:01:28', '2019-03-11 14:01:28', NULL, NULL, 0, 1, 0, 0, 'IMPORT', 'JRC-12 D-400 COVER FOR 1205X680_SIF'),
(1750, 1, 1, 1, 'Products', '', '2019-03-11 14:01:28', '2019-03-11 14:01:28', NULL, NULL, 0, 1, 0, 0, 'IMPORT', '600X600 DS D-400 RECESS COVER(CIL)'),
(1751, 1, 1, 1, 'Products', '', '2019-03-11 14:01:28', '2019-03-11 14:01:28', NULL, NULL, 0, 1, 0, 0, 'IMPORT', 'JRC D-400 COVER(ENGLISH)_QNBN'),
(1752, 1, 1, 1, 'Products', '', '2019-03-11 14:01:28', '2019-03-11 14:01:28', NULL, NULL, 0, 1, 0, 0, 'IMPORT', 'JRC D-400 COVER(ARABIC)_QNBN'),
(1753, 1, 1, 1, 'Products', '', '2019-03-11 14:01:28', '2019-03-11 14:01:28', NULL, NULL, 0, 1, 0, 0, 'IMPORT', 'JRC D-400 COVER(ENGLISH)_QNBN-RIB'),
(1754, 1, 1, 1, 'Products', '', '2019-03-11 14:01:28', '2019-03-11 14:01:28', NULL, NULL, 0, 1, 0, 0, 'IMPORT', 'JRC D-400 COVER(ARABIC)_QNBN-RIB'),
(1755, 1, 1, 1, 'Products', '', '2019-03-11 14:01:28', '2019-03-11 14:01:28', NULL, NULL, 0, 1, 0, 0, 'IMPORT', 'MCP 60C COVER(LEO)'),
(1756, 1, 1, 1, 'Products', '', '2019-03-11 14:01:28', '2019-03-11 14:01:28', NULL, NULL, 0, 1, 0, 0, 'IMPORT', '750X750 DT D-400 DRAINAGE COVER(WITH GRP)(CIL)'),
(1757, 1, 1, 1, 'Products', '', '2019-03-11 14:01:28', '2019-03-11 14:01:28', NULL, NULL, 0, 1, 0, 0, 'IMPORT', '300X300 DT D-400 COVER(QNBN)'),
(1758, 1, 1, 1, 'Products', '', '2019-03-11 14:01:28', '2019-03-11 14:01:28', NULL, NULL, 0, 1, 0, 0, 'IMPORT', '150X150 D-400 SURFACE BOX LID(SV/FF)_KARHMAA'),
(1759, 1, 1, 1, 'Products', '', '2019-03-11 14:01:28', '2019-03-11 14:01:28', NULL, NULL, 0, 1, 0, 0, 'IMPORT', '500X500 D-400 COVER(HECAL)'),
(1760, 1, 1, 1, 'Products', '', '2019-03-11 14:01:28', '2019-03-11 14:01:28', NULL, NULL, 0, 1, 0, 0, 'IMPORT', '750X600 SS D-400 COVER(SEWERAGE)'),
(1761, 1, 1, 1, 'Products', '', '2019-03-11 14:01:28', '2019-03-11 14:01:28', NULL, NULL, 0, 1, 0, 0, 'IMPORT', '312 SURFACE BOX LID(SMALL)'),
(1762, 1, 1, 1, 'Products', '', '2019-03-11 14:01:28', '2019-03-11 14:01:28', NULL, NULL, 0, 1, 0, 0, 'IMPORT', '750x750 DT D-400 FIRE WATER COVER(WITHOUT GRP)'),
(1763, 1, 1, 1, 'Products', '', '2019-03-11 14:01:28', '2019-03-11 14:01:28', NULL, NULL, 0, 1, 0, 0, 'IMPORT', '600X600 DS B-125 TRAFFIC SIGNAL COVER(CIL)'),
(1764, 1, 1, 1, 'Products', '', '2019-03-11 14:01:28', '2019-03-11 14:01:28', NULL, NULL, 0, 1, 0, 0, 'IMPORT', '150X150 D-400 SURFACE BOX LID_FW'),
(1765, 1, 1, 1, 'Products', '', '2019-03-11 14:01:28', '2019-03-11 14:01:28', NULL, NULL, 0, 1, 0, 0, 'IMPORT', 'BENITO TH-60 B-125 COVER(600X600)'),
(1766, 1, 1, 1, 'Products', '', '2019-03-11 14:01:28', '2019-03-11 14:01:28', NULL, NULL, 0, 1, 0, 0, 'IMPORT', '900X900 D-400 COVER(DRWA)'),
(1767, 1, 1, 1, 'Products', '', '2019-03-11 14:01:28', '2019-03-11 14:01:28', NULL, NULL, 0, 1, 0, 0, 'IMPORT', 'BENITO TH-50 B-125 LC COVER(500X500)'),
(1768, 1, 1, 1, 'Products', '', '2019-03-11 14:01:28', '2019-03-11 14:01:28', NULL, NULL, 0, 1, 0, 0, 'IMPORT', '600X600 CLASS D CO RECESS COVER'),
(1769, 1, 1, 1, 'Products', '', '2019-03-11 14:01:28', '2019-03-11 14:01:28', NULL, NULL, 0, 1, 0, 0, 'IMPORT', '450X450 CLASS B RECESS COVER'),
(1770, 1, 1, 1, 'Products', '', '2019-03-11 14:01:28', '2019-03-11 14:01:28', NULL, NULL, 0, 1, 0, 0, 'IMPORT', '675 DIA DT D-400 DRAINAGE COVER'),
(1771, 1, 1, 1, 'Products', '', '2019-03-11 14:01:28', '2019-03-11 14:01:28', NULL, NULL, 0, 1, 0, 0, 'IMPORT', '532X405 D-400 KERB GULLY COVER'),
(1772, 1, 1, 1, 'Products', '', '2019-03-11 14:01:28', '2019-03-11 14:01:28', NULL, NULL, 0, 1, 0, 0, 'IMPORT', '30X30 B-125 COVER(BENGAL METAL)'),
(1773, 1, 1, 1, 'Products', '', '2019-03-11 14:01:28', '2019-03-11 14:01:28', NULL, NULL, 0, 1, 0, 0, 'IMPORT', '450X450 CLASS D SOLID TOP COVER'),
(1774, 1, 1, 1, 'Products', '', '2019-03-11 14:01:28', '2019-03-11 14:01:28', NULL, NULL, 0, 1, 0, 0, 'IMPORT', '600 DIA DOUBLE HINGED DOUBLE MARK D-400 COVER(SEWERAGE)'),
(1775, 1, 1, 1, 'Products', '', '2019-03-11 14:01:28', '2019-03-11 14:01:28', NULL, NULL, 0, 1, 0, 0, 'IMPORT', '600X450 CLASS D SOLID TOP COVER'),
(1776, 1, 1, 1, 'Products', '', '2019-03-11 14:01:28', '2019-03-11 14:01:28', NULL, NULL, 0, 1, 0, 0, 'IMPORT', '750X750 CLASS D INFILL COVER'),
(1777, 1, 1, 1, 'Products', '', '2019-03-11 14:01:28', '2019-03-11 14:01:28', NULL, NULL, 0, 1, 0, 0, 'IMPORT', '900X900 CLASS D SOLID TOP COVER'),
(1778, 1, 1, 1, 'Products', '', '2019-03-11 14:01:28', '2019-03-11 14:01:28', NULL, NULL, 0, 1, 0, 0, 'IMPORT', '900X600 CLASS D RAIL'),
(1779, 1, 1, 1, 'Products', '', '2019-03-11 14:01:28', '2019-03-11 14:01:28', NULL, NULL, 0, 1, 0, 0, 'IMPORT', '60X60 B-125 COVER LIGHT(BENGAL METAL)'),
(1780, 1, 1, 1, 'Products', '', '2019-03-11 14:01:28', '2019-03-11 14:01:28', NULL, NULL, 0, 1, 0, 0, 'IMPORT', '600X600 DS D-400 SOLID TOP COVER'),
(1781, 1, 1, 1, 'Products', '', '2019-03-11 14:01:28', '2019-03-11 14:01:28', NULL, NULL, 0, 1, 0, 0, 'IMPORT', '800X800 S/S B-125 COVER (ELECTRICAL)'),
(1782, 1, 1, 1, 'Products', '', '2019-03-11 14:01:28', '2019-03-11 14:01:28', NULL, NULL, 0, 1, 0, 0, 'IMPORT', '600x600 DS D-400 SAXON COVER'),
(1783, 1, 1, 1, 'Products', '', '2019-03-11 14:01:28', '2019-03-11 14:01:28', NULL, NULL, 0, 1, 0, 0, 'IMPORT', '600 DIA NECO D-400 COVER'),
(1784, 1, 1, 1, 'Products', '', '2019-03-11 14:01:28', '2019-03-11 14:01:28', NULL, NULL, 0, 1, 0, 0, 'IMPORT', '600X600 CLASS B 80 KN COVER'),
(1785, 1, 1, 1, 'Products', '', '2019-03-11 14:01:28', '2019-03-11 14:01:28', NULL, NULL, 0, 1, 0, 0, 'IMPORT', '600X600 CLASS B SOLID TOP COVER'),
(1786, 1, 1, 1, 'Products', '', '2019-03-11 14:01:37', '2019-03-11 14:01:37', NULL, NULL, 0, 1, 0, 0, 'IMPORT', '600 DIA B-125 SWD COVER'),
(1787, 1, 1, 1, 'Products', '', '2019-03-11 14:01:37', '2019-03-11 14:01:37', NULL, NULL, 0, 1, 0, 0, 'IMPORT', '450X450 CLASS B INFILL 80 KN COVER'),
(1788, 1, 1, 1, 'Products', '', '2019-03-11 14:01:37', '2019-03-11 14:01:37', NULL, NULL, 0, 1, 0, 0, 'IMPORT', '60X60 B-125 COVER HEAVY(BENGAL METAL)'),
(1789, 1, 1, 1, 'Products', '', '2019-03-11 14:01:37', '2019-03-11 14:01:37', NULL, NULL, 0, 1, 0, 0, 'IMPORT', '600X600 DS B-125 COVER'),
(1790, 1, 1, 1, 'Products', '', '2019-03-11 14:01:37', '2019-03-11 14:01:37', NULL, NULL, 0, 1, 0, 0, 'IMPORT', '450X450 CLASS B SOLID TOP COVER'),
(1791, 1, 1, 1, 'Products', '', '2019-03-11 14:01:37', '2019-03-11 14:01:37', NULL, NULL, 0, 1, 0, 0, 'IMPORT', '40X40 B-125 COVER LIGHT(BENGAL METAL)'),
(1792, 1, 1, 1, 'Products', '', '2019-03-11 14:01:37', '2019-03-11 14:01:37', NULL, NULL, 0, 1, 0, 0, 'IMPORT', '600X600 SS B-125 SWD COVER'),
(1793, 1, 1, 1, 'Products', '', '2019-03-11 14:01:37', '2019-03-11 14:01:37', NULL, NULL, 0, 1, 0, 0, 'IMPORT', '600X600 CLASS D SOLID TOP COVER'),
(1794, 1, 1, 1, 'Products', '', '2019-03-11 14:01:37', '2019-03-11 14:01:37', NULL, NULL, 0, 1, 0, 0, 'IMPORT', '450X450 CLASS D INFILL COVER'),
(1795, 1, 1, 1, 'Products', '', '2019-03-11 14:01:37', '2019-03-11 14:01:37', NULL, NULL, 0, 1, 0, 0, 'IMPORT', '675 DIA D-400 RIEW COVER(STORM WATER)'),
(1796, 1, 1, 1, 'Products', '', '2019-03-11 14:01:37', '2019-03-11 14:01:37', NULL, NULL, 0, 1, 0, 0, 'IMPORT', '450X450 C-250 SAXON COVER'),
(1797, 1, 1, 1, 'Products', '', '2019-03-11 14:01:38', '2019-03-11 14:01:38', NULL, NULL, 0, 1, 0, 0, 'IMPORT', '675 DIA DT D-400 FOUL SEWER COVER'),
(1798, 1, 1, 1, 'Products', '', '2019-03-11 14:01:38', '2019-03-11 14:01:38', NULL, NULL, 0, 1, 0, 0, 'IMPORT', '600 DIA IFCO COVER (SINGLE MARKING)'),
(1799, 1, 1, 1, 'Products', '', '2019-03-11 14:01:38', '2019-03-11 14:01:38', NULL, NULL, 0, 1, 0, 0, 'IMPORT', '600 DIA B-125 NECO COVER'),
(1800, 1, 1, 1, 'Products', '', '2019-03-11 14:01:38', '2019-03-11 14:01:38', NULL, NULL, 0, 1, 0, 0, 'IMPORT', '1000X1000 B-125 COVER(DRWA)'),
(1801, 1, 1, 1, 'Products', '', '2019-03-11 14:01:38', '2019-03-11 14:01:38', NULL, NULL, 0, 1, 0, 0, 'IMPORT', '600 DIA IFCO 2 POINT SELF LOCK COVER'),
(1802, 1, 1, 1, 'Products', '', '2019-03-11 14:01:38', '2019-03-11 14:01:38', NULL, NULL, 0, 1, 0, 0, 'IMPORT', '610 DIA D-400 SURECAST COVER'),
(1803, 1, 1, 1, 'Products', '', '2019-03-11 14:01:38', '2019-03-11 14:01:38', NULL, NULL, 0, 1, 0, 0, 'IMPORT', '600 DIA D-400 TECUATECH COVER'),
(1804, 1, 1, 1, 'Products', '', '2019-03-11 14:01:38', '2019-03-11 14:01:38', NULL, NULL, 0, 1, 0, 0, 'IMPORT', '50X50 B-125 COVER LIGHT(BENGAL METAL)'),
(1805, 1, 1, 1, 'Products', '', '2019-03-11 14:01:38', '2019-03-11 14:01:38', NULL, NULL, 0, 1, 0, 0, 'IMPORT', 'Cover 300 D400'),
(1806, 1, 1, 1, 'Products', '', '2019-03-11 14:01:38', '2019-03-11 14:01:38', NULL, NULL, 0, 1, 0, 0, 'IMPORT', 'CLKS 1659 KMD COVER'),
(1807, 1, 1, 1, 'Products', '', '2019-03-11 14:01:38', '2019-03-11 14:01:38', NULL, NULL, 0, 1, 0, 0, 'IMPORT', 'CLKS 701 KMD COVER ARROW'),
(1808, 1, 1, 1, 'Products', '', '2019-03-11 14:01:38', '2019-03-11 14:01:38', NULL, NULL, 0, 1, 0, 0, 'IMPORT', '170MM KAUNSAS D-400 COVER(WITH OUT LOGO)'),
(1809, 1, 1, 1, 'Products', '', '2019-03-11 14:01:38', '2019-03-11 14:01:38', NULL, NULL, 0, 1, 0, 0, 'IMPORT', '50X50 B-125 COVER HEAVY(BENGAL METAL)'),
(1810, 1, 1, 1, 'Products', '', '2019-03-11 14:01:38', '2019-03-11 14:01:38', NULL, NULL, 0, 1, 0, 0, 'IMPORT', '260 DIA COVER SGPS'),
(1811, 1, 1, 1, 'Products', '', '2019-03-11 14:01:38', '2019-03-11 14:01:38', NULL, NULL, 0, 1, 0, 0, 'IMPORT', '600 DIA D.HINGE D.MARK HD COVER(SIF)'),
(1812, 1, 1, 1, 'Products', '', '2019-03-11 14:01:38', '2019-03-11 14:01:38', NULL, NULL, 0, 1, 0, 0, 'IMPORT', '80X80 B-125 COVER LIGHT(BENGAL METAL)'),
(1813, 1, 1, 1, 'Products', '', '2019-03-11 14:01:38', '2019-03-11 14:01:38', NULL, NULL, 0, 1, 0, 0, 'IMPORT', '750X750 DT D-400 DRAINAGE COVER(WITH GRP)'),
(1814, 1, 1, 1, 'Products', '', '2019-03-11 14:01:38', '2019-03-11 14:01:38', NULL, NULL, 0, 1, 0, 0, 'IMPORT', '600X600 SS B-125 TRAFFIC SIGNAL COVER'),
(1815, 1, 1, 1, 'Products', '', '2019-03-11 14:01:38', '2019-03-11 14:01:38', NULL, NULL, 0, 1, 0, 0, 'IMPORT', 'MC-106 DOUBLE HINGE COVER'),
(1816, 1, 1, 1, 'Products', '', '2019-03-11 14:01:38', '2019-03-11 14:01:38', NULL, NULL, 0, 1, 0, 0, 'IMPORT', 'REHAU D-400 COVER (WITH VENT)'),
(1817, 1, 1, 1, 'Products', '', '2019-03-11 14:01:38', '2019-03-11 14:01:38', NULL, NULL, 0, 1, 0, 0, 'IMPORT', 'REHAU D-400 COVER (WITHOUT VENT)'),
(1818, 1, 1, 1, 'Products', '', '2019-03-11 14:01:38', '2019-03-11 14:01:38', NULL, NULL, 0, 1, 0, 0, 'IMPORT', '600 DIA CLASS D COVER (STORM WATER)'),
(1819, 1, 1, 1, 'Products', '', '2019-03-11 14:01:38', '2019-03-11 14:01:38', NULL, NULL, 0, 1, 0, 0, 'IMPORT', '600 DIA CLASS B COVER(SEWER)'),
(1820, 1, 1, 1, 'Products', '', '2019-03-11 14:01:38', '2019-03-11 14:01:38', NULL, NULL, 0, 1, 0, 0, 'IMPORT', '600 DIA DOUBLE HINGE 3 PIN LOCKING D-400 COVER(S)'),
(1821, 1, 1, 1, 'Products', '', '2019-03-11 14:01:38', '2019-03-11 14:01:38', NULL, NULL, 0, 1, 0, 0, 'IMPORT', '40X40 C-250 COVER(BENGAL METAL)'),
(1822, 1, 1, 1, 'Products', '', '2019-03-11 14:01:38', '2019-03-11 14:01:38', NULL, NULL, 0, 1, 0, 0, 'IMPORT', 'REHAU B-125 C0VER(WITH VENT)'),
(1823, 1, 1, 1, 'Products', '', '2019-03-11 14:01:38', '2019-03-11 14:01:38', NULL, NULL, 0, 1, 0, 0, 'IMPORT', 'REHAU B-125 C0VER(WITH OUT VENT)'),
(1824, 1, 1, 1, 'Products', '', '2019-03-11 14:01:38', '2019-03-11 14:01:38', NULL, NULL, 0, 1, 0, 0, 'IMPORT', '450X450X70 C-250, PULL BOX TYPE ONLY COVER'),
(1825, 1, 1, 1, 'Products', '', '2019-03-11 14:01:38', '2019-03-11 14:01:38', NULL, NULL, 0, 1, 0, 0, 'IMPORT', 'CLKS 1659 KMD COVER ARROW'),
(1826, 1, 1, 1, 'Products', '', '2019-03-11 14:01:38', '2019-03-11 14:01:38', NULL, NULL, 0, 1, 0, 0, 'IMPORT', '600 DIA CLASS B COVER(STORM)'),
(1827, 1, 1, 1, 'Products', '', '2019-03-11 14:01:38', '2019-03-11 14:01:38', NULL, NULL, 0, 1, 0, 0, 'IMPORT', '750X750 DT D-400 DRAINAGE COVER(WITH OUT GRP)'),
(1828, 1, 1, 1, 'Products', '', '2019-03-11 14:01:38', '2019-03-11 14:01:38', NULL, NULL, 0, 1, 0, 0, 'IMPORT', '750X750 DT D-400 SURFACE WATER COVER(WITH OUT GRP)'),
(1829, 1, 1, 1, 'Products', '', '2019-03-11 14:01:38', '2019-03-11 14:01:38', NULL, NULL, 0, 1, 0, 0, 'IMPORT', '900X1200 CLASS D SOLID TOP COVER'),
(1830, 1, 1, 1, 'Products', '', '2019-03-11 14:01:38', '2019-03-11 14:01:38', NULL, NULL, 0, 1, 0, 0, 'IMPORT', '900X900 CLASS G INFILL COVER'),
(1831, 1, 1, 1, 'Products', '', '2019-03-11 14:01:38', '2019-03-11 14:01:38', NULL, NULL, 0, 1, 0, 0, 'IMPORT', '300X300 DS B-125 COVER'),
(1832, 1, 1, 1, 'Products', '', '2019-03-11 14:01:38', '2019-03-11 14:01:38', NULL, NULL, 0, 1, 0, 0, 'IMPORT', '600 DIA D-400 170MM HIGHT COVER(KANUS)_WITH LOGO'),
(1833, 1, 1, 1, 'Products', '', '2019-03-11 14:01:38', '2019-03-11 14:01:38', NULL, NULL, 0, 1, 0, 0, 'IMPORT', '150X150 DT D-400 SURFACE BOX LID'),
(1834, 1, 1, 1, 'Products', '', '2019-03-11 14:01:38', '2019-03-11 14:01:38', NULL, NULL, 0, 1, 0, 0, 'IMPORT', '900 DIA D-400 COVER WITH GRP PROV.'),
(1835, 1, 1, 1, 'Products', '', '2019-03-11 14:01:38', '2019-03-11 14:01:38', NULL, NULL, 0, 1, 0, 0, 'IMPORT', '1805x680x100 D-400 COVER(ITS) RIB'),
(1836, 1, 1, 1, 'Products', '', '2019-03-11 14:01:38', '2019-03-11 14:01:38', NULL, NULL, 0, 1, 0, 0, 'IMPORT', '1805x680x100 D-400 COVER(ITS)'),
(1837, 1, 1, 1, 'Products', '', '2019-03-11 14:01:38', '2019-03-11 14:01:38', NULL, NULL, 0, 1, 0, 0, 'IMPORT', '400x400 C-250 GNE COVER'),
(1838, 1, 1, 1, 'Products', '', '2019-03-11 14:01:38', '2019-03-11 14:01:38', NULL, NULL, 0, 1, 0, 0, 'IMPORT', 'CLKS 761 KMB COVER'),
(1839, 1, 1, 1, 'Products', '', '2019-03-11 14:01:39', '2019-03-11 14:01:39', NULL, NULL, 0, 1, 0, 0, 'IMPORT', 'CLKS 762 KMB B-125 COVER'),
(1840, 1, 1, 1, 'Products', '', '2019-03-11 14:01:39', '2019-03-11 14:01:39', NULL, NULL, 0, 1, 0, 0, 'IMPORT', '600X600 CLASS B RECESS COVER'),
(1841, 1, 1, 1, 'Products', '', '2019-03-11 14:01:39', '2019-03-11 14:01:39', NULL, NULL, 0, 1, 0, 0, 'IMPORT', '900X1200 CLASS D RECESS COVER'),
(1842, 1, 1, 1, 'Products', '', '2019-03-11 14:01:39', '2019-03-11 14:01:39', NULL, NULL, 0, 1, 0, 0, 'IMPORT', 'CLKS 780 KMB COVER'),
(1843, 1, 1, 1, 'Products', '', '2019-03-11 14:01:39', '2019-03-11 14:01:39', NULL, NULL, 0, 1, 0, 0, 'IMPORT', 'CLKS 1657 KMB B-125 COVER'),
(1844, 1, 1, 1, 'Products', '', '2019-03-11 14:01:39', '2019-03-11 14:01:39', NULL, NULL, 0, 1, 0, 0, 'IMPORT', 'CLKS 752 KMB COVER'),
(1845, 1, 1, 1, 'Products', '', '2019-03-11 14:01:39', '2019-03-11 14:01:39', NULL, NULL, 0, 1, 0, 0, 'IMPORT', 'CLKS 779 KMB COVER'),
(1846, 1, 1, 1, 'Products', '', '2019-03-11 14:01:39', '2019-03-11 14:01:39', NULL, NULL, 0, 1, 0, 0, 'IMPORT', 'CLKS 777 KMB COVER'),
(1847, 1, 1, 1, 'Products', '', '2019-03-11 14:01:39', '2019-03-11 14:01:39', NULL, NULL, 0, 1, 0, 0, 'IMPORT', '1200X1200 CLASS D RECESS COVER'),
(1848, 1, 1, 1, 'Products', '', '2019-03-11 14:01:39', '2019-03-11 14:01:39', NULL, NULL, 0, 1, 0, 0, 'IMPORT', '750X750 CLASS D RECESS COVER'),
(1849, 1, 1, 1, 'Products', '', '2019-03-11 14:01:39', '2019-03-11 14:01:39', NULL, NULL, 0, 1, 0, 0, 'IMPORT', '400X400 B-125 COVER(DRWA)'),
(1850, 1, 1, 1, 'Products', '', '2019-03-11 14:01:39', '2019-03-11 14:01:39', NULL, NULL, 0, 1, 0, 0, 'IMPORT', '50X50 B-125 DRWA COVER'),
(1851, 1, 1, 1, 'Products', '', '2019-03-11 14:01:39', '2019-03-11 14:01:39', NULL, NULL, 0, 1, 0, 0, 'IMPORT', '60X60 B-125 DRWA COVER'),
(1852, 1, 1, 1, 'Products', '', '2019-03-11 14:01:39', '2019-03-11 14:01:39', NULL, NULL, 0, 1, 0, 0, 'IMPORT', '70X70 B-125 DRWA COVER'),
(1853, 1, 1, 1, 'Products', '', '2019-03-11 14:01:39', '2019-03-11 14:01:39', NULL, NULL, 0, 1, 0, 0, 'IMPORT', '800X800 B-125 DRWA COVER'),
(1854, 1, 1, 1, 'Products', '', '2019-03-11 14:01:39', '2019-03-11 14:01:39', NULL, NULL, 0, 1, 0, 0, 'IMPORT', '900X900 B-125 DRWA COVER'),
(1855, 1, 1, 1, 'Products', '', '2019-03-11 14:01:39', '2019-03-11 14:01:39', NULL, NULL, 0, 1, 0, 0, 'IMPORT', '100X100 B-125 DRWA COVER'),
(1856, 1, 1, 1, 'Products', '', '2019-03-11 14:01:39', '2019-03-11 14:01:39', NULL, NULL, 0, 1, 0, 0, 'IMPORT', 'CD-786 COVER'),
(1857, 1, 1, 1, 'Products', '', '2019-03-11 14:01:39', '2019-03-11 14:01:39', NULL, NULL, 0, 1, 0, 0, 'IMPORT', '60X60 B-125 ASHGOL COVER'),
(1858, 1, 1, 1, 'Products', '', '2019-03-11 14:01:39', '2019-03-11 14:01:39', NULL, NULL, 0, 1, 0, 0, 'IMPORT', '30X30 B-125 ASHGOL COVER'),
(1859, 1, 1, 1, 'Products', '', '2019-03-11 14:01:39', '2019-03-11 14:01:39', NULL, NULL, 0, 1, 0, 0, 'IMPORT', 'CD-789 COVER'),
(1860, 1, 1, 1, 'Products', '', '2019-03-11 14:01:39', '2019-03-11 14:01:39', NULL, NULL, 0, 1, 0, 0, 'IMPORT', 'CD-785 COVER'),
(1861, 1, 1, 1, 'Products', '', '2019-03-11 14:01:39', '2019-03-11 14:01:39', NULL, NULL, 0, 1, 0, 0, 'IMPORT', '400x400 B-125 GNE COVER'),
(1862, 1, 1, 1, 'Products', '', '2019-03-11 14:01:39', '2019-03-11 14:01:39', NULL, NULL, 0, 1, 0, 0, 'IMPORT', '600 DIA B-125 SEWERAGE COVER'),
(1863, 1, 1, 1, 'Products', '', '2019-03-11 14:01:39', '2019-03-11 14:01:39', NULL, NULL, 0, 1, 0, 0, 'IMPORT', '350X350 B-125 GNE COVER'),
(1864, 1, 1, 1, 'Products', '', '2019-03-11 14:01:39', '2019-03-11 14:01:39', NULL, NULL, 0, 1, 0, 0, 'IMPORT', '1440X700 B-125 STEININGER COVER'),
(1865, 1, 1, 1, 'Products', '', '2019-03-11 14:01:39', '2019-03-11 14:01:39', NULL, NULL, 0, 1, 0, 0, 'IMPORT', '600x600X40 SS B-125 COVER STANDARD SIF'),
(1866, 1, 1, 1, 'Products', '', '2019-03-11 14:01:39', '2019-03-11 14:01:39', NULL, NULL, 0, 1, 0, 0, 'IMPORT', 'CLKS 756 KMD COVER'),
(1867, 1, 1, 1, 'Products', '', '2019-03-11 14:01:39', '2019-03-11 14:01:39', NULL, NULL, 0, 1, 0, 0, 'IMPORT', 'CLKS 701 COVER'),
(1868, 1, 1, 1, 'Products', '', '2019-03-11 14:01:39', '2019-03-11 14:01:39', NULL, NULL, 0, 1, 0, 0, 'IMPORT', 'CLKS 1659 COVER'),
(1869, 1, 1, 1, 'Products', '', '2019-03-11 14:01:39', '2019-03-11 14:01:39', NULL, NULL, 0, 1, 0, 0, 'IMPORT', 'CLKS 693 COVER'),
(1870, 1, 1, 1, 'Products', '', '2019-03-11 14:01:39', '2019-03-11 14:01:39', NULL, NULL, 0, 1, 0, 0, 'IMPORT', '40x40 DRWA D-400 COVER'),
(1871, 1, 1, 1, 'Products', '', '2019-03-11 14:01:39', '2019-03-11 14:01:39', NULL, NULL, 0, 1, 0, 0, 'IMPORT', '50X50 DRWA D-400 COVER'),
(1872, 1, 1, 1, 'Products', '', '2019-03-11 14:01:39', '2019-03-11 14:01:39', NULL, NULL, 0, 1, 0, 0, 'IMPORT', '60X60 DRWA D-400 COVER'),
(1873, 1, 1, 1, 'Products', '', '2019-03-11 14:01:39', '2019-03-11 14:01:39', NULL, NULL, 0, 1, 0, 0, 'IMPORT', '80X80 DRWA D-400 COVER'),
(1874, 1, 1, 1, 'Products', '', '2019-03-11 14:01:39', '2019-03-11 14:01:39', NULL, NULL, 0, 1, 0, 0, 'IMPORT', '90X90 DRWA D-400 COVER'),
(1875, 1, 1, 1, 'Products', '', '2019-03-11 14:01:39', '2019-03-11 14:01:39', NULL, NULL, 0, 1, 0, 0, 'IMPORT', '100X100 DRWA D-400 COVER'),
(1876, 1, 1, 1, 'Products', '', '2019-03-11 14:01:39', '2019-03-11 14:01:39', NULL, NULL, 0, 1, 0, 0, 'IMPORT', '600X600X100 DS D-400 COVER'),
(1877, 1, 1, 1, 'Products', '', '2019-03-11 14:01:39', '2019-03-11 14:01:39', NULL, NULL, 0, 1, 0, 0, 'IMPORT', '300X300X75MM DOUBLE SEAL COVER'),
(1878, 1, 1, 1, 'Products', '', '2019-03-11 14:01:39', '2019-03-11 14:01:39', NULL, NULL, 0, 1, 0, 0, 'IMPORT', '600X600 DS D-400 RECESS COVER'),
(1879, 1, 1, 1, 'Products', '', '2019-03-11 14:01:39', '2019-03-11 14:01:39', NULL, NULL, 0, 1, 0, 0, 'IMPORT', '23 KG METER BOX LID TELSTRA'),
(1880, 1, 1, 1, 'Products', '', '2019-03-11 14:01:40', '2019-03-11 14:01:40', NULL, NULL, 0, 1, 0, 0, 'IMPORT', '600 DIA DRWA COVER'),
(1881, 1, 1, 1, 'Products', '', '2019-03-11 14:01:40', '2019-03-11 14:01:40', NULL, NULL, 0, 1, 0, 0, 'IMPORT', '1440X700 D-400 STREINGER COVER'),
(1882, 1, 1, 1, 'Products', '', '2019-03-11 14:01:40', '2019-03-11 14:01:40', NULL, NULL, 0, 1, 0, 0, 'IMPORT', '600X600 DT D-400 DRAINAGE COVER'),
(1883, 1, 1, 1, 'Products', '', '2019-03-11 14:01:40', '2019-03-11 14:01:40', NULL, NULL, 0, 1, 0, 0, 'IMPORT', 'CLKS 12 COVER'),
(1884, 1, 1, 1, 'Products', '', '2019-03-11 14:01:40', '2019-03-11 14:01:40', NULL, NULL, 0, 1, 0, 0, 'IMPORT', '600X600X95 DS D-400 RECESS COVER'),
(1885, 1, 1, 1, 'Products', '', '2019-03-11 14:01:40', '2019-03-11 14:01:40', NULL, NULL, 0, 1, 0, 0, 'IMPORT', '300X300 DS D-400 RECESS COVER'),
(1886, 1, 1, 1, 'Products', '', '2019-03-11 14:01:40', '2019-03-11 14:01:40', NULL, NULL, 0, 1, 0, 0, 'IMPORT', '600 DIA D-400 SEWERAGE COVER'),
(1887, 1, 1, 1, 'Products', '', '2019-03-11 14:01:40', '2019-03-11 14:01:40', NULL, NULL, 0, 1, 0, 0, 'IMPORT', '750x600 SS D-400 ITS COVER'),
(1888, 1, 1, 1, 'Products', '', '2019-03-11 14:01:40', '2019-03-11 14:01:40', NULL, NULL, 0, 1, 0, 0, 'IMPORT', '750MM DIA DT D-400 FOUL SEWER COVER'),
(1889, 1, 1, 1, 'Products', '', '2019-03-11 14:01:40', '2019-03-11 14:01:40', NULL, NULL, 0, 1, 0, 0, 'IMPORT', '750MM DIA DT D-400 DRAINAGE COVER'),
(1890, 1, 1, 1, 'Products', '', '2019-03-11 14:01:40', '2019-03-11 14:01:40', NULL, NULL, 0, 1, 0, 0, 'IMPORT', '750X750 DT D-400 WITH OUT GRP COVER(TSE)'),
(1891, 1, 1, 1, 'Products', '', '2019-03-11 14:01:40', '2019-03-11 14:01:40', NULL, NULL, 0, 1, 0, 0, 'IMPORT', '500X500 DRWA C-250 COVER'),
(1892, 1, 1, 1, 'Products', '', '2019-03-11 14:01:40', '2019-03-11 14:01:40', NULL, NULL, 0, 1, 0, 0, 'IMPORT', '60X60 DRWA C-250 COVER'),
(1893, 1, 1, 1, 'Products', '', '2019-03-11 14:01:40', '2019-03-11 14:01:40', NULL, NULL, 0, 1, 0, 0, 'IMPORT', '700X700 DRWA C-250 COVER'),
(1894, 1, 1, 1, 'Products', '', '2019-03-11 14:01:40', '2019-03-11 14:01:40', NULL, NULL, 0, 1, 0, 0, 'IMPORT', '800X800 DRWA C-250 COVER'),
(1895, 1, 1, 1, 'Products', '', '2019-03-11 14:01:40', '2019-03-11 14:01:40', NULL, NULL, 0, 1, 0, 0, 'IMPORT', '600 DIA D-400 RIEW COVER(STORM WATER)'),
(1896, 1, 1, 1, 'Products', '', '2019-03-11 14:01:40', '2019-03-11 14:01:40', NULL, NULL, 0, 1, 0, 0, 'IMPORT', '450X450 C-250 GNE COVER'),
(1897, 1, 1, 1, 'Products', '', '2019-03-11 14:01:40', '2019-03-11 14:01:40', NULL, NULL, 0, 1, 0, 0, 'IMPORT', '660X610 C-250 CATCH BASIN COVER'),
(1898, 1, 1, 1, 'Products', '', '2019-03-11 14:01:40', '2019-03-11 14:01:40', NULL, NULL, 0, 1, 0, 0, 'IMPORT', 'manhole cl. B125 w.o.vent. DN 315 w.bolts'),
(1899, 1, 1, 1, 'Products', '', '2019-03-11 14:01:40', '2019-03-11 14:01:40', NULL, NULL, 0, 1, 0, 0, 'IMPORT', 'manhole cl. B125 w.vent. DN 315'),
(1900, 1, 1, 1, 'Products', '', '2019-03-11 14:01:40', '2019-03-11 14:01:40', NULL, NULL, 0, 1, 0, 0, 'IMPORT', 'manhole cl. D400 w.o.vent. DN 315 w.bolts'),
(1901, 1, 1, 1, 'Products', '', '2019-03-11 14:01:40', '2019-03-11 14:01:40', NULL, NULL, 0, 1, 0, 0, 'IMPORT', 'manhole cl. D400 w.o.vent. 420x420 w.bolts'),
(1902, 1, 1, 1, 'Products', '', '2019-03-11 14:01:40', '2019-03-11 14:01:40', NULL, NULL, 0, 1, 0, 0, 'IMPORT', 'manhole cl. D400 w.vent. DN 315 w.bolts'),
(1903, 1, 1, 1, 'Products', '', '2019-03-11 14:01:40', '2019-03-11 14:01:40', NULL, NULL, 0, 1, 0, 0, 'IMPORT', 'NF-80 PLAIN COVER'),
(1904, 1, 1, 1, 'Products', '', '2019-03-11 14:01:40', '2019-03-11 14:01:40', NULL, NULL, 0, 1, 0, 0, 'IMPORT', '600X600X100 D400 FRM & .GRT'),
(1905, 1, 1, 1, 'Products', '', '2019-03-11 14:01:40', '2019-03-11 14:01:40', NULL, NULL, 0, 1, 0, 0, 'IMPORT', '600X600X100 D400 FRM & GRT'),
(1906, 1, 1, 1, 'Products', '', '2019-03-11 14:01:40', '2019-03-11 14:01:40', NULL, NULL, 0, 1, 0, 0, 'IMPORT', '532X405X205 KERB GULLY FRAME & GRATE'),
(1907, 1, 1, 1, 'Products', '', '2019-03-11 14:01:40', '2019-03-11 14:01:40', NULL, NULL, 0, 1, 0, 0, 'IMPORT', '532 X 405 X 205 KERB GULLY FRAME & GRATE'),
(1908, 1, 1, 1, 'Products', '', '2019-03-11 14:01:40', '2019-03-11 14:01:40', NULL, NULL, 0, 1, 0, 0, 'IMPORT', '750X250 D-400 CHANNEL GRATING'),
(1909, 1, 1, 1, 'Products', '', '2019-03-11 14:01:40', '2019-03-11 14:01:40', NULL, NULL, 0, 1, 0, 0, 'IMPORT', '450 x 450 D-400 GRATINGS'),
(1910, 1, 1, 1, 'Products', '', '2019-03-11 14:01:40', '2019-03-11 14:01:40', NULL, NULL, 0, 1, 0, 0, 'IMPORT', '450 X 450 HINGED GULLY GRATING'),
(1911, 1, 1, 1, 'Products', '', '2019-03-11 14:01:40', '2019-03-11 14:01:40', NULL, NULL, 0, 1, 0, 0, 'IMPORT', '750X600 D-400 GRATING'),
(1912, 1, 1, 1, 'Products', '', '2019-03-11 14:01:40', '2019-03-11 14:01:40', NULL, NULL, 0, 1, 0, 0, 'IMPORT', '500 DIA FRAME & GRATE(SGPS)'),
(1913, 1, 1, 1, 'Products', '', '2019-03-11 14:01:40', '2019-03-11 14:01:40', NULL, NULL, 0, 1, 0, 0, 'IMPORT', '600X600 D-400 FRAME & GRATE'),
(1914, 1, 1, 1, 'Products', '', '2019-03-11 14:01:40', '2019-03-11 14:01:40', NULL, NULL, 0, 1, 0, 0, 'IMPORT', '260 DIA D-400 FRAME & GRATE (SGPS)'),
(1915, 1, 1, 1, 'Products', '', '2019-03-11 14:01:40', '2019-03-11 14:01:40', NULL, NULL, 0, 1, 0, 0, 'IMPORT', '600 X 600 HINGED PUSH LOCK GRATING SET'),
(1916, 1, 1, 1, 'Products', '', '2019-03-11 14:01:40', '2019-03-11 14:01:40', NULL, NULL, 0, 1, 0, 0, 'IMPORT', '300 x 300 DT D-400 GRATING'),
(1917, 1, 1, 1, 'Products', '', '2019-03-11 14:01:40', '2019-03-11 14:01:40', NULL, NULL, 0, 1, 0, 0, 'IMPORT', '750 X 600 D-400 CHANNEL GRATING'),
(1918, 1, 1, 1, 'Products', '', '2019-03-11 14:01:40', '2019-03-11 14:01:40', NULL, NULL, 0, 1, 0, 0, 'IMPORT', '600x600 DT D-400 GRATINGS SET'),
(1919, 1, 1, 1, 'Products', '', '2019-03-11 14:01:40', '2019-03-11 14:01:40', NULL, NULL, 0, 1, 0, 0, 'IMPORT', '600 x 600 DT D-400 GRATINGS'),
(1920, 1, 1, 1, 'Products', '', '2019-03-11 14:01:40', '2019-03-11 14:01:40', NULL, NULL, 0, 1, 0, 0, 'IMPORT', 'CD 644 KMD FRAME & GRATE'),
(1921, 1, 1, 1, 'Products', '', '2019-03-11 14:01:40', '2019-03-11 14:01:40', NULL, NULL, 0, 1, 0, 0, 'IMPORT', 'CD 732 HKMD FRAME & GRATE'),
(1922, 1, 1, 1, 'Products', '', '2019-03-11 14:01:40', '2019-03-11 14:01:40', NULL, NULL, 0, 1, 0, 0, 'IMPORT', 'CD 732 KMD FRAME & GRATE'),
(1923, 1, 1, 1, 'Products', '', '2019-03-11 14:01:40', '2019-03-11 14:01:40', NULL, NULL, 0, 1, 0, 0, 'IMPORT', 'CD 180 KMD FRAME & GRATE'),
(1924, 1, 1, 1, 'Products', '', '2019-03-11 14:01:41', '2019-03-11 14:01:41', NULL, NULL, 0, 1, 0, 0, 'IMPORT', 'CD 185 KMD FRAME & GRATE'),
(1925, 1, 1, 1, 'Products', '', '2019-03-11 14:01:41', '2019-03-11 14:01:41', NULL, NULL, 0, 1, 0, 0, 'IMPORT', '600X600 DT D-400 FRAME & GRATE(4-FLANGE)'),
(1926, 1, 1, 1, 'Products', '', '2019-03-11 14:01:41', '2019-03-11 14:01:41', NULL, NULL, 0, 1, 0, 0, 'IMPORT', '600X600 DT D-400 FRAME & GRATE(3-FLANGE)'),
(1927, 1, 1, 1, 'Products', '', '2019-03-11 14:01:41', '2019-03-11 14:01:41', NULL, NULL, 0, 1, 0, 0, 'IMPORT', '450X450 DT D-400 FRAME & GRATE(STORM WATER)'),
(1928, 1, 1, 1, 'Products', '', '2019-03-11 14:01:41', '2019-03-11 14:01:41', NULL, NULL, 0, 1, 0, 0, 'IMPORT', '385X317 D-400 GULLY GRATINGS'),
(1929, 1, 1, 1, 'Products', '', '2019-03-11 14:01:41', '2019-03-11 14:01:41', NULL, NULL, 0, 1, 0, 0, 'IMPORT', 'CD 128 KMC FRAME & GRATE'),
(1930, 1, 1, 1, 'Products', '', '2019-03-11 14:01:41', '2019-03-11 14:01:41', NULL, NULL, 0, 1, 0, 0, 'IMPORT', '900X900 F-900 SPRING ASSIST FRAME & GRATE'),
(1931, 1, 1, 1, 'Products', '', '2019-03-11 14:01:41', '2019-03-11 14:01:41', NULL, NULL, 0, 1, 0, 0, 'IMPORT', '415x415 DT D-400 FRAME & GRATE'),
(1932, 1, 1, 1, 'Products', '', '2019-03-11 14:01:41', '2019-03-11 14:01:41', NULL, NULL, 0, 1, 0, 0, 'IMPORT', '415X415 DT D-400 FRM & GRT'),
(1933, 1, 1, 1, 'Products', '', '2019-03-11 14:01:41', '2019-03-11 14:01:41', NULL, NULL, 0, 1, 0, 0, 'IMPORT', '900X900 F-900 SPRING ASSIST FRM & GRT'),
(1934, 1, 1, 1, 'Products', '', '2019-03-11 14:01:41', '2019-03-11 14:01:41', NULL, NULL, 0, 1, 0, 0, 'IMPORT', '430X370X100 D-400 GRATING(NEW)'),
(1935, 1, 1, 1, 'Products', '', '2019-03-11 14:01:41', '2019-03-11 14:01:41', NULL, NULL, 0, 1, 0, 0, 'IMPORT', '430X370 D-400 GULLY GRATING(NEW)'),
(1936, 1, 1, 1, 'Products', '', '2019-03-11 14:01:41', '2019-03-11 14:01:41', NULL, NULL, 0, 1, 0, 0, 'IMPORT', '900X600 C-250 DZ FRAME & GRATE'),
(1937, 1, 1, 1, 'Products', '', '2019-03-11 14:01:41', '2019-03-11 14:01:41', NULL, NULL, 0, 1, 0, 0, 'IMPORT', '618X275 C-250 FRAME & GRATE(CAPA)'),
(1938, 1, 1, 1, 'Products', '', '2019-03-11 14:01:41', '2019-03-11 14:01:41', NULL, NULL, 0, 1, 0, 0, 'IMPORT', '618X275 C-250 FRM & GRT(CAPA)'),
(1939, 1, 1, 1, 'Products', '', '2019-03-11 14:01:41', '2019-03-11 14:01:41', NULL, NULL, 0, 1, 0, 0, 'IMPORT', '900X600 C-250 DZ FRM & GRT'),
(1940, 1, 1, 1, 'Products', '', '2019-03-11 14:01:41', '2019-03-11 14:01:41', NULL, NULL, 0, 1, 0, 0, 'IMPORT', '415 X 415 DT D-400 FRAME & GRATE'),
(1941, 1, 1, 1, 'Products', '', '2019-03-11 14:01:41', '2019-03-11 14:01:41', NULL, NULL, 0, 1, 0, 0, 'IMPORT', '900X600 D-400 DZ FRAME & GRATE'),
(1942, 1, 1, 1, 'Products', '', '2019-03-11 14:01:41', '2019-03-11 14:01:41', NULL, NULL, 0, 1, 0, 0, 'IMPORT', '450X450 D-400 GNE FRAME & GRATE'),
(1943, 1, 1, 1, 'Products', '', '2019-03-11 14:01:41', '2019-03-11 14:01:41', NULL, NULL, 0, 1, 0, 0, 'IMPORT', '450X450 D-400 GNE FRM & GRT'),
(1944, 1, 1, 1, 'Products', '', '2019-03-11 14:01:41', '2019-03-11 14:01:41', NULL, NULL, 0, 1, 0, 0, 'IMPORT', '500 DIA D-400 FRM & GRT-SGPS'),
(1945, 1, 1, 1, 'Products', '', '2019-03-11 14:01:41', '2019-03-11 14:01:41', NULL, NULL, 0, 1, 0, 0, 'IMPORT', '500 DIA D-400 FRAME & GRATE-SGPS'),
(1946, 1, 1, 1, 'Products', '', '2019-03-11 14:01:41', '2019-03-11 14:01:41', NULL, NULL, 0, 1, 0, 0, 'IMPORT', '1100X1100 D-400 FRAME & GRATE(TUV)'),
(1947, 1, 1, 1, 'Products', '', '2019-03-11 14:01:41', '2019-03-11 14:01:41', NULL, NULL, 0, 1, 0, 0, 'IMPORT', '1300X1300 D-400 FRAME & GRATE(TUV)'),
(1948, 1, 1, 1, 'Products', '', '2019-03-11 14:01:41', '2019-03-11 14:01:41', NULL, NULL, 0, 1, 0, 0, 'IMPORT', 'MIC 40C FRAME & GRATE'),
(1949, 1, 1, 1, 'Products', '', '2019-03-11 14:01:41', '2019-03-11 14:01:41', NULL, NULL, 0, 1, 0, 0, 'IMPORT', '980X490X70 D-400 FRAME & GRATE'),
(1950, 1, 1, 1, 'Products', '', '2019-03-11 14:01:41', '2019-03-11 14:01:41', NULL, NULL, 0, 1, 0, 0, 'IMPORT', '450x450 D-400 GRATINGS'),
(1951, 1, 1, 1, 'Products', '', '2019-03-11 14:01:41', '2019-03-11 14:01:41', NULL, NULL, 0, 1, 0, 0, 'IMPORT', 'Channel Grating 600X300mm D400'),
(1952, 1, 1, 1, 'Products', '', '2019-03-11 14:01:41', '2019-03-11 14:01:41', NULL, NULL, 0, 1, 0, 0, 'IMPORT', '600x600 D-400 GRATINGS'),
(1953, 1, 1, 1, 'Products', '', '2019-03-11 14:01:41', '2019-03-11 14:01:41', NULL, NULL, 0, 1, 0, 0, 'IMPORT', '385 X 317 D-400 GULLY GRATINGS'),
(1954, 1, 1, 1, 'Products', '', '2019-03-11 14:01:41', '2019-03-11 14:01:41', NULL, NULL, 0, 1, 0, 0, 'IMPORT', '600X750 D-400 IFCO SET'),
(1955, 1, 1, 1, 'Products', '', '2019-03-11 14:01:41', '2019-03-11 14:01:41', NULL, NULL, 0, 1, 0, 0, 'IMPORT', 'CLKS 644 KMD SET'),
(1956, 1, 1, 1, 'Products', '', '2019-03-11 14:01:41', '2019-03-11 14:01:41', NULL, NULL, 0, 1, 0, 0, 'IMPORT', '600X750 IFCO D-400 GRATING SET'),
(1957, 1, 1, 1, 'Products', '', '2019-03-11 14:01:41', '2019-03-11 14:01:41', NULL, NULL, 0, 1, 0, 0, 'IMPORT', '600X600 HINGED PUSH LOCK GRATING SET'),
(1958, 1, 1, 1, 'Products', '', '2019-03-11 14:01:41', '2019-03-11 14:01:41', NULL, NULL, 0, 1, 0, 0, 'IMPORT', '430X370 D-400 HINGED GULLY GRATE SET'),
(1959, 1, 1, 1, 'Products', '', '2019-03-11 14:01:41', '2019-03-11 14:01:41', NULL, NULL, 0, 1, 0, 0, 'IMPORT', '600X600 GULLY GRATING BAHARAIN ET'),
(1960, 1, 1, 1, 'Products', '', '2019-03-11 14:01:41', '2019-03-11 14:01:41', NULL, NULL, 0, 1, 0, 0, 'IMPORT', 'CLKS 185 KMD SETS'),
(1961, 1, 1, 1, 'Products', '', '2019-03-11 14:01:42', '2019-03-11 14:01:42', NULL, NULL, 0, 1, 0, 0, 'IMPORT', '260 DIA SET SGPS'),
(1962, 1, 1, 1, 'Products', '', '2019-03-11 14:01:42', '2019-03-11 14:01:42', NULL, NULL, 0, 1, 0, 0, 'IMPORT', '450X450 HINGED GULLY GRATING'),
(1963, 1, 1, 1, 'Products', '', '2019-03-11 14:01:42', '2019-03-11 14:01:42', NULL, NULL, 0, 1, 0, 0, 'IMPORT', '750X450 CHANNEL RAIL'),
(1964, 1, 1, 1, 'Products', '', '2019-03-11 14:01:42', '2019-03-11 14:01:42', NULL, NULL, 0, 1, 0, 0, 'IMPORT', '430X370X100 FRAME'),
(1965, 1, 1, 1, 'Products', '', '2019-03-11 14:01:42', '2019-03-11 14:01:42', NULL, NULL, 0, 1, 0, 0, 'IMPORT', '700X700 DT D-400 FRAME'),
(1966, 1, 1, 1, 'Products', '', '2019-03-11 14:01:42', '2019-03-11 14:01:42', NULL, NULL, 0, 1, 0, 0, 'IMPORT', '300X300 B-125 ACO FRAME'),
(1967, 1, 1, 1, 'Products', '', '2019-03-11 14:01:42', '2019-03-11 14:01:42', NULL, NULL, 0, 1, 0, 0, 'IMPORT', '460X460 GG FRAME'),
(1968, 1, 1, 1, 'Products', '', '2019-03-11 14:01:42', '2019-03-11 14:01:42', NULL, NULL, 0, 1, 0, 0, 'IMPORT', 'CD 231 KMD D-400 FRAME'),
(1969, 1, 1, 1, 'Products', '', '2019-03-11 14:01:42', '2019-03-11 14:01:42', NULL, NULL, 0, 1, 0, 0, 'IMPORT', 'CD 58 DDI B-125 FRAME'),
(1970, 1, 1, 1, 'Products', '', '2019-03-11 14:01:42', '2019-03-11 14:01:42', NULL, NULL, 0, 1, 0, 0, 'IMPORT', '618X275 C-250 CAPA FRAME'),
(1971, 1, 1, 1, 'Products', '', '2019-03-11 14:01:42', '2019-03-11 14:01:42', NULL, NULL, 0, 1, 0, 0, 'IMPORT', 'CD 178 KMD D-400 FRAME'),
(1972, 1, 1, 1, 'Products', '', '2019-03-11 14:01:42', '2019-03-11 14:01:42', NULL, NULL, 0, 1, 0, 0, 'IMPORT', 'CD 750 D-400 HKMD FRAME'),
(1973, 1, 1, 1, 'Products', '', '2019-03-11 14:01:42', '2019-03-11 14:01:42', NULL, NULL, 0, 1, 0, 0, 'IMPORT', 'CD 60 DDI C-250 FRAME'),
(1974, 1, 1, 1, 'Products', '', '2019-03-11 14:01:42', '2019-03-11 14:01:42', NULL, NULL, 0, 1, 0, 0, 'IMPORT', '1100x1100 D-400 FRAME (TUV)'),
(1975, 1, 1, 1, 'Products', '', '2019-03-11 14:01:42', '2019-03-11 14:01:42', NULL, NULL, 0, 1, 0, 0, 'IMPORT', '1300x1300 D-400 FRAME (TUV)'),
(1976, 1, 1, 1, 'Products', '', '2019-03-11 14:01:42', '2019-03-11 14:01:42', NULL, NULL, 0, 1, 0, 0, 'IMPORT', 'Frame 300 Dia'),
(1977, 1, 1, 1, 'Products', '', '2019-03-11 14:01:42', '2019-03-11 14:01:42', NULL, NULL, 0, 1, 0, 0, 'IMPORT', '430X370 D-400 FRAME(OLD)'),
(1978, 1, 1, 1, 'Products', '', '2019-03-11 14:01:42', '2019-03-11 14:01:42', NULL, NULL, 0, 1, 0, 0, 'IMPORT', '250X750 D-400 CHANNEL'),
(1979, 1, 1, 1, 'Products', '', '2019-03-11 14:01:42', '2019-03-11 14:01:42', NULL, NULL, 0, 1, 0, 0, 'IMPORT', '750X600 IFCO D-400 RAIL'),
(1980, 1, 1, 1, 'Products', '', '2019-03-11 14:01:42', '2019-03-11 14:01:42', NULL, NULL, 0, 1, 0, 0, 'IMPORT', '450X450 D-400 GNE FRAME'),
(1981, 1, 1, 1, 'Products', '', '2019-03-11 14:01:42', '2019-03-11 14:01:42', NULL, NULL, 0, 1, 0, 0, 'IMPORT', '600X600 DT D-400 SAXON FRAME'),
(1982, 1, 1, 1, 'Products', '', '2019-03-11 14:01:42', '2019-03-11 14:01:42', NULL, NULL, 0, 1, 0, 0, 'IMPORT', 'CLKS 185 KMD FRAME'),
(1983, 1, 1, 1, 'Products', '', '2019-03-11 14:01:42', '2019-03-11 14:01:42', NULL, NULL, 0, 1, 0, 0, 'IMPORT', 'CLKS 644 KMD FRAME'),
(1984, 1, 1, 1, 'Products', '', '2019-03-11 14:01:42', '2019-03-11 14:01:42', NULL, NULL, 0, 1, 0, 0, 'IMPORT', 'CLKS 644 AKMD FRAME'),
(1985, 1, 1, 1, 'Products', '', '2019-03-11 14:01:42', '2019-03-11 14:01:42', NULL, NULL, 0, 1, 0, 0, 'IMPORT', 'CLKS 732 KMD FRAME'),
(1986, 1, 1, 1, 'Products', '', '2019-03-11 14:01:42', '2019-03-11 14:01:42', NULL, NULL, 0, 1, 0, 0, 'IMPORT', 'CLKS 732 HKMD FRAME'),
(1987, 1, 1, 1, 'Products', '', '2019-03-11 14:01:42', '2019-03-11 14:01:42', NULL, NULL, 0, 1, 0, 0, 'IMPORT', '750X250 D-400 RAIL'),
(1988, 1, 1, 1, 'Products', '', '2019-03-11 14:01:42', '2019-03-11 14:01:42', NULL, NULL, 0, 1, 0, 0, 'IMPORT', '600X600 DOUBLE TRIANGUALR SAXON FRAME'),
(1989, 1, 1, 1, 'Products', '', '2019-03-11 14:01:42', '2019-03-11 14:01:42', NULL, NULL, 0, 1, 0, 0, 'IMPORT', 'Grate 300 D400'),
(1990, 1, 1, 1, 'Products', '', '2019-03-11 14:01:42', '2019-03-11 14:01:42', NULL, NULL, 0, 1, 0, 0, 'IMPORT', '430X370X100 GRATE'),
(1991, 1, 1, 1, 'Products', '', '2019-03-11 14:01:42', '2019-03-11 14:01:42', NULL, NULL, 0, 1, 0, 0, 'IMPORT', '600X600 D-400 FLAT GRATE'),
(1992, 1, 1, 1, 'Products', '', '2019-03-11 14:01:42', '2019-03-11 14:01:42', NULL, NULL, 0, 1, 0, 0, 'IMPORT', '700X700 DT D-400 GRATE(STORM)'),
(1993, 1, 1, 1, 'Products', '', '2019-03-11 14:01:42', '2019-03-11 14:01:42', NULL, NULL, 0, 1, 0, 0, 'IMPORT', '600X600 DT D-400 GNE GRATE'),
(1994, 1, 1, 1, 'Products', '', '2019-03-11 14:01:42', '2019-03-11 14:01:42', NULL, NULL, 0, 1, 0, 0, 'IMPORT', '750X300 D-400 GRATE'),
(1995, 1, 1, 1, 'Products', '', '2019-03-11 14:01:42', '2019-03-11 14:01:42', NULL, NULL, 0, 1, 0, 0, 'IMPORT', '300X300 B-125 ACO GRATE'),
(1996, 1, 1, 1, 'Products', '', '2019-03-11 14:01:43', '2019-03-11 14:01:43', NULL, NULL, 0, 1, 0, 0, 'IMPORT', '650X450 CLASS D HINGE GRATE'),
(1997, 1, 1, 1, 'Products', '', '2019-03-11 14:01:43', '2019-03-11 14:01:43', NULL, NULL, 0, 1, 0, 0, 'IMPORT', '500 DIA D-400 GRATE-SGPS'),
(1998, 1, 1, 1, 'Products', '', '2019-03-11 14:01:43', '2019-03-11 14:01:43', NULL, NULL, 0, 1, 0, 0, 'IMPORT', '500X500 D-400 GRATE'),
(1999, 1, 1, 1, 'Products', '', '2019-03-11 14:01:43', '2019-03-11 14:01:43', NULL, NULL, 0, 1, 0, 0, 'IMPORT', '500X500 SPLIT GRATE'),
(2000, 1, 1, 1, 'Products', '', '2019-03-11 14:01:43', '2019-03-11 14:01:43', NULL, NULL, 0, 1, 0, 0, 'IMPORT', '500X300 D-400 GG GRATE'),
(2001, 1, 1, 1, 'Products', '', '2019-03-11 14:01:43', '2019-03-11 14:01:43', NULL, NULL, 0, 1, 0, 0, 'IMPORT', '460X460 GG GRATE'),
(2002, 1, 1, 1, 'Products', '', '2019-03-11 14:01:43', '2019-03-11 14:01:43', NULL, NULL, 0, 1, 0, 0, 'IMPORT', '600X600 D-400 HINGE GRATE(AMANAH)'),
(2003, 1, 1, 1, 'Products', '', '2019-03-11 14:01:43', '2019-03-11 14:01:43', NULL, NULL, 0, 1, 0, 0, 'IMPORT', '750X200 D-400 GRATE'),
(2004, 1, 1, 1, 'Products', '', '2019-03-11 14:01:43', '2019-03-11 14:01:43', NULL, NULL, 0, 1, 0, 0, 'IMPORT', '750X300 F-900 GRATE(AMANAH)'),
(2005, 1, 1, 1, 'Products', '', '2019-03-11 14:01:43', '2019-03-11 14:01:43', NULL, NULL, 0, 1, 0, 0, 'IMPORT', '450X450 TOP ENTRY DT D-400 GRATE(AMANAH)'),
(2006, 1, 1, 1, 'Products', '', '2019-03-11 14:01:43', '2019-03-11 14:01:43', NULL, NULL, 0, 1, 0, 0, 'IMPORT', '600X600 DT D-400 TOP ENTRY GRATE(AMANAH)'),
(2007, 1, 1, 1, 'Products', '', '2019-03-11 14:01:43', '2019-03-11 14:01:43', NULL, NULL, 0, 1, 0, 0, 'IMPORT', '600X600 PUSH LOCK D-400 GRATE (OMAN)'),
(2008, 1, 1, 1, 'Products', '', '2019-03-11 14:01:43', '2019-03-11 14:01:43', NULL, NULL, 0, 1, 0, 0, 'IMPORT', '750X450 D-400 CHANNEL GRATE'),
(2009, 1, 1, 1, 'Products', '', '2019-03-11 14:01:43', '2019-03-11 14:01:43', NULL, NULL, 0, 1, 0, 0, 'IMPORT', '450X450 D-400 GNE GRATE(SIF INDIA)'),
(2010, 1, 1, 1, 'Products', '', '2019-03-11 14:01:43', '2019-03-11 14:01:43', NULL, NULL, 0, 1, 0, 0, 'IMPORT', '750X100 D-400 CHANNEL GRATE'),
(2011, 1, 1, 1, 'Products', '', '2019-03-11 14:01:43', '2019-03-11 14:01:43', NULL, NULL, 0, 1, 0, 0, 'IMPORT', '750X400 D-400 CHANNEL GRATE(AMANAH)'),
(2012, 1, 1, 1, 'Products', '', '2019-03-11 14:01:43', '2019-03-11 14:01:43', NULL, NULL, 0, 1, 0, 0, 'IMPORT', '750X300 D-400 GRATE(SAXON)'),
(2013, 1, 1, 1, 'Products', '', '2019-03-11 14:01:43', '2019-03-11 14:01:43', NULL, NULL, 0, 1, 0, 0, 'IMPORT', '750X300 D-400 GRATE(AMANAH)'),
(2014, 1, 1, 1, 'Products', '', '2019-03-11 14:01:43', '2019-03-11 14:01:43', NULL, NULL, 0, 1, 0, 0, 'IMPORT', '600X80 SIDE INLET GRATE'),
(2015, 1, 1, 1, 'Products', '', '2019-03-11 14:01:43', '2019-03-11 14:01:43', NULL, NULL, 0, 1, 0, 0, 'IMPORT', '300X300 DT D-400 GRATE(AMANAH)'),
(2016, 1, 1, 1, 'Products', '', '2019-03-11 14:01:43', '2019-03-11 14:01:43', NULL, NULL, 0, 1, 0, 0, 'IMPORT', '750X200 D-400 GRATE(AMANAH)'),
(2017, 1, 1, 1, 'Products', '', '2019-03-11 14:01:43', '2019-03-11 14:01:43', NULL, NULL, 0, 1, 0, 0, 'IMPORT', 'JUPALCO D-400 GRATE'),
(2018, 1, 1, 1, 'Products', '', '2019-03-11 14:01:43', '2019-03-11 14:01:43', NULL, NULL, 0, 1, 0, 0, 'IMPORT', '600X600 DT D-400 GRATE'),
(2019, 1, 1, 1, 'Products', '', '2019-03-11 14:01:43', '2019-03-11 14:01:43', NULL, NULL, 0, 1, 0, 0, 'IMPORT', '450X450 D-400 GRATE(SOHAR)'),
(2020, 1, 1, 1, 'Products', '', '2019-03-11 14:01:43', '2019-03-11 14:01:43', NULL, NULL, 0, 1, 0, 0, 'IMPORT', '450X450 DT D-400 GRATE(STORM WATER)(DOHA)'),
(2021, 1, 1, 1, 'Products', '', '2019-03-11 14:01:43', '2019-03-11 14:01:43', NULL, NULL, 0, 1, 0, 0, 'IMPORT', '300X300 DT D-400 GRATE(SOHAR)'),
(2022, 1, 1, 1, 'Products', '', '2019-03-11 14:01:43', '2019-03-11 14:01:43', NULL, NULL, 0, 1, 0, 0, 'IMPORT', '750x600 D-400 AMANAH GRATE'),
(2023, 1, 1, 1, 'Products', '', '2019-03-11 14:01:43', '2019-03-11 14:01:43', NULL, NULL, 0, 1, 0, 0, 'IMPORT', '900X900 F-900 SPRING ASSIST GRATE'),
(2024, 1, 1, 1, 'Products', '', '2019-03-11 14:01:43', '2019-03-11 14:01:43', NULL, NULL, 0, 1, 0, 0, 'IMPORT', 'CD 732 KMD D-400 GRATE'),
(2025, 1, 1, 1, 'Products', '', '2019-03-11 14:01:43', '2019-03-11 14:01:43', NULL, NULL, 0, 1, 0, 0, 'IMPORT', 'CD 644 KMD D-400 GRATE'),
(2026, 1, 1, 1, 'Products', '', '2019-03-11 14:01:43', '2019-03-11 14:01:43', NULL, NULL, 0, 1, 0, 0, 'IMPORT', 'CD 185 KMD D-400 GRATE'),
(2027, 1, 1, 1, 'Products', '', '2019-03-11 14:01:43', '2019-03-11 14:01:43', NULL, NULL, 0, 1, 0, 0, 'IMPORT', 'CD 180 KMD D-400 GRATE'),
(2028, 1, 1, 1, 'Products', '', '2019-03-11 14:01:43', '2019-03-11 14:01:43', NULL, NULL, 0, 1, 0, 0, 'IMPORT', 'CD 128 KMC C-250 GRATE'),
(2029, 1, 1, 1, 'Products', '', '2019-03-11 14:01:43', '2019-03-11 14:01:43', NULL, NULL, 0, 1, 0, 0, 'IMPORT', '600X750 D-400 GRATE(SAXON)'),
(2030, 1, 1, 1, 'Products', '', '2019-03-11 14:01:43', '2019-03-11 14:01:43', NULL, NULL, 0, 1, 0, 0, 'IMPORT', '415X415 DT D-400 GRATE'),
(2031, 1, 1, 1, 'Products', '', '2019-03-11 14:01:43', '2019-03-11 14:01:43', NULL, NULL, 0, 1, 0, 0, 'IMPORT', '500X350 210 KN ACO GRATE'),
(2032, 1, 1, 1, 'Products', '', '2019-03-11 14:01:43', '2019-03-11 14:01:43', NULL, NULL, 0, 1, 0, 0, 'IMPORT', 'D-456 ACO GRATE'),
(2033, 1, 1, 1, 'Products', '', '2019-03-11 14:01:43', '2019-03-11 14:01:43', NULL, NULL, 0, 1, 0, 0, 'IMPORT', '600X600 DT D-400 TOP ENTRY GRATE(AMANAH)(PAM)'),
(2034, 1, 1, 1, 'Products', '', '2019-03-11 14:01:44', '2019-03-11 14:01:44', NULL, NULL, 0, 1, 0, 0, 'IMPORT', 'MEA GRATE'),
(2035, 1, 1, 1, 'Products', '', '2019-03-11 14:01:44', '2019-03-11 14:01:44', NULL, NULL, 0, 1, 0, 0, 'IMPORT', '750X400 D-400 CHANNEL GRATE'),
(2036, 1, 1, 1, 'Products', '', '2019-03-11 14:02:37', '2019-03-11 14:02:37', NULL, NULL, 0, 1, 0, 0, 'IMPORT', 'MUFLE SLOPE 200 D-400 GRATE'),
(2037, 1, 1, 1, 'Products', '', '2019-03-11 14:09:58', '2019-03-11 14:09:58', NULL, NULL, 0, 1, 0, 0, 'IMPORT', 'MUFLE WP 200 D-400 GRATE'),
(2038, 1, 1, 1, 'Products', '', '2019-03-11 14:09:58', '2019-03-11 14:09:58', NULL, NULL, 0, 1, 0, 0, 'IMPORT', 'MUFLE VP 200 D-400 GRATE');
INSERT INTO `vtiger_crmentity_bkp` (`crmid`, `smcreatorid`, `smownerid`, `modifiedby`, `setype`, `description`, `createdtime`, `modifiedtime`, `viewedtime`, `status`, `version`, `presence`, `deleted`, `smgroupid`, `source`, `label`) VALUES
(2039, 1, 1, 1, 'Products', '', '2019-03-11 14:09:58', '2019-03-11 14:09:58', NULL, NULL, 0, 1, 0, 0, 'IMPORT', '750X300 D-400 GRATE(AMANAH)(PAM)'),
(2040, 1, 1, 1, 'Products', '', '2019-03-11 14:09:58', '2019-03-11 14:09:58', NULL, NULL, 0, 1, 0, 0, 'IMPORT', 'D-467 ACO GRATE'),
(2041, 1, 1, 1, 'Products', '', '2019-03-11 14:09:58', '2019-03-11 14:09:58', NULL, NULL, 0, 1, 0, 0, 'IMPORT', 'CD 231 KMD D-400 GRATE'),
(2042, 1, 1, 1, 'Products', '', '2019-03-11 14:09:59', '2019-03-11 14:09:59', NULL, NULL, 0, 1, 0, 0, 'IMPORT', 'CD 58 DDI B-125 GRATE'),
(2043, 1, 1, 1, 'Products', '', '2019-03-11 14:09:59', '2019-03-11 14:09:59', NULL, NULL, 0, 1, 0, 0, 'IMPORT', 'D-456 ACO GRT.'),
(2044, 1, 1, 1, 'Products', '', '2019-03-11 14:09:59', '2019-03-11 14:09:59', NULL, NULL, 0, 1, 0, 0, 'IMPORT', '750X200 D-400 GRATE(AMANAH)(PAM)'),
(2045, 1, 1, 1, 'Products', '', '2019-03-11 14:09:59', '2019-03-11 14:09:59', NULL, NULL, 0, 1, 0, 0, 'IMPORT', '618X275 C-250 CAPA GRATE'),
(2046, 1, 1, 1, 'Products', '', '2019-03-11 14:09:59', '2019-03-11 14:09:59', NULL, NULL, 0, 1, 0, 0, 'IMPORT', 'CD 178 KMD D-400 GRATE'),
(2047, 1, 1, 1, 'Products', '', '2019-03-11 14:09:59', '2019-03-11 14:09:59', NULL, NULL, 0, 1, 0, 0, 'IMPORT', 'CD 232 C-250 KMC GRATE'),
(2048, 1, 1, 1, 'Products', '', '2019-03-11 14:09:59', '2019-03-11 14:09:59', NULL, NULL, 0, 1, 0, 0, 'IMPORT', 'CD 60 DDI C-250 GRATE'),
(2049, 1, 1, 1, 'Products', '', '2019-03-11 14:09:59', '2019-03-11 14:09:59', NULL, NULL, 0, 1, 0, 0, 'IMPORT', 'CD 184 SKMD D-400 GRATE'),
(2050, 1, 1, 1, 'Products', '', '2019-03-11 14:09:59', '2019-03-11 14:09:59', NULL, NULL, 0, 1, 0, 0, 'IMPORT', '900X600 C-250 DZ GRATE'),
(2051, 1, 1, 1, 'Products', '', '2019-03-11 14:09:59', '2019-03-11 14:09:59', NULL, NULL, 0, 1, 0, 0, 'IMPORT', '900X600 D-400 DZ GRATE'),
(2052, 1, 1, 1, 'Products', '', '2019-03-11 14:09:59', '2019-03-11 14:09:59', NULL, NULL, 0, 1, 0, 0, 'IMPORT', '600X600 CLASS D WAVE GRATE(WELDLOCK)'),
(2053, 1, 1, 1, 'Products', '', '2019-03-11 14:09:59', '2019-03-11 14:09:59', NULL, NULL, 0, 1, 0, 0, 'IMPORT', '900X600 CIRCULAR CLASS D WAVE GRATE(WELDLOCK)'),
(2054, 1, 1, 1, 'Products', '', '2019-03-11 14:09:59', '2019-03-11 14:09:59', NULL, NULL, 0, 1, 0, 0, 'IMPORT', 'CD 180 AKMD D-400 GRATE'),
(2055, 1, 1, 1, 'Products', '', '2019-03-11 14:09:59', '2019-03-11 14:09:59', NULL, NULL, 0, 1, 0, 0, 'IMPORT', '1100x1100 D-400 GRATE (TUV)'),
(2056, 1, 1, 1, 'Products', '', '2019-03-11 14:09:59', '2019-03-11 14:09:59', NULL, NULL, 0, 1, 0, 0, 'IMPORT', '1300x1300 D-400 GRATE (TUV)'),
(2057, 1, 1, 1, 'Products', '', '2019-03-11 14:09:59', '2019-03-11 14:09:59', NULL, NULL, 0, 1, 0, 0, 'IMPORT', '450X450 CLASS B GRATE(WELDLOCK)'),
(2058, 1, 1, 1, 'Products', '', '2019-03-11 14:09:59', '2019-03-11 14:09:59', NULL, NULL, 0, 1, 0, 0, 'IMPORT', '260 DIA D-400 GRT. - SGPS'),
(2059, 1, 1, 1, 'Products', '', '2019-03-11 14:09:59', '2019-03-11 14:09:59', NULL, NULL, 0, 1, 0, 0, 'IMPORT', '980X490 D-400 GRATE(BENITO)'),
(2060, 1, 1, 1, 'Products', '', '2019-03-11 14:09:59', '2019-03-11 14:09:59', NULL, NULL, 0, 1, 0, 0, 'IMPORT', '750X100 D-400 GRATE(WITHOUT BOLT PROVISION)'),
(2061, 1, 1, 1, 'Products', '', '2019-03-11 14:09:59', '2019-03-11 14:09:59', NULL, NULL, 0, 1, 0, 0, 'IMPORT', '750X250 D-400 GRATE(WITHOUT BOLT PROVISION)'),
(2062, 1, 1, 1, 'Products', '', '2019-03-11 14:09:59', '2019-03-11 14:09:59', NULL, NULL, 0, 1, 0, 0, 'IMPORT', '900X600 D-400 GRATE(BENITO)'),
(2063, 1, 1, 1, 'Products', '', '2019-03-11 14:09:59', '2019-03-11 14:09:59', NULL, NULL, 0, 1, 0, 0, 'IMPORT', '750X300 D-400 GRATE(NEW)'),
(2064, 1, 1, 1, 'Products', '', '2019-03-11 14:09:59', '2019-03-11 14:09:59', NULL, NULL, 0, 1, 0, 0, 'IMPORT', '600X80 SIDE INLET GRT'),
(2065, 1, 1, 1, 'Products', '', '2019-03-11 14:09:59', '2019-03-11 14:09:59', NULL, NULL, 0, 1, 0, 0, 'IMPORT', 'MIC 40C GRATE(MCP)'),
(2066, 1, 1, 1, 'Products', '', '2019-03-11 14:09:59', '2019-03-11 14:09:59', NULL, NULL, 0, 1, 0, 0, 'IMPORT', '980X490X70 D-400 GRATE'),
(2067, 1, 1, 1, 'Products', '', '2019-03-11 14:09:59', '2019-03-11 14:09:59', NULL, NULL, 0, 1, 0, 0, 'IMPORT', '750X400 D-400 GRATE(NEW)'),
(2068, 1, 1, 1, 'Products', '', '2019-03-11 14:09:59', '2019-03-11 14:09:59', NULL, NULL, 0, 1, 0, 0, 'IMPORT', '900X900 SPRING ASSESED F-900 GRATE-STORM WATER'),
(2069, 1, 1, 1, 'Products', '', '2019-03-11 14:09:59', '2019-03-11 14:09:59', NULL, NULL, 0, 1, 0, 0, 'IMPORT', '600 DIA D-400 GRATE(KAUNAS)'),
(2070, 1, 1, 1, 'Products', '', '2019-03-11 14:09:59', '2019-03-11 14:09:59', NULL, NULL, 0, 1, 0, 0, 'IMPORT', '600X600X210 E-600 GG GRATE'),
(2071, 1, 1, 1, 'Products', '', '2019-03-11 14:09:59', '2019-03-11 14:09:59', NULL, NULL, 0, 1, 0, 0, 'IMPORT', '2440X500 D-400 GRATE'),
(2072, 1, 1, 1, 'Products', '', '2019-03-11 14:09:59', '2019-03-11 14:09:59', NULL, NULL, 0, 1, 0, 0, 'IMPORT', '415X415 DT D-400 GRT'),
(2073, 1, 1, 1, 'Products', '', '2019-03-11 14:09:59', '2019-03-11 14:09:59', NULL, NULL, 0, 1, 0, 0, 'IMPORT', '500X500 D-400 CONCAVE GRATE'),
(2074, 1, 1, 1, 'Products', '', '2019-03-11 14:09:59', '2019-03-11 14:09:59', NULL, NULL, 0, 1, 0, 0, 'IMPORT', '500X500 D-400 GG GRATE'),
(2075, 1, 1, 1, 'Products', '', '2019-03-11 14:09:59', '2019-03-11 14:09:59', NULL, NULL, 0, 1, 0, 0, 'IMPORT', '900X600 DT D-400 GRATE'),
(2076, 1, 1, 1, 'Products', '', '2019-03-11 14:09:59', '2019-03-11 14:09:59', NULL, NULL, 0, 1, 0, 0, 'IMPORT', '430X370 D-400 GRATE(OLD)'),
(2077, 1, 1, 1, 'Products', '', '2019-03-11 14:09:59', '2019-03-11 14:09:59', NULL, NULL, 0, 1, 0, 0, 'IMPORT', '385x317 D-400 GULLY GRATE'),
(2078, 1, 1, 1, 'Products', '', '2019-03-11 14:09:59', '2019-03-11 14:09:59', NULL, NULL, 0, 1, 0, 0, 'IMPORT', '250X750 D-400 GRATE'),
(2079, 1, 1, 1, 'Products', '', '2019-03-11 14:09:59', '2019-03-11 14:09:59', NULL, NULL, 0, 1, 0, 0, 'IMPORT', '750X600 IFCO D-400 GRATE'),
(2080, 1, 1, 1, 'Products', '', '2019-03-11 14:09:59', '2019-03-11 14:09:59', NULL, NULL, 0, 1, 0, 0, 'IMPORT', '450X450 D-400 GNE GRATE'),
(2081, 1, 1, 1, 'Products', '', '2019-03-11 14:10:00', '2019-03-11 14:10:00', NULL, NULL, 0, 1, 0, 0, 'IMPORT', '600X600 DT D-400 SAXON GRATE'),
(2082, 1, 1, 1, 'Products', '', '2019-03-11 14:10:00', '2019-03-11 14:10:00', NULL, NULL, 0, 1, 0, 0, 'IMPORT', '532X405 D-400 KERB GULLY FRAME'),
(2083, 1, 1, 1, 'Products', '', '2019-03-11 14:10:00', '2019-03-11 14:10:00', NULL, NULL, 0, 1, 0, 0, 'IMPORT', '260 DIA D-400 GRATE SGPS'),
(2084, 1, 1, 1, 'Products', '', '2019-03-11 14:10:00', '2019-03-11 14:10:00', NULL, NULL, 0, 1, 0, 0, 'IMPORT', '450X450 D-400 HINGE GRATE'),
(2085, 1, 1, 1, 'Products', '', '2019-03-11 14:10:00', '2019-03-11 14:10:00', NULL, NULL, 0, 1, 0, 0, 'IMPORT', 'JRC-14 D-400 ITS COVER_Ashgol'),
(2086, 1, 1, 1, 'Products', '', '2019-03-11 14:10:00', '2019-03-11 14:10:00', NULL, NULL, 0, 1, 0, 0, 'IMPORT', '600X600 C-250 CONCAVE GRATE'),
(2087, 1, 1, 1, 'Products', '', '2019-03-11 14:10:00', '2019-03-11 14:10:00', NULL, NULL, 0, 1, 0, 0, 'IMPORT', '600X600 D-400 CONCAVE GRATE'),
(2088, 1, 1, 1, 'Products', '', '2019-03-11 14:10:00', '2019-03-11 14:10:00', NULL, NULL, 0, 1, 0, 0, 'IMPORT', 'CLKS 185 KMD GRATE'),
(2089, 1, 1, 1, 'Products', '', '2019-03-11 14:10:00', '2019-03-11 14:10:00', NULL, NULL, 0, 1, 0, 0, 'IMPORT', 'CLKS 644 KMD GRATE'),
(2090, 1, 1, 1, 'Products', '', '2019-03-11 14:10:00', '2019-03-11 14:10:00', NULL, NULL, 0, 1, 0, 0, 'IMPORT', 'CLKS 732 KMD GRATE'),
(2091, 1, 1, 1, 'Products', '', '2019-03-11 14:10:00', '2019-03-11 14:10:00', NULL, NULL, 0, 1, 0, 0, 'IMPORT', '600X600X100MM DT GRATE'),
(2092, 1, 1, 1, 'Products', '', '2019-03-11 14:10:00', '2019-03-11 14:10:00', NULL, NULL, 0, 1, 0, 0, 'IMPORT', '1200X1200 D-400 GRATE'),
(2093, 1, 1, 1, 'Products', '', '2019-03-11 14:10:00', '2019-03-11 14:10:00', NULL, NULL, 0, 1, 0, 0, 'IMPORT', '450X450 D-400 GRATE_AMANAH'),
(2094, 1, 1, 1, 'Products', '', '2019-03-11 14:10:00', '2019-03-11 14:10:00', NULL, NULL, 0, 1, 0, 0, 'IMPORT', '750X250 D-400 CHANNEL GRATE'),
(2095, 1, 1, 1, 'Products', '', '2019-03-11 14:10:00', '2019-03-11 14:10:00', NULL, NULL, 0, 1, 0, 0, 'IMPORT', '600X600 CLASS D 210 KN INFILL COVER'),
(2096, 1, 1, 1, 'Products', '', '2019-03-11 14:10:00', '2019-03-11 14:10:00', NULL, NULL, 0, 1, 0, 0, 'IMPORT', '150X150 D-400 D/T SURFACE BOX LID(COVER)'),
(2097, 1, 1, 1, 'Products', '', '2019-03-11 14:10:00', '2019-03-11 14:10:00', NULL, NULL, 0, 1, 0, 0, 'IMPORT', '600X600 S/S COVER (VALVLE CHEMBER)'),
(2098, 1, 1, 1, 'Products', '', '2019-03-11 14:10:00', '2019-03-11 14:10:00', NULL, NULL, 0, 1, 0, 0, 'IMPORT', '150X150 SURFACE BOX BODY(FRAME)'),
(2099, 1, 1, 1, 'Products', '', '2019-03-11 14:10:00', '2019-03-11 14:10:00', NULL, NULL, 0, 1, 0, 0, 'IMPORT', 'MOD NR 012 GRATE'),
(2100, 1, 1, 1, 'Products', '', '2019-03-11 14:10:00', '2019-03-11 14:10:00', NULL, NULL, 0, 1, 0, 0, 'IMPORT', '1440x700 D-400 COVER'),
(2101, 1, 1, 1, 'Products', '', '2019-03-11 14:10:00', '2019-03-11 14:10:00', NULL, NULL, 0, 1, 0, 0, 'IMPORT', '600X600 F-900 INFILL RAIL'),
(2102, 1, 1, 1, 'Products', '', '2019-03-11 14:10:00', '2019-03-11 14:10:00', NULL, NULL, 0, 1, 0, 0, 'IMPORT', 'MOD NR 005 STREINGER COVER'),
(2103, 1, 1, 1, 'Products', '', '2019-03-11 14:10:00', '2019-03-11 14:10:00', NULL, NULL, 0, 1, 0, 0, 'IMPORT', 'KERB GULLY'),
(2104, 1, 1, 1, 'Products', '', '2019-03-11 14:10:00', '2019-03-11 14:10:00', NULL, NULL, 0, 1, 0, 0, 'IMPORT', 'COCACOLA_65+COCACOLA_66 -600 DIA'),
(2105, 1, 1, 1, 'Products', '', '2019-03-11 14:10:00', '2019-03-11 14:10:00', NULL, NULL, 0, 1, 0, 0, 'IMPORT', 'COCACOLA 18161 RING'),
(2106, 1, 1, 1, 'Products', '', '2019-03-11 14:10:00', '2019-03-11 14:10:00', NULL, NULL, 0, 1, 0, 0, 'IMPORT', 'COCACOLA-18160'),
(2107, 1, 1, 1, 'Products', '', '2019-03-11 14:10:00', '2019-03-11 14:10:00', NULL, NULL, 0, 1, 0, 0, 'IMPORT', 'COCACOLA 18161 RING(DALBO)'),
(2108, 1, 1, 1, 'Products', '', '2019-03-11 14:10:00', '2019-03-11 14:10:00', NULL, NULL, 0, 1, 0, 0, 'IMPORT', 'COCACOLA 18160 RING(DALBO)'),
(2109, 1, 1, 1, 'Products', '', '2019-03-11 14:10:00', '2019-03-11 14:10:00', NULL, NULL, 0, 1, 0, 0, 'IMPORT', 'RFT60753 WHEEL'),
(2110, 1, 1, 1, 'Products', '', '2019-03-11 14:10:00', '2019-03-11 14:10:00', NULL, NULL, 0, 1, 0, 0, 'IMPORT', 'SMS 001660 WHEEL'),
(2111, 1, 1, 1, 'Products', '', '2019-03-11 14:10:00', '2019-03-11 14:10:00', NULL, NULL, 0, 1, 0, 0, 'IMPORT', 'RFT62752 WHEEL'),
(2112, 1, 1, 1, 'Products', '', '2019-03-11 14:10:00', '2019-03-11 14:10:00', NULL, NULL, 0, 1, 0, 0, 'IMPORT', 'SMS 002632 WHEEL'),
(2113, 1, 1, 1, 'Products', '', '2019-03-11 14:10:00', '2019-03-11 14:10:00', NULL, NULL, 0, 1, 0, 0, 'IMPORT', 'SMS 002633 WHEEL'),
(2114, 1, 1, 1, 'Products', '', '2019-03-11 14:10:00', '2019-03-11 14:10:00', NULL, NULL, 0, 1, 0, 0, 'IMPORT', 'SMS 001661 WHEEL'),
(2115, 1, 1, 1, 'Products', '', '2019-03-11 14:10:00', '2019-03-11 14:10:00', NULL, NULL, 0, 1, 0, 0, 'IMPORT', 'COCACOLA-63 + COCACOLA-64'),
(2116, 1, 1, 1, 'Products', '', '2019-03-11 14:10:00', '2019-03-11 14:10:00', NULL, NULL, 0, 1, 0, 0, 'IMPORT', 'SMS WHEEL(02632+02633)'),
(2117, 1, 1, 1, 'Products', '', '2019-03-11 14:10:00', '2019-03-11 14:10:00', NULL, NULL, 0, 1, 0, 0, 'IMPORT', 'SMS WHEEL(1660+1661)'),
(2118, 1, 1, 1, 'Products', '', '2019-03-11 14:10:00', '2019-03-11 14:10:00', NULL, NULL, 0, 1, 0, 0, 'IMPORT', 'RFT WHEEL (60753+62752)'),
(2119, 1, 1, 1, 'Products', '', '2019-03-11 14:10:00', '2019-03-11 14:10:00', NULL, NULL, 0, 1, 0, 0, 'IMPORT', 'RFT WHEEL [60753+62752]'),
(2120, 1, 1, 1, 'Products', '', '2019-03-11 14:10:00', '2019-03-11 14:10:00', NULL, NULL, 0, 1, 0, 0, 'IMPORT', 'COCACOLA-63'),
(2121, 1, 1, 1, 'Products', '', '2019-03-11 14:10:00', '2019-03-11 14:10:00', NULL, NULL, 0, 1, 0, 0, 'IMPORT', 'COCACOLA-64'),
(2122, 1, 1, 1, 'Products', '', '2019-03-11 14:10:01', '2019-03-11 14:10:01', NULL, NULL, 0, 1, 0, 0, 'IMPORT', 'COCACOLA-63+COCACOLA-64'),
(2123, 1, 1, 1, 'Products', '', '2019-03-11 14:10:01', '2019-03-11 14:10:01', NULL, NULL, 0, 1, 0, 0, 'IMPORT', 'COCACOLA-64+COCACOLA-63'),
(2124, 1, 1, 1, 'Products', '', '2019-03-11 14:10:01', '2019-03-11 14:10:01', NULL, NULL, 0, 1, 0, 0, 'IMPORT', 'COCACOLA-65'),
(2125, 1, 1, 1, 'Products', '', '2019-03-11 14:10:01', '2019-03-11 14:10:01', NULL, NULL, 0, 1, 0, 0, 'IMPORT', 'COCACOLA-66'),
(2126, 1, 1, 1, 'Products', '', '2019-03-11 14:10:01', '2019-03-11 14:10:01', NULL, NULL, 0, 1, 0, 0, 'IMPORT', '2\" FLANGE'),
(2127, 1, 1, 1, 'Products', '', '2019-03-11 14:10:01', '2019-03-11 14:10:01', NULL, NULL, 0, 1, 0, 0, 'IMPORT', '3\" FLANGE'),
(2128, 1, 1, 1, 'Products', '', '2019-03-11 14:10:01', '2019-03-11 14:10:01', NULL, NULL, 0, 1, 0, 0, 'IMPORT', '4\" FLANGE'),
(2129, 1, 1, 1, 'Products', '', '2019-03-11 14:10:01', '2019-03-11 14:10:01', NULL, NULL, 0, 1, 0, 0, 'IMPORT', '6\" FLANGE'),
(2130, 1, 1, 1, 'Products', '', '2019-03-11 14:10:01', '2019-03-11 14:10:01', NULL, NULL, 0, 1, 0, 0, 'IMPORT', '4\" SOLID FLANGE'),
(2131, 1, 1, 1, 'Products', '', '2019-03-11 14:10:01', '2019-03-11 14:10:01', NULL, NULL, 0, 1, 0, 0, 'IMPORT', '6\" SOLID FLANGE'),
(2132, 1, 1, 1, 'Products', '', '2019-03-11 14:10:01', '2019-03-11 14:10:01', NULL, NULL, 0, 1, 0, 0, 'IMPORT', '675 DIA D-400 SQ FLANGE FRAME'),
(2133, 1, 1, 1, 'Products', '', '2019-03-11 14:10:01', '2019-03-11 14:10:01', NULL, NULL, 0, 1, 0, 0, 'IMPORT', 'BLIND FLANGE 4\"'),
(2134, 1, 1, 1, 'Products', '', '2019-03-11 14:10:01', '2019-03-11 14:10:01', NULL, NULL, 0, 1, 0, 0, 'IMPORT', 'TREATED FLANGE 4\"'),
(2135, 1, 1, 1, 'Products', '', '2019-03-11 14:10:01', '2019-03-11 14:10:01', NULL, NULL, 0, 1, 0, 0, 'IMPORT', 'BCC CLASS-D 35 MM TELLAM EXTENSION'),
(2136, 1, 1, 1, 'Products', '', '2019-03-11 14:10:01', '2019-03-11 14:10:01', NULL, NULL, 0, 1, 0, 0, 'IMPORT', 'NUMBER PLATE(STORM WATER)'),
(2137, 1, 1, 1, 'Products', '', '2019-03-11 14:10:01', '2019-03-11 14:10:01', NULL, NULL, 0, 1, 0, 0, 'IMPORT', 'NUMBER PLATE(SIF INDIA)'),
(2138, 1, 1, 1, 'Products', '', '2019-03-11 14:10:01', '2019-03-11 14:10:01', NULL, NULL, 0, 1, 0, 0, 'IMPORT', 'RETAINING BAR'),
(2139, 1, 1, 1, 'Products', '', '2019-03-11 14:10:01', '2019-03-11 14:10:01', NULL, NULL, 0, 1, 0, 0, 'IMPORT', 'CROSS BAR WITHOUT \"V\"'),
(2140, 1, 1, 1, 'Products', '', '2019-03-11 14:10:01', '2019-03-11 14:10:01', NULL, NULL, 0, 1, 0, 0, 'IMPORT', 'CROSS BAR (WITHOUT \'V\')'),
(2141, 1, 1, 1, 'Products', '', '2019-03-11 14:10:01', '2019-03-11 14:10:01', NULL, NULL, 0, 1, 0, 0, 'IMPORT', 'CROSS BAR (WITH V)'),
(2142, 1, 1, 1, 'Products', '', '2019-03-11 14:10:01', '2019-03-11 14:10:01', NULL, NULL, 0, 1, 0, 0, 'IMPORT', '900X900 CLASS D INFILL RAIL'),
(2143, 1, 1, 1, 'Products', '', '2019-03-11 14:10:02', '2019-03-11 14:10:02', NULL, NULL, 0, 1, 0, 0, 'IMPORT', '600X450 CLASS D RAIL'),
(2144, 1, 1, 1, 'Products', '', '2019-03-11 14:10:02', '2019-03-11 14:10:02', NULL, NULL, 0, 1, 0, 0, 'IMPORT', '900X900 CLASS D INFILL RAIL(BIG)'),
(2145, 1, 1, 1, 'Products', '', '2019-03-11 14:10:02', '2019-03-11 14:10:02', NULL, NULL, 0, 1, 0, 0, 'IMPORT', '600X600 CLASS D INFILL RAIL(BIG)'),
(2146, 1, 1, 1, 'Products', '', '2019-03-11 14:10:02', '2019-03-11 14:10:02', NULL, NULL, 0, 1, 0, 0, 'IMPORT', '450X450 CLASS B INFILL RAIL(BIG)'),
(2147, 1, 1, 1, 'Products', '', '2019-03-11 14:10:02', '2019-03-11 14:10:02', NULL, NULL, 0, 1, 0, 0, 'IMPORT', '450X450 CLASS B INFILL RAIL(SMALL)'),
(2148, 1, 1, 1, 'Products', '', '2019-03-11 14:10:02', '2019-03-11 14:10:02', NULL, NULL, 0, 1, 0, 0, 'IMPORT', '600X750 RAIL(IFCO)'),
(2149, 1, 1, 1, 'Products', '', '2019-03-11 14:10:02', '2019-03-11 14:10:02', NULL, NULL, 0, 1, 0, 0, 'IMPORT', '1800X1800 D-400 RAIL (1M)'),
(2150, 1, 1, 1, 'Products', '', '2019-03-11 14:10:02', '2019-03-11 14:10:02', NULL, NULL, 0, 1, 0, 0, 'IMPORT', '750X400 D-400 RAIL'),
(2151, 1, 1, 1, 'Products', '', '2019-03-11 14:10:03', '2019-03-11 14:10:03', NULL, NULL, 0, 1, 0, 0, 'IMPORT', '1800X1800 CLASS D RAIL'),
(2152, 1, 1, 1, 'Products', '', '2019-03-11 14:10:03', '2019-03-11 14:10:03', NULL, NULL, 0, 1, 0, 0, 'IMPORT', '1800X1800 D-400 BOX RAIL'),
(2153, 1, 1, 1, 'Products', '', '2019-03-11 14:10:03', '2019-03-11 14:10:03', NULL, NULL, 0, 1, 0, 0, 'IMPORT', '2400X500 D-400 RAIL'),
(2154, 1, 1, 1, 'Products', '', '2019-03-11 14:10:03', '2019-03-11 14:10:03', NULL, NULL, 0, 1, 0, 0, 'IMPORT', '2440X500 D-400 RAIL-6'),
(2155, 1, 1, 1, 'Products', '', '2019-03-11 14:10:03', '2019-03-11 14:10:03', NULL, NULL, 0, 1, 0, 0, 'IMPORT', '2440X500 D-400 RAIL-9'),
(2156, 1, 1, 1, 'Products', '', '2019-03-11 14:10:03', '2019-03-11 14:10:03', NULL, NULL, 0, 1, 0, 0, 'IMPORT', 'ACO B-125 KN RECESS(86063)'),
(2157, 1, 1, 1, 'Products', '', '2019-03-11 14:10:03', '2019-03-11 14:10:03', NULL, NULL, 0, 1, 0, 0, 'IMPORT', 'ACO B-125 KN RECESS(86062)'),
(2158, 1, 1, 1, 'Products', '', '2019-03-11 14:10:03', '2019-03-11 14:10:03', NULL, NULL, 0, 1, 0, 0, 'IMPORT', '750x300 F-900 Channel Grate'),
(2159, 1, 1, 1, 'Products', '', '2019-03-11 14:10:03', '2019-03-11 14:10:03', NULL, NULL, 0, 1, 0, 0, 'IMPORT', '750 x 300 F-900 Channel Grate'),
(2160, 1, 1, 1, 'Products', '', '2019-03-11 14:10:03', '2019-03-11 14:10:03', NULL, NULL, 0, 1, 0, 0, 'IMPORT', '750X100 CHANNEL GRATING'),
(2161, 1, 1, 1, 'Products', '', '2019-03-11 14:10:03', '2019-03-11 14:10:03', NULL, NULL, 0, 1, 0, 0, 'IMPORT', '300x300 DT D-400 GRATING'),
(2162, 1, 1, 1, 'Products', '', '2019-03-11 14:10:03', '2019-03-11 14:10:03', NULL, NULL, 0, 1, 0, 0, 'IMPORT', '750 X 250 D-400 CHANNEL GRATING'),
(2163, 1, 1, 1, 'Products', '', '2019-03-11 14:10:03', '2019-03-11 14:10:03', NULL, NULL, 0, 1, 0, 0, 'IMPORT', '750 X 300 CHANNEL GRATING'),
(2164, 1, 1, 1, 'Products', '', '2019-03-11 14:10:03', '2019-03-11 14:10:03', NULL, NULL, 0, 1, 0, 0, 'IMPORT', '750X200 D-400 CHANNEL GRATING'),
(2165, 1, 1, 1, 'Products', '', '2019-03-11 14:10:03', '2019-03-11 14:10:03', NULL, NULL, 0, 1, 0, 0, 'IMPORT', '750X400 D-400 CHANNEL GRATING'),
(2166, 1, 1, 1, 'Products', '', '2019-03-11 14:10:03', '2019-03-11 14:10:03', NULL, NULL, 0, 1, 0, 0, 'IMPORT', '750X300 D-400 CHANNEL GRATING(AMANAH)_PAM'),
(2167, 1, 1, 1, 'Products', '', '2019-03-11 14:10:03', '2019-03-11 14:10:03', NULL, NULL, 0, 1, 0, 0, 'IMPORT', '750 X 200 D-400 CHANNEL GRATING'),
(2168, 1, 1, 1, 'Products', '', '2019-03-11 14:10:04', '2019-03-11 14:10:04', NULL, NULL, 0, 1, 0, 0, 'IMPORT', '750X300 CHANNEL GRATINGS(AMANAH)_PAM'),
(2169, 1, 1, 1, 'Products', '', '2019-03-11 14:10:04', '2019-03-11 14:10:04', NULL, NULL, 0, 1, 0, 0, 'IMPORT', 'D-467 ACO GRT.'),
(2170, 1, 1, 1, 'Products', '', '2019-03-11 14:10:04', '2019-03-11 14:10:04', NULL, NULL, 0, 1, 0, 0, 'IMPORT', '750X400 D-400 CHANNEL GRATING(NEW)'),
(2171, 1, 1, 1, 'Products', '', '2019-03-11 14:10:04', '2019-03-11 14:10:04', NULL, NULL, 0, 1, 0, 0, 'IMPORT', '750 X 400 D-400 CHANNEL GRATING(NEW)'),
(2172, 1, 1, 1, 'Products', '', '2019-03-11 14:10:04', '2019-03-11 14:10:04', NULL, NULL, 0, 1, 0, 0, 'IMPORT', '750 X 400 D-400 CHANNEL GRATINGS(NEW)'),
(2173, 1, 1, 1, 'Products', '', '2019-03-11 14:10:04', '2019-03-11 14:10:04', NULL, NULL, 0, 1, 0, 0, 'IMPORT', '750X400 D-400 CHANNEL GRATINGS(NEW)'),
(2174, 1, 1, 1, 'Products', '', '2019-03-11 14:10:04', '2019-03-11 14:10:04', NULL, NULL, 0, 1, 0, 0, 'IMPORT', '750X300 D-400 CHANNEL GRATINGS(NEW)'),
(2175, 1, 1, 1, 'Products', '', '2019-03-11 14:10:04', '2019-03-11 14:10:04', NULL, NULL, 0, 1, 0, 0, 'IMPORT', '430 X 370 D-400 GULLY GRATING(NEW)'),
(2176, 1, 1, 1, 'Products', '', '2019-03-11 14:10:04', '2019-03-11 14:10:04', NULL, NULL, 0, 1, 0, 0, 'IMPORT', '2440X500 D-400 CHANNEL GRATING'),
(2177, 1, 1, 1, 'Products', '', '2019-03-11 14:10:04', '2019-03-11 14:10:04', NULL, NULL, 0, 1, 0, 0, 'IMPORT', 'HYDRANT BOX BODY & LID(\'H\' MARKING)'),
(2178, 1, 1, 1, 'Products', '', '2019-03-11 14:10:04', '2019-03-11 14:10:04', NULL, NULL, 0, 1, 0, 0, 'IMPORT', 'HYDRANT BOX BODY & LID(\'SV\' MARKING)'),
(2179, 1, 1, 1, 'Products', '', '2019-03-11 14:10:04', '2019-03-11 14:10:04', NULL, NULL, 0, 1, 0, 0, 'IMPORT', '150X150 D-400 SURFACE BOX LID(SV/W)(KAHARMA)'),
(2180, 1, 1, 1, 'Products', '', '2019-03-11 14:10:04', '2019-03-11 14:10:04', NULL, NULL, 0, 1, 0, 0, 'IMPORT', '150X150 DT D-400 SURFACE BOX BODY & LID(SX/W)(KAHARMA)'),
(2181, 1, 1, 1, 'Products', '', '2019-03-11 14:10:05', '2019-03-11 14:10:05', NULL, NULL, 0, 1, 0, 0, 'IMPORT', '150X150 D-400 SURFACE BOX BODY(CIL)'),
(2182, 1, 1, 1, 'Products', '', '2019-03-11 14:10:05', '2019-03-11 14:10:05', NULL, NULL, 0, 1, 0, 0, 'IMPORT', 'TE 062 SURFACE BOX BODY'),
(2183, 1, 1, 1, 'Products', '', '2019-03-11 14:10:05', '2019-03-11 14:10:05', NULL, NULL, 0, 1, 0, 0, 'IMPORT', 'TE 062 SURFACE BOX LID'),
(2184, 1, 1, 1, 'Products', '', '2019-03-11 14:10:05', '2019-03-11 14:10:05', NULL, NULL, 0, 1, 0, 0, 'IMPORT', 'HECAL SURFACE BOX & LID'),
(2185, 1, 1, 1, 'Products', '', '2019-03-11 14:10:05', '2019-03-11 14:10:05', NULL, NULL, 0, 1, 0, 0, 'IMPORT', 'HECAL SURFACE BOX & LID(VODA)'),
(2186, 1, 1, 1, 'Products', '', '2019-03-11 14:10:05', '2019-03-11 14:10:05', NULL, NULL, 0, 1, 0, 0, 'IMPORT', 'HECAL SURFACE BOX & LID(KANAL)'),
(2187, 1, 1, 1, 'Products', '', '2019-03-11 14:10:05', '2019-03-11 14:10:05', NULL, NULL, 0, 1, 0, 0, 'IMPORT', '750X750 DT D-400 WITH GRP FRAME & COVER(IC)(CIL)'),
(2188, 1, 1, 1, 'Products', '', '2019-03-11 14:10:05', '2019-03-11 14:10:05', NULL, NULL, 0, 1, 0, 0, 'IMPORT', '310 SURFACE BOX LID(VODA)'),
(2189, 1, 1, 1, 'Products', '', '2019-03-11 14:10:05', '2019-03-11 14:10:05', NULL, NULL, 0, 1, 0, 0, 'IMPORT', '310 SURFACE BOX BODY(VODA)'),
(2190, 1, 1, 1, 'Products', '', '2019-03-11 14:10:05', '2019-03-11 14:10:05', NULL, NULL, 0, 1, 0, 0, 'IMPORT', '311 SURFACE BOX BODY'),
(2191, 1, 1, 1, 'Products', '', '2019-03-11 14:10:05', '2019-03-11 14:10:05', NULL, NULL, 0, 1, 0, 0, 'IMPORT', '311 SURFACE BOX LID'),
(2192, 1, 1, 1, 'Products', '', '2019-03-11 14:10:05', '2019-03-11 14:10:05', NULL, NULL, 0, 1, 0, 0, 'IMPORT', '310 SURFACE WATER BOX & LID'),
(2193, 1, 1, 1, 'Products', '', '2019-03-11 14:10:05', '2019-03-11 14:10:05', NULL, NULL, 0, 1, 0, 0, 'IMPORT', '311 SURFACE WATER BOX & LID'),
(2194, 1, 1, 1, 'Products', '', '2019-03-11 14:10:05', '2019-03-11 14:10:05', NULL, NULL, 0, 1, 0, 0, 'IMPORT', '750X450 D-400 CHANNEL GRATING SET'),
(2195, 1, 1, 1, 'Products', '', '2019-03-11 14:10:05', '2019-03-11 14:10:05', NULL, NULL, 0, 1, 0, 0, 'IMPORT', '750X250 D-400 CHANNEL GRATING(WITHOUT BOLT PROVISION)'),
(2196, 1, 1, 1, 'Products', '', '2019-03-11 14:10:06', '2019-03-11 14:10:06', NULL, NULL, 0, 1, 0, 0, 'IMPORT', '750 X 250 D-400 CHANNEL GRATING(WITHOUT BOLT PROVISION)'),
(2197, 1, 1, 1, 'Products', '', '2019-03-11 14:10:06', '2019-03-11 14:10:06', NULL, NULL, 0, 1, 0, 0, 'IMPORT', '750X100 D-400 CHANNEL GRATING(WITHOUT BOLT PROVISION)'),
(2198, 1, 1, 1, 'Products', '', '2019-03-11 14:10:06', '2019-03-11 14:10:06', NULL, NULL, 0, 1, 0, 0, 'IMPORT', '750 X 100 D-400 CHANNEL GRATING(WITHOUT BOLT PROVISION)'),
(2199, 1, 1, 1, 'Products', '', '2019-03-11 14:10:06', '2019-03-11 14:10:06', NULL, NULL, 0, 1, 0, 0, 'IMPORT', '750X300 D-400 CHANNEL GRATING(NEW)'),
(2200, 1, 1, 1, 'Products', '', '2019-03-11 14:10:06', '2019-03-11 14:10:06', NULL, NULL, 0, 1, 0, 0, 'IMPORT', '750 X 300 D-400 CHANNEL GRATING(NEW)'),
(2201, 1, 1, 1, 'Products', '', '2019-03-11 14:10:06', '2019-03-11 14:10:06', NULL, NULL, 0, 1, 0, 0, 'IMPORT', 'SAMPLES'),
(2202, 1, 1, 1, 'Products', '', '2019-03-11 14:10:06', '2019-03-11 14:10:06', NULL, NULL, 0, 1, 0, 0, 'IMPORT', 'FRONT HOUSING'),
(2203, 1, 1, 1, 'Products', '', '2019-03-11 14:10:06', '2019-03-11 14:10:06', NULL, NULL, 0, 1, 0, 0, 'IMPORT', 'ULMA GRATE'),
(2204, 1, 1, 1, 'Products', '', '2019-03-11 14:10:06', '2019-03-11 14:10:06', NULL, NULL, 0, 1, 0, 0, 'IMPORT', 'BASE PLATE'),
(2205, 1, 1, 1, 'Products', '', '2019-03-11 14:10:06', '2019-03-11 14:10:06', NULL, NULL, 0, 1, 0, 0, 'IMPORT', 'PAN-11'),
(2206, 1, 1, 1, 'Products', '', '2019-03-11 14:10:06', '2019-03-11 14:10:06', NULL, NULL, 0, 1, 0, 0, 'IMPORT', 'ACO E-600 GRATE'),
(2207, 1, 1, 1, 'Products', '', '2019-03-11 14:10:06', '2019-03-11 14:10:06', NULL, NULL, 0, 1, 0, 0, 'IMPORT', 'COMBI BASE PLATE'),
(2208, 1, 1, 1, 'Products', '', '2019-03-11 14:10:06', '2019-03-11 14:10:06', NULL, NULL, 0, 1, 0, 0, 'IMPORT', 'PAN - 11'),
(2209, 1, 1, 1, 'Products', '', '2019-03-11 14:10:06', '2019-03-11 14:10:06', NULL, NULL, 0, 1, 0, 0, 'IMPORT', 'TECHNO DRAIN'),
(2210, 1, 1, 1, 'Products', '', '2019-03-11 14:10:07', '2019-03-11 14:10:07', NULL, NULL, 0, 1, 0, 0, 'IMPORT', 'STREET BOX'),
(2211, 1, 1, 1, 'Products', '', '2019-03-11 14:10:07', '2019-03-11 14:10:07', NULL, NULL, 0, 1, 0, 0, 'IMPORT', 'TY 2X2 PIPE'),
(2212, 1, 1, 1, 'Products', '', '2019-03-11 14:10:07', '2019-03-11 14:10:07', NULL, NULL, 0, 1, 0, 0, 'IMPORT', 'NSF-14 B4 BEND PIPE'),
(2213, 1, 1, 1, 'Products', '', '2019-03-11 14:10:07', '2019-03-11 14:10:07', NULL, NULL, 0, 1, 0, 0, 'IMPORT', 'LEO V2 PIPE'),
(2214, 1, 1, 1, 'Products', '', '2019-03-11 14:10:07', '2019-03-11 14:10:07', NULL, NULL, 0, 1, 0, 0, 'IMPORT', '3\"X90 DEGREE HUBLESS FITTINGS'),
(2215, 1, 1, 1, 'Products', '', '2019-03-11 14:10:07', '2019-03-11 14:10:07', NULL, NULL, 0, 1, 0, 0, 'IMPORT', 'NSF 18 B2 BEND PIPE'),
(2216, 1, 1, 1, 'Products', '', '2019-03-11 14:10:07', '2019-03-11 14:10:07', NULL, NULL, 0, 1, 0, 0, 'IMPORT', 'NSF 18 B-4 BEND PIPE'),
(2217, 1, 1, 1, 'Products', '', '2019-03-11 14:10:07', '2019-03-11 14:10:07', NULL, NULL, 0, 1, 0, 0, 'IMPORT', 'NSF 18 B-3 BEND PIPE'),
(2218, 1, 1, 1, 'Products', '', '2019-03-11 14:10:07', '2019-03-11 14:10:07', NULL, NULL, 0, 1, 0, 0, 'IMPORT', 'NSF 14 B2 BEND PIPE'),
(2219, 1, 1, 1, 'Products', '', '2019-03-11 14:10:07', '2019-03-11 14:10:07', NULL, NULL, 0, 1, 0, 0, 'IMPORT', 'NSF 4\" \'Y\' PIPE'),
(2237, 1, 1, 1, 'Contacts', 'Desc. demo test by admin', '2019-03-25 13:13:58', '2019-03-25 13:13:58', NULL, NULL, 0, 1, 0, 0, 'CRM', 'Biraj Sharma'),
(2238, 1, 1, 1, 'Contacts', 'Desc. demo test by admin in other mail', '2019-03-25 13:15:37', '2019-03-26 13:33:05', NULL, NULL, 0, 1, 0, 0, 'CRM', 'demo Sharma'),
(2239, 1, 1, 1, 'Contacts', 'demo test for customer portal', '2019-03-26 13:22:46', '2019-03-26 13:22:46', NULL, NULL, 0, 1, 0, 0, 'CRM', 'Ajay Jhunjhunwala'),
(2240, 1, 1, 1, 'Accounts', 'Second Demo test for organization', '2019-03-26 13:30:22', '2019-03-26 13:31:08', NULL, NULL, 0, 1, 0, 0, 'CRM', 'Jhuns'),
(2241, 1, 1, 1, 'Batch', NULL, '2019-03-27 08:37:07', '2019-05-09 06:51:28', NULL, NULL, 0, 1, 1, 0, 'CRM', 'Test Batch Name'),
(2242, 1, 1, 1, 'Products', 'demo test', '2019-03-27 08:46:41', '2019-03-27 08:46:41', NULL, NULL, 0, 1, 0, 0, 'CRM', 'demo prd'),
(2243, 1, 1, 1, 'Products', 'demo test', '2019-03-27 08:47:04', '2019-05-24 08:42:45', NULL, NULL, 0, 1, 0, 0, 'CRM', 'Demo product'),
(2244, 1, 1, 1, 'SalesOrder', 'Description  demo', '2019-03-27 08:48:36', '2019-05-10 10:45:39', NULL, NULL, 0, 1, 0, 0, 'CRM', 'SO2'),
(2245, 1, 1, 1, 'HeatRun', NULL, '2019-04-01 10:22:47', '2019-04-01 10:23:22', NULL, NULL, 0, 1, 0, 0, 'CRM', ''),
(2246, 1, 1, 1, 'HeatRun', NULL, '2019-04-01 10:32:53', '2019-04-01 10:35:12', NULL, NULL, 0, 1, 0, 0, 'CRM', 'HR2'),
(2247, 1, 1, 1, 'HeatRun', NULL, '2019-04-01 10:43:22', '2019-04-01 10:43:22', NULL, NULL, 0, 1, 0, 0, 'CRM', 'HR00003'),
(2248, 1, 1, 1, 'BatchInventory', NULL, '2019-04-22 10:16:12', '2019-04-24 14:05:26', NULL, NULL, 0, 1, 1, 0, 'CRM', 'PM-00001'),
(2249, 1, 1, 1, 'BatchInventory', NULL, '2019-04-22 12:04:52', '2019-04-24 14:05:26', NULL, NULL, 0, 1, 1, 0, 'CRM', NULL),
(2250, 1, 1, 1, 'BatchInventory', NULL, '2019-04-22 12:15:33', '2019-04-22 13:37:09', NULL, NULL, 0, 1, 1, 0, 'CRM', NULL),
(2251, 1, 1, 1, 'BatchInventory', NULL, '2019-04-22 12:20:27', '2019-04-22 13:37:09', NULL, NULL, 0, 1, 1, 0, 'CRM', NULL),
(2252, 1, 1, 1, 'BatchInventory', NULL, '2019-04-22 12:22:25', '2019-04-22 13:37:09', NULL, NULL, 0, 1, 1, 0, 'CRM', NULL),
(2253, 1, 1, 1, 'BatchInventory', NULL, '2019-04-22 12:23:06', '2019-04-22 13:37:09', NULL, NULL, 0, 1, 1, 0, 'CRM', NULL),
(2254, 1, 1, 1, 'BatchInventory', NULL, '2019-04-22 12:30:24', '2019-04-22 13:37:09', NULL, NULL, 0, 1, 1, 0, 'CRM', 'PM-00007'),
(2256, 1, 1, 1, 'BatchInventory', NULL, '2019-04-22 13:35:03', '2019-04-24 14:05:26', NULL, NULL, 0, 1, 1, 0, 'CRM', 'PM-00008'),
(2257, 1, 1, 1, 'BatchInventory', NULL, '2019-04-23 06:01:52', '2019-04-23 09:56:56', NULL, NULL, 0, 1, 1, 0, 'CRM', NULL),
(2258, 1, 1, 1, 'BatchInventory', NULL, '2019-04-23 06:24:36', '2019-04-23 09:56:56', NULL, NULL, 0, 1, 1, 0, 'CRM', NULL),
(2259, 1, 1, 1, 'BatchInventory', NULL, '2019-04-23 06:26:12', '2019-04-23 09:56:56', NULL, NULL, 0, 1, 1, 0, 'CRM', NULL),
(2260, 1, 1, 1, 'BatchInventory', NULL, '2019-04-23 06:26:17', '2019-04-23 09:56:56', NULL, NULL, 0, 1, 1, 0, 'CRM', NULL),
(2261, 1, 1, 1, 'BatchInventory', NULL, '2019-04-23 06:47:43', '2019-04-23 09:56:56', NULL, NULL, 0, 1, 1, 0, 'CRM', 'PM-00013'),
(2262, 1, 1, 1, 'BatchInventory', NULL, '2019-04-23 06:50:27', '2019-04-23 09:56:56', NULL, NULL, 0, 1, 1, 0, 'CRM', NULL),
(2263, 1, 1, 1, 'BatchInventory', NULL, '2019-04-23 06:51:00', '2019-04-23 09:56:56', NULL, NULL, 0, 1, 1, 0, 'CRM', NULL),
(2264, 1, 1, 1, 'BatchInventory', NULL, '2019-04-23 06:51:18', '2019-04-23 09:56:56', NULL, NULL, 0, 1, 1, 0, 'CRM', NULL),
(2265, 1, 1, 1, 'BatchInventory', NULL, '2019-04-23 06:52:42', '2019-04-23 09:56:56', NULL, NULL, 0, 1, 1, 0, 'CRM', NULL),
(2266, 1, 1, 1, 'BatchInventory', NULL, '2019-04-23 06:53:38', '2019-04-23 09:56:56', NULL, NULL, 0, 1, 1, 0, 'CRM', NULL),
(2267, 1, 1, 1, 'BatchInventory', NULL, '2019-04-23 07:12:32', '2019-04-23 09:56:56', NULL, NULL, 0, 1, 1, 0, 'CRM', NULL),
(2268, 1, 1, 1, 'BatchInventory', NULL, '2019-04-23 07:15:24', '2019-04-23 09:56:56', NULL, NULL, 0, 1, 1, 0, 'CRM', NULL),
(2269, 1, 1, 1, 'BatchInventory', NULL, '2019-04-23 07:26:57', '2019-04-23 09:56:56', NULL, NULL, 0, 1, 1, 0, 'CRM', NULL),
(2270, 1, 1, 1, 'BatchInventory', NULL, '2019-04-23 07:30:12', '2019-04-23 09:56:56', NULL, NULL, 0, 1, 1, 0, 'CRM', NULL),
(2271, 1, 1, 1, 'BatchInventory', NULL, '2019-04-23 07:31:21', '2019-04-23 09:56:56', NULL, NULL, 0, 1, 1, 0, 'CRM', NULL),
(2272, 1, 1, 1, 'BatchInventory', NULL, '2019-04-23 07:47:02', '2019-04-23 09:56:56', NULL, NULL, 0, 1, 1, 0, 'CRM', NULL),
(2273, 1, 1, 1, 'BatchInventory', NULL, '2019-04-23 07:49:35', '2019-04-23 09:56:56', NULL, NULL, 0, 1, 1, 0, 'CRM', NULL),
(2274, 1, 1, 1, 'BatchInventory', NULL, '2019-04-23 09:51:04', '2019-04-23 09:56:56', NULL, NULL, 0, 1, 1, 0, 'CRM', NULL),
(2275, 1, 1, 1, 'BatchInventory', NULL, '2019-04-23 09:53:03', '2019-04-23 09:56:56', NULL, NULL, 0, 1, 1, 0, 'CRM', NULL),
(2276, 1, 1, 1, 'BatchInventory', NULL, '2019-04-23 09:55:13', '2019-04-23 09:56:56', NULL, NULL, 0, 1, 1, 0, 'CRM', 'PM-00028'),
(2277, 1, 1, 1, 'BatchInventory', NULL, '2019-04-24 08:44:53', '2019-04-24 14:05:26', NULL, NULL, 0, 1, 1, 0, 'CRM', 'PM-00029'),
(2278, 1, 1, 1, 'BatchInventory', NULL, '2019-04-24 09:50:35', '2019-04-24 14:05:26', NULL, NULL, 0, 1, 1, 0, 'CRM', NULL),
(2279, 1, 1, 1, 'BatchInventory', NULL, '2019-04-24 09:53:46', '2019-04-24 14:05:26', NULL, NULL, 0, 1, 1, 0, 'CRM', NULL),
(2280, 1, 1, 1, 'BatchInventory', NULL, '2019-04-24 10:02:56', '2019-04-24 14:05:26', NULL, NULL, 0, 1, 1, 0, 'CRM', NULL),
(2281, 1, 1, 1, 'BatchInventory', NULL, '2019-04-24 10:03:10', '2019-04-24 14:05:26', NULL, NULL, 0, 1, 1, 0, 'CRM', NULL),
(2282, 1, 1, 1, 'BatchInventory', NULL, '2019-04-24 10:08:28', '2019-04-24 14:05:26', NULL, NULL, 0, 1, 1, 0, 'CRM', NULL),
(2283, 1, 1, 1, 'BatchInventory', NULL, '2019-04-24 10:12:26', '2019-04-24 14:05:26', NULL, NULL, 0, 1, 1, 0, 'CRM', NULL),
(2284, 1, 1, 1, 'BatchInventory', NULL, '2019-04-24 12:09:48', '2019-04-24 14:05:18', NULL, NULL, 0, 1, 1, 0, 'CRM', 'PM-00036'),
(2285, 1, 1, 1, 'BatchInventory', NULL, '2019-04-24 12:23:39', '2019-04-24 14:05:26', NULL, NULL, 0, 1, 1, 0, 'CRM', NULL),
(2286, 1, 1, 1, 'BatchInventory', NULL, '2019-04-24 12:24:35', '2019-04-24 14:05:18', NULL, NULL, 0, 1, 1, 0, 'CRM', 'PM-00038'),
(2287, 1, 1, 1, 'BatchInventory', NULL, '2019-04-24 12:31:26', '2019-04-24 14:05:18', NULL, NULL, 0, 1, 1, 0, 'CRM', NULL),
(2288, 1, 1, 1, 'BatchInventory', NULL, '2019-04-24 12:44:47', '2019-04-24 14:05:18', NULL, NULL, 0, 1, 1, 0, 'CRM', NULL),
(2289, 1, 1, 1, 'BatchInventory', NULL, '2019-04-24 12:45:13', '2019-04-24 14:05:18', NULL, NULL, 0, 1, 1, 0, 'CRM', NULL),
(2290, 1, 1, 1, 'BatchInventory', NULL, '2019-04-24 12:45:17', '2019-04-24 14:05:18', NULL, NULL, 0, 1, 1, 0, 'CRM', NULL),
(2291, 1, 1, 1, 'BatchInventory', NULL, '2019-04-24 12:47:25', '2019-04-24 14:05:18', NULL, NULL, 0, 1, 1, 0, 'CRM', NULL),
(2292, 1, 1, 1, 'BatchInventory', NULL, '2019-04-24 12:48:05', '2019-04-24 14:05:18', NULL, NULL, 0, 1, 1, 0, 'CRM', 'PM-00044'),
(2293, 1, 1, 1, 'BatchInventory', NULL, '2019-04-24 12:50:58', '2019-04-24 14:05:18', NULL, NULL, 0, 1, 1, 0, 'CRM', NULL),
(2294, 1, 1, 1, 'BatchInventory', NULL, '2019-04-24 12:52:03', '2019-04-24 14:05:18', NULL, NULL, 0, 1, 1, 0, 'CRM', NULL),
(2295, 1, 1, 1, 'BatchInventory', NULL, '2019-04-24 13:45:22', '2019-04-24 14:05:18', NULL, NULL, 0, 1, 1, 0, 'CRM', NULL),
(2296, 1, 1, 1, 'BatchInventory', NULL, '2019-04-24 13:47:13', '2019-04-24 14:05:18', NULL, NULL, 0, 1, 1, 0, 'CRM', NULL),
(2297, 1, 1, 1, 'BatchInventory', NULL, '2019-04-24 13:48:43', '2019-04-24 14:05:18', NULL, NULL, 0, 1, 1, 0, 'CRM', NULL),
(2298, 1, 1, 1, 'BatchInventory', NULL, '2019-04-24 13:51:36', '2019-04-24 14:05:18', NULL, NULL, 0, 1, 1, 0, 'CRM', NULL),
(2299, 1, 1, 1, 'BatchInventory', NULL, '2019-04-24 13:52:46', '2019-04-24 14:05:18', NULL, NULL, 0, 1, 1, 0, 'CRM', NULL),
(2300, 1, 1, 1, 'BatchInventory', NULL, '2019-04-24 13:53:30', '2019-04-24 14:05:18', NULL, NULL, 0, 1, 1, 0, 'CRM', NULL),
(2301, 1, 1, 1, 'BatchInventory', NULL, '2019-04-24 13:55:11', '2019-04-24 14:05:18', NULL, NULL, 0, 1, 1, 0, 'CRM', NULL),
(2302, 1, 1, 1, 'BatchInventory', NULL, '2019-04-24 13:57:35', '2019-04-24 14:05:18', NULL, NULL, 0, 1, 1, 0, 'CRM', NULL),
(2303, 1, 1, 1, 'BatchInventory', NULL, '2019-04-24 13:59:50', '2019-04-24 14:05:18', NULL, NULL, 0, 1, 1, 0, 'CRM', NULL),
(2304, 1, 1, 1, 'BatchInventory', NULL, '2019-04-24 14:02:35', '2019-04-25 10:48:49', NULL, NULL, 0, 1, 1, 0, 'CRM', 'PM-00056'),
(2305, 1, 1, 1, 'BatchInventory', NULL, '2019-04-24 17:05:03', '2019-04-24 17:23:17', NULL, NULL, 0, 1, 1, 0, 'CRM', NULL),
(2306, 1, 1, 1, 'BatchInventory', NULL, '2019-04-24 17:06:08', '2019-04-24 17:23:16', NULL, NULL, 0, 1, 1, 0, 'CRM', NULL),
(2307, 1, 1, 1, 'BatchInventory', NULL, '2019-04-24 17:06:36', '2019-04-24 17:23:16', NULL, NULL, 0, 1, 1, 0, 'CRM', NULL),
(2308, 1, 1, 1, 'BatchInventory', NULL, '2019-04-24 17:09:50', '2019-04-24 17:23:16', NULL, NULL, 0, 1, 1, 0, 'CRM', NULL),
(2309, 1, 1, 1, 'BatchInventory', NULL, '2019-04-24 17:10:21', '2019-04-24 17:23:16', NULL, NULL, 0, 1, 1, 0, 'CRM', NULL),
(2310, 1, 1, 1, 'BatchInventory', NULL, '2019-04-24 17:10:39', '2019-04-24 17:22:59', NULL, NULL, 0, 1, 1, 0, 'CRM', NULL),
(2311, 1, 1, 1, 'BatchInventory', NULL, '2019-04-24 17:11:30', '2019-04-24 17:22:59', NULL, NULL, 0, 1, 1, 0, 'CRM', NULL),
(2312, 1, 1, 1, 'BatchInventory', NULL, '2019-04-24 17:16:26', '2019-04-24 17:22:59', NULL, NULL, 0, 1, 1, 0, 'CRM', NULL),
(2313, 1, 1, 1, 'BatchInventory', NULL, '2019-04-24 17:17:15', '2019-04-24 17:22:59', NULL, NULL, 0, 1, 1, 0, 'CRM', NULL),
(2314, 1, 1, 1, 'BatchInventory', NULL, '2019-04-24 17:17:34', '2019-04-24 17:22:59', NULL, NULL, 0, 1, 1, 0, 'CRM', NULL),
(2315, 1, 1, 1, 'BatchInventory', NULL, '2019-04-24 17:18:28', '2019-04-24 17:22:59', NULL, NULL, 0, 1, 1, 0, 'CRM', NULL),
(2316, 1, 1, 1, 'BatchInventory', NULL, '2019-04-24 17:18:39', '2019-04-24 17:23:16', NULL, NULL, 0, 1, 1, 0, 'CRM', NULL),
(2317, 1, 1, 1, 'BatchInventory', NULL, '2019-04-24 17:19:13', '2019-04-25 10:48:49', NULL, NULL, 0, 1, 1, 0, 'CRM', 'PM-00069'),
(2318, 1, 1, 1, 'BatchInventory', NULL, '2019-04-24 17:23:50', '2019-04-24 17:28:11', NULL, NULL, 0, 1, 1, 0, 'CRM', 'PM-00070'),
(2319, 1, 1, 1, 'BatchInventory', NULL, '2019-04-24 17:28:45', '2019-04-25 05:36:52', NULL, NULL, 0, 1, 1, 0, 'CRM', 'PM-00071'),
(2320, 1, 1, 1, 'BatchInventory', NULL, '2019-04-24 17:31:11', '2019-04-25 05:36:52', NULL, NULL, 0, 1, 1, 0, 'CRM', 'PM-00072'),
(2321, 1, 1, 1, 'BatchInventory', NULL, '2019-04-24 17:37:55', '2019-04-25 05:36:52', NULL, NULL, 0, 1, 1, 0, 'CRM', NULL),
(2322, 1, 1, 1, 'BatchInventory', NULL, '2019-04-24 17:38:43', '2019-04-25 05:36:52', NULL, NULL, 0, 1, 1, 0, 'CRM', 'PM-00074'),
(2323, 1, 1, 1, 'BatchInventory', NULL, '2019-04-24 17:46:51', '2019-04-25 05:36:52', NULL, NULL, 0, 1, 1, 0, 'CRM', 'PM-00075'),
(2324, 1, 1, 1, 'BatchInventory', NULL, '2019-04-25 07:11:05', '2019-04-25 07:26:11', NULL, NULL, 0, 1, 1, 0, 'CRM', 'PM-00076'),
(2325, 1, 1, 1, 'BatchInventory', NULL, '2019-04-25 07:26:53', '2019-04-25 08:12:47', NULL, NULL, 0, 1, 1, 0, 'CRM', 'PM-00077'),
(2326, 1, 1, 1, 'BatchInventory', NULL, '2019-04-25 07:31:53', '2019-04-25 08:12:47', NULL, NULL, 0, 1, 1, 0, 'CRM', 'PM-00078'),
(2327, 1, 1, 1, 'BatchInventory', NULL, '2019-04-25 07:46:37', '2019-04-25 08:12:47', NULL, NULL, 0, 1, 1, 0, 'CRM', NULL),
(2328, 1, 1, 1, 'BatchInventory', NULL, '2019-04-25 07:48:09', '2019-04-25 08:12:47', NULL, NULL, 0, 1, 1, 0, 'CRM', NULL),
(2329, 1, 1, 1, 'BatchInventory', NULL, '2019-04-25 07:50:37', '2019-04-25 08:12:46', NULL, NULL, 0, 1, 1, 0, 'CRM', 'PM-00081'),
(2330, 1, 1, 1, 'BatchInventory', NULL, '2019-04-25 07:54:45', '2019-04-25 08:12:46', NULL, NULL, 0, 1, 1, 0, 'CRM', 'PM-00082'),
(2331, 1, 1, 1, 'BatchInventory', NULL, '2019-04-25 08:00:31', '2019-04-25 08:12:46', NULL, NULL, 0, 1, 1, 0, 'CRM', 'PM-00083'),
(2332, 1, 1, 1, 'BatchInventory', NULL, '2019-04-25 08:01:28', '2019-04-25 08:12:46', NULL, NULL, 0, 1, 1, 0, 'CRM', 'PM-00084'),
(2333, 1, 1, 1, 'BatchInventory', NULL, '2019-04-25 08:03:23', '2019-04-25 08:12:46', NULL, NULL, 0, 1, 1, 0, 'CRM', NULL),
(2334, 1, 1, 1, 'BatchInventory', NULL, '2019-04-25 08:05:28', '2019-04-25 08:12:46', NULL, NULL, 0, 1, 1, 0, 'CRM', NULL),
(2335, 1, 1, 1, 'BatchInventory', NULL, '2019-04-25 08:20:37', '2019-04-25 10:48:49', NULL, NULL, 0, 1, 1, 0, 'CRM', 'PM-00087'),
(2336, 1, 1, 1, 'BatchInventory', NULL, '2019-04-25 08:38:52', '2019-04-25 08:39:27', NULL, NULL, 0, 1, 1, 0, 'CRM', 'PM-00088'),
(2337, 1, 1, 1, 'BatchInventory', NULL, '2019-04-25 08:54:38', '2019-04-25 10:48:49', NULL, NULL, 0, 1, 1, 0, 'CRM', 'PM-00089'),
(2338, 1, 1, 1, 'BatchInventory', NULL, '2019-04-25 08:57:00', '2019-04-25 10:48:49', NULL, NULL, 0, 1, 1, 0, 'CRM', 'PM-00090'),
(2339, 1, 1, 1, 'BatchInventory', NULL, '2019-04-25 09:10:03', '2019-04-25 10:48:49', NULL, NULL, 0, 1, 1, 0, 'CRM', 'PM-00091'),
(2340, 1, 1, 1, 'BatchInventory', NULL, '2019-04-25 10:09:21', '2019-04-25 10:48:49', NULL, NULL, 0, 1, 1, 0, 'CRM', 'PM-00092'),
(2341, 1, 1, 1, 'BatchInventory', NULL, '2019-04-25 10:27:24', '2019-04-25 10:48:49', NULL, NULL, 0, 1, 1, 0, 'CRM', 'PM-00093'),
(2342, 1, 1, 1, 'BatchInventory', NULL, '2019-04-25 10:35:35', '2019-04-25 10:48:49', NULL, NULL, 0, 1, 1, 0, 'CRM', 'PM-00094'),
(2343, 1, 1, 1, 'BatchInventory', NULL, '2019-04-25 10:46:00', '2019-04-25 10:48:49', NULL, NULL, 0, 1, 1, 0, 'CRM', 'PM-00095'),
(2344, 1, 1, 1, 'BatchInventory', NULL, '2019-04-25 10:47:54', '2019-04-25 10:48:49', NULL, NULL, 0, 1, 1, 0, 'CRM', 'PM-00096'),
(2345, 1, 1, 1, 'BatchInventory', NULL, '2019-04-25 10:49:22', '2019-04-25 11:18:21', NULL, NULL, 0, 1, 1, 0, 'CRM', 'PM-00097'),
(2346, 1, 1, 1, 'BatchInventory', NULL, '2019-04-25 11:03:11', '2019-04-25 11:18:21', NULL, NULL, 0, 1, 1, 0, 'CRM', 'PM-00098'),
(2347, 1, 1, 1, 'BatchInventory', NULL, '2019-04-25 11:06:49', '2019-04-25 11:18:21', NULL, NULL, 0, 1, 1, 0, 'CRM', 'PM-00099'),
(2348, 1, 1, 1, 'BatchInventory', NULL, '2019-04-25 11:09:21', '2019-04-25 11:18:21', NULL, NULL, 0, 1, 1, 0, 'CRM', 'PM-00100'),
(2349, 1, 1, 1, 'BatchInventory', NULL, '2019-04-25 11:14:07', '2019-04-25 13:17:36', NULL, NULL, 0, 1, 1, 0, 'CRM', 'PM-00101'),
(2350, 1, 1, 1, 'BatchInventory', NULL, '2019-04-25 11:19:31', '2019-04-25 13:17:36', NULL, NULL, 0, 1, 1, 0, 'CRM', 'PM-00102'),
(2351, 1, 1, 1, 'BatchInventory', NULL, '2019-04-25 12:05:01', '2019-04-25 13:17:36', NULL, NULL, 0, 1, 1, 0, 'CRM', 'PM-00103'),
(2352, 1, 1, 1, 'BatchInventory', NULL, '2019-04-25 12:07:18', '2019-04-25 13:17:36', NULL, NULL, 0, 1, 1, 0, 'CRM', NULL),
(2353, 1, 1, 1, 'BatchInventory', NULL, '2019-04-25 12:08:21', '2019-04-25 13:17:36', NULL, NULL, 0, 1, 1, 0, 'CRM', NULL),
(2354, 1, 1, 1, 'BatchInventory', NULL, '2019-04-25 12:10:53', '2019-04-25 13:17:36', NULL, NULL, 0, 1, 1, 0, 'CRM', 'PM-00106'),
(2355, 1, 1, 1, 'BatchInventory', NULL, '2019-04-25 12:12:40', '2019-04-25 13:17:25', NULL, NULL, 0, 1, 1, 0, 'CRM', NULL),
(2356, 1, 1, 1, 'BatchInventory', NULL, '2019-04-25 12:13:38', '2019-04-25 13:17:25', NULL, NULL, 0, 1, 1, 0, 'CRM', NULL),
(2357, 1, 1, 1, 'BatchInventory', NULL, '2019-04-25 12:14:47', '2019-04-25 13:17:25', NULL, NULL, 0, 1, 1, 0, 'CRM', NULL),
(2358, 1, 1, 1, 'BatchInventory', NULL, '2019-04-25 12:16:28', '2019-04-25 13:17:25', NULL, NULL, 0, 1, 1, 0, 'CRM', NULL),
(2359, 1, 1, 1, 'BatchInventory', NULL, '2019-04-25 12:17:29', '2019-04-25 13:17:25', NULL, NULL, 0, 1, 1, 0, 'CRM', NULL),
(2360, 1, 1, 1, 'BatchInventory', NULL, '2019-04-25 12:18:12', '2019-04-25 13:17:25', NULL, NULL, 0, 1, 1, 0, 'CRM', 'PM-00112'),
(2361, 1, 1, 1, 'BatchInventory', NULL, '2019-04-25 12:19:34', '2019-04-25 13:17:25', NULL, NULL, 0, 1, 1, 0, 'CRM', 'PM-00113'),
(2362, 1, 1, 1, 'BatchInventory', NULL, '2019-04-25 12:29:58', '2019-04-25 13:17:25', NULL, NULL, 0, 1, 1, 0, 'CRM', 'PM-00114'),
(2363, 1, 1, 1, 'BatchInventory', NULL, '2019-04-25 12:33:21', '2019-04-25 13:17:25', NULL, NULL, 0, 1, 1, 0, 'CRM', 'PM-00115'),
(2364, 1, 1, 1, 'BatchInventory', NULL, '2019-04-25 12:35:04', '2019-04-25 13:17:25', NULL, NULL, 0, 1, 1, 0, 'CRM', 'PM-00116'),
(2365, 1, 1, 1, 'BatchInventory', NULL, '2019-04-25 12:36:51', '2019-04-25 13:17:25', NULL, NULL, 0, 1, 1, 0, 'CRM', NULL),
(2366, 1, 1, 1, 'BatchInventory', NULL, '2019-04-25 12:41:22', '2019-04-25 13:17:25', NULL, NULL, 0, 1, 1, 0, 'CRM', NULL),
(2367, 1, 1, 1, 'BatchInventory', NULL, '2019-04-25 12:44:05', '2019-04-25 13:17:25', NULL, NULL, 0, 1, 1, 0, 'CRM', NULL),
(2368, 1, 1, 1, 'BatchInventory', NULL, '2019-04-25 12:49:20', '2019-04-25 13:17:25', NULL, NULL, 0, 1, 1, 0, 'CRM', NULL),
(2369, 1, 1, 1, 'BatchInventory', NULL, '2019-04-25 12:55:29', '2019-04-25 13:17:25', NULL, NULL, 0, 1, 1, 0, 'CRM', NULL),
(2370, 1, 1, 1, 'BatchInventory', NULL, '2019-04-25 12:56:44', '2019-04-25 13:17:25', NULL, NULL, 0, 1, 1, 0, 'CRM', NULL),
(2371, 1, 1, 1, 'BatchInventory', NULL, '2019-04-25 12:57:29', '2019-04-25 13:17:25', NULL, NULL, 0, 1, 1, 0, 'CRM', NULL),
(2372, 1, 1, 1, 'BatchInventory', NULL, '2019-04-25 12:58:08', '2019-04-25 13:17:25', NULL, NULL, 0, 1, 1, 0, 'CRM', 'PM-00124'),
(2373, 1, 1, 1, 'BatchInventory', NULL, '2019-04-25 13:15:26', '2019-04-25 13:17:25', NULL, NULL, 0, 1, 1, 0, 'CRM', 'PM-00125'),
(2374, 1, 1, 1, 'BatchInventory', NULL, '2019-04-25 13:16:58', '2019-04-27 18:22:32', NULL, NULL, 0, 1, 1, 0, 'CRM', 'PM-00126'),
(2375, 1, 1, 1, 'BatchInventory', NULL, '2019-04-25 13:19:52', '2019-04-25 13:33:46', NULL, NULL, 0, 1, 1, 0, 'CRM', NULL),
(2376, 1, 1, 1, 'BatchInventory', NULL, '2019-04-25 13:31:58', '2019-04-25 13:33:46', NULL, NULL, 0, 1, 1, 0, 'CRM', 'PM-00128'),
(2377, 1, 1, 1, 'BatchInventory', NULL, '2019-04-25 13:32:37', '2019-04-27 18:22:32', NULL, NULL, 0, 1, 1, 0, 'CRM', 'PM-00129'),
(2378, 1, 1, 1, 'BatchInventory', NULL, '2019-04-25 13:39:27', '2019-04-27 18:22:32', NULL, NULL, 0, 1, 1, 0, 'CRM', 'PM-00130'),
(2379, 1, 1, 1, 'BatchInventory', NULL, '2019-04-25 13:40:04', '2019-04-27 18:22:32', NULL, NULL, 0, 1, 1, 0, 'CRM', 'PM-00131'),
(2380, 1, 1, 1, 'BatchInventory', NULL, '2019-04-27 17:43:19', '2019-04-27 18:22:32', NULL, NULL, 0, 1, 1, 0, 'CRM', NULL),
(2381, 1, 1, 1, 'BatchInventory', NULL, '2019-04-27 18:10:12', '2019-04-27 18:22:32', NULL, NULL, 0, 1, 1, 0, 'CRM', 'PM-00133'),
(2382, 1, 1, 1, 'BatchInventory', NULL, '2019-04-27 18:23:57', '2019-04-28 12:17:44', NULL, NULL, 0, 1, 1, 0, 'CRM', 'PM-00134'),
(2383, 1, 1, 1, 'BatchInventory', NULL, '2019-04-28 11:56:16', '2019-04-28 12:17:44', NULL, NULL, 0, 1, 1, 0, 'CRM', 'PM-00135'),
(2384, 1, 1, 1, 'BatchInventory', NULL, '2019-04-28 12:04:03', '2019-04-28 12:17:44', NULL, NULL, 0, 1, 1, 0, 'CRM', NULL),
(2385, 1, 1, 1, 'BatchInventory', NULL, '2019-04-28 12:12:00', '2019-04-28 12:17:44', NULL, NULL, 0, 1, 1, 0, 'CRM', NULL),
(2386, 1, 1, 1, 'BatchInventory', NULL, '2019-04-28 12:12:53', '2019-04-28 12:17:44', NULL, NULL, 0, 1, 1, 0, 'CRM', NULL),
(2387, 1, 1, 1, 'BatchInventory', NULL, '2019-04-28 12:16:28', '2019-04-30 13:48:37', NULL, NULL, 0, 1, 1, 0, 'CRM', 'PM-00139'),
(2388, 1, 1, 1, 'BatchInventory', NULL, '2019-04-28 12:59:19', '2019-04-30 13:48:37', NULL, NULL, 0, 1, 1, 0, 'CRM', 'PM-00140'),
(2389, 1, 1, 1, 'BatchInventory', NULL, '2019-04-28 13:09:09', '2019-04-30 13:48:37', NULL, NULL, 0, 1, 1, 0, 'CRM', 'PM-00141'),
(2390, 1, 1, 1, 'BatchInventory', NULL, '2019-04-28 18:35:48', '2019-04-30 13:48:37', NULL, NULL, 0, 1, 1, 0, 'CRM', 'PM-00142'),
(2391, 1, 1, 1, 'BatchInventory', NULL, '2019-04-29 09:40:33', '2019-05-08 20:13:32', NULL, NULL, 0, 1, 0, 0, 'CRM', 'PM-00143'),
(2392, 1, 1, 1, 'BatchMovement', NULL, '2019-04-29 11:00:30', '2019-04-29 11:00:30', NULL, NULL, 0, 1, 0, 0, 'CRM', NULL),
(2393, 1, 1, 1, 'BatchMovement', NULL, '2019-04-29 11:01:13', '2019-04-29 11:01:13', NULL, NULL, 0, 1, 0, 0, 'CRM', NULL),
(2394, 1, 1, 1, 'BatchMovement', NULL, '2019-04-29 11:05:45', '2019-04-29 11:05:45', NULL, NULL, 0, 1, 0, 0, 'CRM', NULL),
(2395, 1, 1, 1, 'BatchMovement', NULL, '2019-04-29 11:08:12', '2019-04-29 11:08:12', NULL, NULL, 0, 1, 0, 0, 'CRM', NULL),
(2396, 1, 1, 1, 'BatchMovement', NULL, '2019-04-29 11:11:22', '2019-04-30 12:37:34', NULL, NULL, 0, 1, 1, 0, 'CRM', 'BM-00005'),
(2397, 1, 1, 1, 'BatchMovement', NULL, '2019-04-29 12:01:34', '2019-04-30 12:37:34', NULL, NULL, 0, 1, 1, 0, 'CRM', 'BM-00006'),
(2398, 1, 1, 1, 'BatchMovement', NULL, '2019-04-30 10:08:39', '2019-04-30 12:37:34', NULL, NULL, 0, 1, 1, 0, 'CRM', 'BM-00007'),
(2399, 1, 1, 1, 'BatchMovement', NULL, '2019-04-30 10:12:19', '2019-04-30 12:37:34', NULL, NULL, 0, 1, 1, 0, 'CRM', 'BM-00008'),
(2400, 1, 1, 1, 'BatchMovement', NULL, '2019-04-30 10:14:21', '2019-04-30 12:37:34', NULL, NULL, 0, 1, 1, 0, 'CRM', NULL),
(2401, 1, 1, 1, 'BatchMovement', NULL, '2019-04-30 10:17:10', '2019-04-30 13:11:25', NULL, NULL, 0, 1, 1, 0, 'CRM', 'BM-00010'),
(2402, 1, 1, 1, 'BatchMovement', NULL, '2019-04-30 10:18:15', '2019-04-30 13:11:25', NULL, NULL, 0, 1, 1, 0, 'CRM', 'BM-00011'),
(2403, 1, 1, 1, 'BatchMovement', NULL, '2019-04-30 12:39:20', '2019-04-30 13:11:25', NULL, NULL, 0, 1, 1, 0, 'CRM', 'BM-00012'),
(2404, 1, 1, 1, 'BatchMovement', NULL, '2019-04-30 12:41:35', '2019-04-30 13:11:31', NULL, NULL, 0, 1, 1, 0, 'CRM', NULL),
(2405, 1, 1, 1, 'BatchMovement', NULL, '2019-04-30 12:43:08', '2019-04-30 13:11:25', NULL, NULL, 0, 1, 1, 0, 'CRM', NULL),
(2406, 1, 1, 1, 'BatchMovement', NULL, '2019-04-30 12:43:32', '2019-04-30 13:11:25', NULL, NULL, 0, 1, 1, 0, 'CRM', NULL),
(2407, 1, 1, 1, 'BatchMovement', NULL, '2019-04-30 12:45:08', '2019-04-30 13:11:25', NULL, NULL, 0, 1, 1, 0, 'CRM', NULL),
(2408, 1, 1, 1, 'BatchMovement', NULL, '2019-04-30 12:46:41', '2019-04-30 13:18:52', NULL, NULL, 0, 1, 1, 0, 'CRM', NULL),
(2409, 1, 1, 1, 'BatchMovement', NULL, '2019-04-30 12:53:33', '2019-04-30 13:18:52', NULL, NULL, 0, 1, 1, 0, 'CRM', 'BM-00018'),
(2410, 1, 1, 1, 'BatchMovement', NULL, '2019-04-30 13:17:11', '2019-05-17 11:51:06', NULL, NULL, 0, 1, 0, 0, 'CRM', 'BM-00019'),
(2411, 1, 1, 1, 'Batch', NULL, '2019-05-08 20:25:22', '2019-05-09 13:23:06', NULL, NULL, 0, 1, 1, 0, 'CRM', 'test demo123'),
(2412, 1, 1, 1, 'Batch', NULL, '2019-05-09 06:53:09', '2019-05-09 13:23:06', NULL, NULL, 0, 1, 1, 0, 'CRM', 'Demo test'),
(2413, 1, 1, 1, 'Batch', NULL, '2019-05-09 07:28:34', '2019-05-09 10:47:04', NULL, NULL, 0, 1, 1, 0, 'CRM', 'Hello World'),
(2414, 1, 1, 1, 'Batch', NULL, '2019-05-09 09:39:39', '2019-05-09 09:40:35', NULL, NULL, 0, 1, 1, 0, 'CRM', 'Hello test'),
(2415, 1, 1, 1, 'Batch', NULL, '2019-05-09 09:40:56', '2019-05-09 10:47:04', NULL, NULL, 0, 1, 1, 0, 'CRM', NULL),
(2416, 1, 1, 1, 'Batch', NULL, '2019-05-09 09:41:43', '2019-05-09 10:47:04', NULL, NULL, 0, 1, 1, 0, 'CRM', NULL),
(2417, 1, 1, 1, 'Batch', NULL, '2019-05-09 09:43:28', '2019-05-09 10:47:04', NULL, NULL, 0, 1, 1, 0, 'CRM', NULL),
(2418, 1, 1, 1, 'Batch', NULL, '2019-05-09 09:57:48', '2019-05-09 10:47:04', NULL, NULL, 0, 1, 1, 0, 'CRM', 'Hello test'),
(2419, 1, 1, 1, 'Batch', NULL, '2019-05-09 10:00:51', '2019-05-09 10:47:04', NULL, NULL, 0, 1, 1, 0, 'CRM', 'Demo test'),
(2420, 1, 1, 1, 'Batch', NULL, '2019-05-09 10:02:02', '2019-05-09 10:47:04', NULL, NULL, 0, 1, 1, 0, 'CRM', 'Test demo'),
(2421, 1, 1, 1, 'Batch', NULL, '2019-05-09 10:04:03', '2019-05-09 10:47:04', NULL, NULL, 0, 1, 1, 0, 'CRM', NULL),
(2422, 1, 1, 1, 'Batch', NULL, '2019-05-09 10:05:19', '2019-05-09 10:47:04', NULL, NULL, 0, 1, 1, 0, 'CRM', NULL),
(2423, 1, 1, 1, 'Batch', NULL, '2019-05-09 10:05:50', '2019-05-09 10:47:04', NULL, NULL, 0, 1, 1, 0, 'CRM', 'Test demo'),
(2424, 1, 1, 1, 'Batch', NULL, '2019-05-09 10:06:22', '2019-05-09 10:47:04', NULL, NULL, 0, 1, 1, 0, 'CRM', 'Hello test'),
(2425, 1, 1, 1, 'Batch', NULL, '2019-05-09 10:07:17', '2019-05-09 10:47:04', NULL, NULL, 0, 1, 1, 0, 'CRM', NULL),
(2426, 1, 1, 1, 'Batch', NULL, '2019-05-09 10:09:56', '2019-05-09 10:47:04', NULL, NULL, 0, 1, 1, 0, 'CRM', NULL),
(2427, 1, 1, 1, 'Batch', NULL, '2019-05-09 10:11:12', '2019-05-09 10:47:03', NULL, NULL, 0, 1, 1, 0, 'CRM', NULL),
(2428, 1, 1, 1, 'Batch', NULL, '2019-05-09 10:13:33', '2019-05-09 10:47:03', NULL, NULL, 0, 1, 1, 0, 'CRM', 'Hello World'),
(2429, 1, 1, 1, 'Batch', NULL, '2019-05-09 10:15:17', '2019-05-09 10:47:03', NULL, NULL, 0, 1, 1, 0, 'CRM', 'Demo test'),
(2430, 1, 1, 1, 'Batch', NULL, '2019-05-09 10:37:45', '2019-05-09 10:47:03', NULL, NULL, 0, 1, 1, 0, 'CRM', 'Test demo'),
(2431, 1, 1, 1, 'Batch', NULL, '2019-05-09 10:41:28', '2019-05-09 10:47:03', NULL, NULL, 0, 1, 1, 0, 'CRM', NULL),
(2432, 1, 1, 1, 'Batch', NULL, '2019-05-09 10:42:30', '2019-05-09 10:47:03', NULL, NULL, 0, 1, 1, 0, 'CRM', NULL),
(2433, 1, 1, 1, 'Batch', NULL, '2019-05-09 10:45:56', '2019-05-09 10:47:03', NULL, NULL, 0, 1, 1, 0, 'CRM', NULL),
(2434, 1, 1, 1, 'Batch', NULL, '2019-05-09 11:24:37', '2019-05-09 13:23:06', NULL, NULL, 0, 1, 1, 0, 'CRM', NULL);
INSERT INTO `vtiger_crmentity_bkp` (`crmid`, `smcreatorid`, `smownerid`, `modifiedby`, `setype`, `description`, `createdtime`, `modifiedtime`, `viewedtime`, `status`, `version`, `presence`, `deleted`, `smgroupid`, `source`, `label`) VALUES
(2435, 1, 1, 1, 'Batch', NULL, '2019-05-09 11:28:04', '2019-05-09 13:23:06', NULL, NULL, 0, 1, 1, 0, 'CRM', NULL),
(2436, 1, 1, 1, 'Batch', NULL, '2019-05-09 11:29:00', '2019-05-09 13:23:06', NULL, NULL, 0, 1, 1, 0, 'CRM', NULL),
(2437, 1, 1, 1, 'Batch', NULL, '2019-05-09 11:30:46', '2019-05-09 13:23:06', NULL, NULL, 0, 1, 1, 0, 'CRM', NULL),
(2438, 1, 1, 1, 'Batch', NULL, '2019-05-09 11:31:12', '2019-05-09 13:23:06', NULL, NULL, 0, 1, 1, 0, 'CRM', NULL),
(2439, 1, 1, 1, 'Batch', NULL, '2019-05-09 11:32:25', '2019-05-09 13:23:06', NULL, NULL, 0, 1, 1, 0, 'CRM', NULL),
(2440, 1, 1, 1, 'Batch', NULL, '2019-05-09 11:33:50', '2019-05-10 10:48:11', NULL, NULL, 0, 1, 1, 0, 'CRM', 'Demo test'),
(2441, 1, 1, 1, 'Batch', NULL, '2019-05-09 17:17:05', '2019-05-10 05:37:11', NULL, NULL, 0, 1, 1, 0, 'CRM', 'hello'),
(2442, 1, 1, 1, 'Batch', NULL, '2019-05-09 18:25:32', '2019-05-10 05:37:11', NULL, NULL, 0, 1, 1, 0, 'CRM', 'Biraj'),
(2443, 1, 1, 1, 'Batch', NULL, '2019-05-09 19:17:27', '2019-05-10 05:37:11', NULL, NULL, 0, 1, 1, 0, 'CRM', 'Biraj'),
(2444, 1, 1, 1, 'Batch', NULL, '2019-05-09 19:43:45', '2019-05-20 13:27:03', NULL, NULL, 0, 1, 0, 0, 'CRM', 'B-0001'),
(2445, 1, 1, 1, 'Batch', NULL, '2019-05-10 09:04:06', '2019-05-10 10:48:11', NULL, NULL, 0, 1, 1, 0, 'CRM', NULL),
(2446, 1, 1, 1, 'Batch', NULL, '2019-05-10 09:05:58', '2019-05-10 10:48:11', NULL, NULL, 0, 1, 1, 0, 'CRM', NULL),
(2447, 1, 1, 1, 'Batch', NULL, '2019-05-10 09:07:00', '2019-05-10 10:48:11', NULL, NULL, 0, 1, 1, 0, 'CRM', NULL),
(2448, 1, 1, 1, 'Batch', NULL, '2019-05-10 09:08:17', '2019-05-10 10:48:11', NULL, NULL, 0, 1, 1, 0, 'CRM', NULL),
(2449, 1, 1, 1, 'Batch', NULL, '2019-05-10 09:44:12', '2019-05-10 10:48:11', NULL, NULL, 0, 1, 1, 0, 'CRM', NULL),
(2450, 1, 1, 1, 'SalesOrder', 'Description  demo', '2019-05-10 10:47:36', '2019-05-10 10:47:36', NULL, NULL, 0, 1, 0, 0, 'CRM', 'SO3'),
(2451, 1, 1, 1, 'SalesOrder', 'Description  demo', '2019-05-14 10:18:08', '2019-05-14 10:18:08', NULL, NULL, 0, 1, 0, 0, 'CRM', 'SO4'),
(2452, 1, 1, 1, 'SalesOrder', 'Description  demo', '2019-05-14 11:03:26', '2019-05-16 13:32:30', NULL, NULL, 0, 1, 1, 0, 'CRM', 'SO5'),
(2453, 1, 1, 1, 'Batch', NULL, '2019-05-15 17:25:09', '2019-05-15 17:55:01', NULL, NULL, 0, 1, 1, 0, 'CRM', NULL),
(2454, 1, 1, 1, 'Batch', NULL, '2019-05-15 17:27:19', '2019-05-15 17:55:01', NULL, NULL, 0, 1, 1, 0, 'CRM', NULL),
(2455, 1, 1, 1, 'Batch', NULL, '2019-05-15 17:30:30', '2019-05-15 17:55:01', NULL, NULL, 0, 1, 1, 0, 'CRM', NULL),
(2456, 1, 1, 1, 'Batch', NULL, '2019-05-15 17:33:13', '2019-05-15 17:55:01', NULL, NULL, 0, 1, 1, 0, 'CRM', NULL),
(2457, 1, 1, 1, 'Batch', NULL, '2019-05-15 17:43:27', '2019-05-29 08:34:29', NULL, NULL, 0, 1, 0, 0, 'CRM', 'Fertile Test batch'),
(2458, 1, 1, 1, 'Batch', NULL, '2019-05-15 17:57:23', '2019-05-24 10:52:19', NULL, NULL, 0, 1, 0, 0, 'CRM', 'Fertile'),
(2459, 1, 1, 1, 'Batch', NULL, '2019-05-16 13:20:13', '2019-05-24 09:33:28', NULL, NULL, 0, 1, 0, 0, 'CRM', 'Sif Test Batch'),
(2460, 1, 1, 1, 'SalesOrder', 'Description  demo', '2019-05-16 13:32:12', '2019-05-16 13:32:56', NULL, NULL, 0, 1, 1, 0, 'CRM', 'SO6'),
(2461, 1, 1, 1, 'SalesOrder', 'Description  demo', '2019-05-16 13:33:23', '2019-05-16 13:33:23', NULL, NULL, 0, 1, 0, 0, 'CRM', 'SO7'),
(2462, 1, 1, 1, 'BatchMovement', NULL, '2019-05-17 12:38:56', '2019-05-17 12:38:56', NULL, NULL, 0, 1, 0, 0, 'CRM', NULL),
(2463, 1, 1, 1, 'BatchMovement', NULL, '2019-05-17 12:39:36', '2019-05-17 12:39:36', NULL, NULL, 0, 1, 0, 0, 'CRM', NULL),
(2464, 1, 1, 1, 'BatchMovement', NULL, '2019-05-17 12:42:12', '2019-05-17 12:42:12', NULL, NULL, 0, 1, 0, 0, 'CRM', NULL),
(2465, 1, 1, 1, 'BatchMovement', NULL, '2019-05-17 12:46:43', '2019-05-17 12:46:43', NULL, NULL, 0, 1, 0, 0, 'CRM', NULL),
(2466, 1, 1, 1, 'BatchMovement', NULL, '2019-05-17 12:48:07', '2019-05-17 12:48:07', NULL, NULL, 0, 1, 0, 0, 'CRM', NULL),
(2467, 1, 1, 1, 'BatchMovement', NULL, '2019-05-17 12:50:12', '2019-06-06 10:45:03', NULL, NULL, 0, 1, 0, 0, 'CRM', 'BM-00025'),
(2468, 1, 1, 1, 'BatchInventory', NULL, '2019-05-17 13:30:44', '2019-06-01 06:10:59', NULL, NULL, 0, 1, 0, 0, 'CRM', 'PM-00144'),
(2469, 1, 1, 1, 'BatchMovement', NULL, '2019-05-17 13:50:10', '2019-06-06 10:45:50', NULL, NULL, 0, 1, 0, 0, 'CRM', 'BM-00026'),
(2470, 1, 1, 1, 'BatchMovement', NULL, '2019-05-17 17:17:29', '2019-06-05 06:54:14', NULL, NULL, 0, 1, 0, 0, 'CRM', 'BM-00027'),
(2471, 1, 1, 1, 'Batch', NULL, '2019-05-18 12:20:06', '2019-06-01 08:12:28', NULL, NULL, 0, 1, 0, 0, 'CRM', 'Prod Mov Test Batch'),
(2472, 1, 1, 1, 'BatchInventory', NULL, '2019-05-19 17:53:49', '2019-05-19 17:54:50', NULL, NULL, 0, 1, 0, 0, 'CRM', 'PM-00145'),
(2473, 1, 1, 1, 'BatchMovement', NULL, '2019-05-19 18:15:24', '2019-05-31 12:46:07', NULL, NULL, 0, 1, 0, 0, 'CRM', 'BM-00028'),
(2474, 1, 1, 1, 'Batch', NULL, '2019-05-20 10:24:34', '2019-05-22 06:11:15', NULL, NULL, 0, 1, 1, 0, 'CRM', 'Batch2'),
(2475, 1, 1, 1, 'BatchMovement', NULL, '2019-05-20 10:27:45', '2019-05-20 10:27:45', NULL, NULL, 0, 1, 0, 0, 'CRM', 'BM-00029'),
(2476, 1, 1, 1, 'BatchInventory', NULL, '2019-05-20 10:28:43', '2019-06-06 09:48:21', NULL, NULL, 0, 1, 0, 0, 'CRM', 'PM-00146'),
(2477, 1, 1, 1, 'Batch', NULL, '2019-05-21 06:53:55', '2019-05-21 06:53:55', NULL, NULL, 0, 1, 0, 0, 'CRM', 'abc'),
(2478, 1, 1, 1, 'BatchMovement', NULL, '2019-05-21 06:55:42', '2019-05-22 06:10:58', NULL, NULL, 0, 1, 1, 0, 'CRM', 'BM-00030'),
(2479, 1, 1, 1, 'BatchMovement', NULL, '2019-05-21 06:56:19', '2019-05-22 06:10:58', NULL, NULL, 0, 1, 1, 0, 'CRM', 'BM-00031'),
(2480, 1, 1, 1, 'Batch', NULL, '2019-05-21 07:05:00', '2019-05-21 07:05:00', NULL, NULL, 0, 1, 0, 0, 'CRM', 'PV'),
(2481, 1, 1, 1, 'Batch', NULL, '2019-05-21 07:25:03', '2019-05-21 07:25:38', NULL, NULL, 0, 1, 0, 0, 'CRM', 'AKhilesh'),
(2482, 1, 1, 1, 'BatchMovement', NULL, '2019-05-21 07:33:08', '2019-05-22 06:10:58', NULL, NULL, 0, 1, 1, 0, 'CRM', 'BM-00032'),
(2483, 1, 1, 1, 'Cork', NULL, '2019-05-23 13:26:58', '2019-05-27 10:26:57', NULL, NULL, 0, 1, 0, 0, 'CRM', '2215'),
(2484, 1, 1, 1, 'Batch', NULL, '2019-05-24 10:53:13', '2019-05-24 10:53:13', NULL, NULL, 0, 1, 0, 0, 'CRM', ''),
(2485, 1, 1, 1, 'BatchInventory', NULL, '2019-05-24 11:47:29', '2019-06-01 06:08:53', NULL, NULL, 0, 1, 0, 0, 'CRM', 'PM-00147'),
(2486, 1, 1, 1, 'BatchInventory', NULL, '2019-05-24 11:58:59', '2019-06-01 06:07:13', NULL, NULL, 0, 1, 0, 0, 'CRM', 'PM-00148'),
(2487, 1, 1, 1, 'Cork', NULL, '2019-05-24 14:01:47', '2019-05-24 14:02:00', NULL, NULL, 0, 1, 0, 0, 'CRM', '2210'),
(2488, 1, 1, 1, 'BatchMovement', NULL, '2019-05-28 07:39:47', '2019-06-06 10:45:35', NULL, NULL, 0, 1, 0, 0, 'CRM', 'BM-00033'),
(2489, 1, 1, 1, 'Batch', NULL, '2019-05-28 08:17:10', '2019-05-28 12:57:32', NULL, NULL, 0, 1, 0, 0, 'CRM', ''),
(2490, 1, 1, 1, 'Cork', NULL, '2019-05-29 07:47:40', '2019-05-29 07:47:53', NULL, NULL, 0, 1, 0, 0, 'CRM', '2210'),
(2491, 1, 1, 1, 'Rejection', NULL, '2019-05-29 11:56:24', '2019-05-30 13:46:26', NULL, NULL, 0, 1, 1, 0, 'CRM', 'R-0001'),
(2522, 1, 1, 1, 'Rejection', NULL, '2019-05-30 17:37:22', '2019-05-30 17:37:22', NULL, NULL, 0, 1, 0, 0, 'CRM', 'R-0032'),
(2523, 1, 1, 1, 'Rejection', NULL, '2019-05-30 18:02:12', '2019-05-30 18:02:12', NULL, NULL, 0, 1, 0, 0, 'CRM', 'R-0033'),
(2524, 1, 1, 1, 'Rejection', NULL, '2019-05-30 18:05:11', '2019-05-30 18:05:11', NULL, NULL, 0, 1, 0, 0, 'CRM', 'R-0034'),
(2525, 1, 1, 1, 'Rejection', NULL, '2019-05-30 18:06:50', '2019-05-30 18:06:50', NULL, NULL, 0, 1, 0, 0, 'CRM', NULL),
(2526, 1, 1, 1, 'Rejection', NULL, '2019-05-30 18:14:17', '2019-05-30 18:14:17', NULL, NULL, 0, 1, 0, 0, 'CRM', NULL),
(2527, 1, 1, 1, 'Rejection', NULL, '2019-05-30 18:15:48', '2019-05-30 18:15:48', NULL, NULL, 0, 1, 0, 0, 'CRM', NULL),
(2528, 1, 1, 1, 'Rejection', NULL, '2019-05-30 18:17:22', '2019-05-30 18:17:22', NULL, NULL, 0, 1, 0, 0, 'CRM', NULL),
(2529, 1, 1, 1, 'Rejection', NULL, '2019-05-30 18:17:29', '2019-05-30 18:17:29', NULL, NULL, 0, 1, 0, 0, 'CRM', NULL),
(2530, 1, 1, 1, 'Rejection', NULL, '2019-05-30 18:19:28', '2019-05-30 18:19:28', NULL, NULL, 0, 1, 0, 0, 'CRM', NULL),
(2531, 1, 1, 1, 'Rejection', NULL, '2019-05-30 18:20:35', '2019-05-30 18:20:35', NULL, NULL, 0, 1, 0, 0, 'CRM', NULL),
(2532, 1, 1, 1, 'Rejection', NULL, '2019-05-30 18:25:20', '2019-05-30 19:05:41', NULL, NULL, 0, 1, 0, 0, 'CRM', 'R-0042'),
(2533, 1, 1, 1, 'Rejection', NULL, '2019-05-30 19:13:39', '2019-05-30 19:13:39', NULL, NULL, 0, 1, 0, 0, 'CRM', 'R-0043'),
(2534, 1, 1, 1, 'Rejection', NULL, '2019-05-30 19:27:55', '2019-05-31 06:05:57', NULL, NULL, 0, 1, 1, 0, 'CRM', 'R-0044'),
(2535, 1, 1, 1, 'Rejection', NULL, '2019-05-31 05:52:08', '2019-05-31 06:05:57', NULL, NULL, 0, 1, 1, 0, 'CRM', 'R-0045'),
(2536, 1, 1, 1, 'Rejection', NULL, '2019-05-31 05:58:27', '2019-05-31 06:05:57', NULL, NULL, 0, 1, 1, 0, 'CRM', NULL),
(2537, 1, 1, 1, 'Rejection', NULL, '2019-05-31 06:04:37', '2019-05-31 06:05:57', NULL, NULL, 0, 1, 1, 0, 'CRM', NULL),
(2538, 1, 1, 1, 'Rejection', NULL, '2019-05-31 06:05:34', '2019-05-31 06:05:57', NULL, NULL, 0, 1, 1, 0, 'CRM', NULL),
(2539, 1, 1, 1, 'Rejection', NULL, '2019-05-31 06:06:31', '2019-05-31 07:53:47', NULL, NULL, 0, 1, 1, 0, 'CRM', NULL),
(2540, 1, 1, 1, 'Rejection', NULL, '2019-05-31 06:26:47', '2019-05-31 07:53:47', NULL, NULL, 0, 1, 1, 0, 'CRM', 'R-0050'),
(2541, 1, 1, 1, 'Rejection', NULL, '2019-05-31 06:29:54', '2019-05-31 07:53:47', NULL, NULL, 0, 1, 1, 0, 'CRM', NULL),
(2542, 1, 1, 1, 'Rejection', NULL, '2019-05-31 06:36:54', '2019-05-31 07:53:47', NULL, NULL, 0, 1, 1, 0, 'CRM', 'R-0052'),
(2543, 1, 1, 1, 'Rejection', NULL, '2019-05-31 06:40:16', '2019-05-31 07:53:47', NULL, NULL, 0, 1, 1, 0, 'CRM', 'R-0053'),
(2544, 1, 1, 1, 'Rejection', NULL, '2019-05-31 07:55:01', '2019-05-31 11:04:40', NULL, NULL, 0, 1, 0, 0, 'CRM', 'R-0054'),
(2545, 1, 1, 1, 'Rejection', NULL, '2019-06-01 12:53:28', '2019-06-03 06:45:36', NULL, NULL, 0, 1, 0, 0, 'CRM', 'R-0001'),
(2546, 1, 1, 1, 'Rejection', NULL, '2019-06-01 12:55:37', '2019-06-06 10:54:55', NULL, NULL, 0, 1, 1, 0, 'CRM', 'R-0002'),
(2547, 1, 1, 1, 'Rejection', NULL, '2019-06-01 13:04:26', '2019-06-06 10:53:10', NULL, NULL, 0, 1, 0, 0, 'CRM', 'R-0003'),
(2548, 1, 1, 1, 'Invoice', 'test Description', '2019-06-01 13:26:00', '2019-06-01 13:26:18', NULL, NULL, 0, 1, 0, 0, 'CRM', 'Invoice test'),
(2549, 1, 1, 1, 'ModComments', NULL, '2019-06-01 13:26:18', '2019-06-01 13:26:18', NULL, NULL, 0, 1, 0, 0, 'CRM', 'testing by admin'),
(2550, 1, 1, 1, 'Dispatch', NULL, '2019-06-01 13:26:33', '2019-06-06 13:33:10', NULL, NULL, 0, 1, 0, 0, 'CRM', 'DP-0001'),
(2551, 1, 1, 1, 'Dispatch', NULL, '2019-06-01 13:27:31', '2019-06-03 12:31:56', NULL, NULL, 0, 1, 1, 0, 'CRM', 'DP-0002'),
(2552, 1, 1, 1, 'Rejection', NULL, '2019-06-01 13:37:16', '2019-06-06 10:54:55', NULL, NULL, 0, 1, 1, 0, 'CRM', 'R-0004'),
(2553, 1, 1, 1, 'Rejection', NULL, '2019-06-03 05:58:34', '2019-06-06 10:54:55', NULL, NULL, 0, 1, 1, 0, 'CRM', 'R-0005'),
(2554, 1, 1, 1, 'Dispatch', NULL, '2019-06-03 10:45:48', '2019-06-03 10:45:48', NULL, NULL, 0, 1, 0, 0, 'CRM', NULL),
(2555, 1, 1, 1, 'Dispatch', NULL, '2019-06-03 10:53:03', '2019-06-03 12:31:56', NULL, NULL, 0, 1, 1, 0, 'CRM', NULL),
(2556, 1, 1, 1, 'Dispatch', NULL, '2019-06-03 10:54:18', '2019-06-03 12:31:56', NULL, NULL, 0, 1, 1, 0, 'CRM', NULL),
(2557, 1, 1, 1, 'Dispatch', NULL, '2019-06-03 11:20:24', '2019-06-03 12:31:56', NULL, NULL, 0, 1, 1, 0, 'CRM', 'DP-0006'),
(2558, 1, 1, 1, 'Dispatch', NULL, '2019-06-03 12:32:38', '2019-06-06 11:36:46', NULL, NULL, 0, 1, 1, 0, 'CRM', 'DP-0007'),
(2559, 1, 1, 1, 'Dispatch', NULL, '2019-06-03 13:17:54', '2019-06-06 11:36:46', NULL, NULL, 0, 1, 1, 0, 'CRM', 'DP-0008'),
(2560, 1, 1, 1, 'Dispatch', NULL, '2019-06-06 10:59:47', '2019-06-06 11:36:46', NULL, NULL, 0, 1, 1, 0, 'CRM', 'DP-0009'),
(2561, 1, 1, 1, 'Dispatch', NULL, '2019-06-06 11:37:09', '2019-06-06 11:39:07', NULL, NULL, 0, 1, 1, 0, 'CRM', 'DP-0010'),
(2562, 1, 1, 1, 'Dispatch', NULL, '2019-06-06 11:39:27', '2019-06-06 12:21:15', NULL, NULL, 0, 1, 1, 0, 'CRM', NULL),
(2563, 1, 1, 1, 'Dispatch', NULL, '2019-06-06 11:46:35', '2019-06-06 12:21:15', NULL, NULL, 0, 1, 1, 0, 'CRM', NULL),
(2564, 1, 1, 1, 'Dispatch', NULL, '2019-06-06 11:47:05', '2019-06-06 12:21:15', NULL, NULL, 0, 1, 1, 0, 'CRM', NULL),
(2565, 1, 1, 1, 'Dispatch', NULL, '2019-06-06 12:05:03', '2019-06-06 12:21:15', NULL, NULL, 0, 1, 1, 0, 'CRM', NULL),
(2566, 1, 1, 1, 'Dispatch', NULL, '2019-06-06 12:08:50', '2019-06-06 12:21:15', NULL, NULL, 0, 1, 1, 0, 'CRM', NULL),
(2567, 1, 1, 1, 'Dispatch', NULL, '2019-06-06 12:18:40', '2019-06-06 12:21:04', NULL, NULL, 0, 1, 1, 0, 'CRM', 'DP-0016'),
(2568, 1, 1, 1, 'Dispatch', NULL, '2019-06-06 12:22:51', '2019-06-06 12:32:57', NULL, NULL, 0, 1, 1, 0, 'CRM', NULL),
(2569, 1, 1, 1, 'Dispatch', NULL, '2019-06-06 12:31:18', '2019-06-06 12:33:06', NULL, NULL, 0, 1, 1, 0, 'CRM', NULL),
(2570, 1, 1, 1, 'Dispatch', NULL, '2019-06-06 12:33:58', '2019-06-06 12:47:05', NULL, NULL, 0, 1, 1, 0, 'CRM', NULL),
(2571, 1, 1, 1, 'Dispatch', NULL, '2019-06-06 12:44:59', '2019-06-06 12:47:05', NULL, NULL, 0, 1, 1, 0, 'CRM', NULL),
(2572, 1, 1, 1, 'Dispatch', NULL, '2019-06-06 12:45:45', '2019-06-06 12:47:05', NULL, NULL, 0, 1, 1, 0, 'CRM', 'DP-0021'),
(2573, 1, 1, 1, 'Dispatch', NULL, '2019-06-06 13:09:52', '2019-06-06 13:23:23', NULL, NULL, 0, 1, 1, 0, 'CRM', 'DP-0022'),
(2574, 1, 1, 1, 'Dispatch', NULL, '2019-06-06 13:13:23', '2019-06-06 13:23:23', NULL, NULL, 0, 1, 1, 0, 'CRM', 'DP-0023'),
(2575, 1, 1, 1, 'Products', '', '2019-06-10 11:47:39', '2019-06-10 11:47:39', NULL, NULL, 0, 1, 0, 0, 'CRM', 'Product Name');

-- --------------------------------------------------------

--
-- Table structure for table `vtiger_crmentity_seq`
--

CREATE TABLE `vtiger_crmentity_seq` (
  `id` int(11) NOT NULL
) ENGINE=InnoDB DEFAULT CHARSET=utf8;

--
-- Dumping data for table `vtiger_crmentity_seq`
--

INSERT INTO `vtiger_crmentity_seq` (`id`) VALUES
(125);

-- --------------------------------------------------------

--
-- Table structure for table `vtiger_crmentity_user_field`
--

CREATE TABLE `vtiger_crmentity_user_field` (
  `recordid` int(19) NOT NULL,
  `userid` int(19) NOT NULL,
  `starred` varchar(100) DEFAULT NULL
) ENGINE=InnoDB DEFAULT CHARSET=utf8;

--
-- Dumping data for table `vtiger_crmentity_user_field`
--

INSERT INTO `vtiger_crmentity_user_field` (`recordid`, `userid`, `starred`) VALUES
(2, 1, '0'),
(3, 1, '0'),
(4, 1, '0'),
(5, 1, '0'),
(6, 1, '0'),
(7, 1, '0'),
(8, 1, '0'),
(9, 1, '0'),
(10, 1, '0'),
(11, 1, '0'),
(12, 1, '0'),
(13, 1, '0'),
(14, 1, '0'),
(15, 1, '0'),
(16, 1, '0'),
(17, 1, '0'),
(18, 1, '0'),
(19, 1, '0'),
(20, 1, '0'),
(21, 1, '0'),
(22, 1, '0'),
(23, 1, '0'),
(24, 1, '0'),
(25, 1, '0'),
(26, 1, '0'),
(27, 1, '0'),
(28, 1, '0'),
(29, 1, '0'),
(30, 1, '0'),
(31, 1, '0'),
(32, 1, '0'),
(33, 1, '0'),
(34, 1, '0'),
(35, 1, '0'),
(36, 1, '0'),
(37, 1, '0'),
(38, 1, '0'),
(39, 1, '0'),
(40, 1, '0'),
(41, 1, '0'),
(42, 1, '0'),
(43, 1, '0'),
(44, 1, '0'),
(45, 1, '0'),
(46, 1, '0'),
(47, 1, '0'),
(48, 1, '0'),
(49, 1, '0'),
(50, 1, '0'),
(51, 1, '0'),
(52, 1, '0'),
(53, 1, '0'),
(54, 1, '0'),
(55, 1, '0'),
(56, 1, '0'),
(57, 1, '0'),
(58, 1, '0'),
(59, 1, '0'),
(60, 1, '0'),
(61, 1, '0'),
(62, 1, '0'),
(63, 1, '0'),
(64, 1, '0'),
(65, 1, '0'),
(66, 1, '0'),
(67, 1, '0'),
(68, 1, '0'),
(69, 1, '0'),
(70, 1, '0'),
(71, 1, '0'),
(72, 1, '0'),
(73, 1, '0'),
(74, 1, '0'),
(75, 1, '0'),
(76, 1, '0'),
(77, 1, '0'),
(78, 1, '0'),
(79, 1, '0'),
(80, 1, '0'),
(81, 1, '0'),
(82, 1, '0'),
(83, 1, '0'),
(84, 1, '0'),
(85, 1, '0'),
(86, 1, '0'),
(87, 1, '0'),
(88, 1, '0'),
(89, 1, '0'),
(90, 1, '0'),
(91, 1, '0'),
(92, 1, '0'),
(93, 1, '0'),
(94, 1, '0'),
(95, 1, '0'),
(96, 1, '0'),
(97, 1, '0'),
(98, 1, '0'),
(99, 1, '0'),
(100, 1, '0'),
(101, 1, '0'),
(102, 1, '0'),
(103, 1, '0'),
(104, 1, '0'),
(105, 1, '0'),
(106, 1, '0'),
(107, 1, '0'),
(108, 1, '0'),
(109, 1, '0'),
(110, 1, '0'),
(111, 1, '0'),
(112, 1, '0'),
(113, 1, '0'),
(114, 1, '0'),
(115, 1, '0'),
(116, 1, '0'),
(117, 1, '0'),
(118, 1, '0'),
(119, 1, '0'),
(120, 1, '0'),
(121, 1, '0'),
(122, 1, '0'),
(123, 1, '0'),
(124, 1, '0'),
(125, 1, '0');

-- --------------------------------------------------------

--
-- Table structure for table `vtiger_crmsetup`
--

CREATE TABLE `vtiger_crmsetup` (
  `userid` int(11) DEFAULT NULL,
  `setup_status` int(2) DEFAULT NULL
) ENGINE=InnoDB DEFAULT CHARSET=utf8;

--
-- Dumping data for table `vtiger_crmsetup`
--

INSERT INTO `vtiger_crmsetup` (`userid`, `setup_status`) VALUES
(1, 1);

-- --------------------------------------------------------

--
-- Table structure for table `vtiger_cron_task`
--

CREATE TABLE `vtiger_cron_task` (
  `id` int(11) NOT NULL,
  `name` varchar(100) DEFAULT NULL,
  `handler_file` varchar(100) DEFAULT NULL,
  `frequency` int(11) DEFAULT NULL,
  `laststart` int(11) UNSIGNED DEFAULT NULL,
  `lastend` int(11) UNSIGNED DEFAULT NULL,
  `status` int(11) DEFAULT NULL,
  `module` varchar(100) DEFAULT NULL,
  `sequence` int(11) DEFAULT NULL,
  `description` text
) ENGINE=InnoDB DEFAULT CHARSET=utf8;

--
-- Dumping data for table `vtiger_cron_task`
--

INSERT INTO `vtiger_cron_task` (`id`, `name`, `handler_file`, `frequency`, `laststart`, `lastend`, `status`, `module`, `sequence`, `description`) VALUES
(1, 'Workflow', 'cron/modules/com_vtiger_workflow/com_vtiger_workflow.service', 900, 1551718812, 1551718813, 1, 'com_vtiger_workflow', 1, 'Recommended frequency for Workflow is 15 mins'),
(2, 'RecurringInvoice', 'cron/modules/SalesOrder/RecurringInvoice.service', 43200, 1551718813, 1551718813, 1, 'SalesOrder', 2, 'Recommended frequency for RecurringInvoice is 12 hours'),
(3, 'SendReminder', 'cron/SendReminder.service', 900, 1551718813, 1551718813, 1, 'Calendar', 3, 'Recommended frequency for SendReminder is 15 mins'),
(5, 'MailScanner', 'cron/MailScanner.service', 900, 1551718813, 1551718814, 1, 'Settings', 5, 'Recommended frequency for MailScanner is 15 mins'),
(6, 'Scheduled Import', 'cron/modules/Import/ScheduledImport.service', 900, NULL, NULL, 0, 'Import', 6, 'Recommended frequency for MailScanner is 15 mins'),
(7, 'ScheduleReports', 'cron/modules/Reports/ScheduleReports.service', 900, 1551718814, 1551718814, 1, 'Reports', 7, 'Recommended frequency for ScheduleReports is 15 mins');

-- --------------------------------------------------------

--
-- Table structure for table `vtiger_currencies`
--

CREATE TABLE `vtiger_currencies` (
  `currencyid` int(19) NOT NULL,
  `currency_name` varchar(200) DEFAULT NULL,
  `currency_code` varchar(50) DEFAULT NULL,
  `currency_symbol` varchar(11) DEFAULT NULL
) ENGINE=InnoDB DEFAULT CHARSET=utf8;

--
-- Dumping data for table `vtiger_currencies`
--

INSERT INTO `vtiger_currencies` (`currencyid`, `currency_name`, `currency_code`, `currency_symbol`) VALUES
(1, 'Albania, Leke', 'ALL', 'Lek'),
(2, 'Argentina, Pesos', 'ARS', '$'),
(3, 'Aruba, Guilders', 'AWG', ''),
(4, 'Australia, Dollars', 'AUD', '$'),
(5, 'Azerbaijan, New Manats', 'AZN', ''),
(6, 'Bahamas, Dollars', 'BSD', '$'),
(7, 'Bahrain, Dinar', 'BHD', 'BD'),
(8, 'Barbados, Dollars', 'BBD', '$'),
(9, 'Belarus, Rubles', 'BYR', 'p.'),
(10, 'Belize, Dollars', 'BZD', 'BZ$'),
(11, 'Bermuda, Dollars', 'BMD', '$'),
(12, 'Bolivia, Bolivianos', 'BOB', '$b'),
(13, 'China, Yuan Renminbi', 'CNY', ''),
(14, 'Convertible Marka', 'BAM', 'KM'),
(15, 'Botswana, Pulas', 'BWP', 'P'),
(16, 'Bulgaria, Leva', 'BGN', ''),
(17, 'Brazil, Reais', 'BRL', 'R$'),
(18, 'Great Britain Pounds', 'GBP', ''),
(19, 'Brunei Darussalam, Dollars', 'BND', '$'),
(20, 'Canada, Dollars', 'CAD', '$'),
(21, 'Cayman Islands, Dollars', 'KYD', '$'),
(22, 'Chile, Pesos', 'CLP', '$'),
(23, 'Colombia, Pesos', 'COP', '$'),
(24, 'Costa Rica, Coln', 'CRC', ''),
(25, 'Croatia, Kuna', 'HRK', 'kn'),
(26, 'Cuba, Pesos', 'CUP', ''),
(27, 'Czech Republic, Koruny', 'CZK', 'K'),
(28, 'Cyprus, Pounds', 'CYP', ''),
(29, 'Denmark, Kroner', 'DKK', 'kr'),
(30, 'Dominican Republic, Pesos', 'DOP', 'RD$'),
(31, 'East Caribbean, Dollars', 'XCD', '$'),
(32, 'Egypt, Pounds', 'EGP', 'E'),
(33, 'El Salvador, Coln', 'SVC', ''),
(34, 'England, Pounds', 'GBP', ''),
(35, 'Estonia, Krooni', 'EEK', 'kr'),
(36, 'Euro', 'EUR', ''),
(37, 'Falkland Islands, Pounds', 'FKP', ''),
(38, 'Fiji, Dollars', 'FJD', '$'),
(39, 'Ghana, Cedis', 'GHC', ''),
(40, 'Gibraltar, Pounds', 'GIP', ''),
(41, 'Guatemala, Quetzales', 'GTQ', 'Q'),
(42, 'Guernsey, Pounds', 'GGP', ''),
(43, 'Guyana, Dollars', 'GYD', '$'),
(44, 'Honduras, Lempiras', 'HNL', 'L'),
(45, 'Hong Kong, Dollars', 'HKD', 'HK$'),
(46, 'Hungary, Forint', 'HUF', 'Ft'),
(47, 'Iceland, Krona', 'ISK', 'kr'),
(48, 'India, Rupees', 'INR', ''),
(49, 'Indonesia, Rupiahs', 'IDR', 'Rp'),
(50, 'Iran, Rials', 'IRR', ''),
(51, 'Isle of Man, Pounds', 'IMP', ''),
(52, 'Israel, New Shekels', 'ILS', ''),
(53, 'Jamaica, Dollars', 'JMD', 'J$'),
(54, 'Japan, Yen', 'JPY', ''),
(55, 'Jersey, Pounds', 'JEP', ''),
(56, 'Jordan, Dinar', 'JOD', 'JOD'),
(57, 'Kazakhstan, Tenge', 'KZT', ''),
(58, 'Kenya, Shilling', 'KES', 'KES'),
(59, 'Korea (North), Won', 'KPW', ''),
(60, 'Korea (South), Won', 'KRW', ''),
(61, 'Kuwait, Dinar', 'KWD', 'KWD'),
(62, 'Kyrgyzstan, Soms', 'KGS', ''),
(63, 'Laos, Kips', 'LAK', ''),
(64, 'Latvia, Lati', 'LVL', 'Ls'),
(65, 'Lebanon, Pounds', 'LBP', ''),
(66, 'Liberia, Dollars', 'LRD', '$'),
(67, 'Switzerland Francs', 'CHF', 'CHF'),
(68, 'Lithuania, Litai', 'LTL', 'Lt'),
(69, 'MADAGASCAR, Malagasy Ariary', 'MGA', 'MGA'),
(70, 'Macedonia, Denars', 'MKD', ''),
(71, 'Malaysia, Ringgits', 'MYR', 'RM'),
(72, 'Malta, Liri', 'MTL', ''),
(73, 'Mauritius, Rupees', 'MUR', ''),
(74, 'Mexico, Pesos', 'MXN', '$'),
(75, 'Mongolia, Tugriks', 'MNT', ''),
(76, 'Mozambique, Meticais', 'MZN', 'MT'),
(77, 'Namibia, Dollars', 'NAD', '$'),
(78, 'Nepal, Rupees', 'NPR', ''),
(79, 'Netherlands Antilles, Guilders', 'ANG', ''),
(80, 'New Zealand, Dollars', 'NZD', '$'),
(81, 'Nicaragua, Cordobas', 'NIO', 'C$'),
(82, 'Nigeria, Nairas', 'NGN', ''),
(83, 'North Korea, Won', 'KPW', ''),
(84, 'Norway, Krone', 'NOK', 'kr'),
(85, 'Oman, Rials', 'OMR', ''),
(86, 'Pakistan, Rupees', 'PKR', ''),
(87, 'Panama, Balboa', 'PAB', 'B/.'),
(88, 'Paraguay, Guarani', 'PYG', 'Gs'),
(89, 'Peru, Nuevos Soles', 'PEN', 'S/.'),
(90, 'Philippines, Pesos', 'PHP', 'Php'),
(91, 'Poland, Zlotych', 'PLN', 'z'),
(92, 'Qatar, Rials', 'QAR', ''),
(93, 'Romania, New Lei', 'RON', 'lei'),
(94, 'Russia, Rubles', 'RUB', ''),
(95, 'Saint Helena, Pounds', 'SHP', ''),
(96, 'Saudi Arabia, Riyals', 'SAR', ''),
(97, 'Serbia, Dinars', 'RSD', '.'),
(98, 'Seychelles, Rupees', 'SCR', ''),
(99, 'Singapore, Dollars', 'SGD', '$'),
(100, 'Solomon Islands, Dollars', 'SBD', '$'),
(101, 'Somalia, Shillings', 'SOS', 'S'),
(102, 'South Africa, Rand', 'ZAR', 'R'),
(103, 'South Korea, Won', 'KRW', ''),
(104, 'Sri Lanka, Rupees', 'LKR', ''),
(105, 'Sweden, Kronor', 'SEK', 'kr'),
(106, 'Switzerland, Francs', 'CHF', 'CHF'),
(107, 'Suriname, Dollars', 'SRD', '$'),
(108, 'Syria, Pounds', 'SYP', ''),
(109, 'Taiwan, New Dollars', 'TWD', 'NT$'),
(110, 'Thailand, Baht', 'THB', ''),
(111, 'Trinidad and Tobago, Dollars', 'TTD', 'TT$'),
(112, 'Turkey, New Lira', 'TRY', 'YTL'),
(113, 'Turkey, Liras', 'TRL', ''),
(114, 'Tuvalu, Dollars', 'TVD', '$'),
(115, 'Ukraine, Hryvnia', 'UAH', ''),
(116, 'United Arab Emirates, Dirham', 'AED', 'AED'),
(117, 'United Kingdom, Pounds', 'GBP', ''),
(118, 'United Republic of Tanzania, Shilling', 'TZS', 'TZS'),
(119, 'USA, Dollars', 'USD', '$'),
(120, 'Uruguay, Pesos', 'UYU', '$U'),
(121, 'Uzbekistan, Sums', 'UZS', ''),
(122, 'Venezuela, Bolivares Fuertes', 'VEF', 'Bs'),
(123, 'Vietnam, Dong', 'VND', ''),
(124, 'Zambia, Kwacha', 'ZMK', 'ZMK'),
(125, 'Yemen, Rials', 'YER', ''),
(126, 'Zimbabwe Dollars', 'ZWD', 'Z$'),
(127, 'Malawi, Kwacha', 'MWK', 'MK'),
(128, 'Tunisian, Dinar', 'TD', 'TD'),
(129, 'Moroccan, Dirham', 'MAD', 'DH'),
(130, 'Iraqi Dinar', 'IQD', 'ID'),
(131, 'Maldivian Ruffiya', 'MVR', 'MVR'),
(132, 'Ugandan Shilling', 'UGX', 'Sh'),
(133, 'Sudanese Pound', 'SDG', ''),
(134, 'CFA Franc BCEAO', 'XOF', 'CFA'),
(135, 'CFA Franc BEAC', 'XAF', 'CFA'),
(136, 'Haiti, Gourde', 'HTG', 'G'),
(137, 'Libya, Dinar', 'LYD', 'LYD'),
(138, 'CFP Franc', 'XPF', 'F');

-- --------------------------------------------------------

--
-- Table structure for table `vtiger_currencies_seq`
--

CREATE TABLE `vtiger_currencies_seq` (
  `id` int(11) NOT NULL
) ENGINE=InnoDB DEFAULT CHARSET=utf8;

--
-- Dumping data for table `vtiger_currencies_seq`
--

INSERT INTO `vtiger_currencies_seq` (`id`) VALUES
(138);

-- --------------------------------------------------------

--
-- Table structure for table `vtiger_currency`
--

CREATE TABLE `vtiger_currency` (
  `currencyid` int(19) NOT NULL,
  `currency` varchar(200) NOT NULL,
  `sortorderid` int(19) NOT NULL DEFAULT '0',
  `presence` int(1) NOT NULL DEFAULT '1'
) ENGINE=InnoDB DEFAULT CHARSET=utf8;

-- --------------------------------------------------------

--
-- Table structure for table `vtiger_currency_decimal_separator`
--

CREATE TABLE `vtiger_currency_decimal_separator` (
  `currency_decimal_separatorid` int(19) NOT NULL,
  `currency_decimal_separator` varchar(2) NOT NULL,
  `sortorderid` int(19) NOT NULL DEFAULT '0',
  `presence` int(1) NOT NULL DEFAULT '1'
) ENGINE=InnoDB DEFAULT CHARSET=utf8;

--
-- Dumping data for table `vtiger_currency_decimal_separator`
--

INSERT INTO `vtiger_currency_decimal_separator` (`currency_decimal_separatorid`, `currency_decimal_separator`, `sortorderid`, `presence`) VALUES
(1, '.', 0, 1),
(2, ',', 1, 1),
(3, '\'', 2, 1),
(4, ' ', 3, 1),
(5, '$', 4, 1);

-- --------------------------------------------------------

--
-- Table structure for table `vtiger_currency_decimal_separator_seq`
--

CREATE TABLE `vtiger_currency_decimal_separator_seq` (
  `id` int(11) NOT NULL
) ENGINE=InnoDB DEFAULT CHARSET=utf8;

--
-- Dumping data for table `vtiger_currency_decimal_separator_seq`
--

INSERT INTO `vtiger_currency_decimal_separator_seq` (`id`) VALUES
(5);

-- --------------------------------------------------------

--
-- Table structure for table `vtiger_currency_grouping_pattern`
--

CREATE TABLE `vtiger_currency_grouping_pattern` (
  `currency_grouping_patternid` int(19) NOT NULL,
  `currency_grouping_pattern` varchar(200) NOT NULL,
  `sortorderid` int(19) NOT NULL DEFAULT '0',
  `presence` int(1) NOT NULL DEFAULT '1'
) ENGINE=InnoDB DEFAULT CHARSET=utf8;

--
-- Dumping data for table `vtiger_currency_grouping_pattern`
--

INSERT INTO `vtiger_currency_grouping_pattern` (`currency_grouping_patternid`, `currency_grouping_pattern`, `sortorderid`, `presence`) VALUES
(1, '123,456,789', 0, 1),
(2, '123456789', 1, 1),
(3, '123456,789', 2, 1),
(4, '12,34,56,789', 3, 1);

-- --------------------------------------------------------

--
-- Table structure for table `vtiger_currency_grouping_pattern_seq`
--

CREATE TABLE `vtiger_currency_grouping_pattern_seq` (
  `id` int(11) NOT NULL
) ENGINE=InnoDB DEFAULT CHARSET=utf8;

--
-- Dumping data for table `vtiger_currency_grouping_pattern_seq`
--

INSERT INTO `vtiger_currency_grouping_pattern_seq` (`id`) VALUES
(4);

-- --------------------------------------------------------

--
-- Table structure for table `vtiger_currency_grouping_separator`
--

CREATE TABLE `vtiger_currency_grouping_separator` (
  `currency_grouping_separatorid` int(19) NOT NULL,
  `currency_grouping_separator` varchar(2) NOT NULL,
  `sortorderid` int(19) NOT NULL DEFAULT '0',
  `presence` int(1) NOT NULL DEFAULT '1'
) ENGINE=InnoDB DEFAULT CHARSET=utf8;

--
-- Dumping data for table `vtiger_currency_grouping_separator`
--

INSERT INTO `vtiger_currency_grouping_separator` (`currency_grouping_separatorid`, `currency_grouping_separator`, `sortorderid`, `presence`) VALUES
(1, ',', 0, 1),
(2, '.', 1, 1),
(3, '\'', 2, 1),
(4, ' ', 3, 1),
(5, '$', 4, 1);

-- --------------------------------------------------------

--
-- Table structure for table `vtiger_currency_grouping_separator_seq`
--

CREATE TABLE `vtiger_currency_grouping_separator_seq` (
  `id` int(11) NOT NULL
) ENGINE=InnoDB DEFAULT CHARSET=utf8;

--
-- Dumping data for table `vtiger_currency_grouping_separator_seq`
--

INSERT INTO `vtiger_currency_grouping_separator_seq` (`id`) VALUES
(5);

-- --------------------------------------------------------

--
-- Table structure for table `vtiger_currency_info`
--

CREATE TABLE `vtiger_currency_info` (
  `id` int(11) NOT NULL,
  `currency_name` varchar(100) DEFAULT NULL,
  `currency_code` varchar(100) DEFAULT NULL,
  `currency_symbol` varchar(30) DEFAULT NULL,
  `conversion_rate` decimal(12,5) DEFAULT NULL,
  `currency_status` varchar(25) DEFAULT NULL,
  `defaultid` varchar(10) NOT NULL DEFAULT '0',
  `deleted` int(1) NOT NULL DEFAULT '0'
) ENGINE=InnoDB DEFAULT CHARSET=utf8;

--
-- Dumping data for table `vtiger_currency_info`
--

INSERT INTO `vtiger_currency_info` (`id`, `currency_name`, `currency_code`, `currency_symbol`, `conversion_rate`, `currency_status`, `defaultid`, `deleted`) VALUES
(1, 'USA, Dollars', 'USD', '$', '1.00000', 'Active', '-11', 0);

-- --------------------------------------------------------

--
-- Table structure for table `vtiger_currency_info_seq`
--

CREATE TABLE `vtiger_currency_info_seq` (
  `id` int(11) NOT NULL
) ENGINE=InnoDB DEFAULT CHARSET=utf8;

--
-- Dumping data for table `vtiger_currency_info_seq`
--

INSERT INTO `vtiger_currency_info_seq` (`id`) VALUES
(1);

-- --------------------------------------------------------

--
-- Table structure for table `vtiger_currency_symbol_placement`
--

CREATE TABLE `vtiger_currency_symbol_placement` (
  `currency_symbol_placementid` int(19) NOT NULL,
  `currency_symbol_placement` varchar(30) NOT NULL,
  `sortorderid` int(19) NOT NULL DEFAULT '0',
  `presence` int(1) NOT NULL DEFAULT '1'
) ENGINE=InnoDB DEFAULT CHARSET=utf8;

--
-- Dumping data for table `vtiger_currency_symbol_placement`
--

INSERT INTO `vtiger_currency_symbol_placement` (`currency_symbol_placementid`, `currency_symbol_placement`, `sortorderid`, `presence`) VALUES
(1, '$1.0', 0, 1),
(2, '1.0$', 1, 1);

-- --------------------------------------------------------

--
-- Table structure for table `vtiger_currency_symbol_placement_seq`
--

CREATE TABLE `vtiger_currency_symbol_placement_seq` (
  `id` int(11) NOT NULL
) ENGINE=InnoDB DEFAULT CHARSET=utf8;

--
-- Dumping data for table `vtiger_currency_symbol_placement_seq`
--

INSERT INTO `vtiger_currency_symbol_placement_seq` (`id`) VALUES
(2);

-- --------------------------------------------------------

--
-- Table structure for table `vtiger_customaction`
--

CREATE TABLE `vtiger_customaction` (
  `cvid` int(19) NOT NULL,
  `subject` varchar(250) NOT NULL,
  `module` varchar(50) NOT NULL,
  `content` text
) ENGINE=InnoDB DEFAULT CHARSET=utf8;

-- --------------------------------------------------------

--
-- Table structure for table `vtiger_customerdetails`
--

CREATE TABLE `vtiger_customerdetails` (
  `customerid` int(19) NOT NULL,
  `portal` varchar(3) DEFAULT NULL,
  `support_start_date` date DEFAULT NULL,
  `support_end_date` date DEFAULT NULL
) ENGINE=InnoDB DEFAULT CHARSET=utf8;

--
-- Dumping data for table `vtiger_customerdetails`
--

INSERT INTO `vtiger_customerdetails` (`customerid`, `portal`, `support_start_date`, `support_end_date`) VALUES
(124, '0', '2019-07-11', '2020-07-11');

-- --------------------------------------------------------

--
-- Table structure for table `vtiger_customerportal_fields`
--

CREATE TABLE `vtiger_customerportal_fields` (
  `tabid` int(19) NOT NULL,
  `fieldinfo` text,
  `records_visible` int(1) DEFAULT NULL
) ENGINE=InnoDB DEFAULT CHARSET=utf8;

--
-- Dumping data for table `vtiger_customerportal_fields`
--

INSERT INTO `vtiger_customerportal_fields` (`tabid`, `fieldinfo`, `records_visible`) VALUES
(4, '{\"lastname\":1,\"assigned_user_id\":1}', 1),
(6, '{\"accountname\":1,\"assigned_user_id\":1}', 1),
(8, '{\"notes_title\":1,\"assigned_user_id\":0,\"filename\":0}', 1),
(13, '{\"ticket_title\":1,\"assigned_user_id\":0,\"ticketpriorities\":1,\"ticketstatus\":1,\"description\":1,\"product_id\":1,\"ticketseverities\":1,\"ticketcategories\":1}', 1),
(14, '{\"productname\":1,\"assigned_user_id\":0}', 1),
(15, '{\"faqstatus\":1,\"question\":1,\"faq_answer\":1}', 1),
(20, '{\"subject\":1,\"quotestage\":1,\"account_id\":1,\"assigned_user_id\":0,\"bill_street\":1,\"ship_street\":1}', 1),
(23, '{\"subject\":1,\"account_id\":1,\"assigned_user_id\":0,\"bill_street\":1,\"ship_street\":1}', 1),
(33, '{\"servicename\":1}', 1),
(37, '{\"subject\":1,\"assigned_user_id\":0}', 0),
(40, '{\"product\":1,\"serialnumber\":0,\"assigned_user_id\":0,\"datesold\":0,\"dateinservice\":1,\"assetstatus\":1,\"assetname\":1,\"account\":0}', 1),
(45, '{\"projectmilestonename\":1,\"projectid\":1,\"assigned_user_id\":0}', 1),
(46, '{\"projecttaskname\":1,\"projectid\":1,\"assigned_user_id\":0}', 1),
(47, '{\"projectname\":1,\"assigned_user_id\":0}', 1);

-- --------------------------------------------------------

--
-- Table structure for table `vtiger_customerportal_prefs`
--

CREATE TABLE `vtiger_customerportal_prefs` (
  `tabid` int(19) NOT NULL,
  `prefkey` varchar(100) NOT NULL,
  `prefvalue` int(20) DEFAULT NULL
) ENGINE=InnoDB DEFAULT CHARSET=utf8;

--
-- Dumping data for table `vtiger_customerportal_prefs`
--

INSERT INTO `vtiger_customerportal_prefs` (`tabid`, `prefkey`, `prefvalue`) VALUES
(0, 'defaultassignee', 1),
(0, 'userid', 1),
(4, 'showrelatedinfo', 1),
(6, 'showrelatedinfo', 1),
(8, 'showrelatedinfo', 1),
(13, 'showrelatedinfo', 1),
(14, 'showrelatedinfo', 1),
(15, 'showrelatedinfo', 1),
(20, 'showrelatedinfo', 1),
(23, 'showrelatedinfo', 1),
(33, 'showrelatedinfo', 1),
(40, 'showrelatedinfo', 1),
(45, 'showrelatedinfo', 1),
(46, 'showrelatedinfo', 1),
(47, 'showrelatedinfo', 1);

-- --------------------------------------------------------

--
-- Table structure for table `vtiger_customerportal_relatedmoduleinfo`
--

CREATE TABLE `vtiger_customerportal_relatedmoduleinfo` (
  `tabid` int(19) NOT NULL DEFAULT '0',
  `relatedmodules` text
) ENGINE=InnoDB DEFAULT CHARSET=utf8;

--
-- Dumping data for table `vtiger_customerportal_relatedmoduleinfo`
--

INSERT INTO `vtiger_customerportal_relatedmoduleinfo` (`tabid`, `relatedmodules`) VALUES
(8, '[{\"name\":\"History\",\"value\":1}]'),
(13, '[{\"name\":\"History\",\"value\":1},{\"name\":\"ModComments\",\"value\":1},{\"name\":\"Documents\",\"value\":1}]'),
(14, '[{\"name\":\"History\",\"value\":1}]'),
(15, 'null'),
(20, '[{\"name\":\"History\",\"value\":1}]'),
(23, '[{\"name\":\"History\",\"value\":1}]'),
(33, '[{\"name\":\"History\",\"value\":1}]'),
(37, '[{\"name\":\"History\",\"value\":1}]'),
(40, '[{\"name\":\"History\",\"value\":1}]'),
(45, '[{\"name\":\"History\",\"value\":1}]'),
(46, '[{\"name\":\"History\",\"value\":1},{\"name\":\"ModComments\",\"value\":1}]'),
(47, '[{\"name\":\"History\",\"value\":1},{\"name\":\"ModComments\",\"value\":1},{\"name\":\"ProjectTask\",\"value\":1},{\"name\":\"ProjectMilestone\",\"value\":1},{\"name\":\"Documents\",\"value\":1}]');

-- --------------------------------------------------------

--
-- Table structure for table `vtiger_customerportal_settings`
--

CREATE TABLE `vtiger_customerportal_settings` (
  `id` int(11) DEFAULT NULL,
  `url` varchar(250) DEFAULT NULL,
  `default_assignee` int(11) DEFAULT NULL,
  `support_notification` int(11) DEFAULT NULL,
  `announcement` text,
  `shortcuts` text,
  `widgets` text,
  `charts` text
) ENGINE=InnoDB DEFAULT CHARSET=utf8;

--
-- Dumping data for table `vtiger_customerportal_settings`
--

INSERT INTO `vtiger_customerportal_settings` (`id`, `url`, `default_assignee`, `support_notification`, `announcement`, `shortcuts`, `widgets`, `charts`) VALUES
(1, NULL, 1, 0, '', '{\"Documents\":{\"LBL_ADD_DOCUMENT\":1},\"HelpDesk\":{\"LBL_CREATE_TICKET\":1,\"LBL_OPEN_TICKETS\":1}}', '{\"widgets\":{\"HelpDesk\":\"1\",\"Documents\":\"1\",\"Faq\":\"1\"}}', '{\"charts\":{\"OpenTicketsByPriority\":1,\"TicketsClosureTimeByPriority\":1}}');

-- --------------------------------------------------------

--
-- Table structure for table `vtiger_customerportal_tabs`
--

CREATE TABLE `vtiger_customerportal_tabs` (
  `tabid` int(19) NOT NULL,
  `visible` int(1) DEFAULT '1',
  `sequence` int(1) DEFAULT NULL,
  `createrecord` tinyint(1) NOT NULL DEFAULT '0',
  `editrecord` tinyint(1) NOT NULL DEFAULT '0'
) ENGINE=InnoDB DEFAULT CHARSET=utf8;

--
-- Dumping data for table `vtiger_customerportal_tabs`
--

INSERT INTO `vtiger_customerportal_tabs` (`tabid`, `visible`, `sequence`, `createrecord`, `editrecord`) VALUES
(4, 0, 9, 0, 1),
(6, 0, 10, 0, 1),
(8, 1, 8, 1, 0),
(13, 0, 2, 1, 1),
(14, 1, 6, 0, 0),
(15, 0, 3, 0, 0),
(20, 0, 5, 0, 0),
(23, 1, 4, 0, 0),
(33, 0, 7, 0, 0),
(37, 0, 13, 1, 1),
(40, 0, 9, 0, 1),
(45, 0, 10, 0, 0),
(46, 0, 11, 0, 0),
(47, 0, 12, 0, 0);

-- --------------------------------------------------------

--
-- Table structure for table `vtiger_customview`
--

CREATE TABLE `vtiger_customview` (
  `cvid` int(19) NOT NULL,
  `viewname` varchar(100) NOT NULL,
  `setdefault` int(1) DEFAULT '0',
  `setmetrics` int(1) DEFAULT '0',
  `entitytype` varchar(25) NOT NULL,
  `status` int(1) DEFAULT '1',
  `userid` int(19) DEFAULT '1'
) ENGINE=InnoDB DEFAULT CHARSET=utf8;

--
-- Dumping data for table `vtiger_customview`
--

INSERT INTO `vtiger_customview` (`cvid`, `viewname`, `setdefault`, `setmetrics`, `entitytype`, `status`, `userid`) VALUES
(1, 'All', 1, 0, 'Leads', 0, 1),
(2, 'Hot Leads', 0, 1, 'Leads', 3, 1),
(3, 'This Month Leads', 0, 0, 'Leads', 3, 1),
(4, 'All', 1, 0, 'Accounts', 0, 1),
(5, 'Prospect Accounts', 0, 1, 'Accounts', 3, 1),
(6, 'New This Week', 0, 0, 'Accounts', 3, 1),
(7, 'All', 1, 0, 'Contacts', 0, 1),
(8, 'Contacts Address', 0, 0, 'Contacts', 3, 1),
(9, 'Todays Birthday', 0, 0, 'Contacts', 3, 1),
(10, 'All', 1, 0, 'Potentials', 0, 1),
(11, 'Potentials Won', 0, 1, 'Potentials', 3, 1),
(12, 'Prospecting', 0, 0, 'Potentials', 3, 1),
(13, 'All', 1, 0, 'HelpDesk', 0, 1),
(14, 'Open Tickets', 0, 1, 'HelpDesk', 3, 1),
(15, 'High Prioriy Tickets', 0, 0, 'HelpDesk', 3, 1),
(16, 'All', 1, 0, 'Quotes', 0, 1),
(17, 'Open Quotes', 0, 1, 'Quotes', 3, 1),
(18, 'Rejected Quotes', 0, 0, 'Quotes', 3, 1),
(19, 'All', 1, 0, 'Calendar', 0, 1),
(20, 'All', 1, 0, 'Emails', 0, 1),
(21, 'All', 1, 0, 'Invoice', 0, 1),
(22, 'All', 1, 0, 'Documents', 0, 1),
(23, 'All', 1, 0, 'PriceBooks', 0, 1),
(24, 'All', 1, 0, 'Products', 0, 1),
(25, 'All', 1, 0, 'PurchaseOrder', 0, 1),
(26, 'All', 1, 0, 'SalesOrder', 0, 1),
(27, 'All', 1, 0, 'Vendors', 0, 1),
(28, 'All', 1, 0, 'Faq', 0, 1),
(29, 'All', 1, 0, 'Campaigns', 0, 1),
(30, 'All', 1, 0, 'Webmails', 0, 1),
(31, 'Drafted FAQ', 0, 0, 'Faq', 3, 1),
(32, 'Published FAQ', 0, 0, 'Faq', 3, 1),
(33, 'Open Purchase Orders', 0, 0, 'PurchaseOrder', 3, 1),
(34, 'Received Purchase Orders', 0, 0, 'PurchaseOrder', 3, 1),
(35, 'Open Invoices', 0, 0, 'Invoice', 3, 1),
(36, 'Paid Invoices', 0, 0, 'Invoice', 3, 1),
(37, 'Pending Sales Orders', 0, 0, 'SalesOrder', 3, 1),
(38, 'All', 1, 0, 'PBXManager', 0, 1),
(39, 'All', 1, 0, 'Services', 0, 1),
(40, 'All', 1, 0, 'ServiceContracts', 0, 1),
(41, 'All', 0, 0, 'SMSNotifier', 0, 1),
(42, 'All', 1, 0, 'Assets', 0, 1),
(43, 'All', 0, 0, 'ModComments', 0, 1),
(47, 'All', 1, 0, 'ProjectMilestone', 0, 1),
(48, 'All', 1, 0, 'ProjectTask', 0, 1),
(49, 'All', 1, 0, 'Project', 0, 1),
(50, 'All', 1, 0, 'Batch', 0, 1),
(51, 'All', 1, 0, 'BatchInventory', 0, 1),
(52, 'All', 1, 0, 'HeatRun', 0, 1),
(53, 'All', 1, 0, 'BatchMovement', 0, 1),
(54, 'All', 1, 0, 'Cork', 0, 1),
(57, 'All', 1, 0, 'Rejection', 0, 1),
(58, 'All', 1, 0, 'Dispatch', 0, 1),
(61, 'Selected_list', 1, 0, 'Products', 1, 1),
(62, 'selected_core', 1, 1, 'Cork', 1, 1);

-- --------------------------------------------------------

--
-- Table structure for table `vtiger_customview_seq`
--

CREATE TABLE `vtiger_customview_seq` (
  `id` int(11) NOT NULL
) ENGINE=InnoDB DEFAULT CHARSET=utf8;

--
-- Dumping data for table `vtiger_customview_seq`
--

INSERT INTO `vtiger_customview_seq` (`id`) VALUES
(63);

-- --------------------------------------------------------

--
-- Table structure for table `vtiger_cv2group`
--

CREATE TABLE `vtiger_cv2group` (
  `cvid` int(25) NOT NULL,
  `groupid` int(25) NOT NULL
) ENGINE=InnoDB DEFAULT CHARSET=utf8;

-- --------------------------------------------------------

--
-- Table structure for table `vtiger_cv2role`
--

CREATE TABLE `vtiger_cv2role` (
  `cvid` int(25) NOT NULL,
  `roleid` varchar(255) NOT NULL
) ENGINE=InnoDB DEFAULT CHARSET=utf8;

-- --------------------------------------------------------

--
-- Table structure for table `vtiger_cv2rs`
--

CREATE TABLE `vtiger_cv2rs` (
  `cvid` int(25) NOT NULL,
  `rsid` varchar(255) NOT NULL
) ENGINE=InnoDB DEFAULT CHARSET=utf8;

-- --------------------------------------------------------

--
-- Table structure for table `vtiger_cv2users`
--

CREATE TABLE `vtiger_cv2users` (
  `cvid` int(25) NOT NULL,
  `userid` int(25) NOT NULL
) ENGINE=InnoDB DEFAULT CHARSET=utf8;

-- --------------------------------------------------------

--
-- Table structure for table `vtiger_cvadvfilter`
--

CREATE TABLE `vtiger_cvadvfilter` (
  `cvid` int(19) NOT NULL,
  `columnindex` int(11) NOT NULL,
  `columnname` varchar(250) DEFAULT '',
  `comparator` varchar(20) DEFAULT NULL,
  `value` varchar(512) DEFAULT NULL,
  `groupid` int(11) DEFAULT '1',
  `column_condition` varchar(255) DEFAULT 'and'
) ENGINE=InnoDB DEFAULT CHARSET=utf8;

--
-- Dumping data for table `vtiger_cvadvfilter`
--

INSERT INTO `vtiger_cvadvfilter` (`cvid`, `columnindex`, `columnname`, `comparator`, `value`, `groupid`, `column_condition`) VALUES
(2, 0, 'vtiger_leaddetails:leadstatus:leadstatus:Leads_Lead_Status:V', 'e', 'Hot', 1, 'and'),
(5, 0, 'vtiger_account:account_type:accounttype:Accounts_Type:V', 'e', 'Prospect', 1, 'and'),
(11, 0, 'vtiger_potential:sales_stage:sales_stage:Potentials_Sales_Stage:V', 'e', 'Closed Won', 1, 'and'),
(12, 0, 'vtiger_potential:sales_stage:sales_stage:Potentials_Sales_Stage:V', 'e', 'Prospecting', 1, 'and'),
(14, 0, 'vtiger_troubletickets:status:ticketstatus:HelpDesk_Status:V', 'n', 'Closed', 1, 'and'),
(15, 0, 'vtiger_troubletickets:priority:ticketpriorities:HelpDesk_Priority:V', 'e', 'High', 1, 'and'),
(17, 0, 'vtiger_quotes:quotestage:quotestage:Quotes_Quote_Stage:V', 'n', 'Accepted', 1, 'and'),
(17, 1, 'vtiger_quotes:quotestage:quotestage:Quotes_Quote_Stage:V', 'n', 'Rejected', 1, 'and'),
(18, 0, 'vtiger_quotes:quotestage:quotestage:Quotes_Quote_Stage:V', 'e', 'Rejected', 1, 'and'),
(31, 0, 'vtiger_faq:status:faqstatus:Faq_Status:V', 'e', 'Draft', 1, 'and'),
(32, 0, 'vtiger_faq:status:faqstatus:Faq_Status:V', 'e', 'Published', 1, 'and'),
(33, 0, 'vtiger_purchaseorder:postatus:postatus:PurchaseOrder_Status:V', 'e', 'Created, Approved, Delivered', 1, 'and'),
(34, 0, 'vtiger_purchaseorder:postatus:postatus:PurchaseOrder_Status:V', 'e', 'Received Shipment', 1, 'and'),
(35, 0, 'vtiger_invoice:invoicestatus:invoicestatus:Invoice_Status:V', 'e', 'Created, Approved, Sent', 1, 'and'),
(36, 0, 'vtiger_invoice:invoicestatus:invoicestatus:Invoice_Status:V', 'e', 'Paid', 1, 'and'),
(37, 0, 'vtiger_salesorder:sostatus:sostatus:SalesOrder_Status:V', 'e', 'Created, Approved', 1, 'and');

-- --------------------------------------------------------

--
-- Table structure for table `vtiger_cvadvfilter_grouping`
--

CREATE TABLE `vtiger_cvadvfilter_grouping` (
  `groupid` int(11) NOT NULL,
  `cvid` int(19) NOT NULL,
  `group_condition` varchar(255) DEFAULT NULL,
  `condition_expression` text
) ENGINE=InnoDB DEFAULT CHARSET=utf8;

--
-- Dumping data for table `vtiger_cvadvfilter_grouping`
--

INSERT INTO `vtiger_cvadvfilter_grouping` (`groupid`, `cvid`, `group_condition`, `condition_expression`) VALUES
(1, 2, '', ''),
(1, 5, '', ''),
(1, 11, '', ''),
(1, 12, '', ''),
(1, 14, '', ''),
(1, 15, '', ''),
(1, 17, '', ''),
(1, 18, '', ''),
(1, 31, '', ''),
(1, 32, '', ''),
(1, 33, '', ''),
(1, 34, '', ''),
(1, 35, '', ''),
(1, 36, '', ''),
(1, 37, '', '');

-- --------------------------------------------------------

--
-- Table structure for table `vtiger_cvcolumnlist`
--

CREATE TABLE `vtiger_cvcolumnlist` (
  `cvid` int(19) NOT NULL,
  `columnindex` int(11) NOT NULL,
  `columnname` varchar(250) DEFAULT ''
) ENGINE=InnoDB DEFAULT CHARSET=utf8;

--
-- Dumping data for table `vtiger_cvcolumnlist`
--

INSERT INTO `vtiger_cvcolumnlist` (`cvid`, `columnindex`, `columnname`) VALUES
(1, 1, 'vtiger_leaddetails:firstname:firstname:Leads_First_Name:V'),
(1, 2, 'vtiger_leaddetails:lastname:lastname:Leads_Last_Name:V'),
(1, 3, 'vtiger_leaddetails:company:company:Leads_Company:V'),
(1, 4, 'vtiger_leadaddress:phone:phone:Leads_Phone:V'),
(1, 5, 'vtiger_leadsubdetails:website:website:Leads_Website:V'),
(1, 6, 'vtiger_leaddetails:email:email:Leads_Email:V'),
(1, 7, 'vtiger_crmentity:smownerid:assigned_user_id:Leads_Assigned_To:V'),
(2, 0, 'vtiger_leaddetails:firstname:firstname:Leads_First_Name:V'),
(2, 1, 'vtiger_leaddetails:lastname:lastname:Leads_Last_Name:V'),
(2, 2, 'vtiger_leaddetails:company:company:Leads_Company:V'),
(2, 3, 'vtiger_leaddetails:leadsource:leadsource:Leads_Lead_Source:V'),
(2, 4, 'vtiger_leadsubdetails:website:website:Leads_Website:V'),
(2, 5, 'vtiger_leaddetails:email:email:Leads_Email:E'),
(3, 0, 'vtiger_leaddetails:firstname:firstname:Leads_First_Name:V'),
(3, 1, 'vtiger_leaddetails:lastname:lastname:Leads_Last_Name:V'),
(3, 2, 'vtiger_leaddetails:company:company:Leads_Company:V'),
(3, 3, 'vtiger_leaddetails:leadsource:leadsource:Leads_Lead_Source:V'),
(3, 4, 'vtiger_leadsubdetails:website:website:Leads_Website:V'),
(3, 5, 'vtiger_leaddetails:email:email:Leads_Email:E'),
(4, 1, 'vtiger_account:accountname:accountname:Accounts_Account_Name:V'),
(4, 2, 'vtiger_accountbillads:bill_city:bill_city:Accounts_Billing_City:V'),
(4, 3, 'vtiger_account:website:website:Accounts_Website:V'),
(4, 4, 'vtiger_account:phone:phone:Accounts_Phone:V'),
(4, 5, 'vtiger_crmentity:smownerid:assigned_user_id:Accounts_Assigned_To:V'),
(5, 0, 'vtiger_account:accountname:accountname:Accounts_Account_Name:V'),
(5, 1, 'vtiger_account:phone:phone:Accounts_Phone:V'),
(5, 2, 'vtiger_account:website:website:Accounts_Website:V'),
(5, 3, 'vtiger_account:rating:rating:Accounts_Rating:V'),
(5, 4, 'vtiger_crmentity:smownerid:assigned_user_id:Accounts_Assigned_To:V'),
(6, 0, 'vtiger_account:accountname:accountname:Accounts_Account_Name:V'),
(6, 1, 'vtiger_account:phone:phone:Accounts_Phone:V'),
(6, 2, 'vtiger_account:website:website:Accounts_Website:V'),
(6, 3, 'vtiger_accountbillads:bill_city:bill_city:Accounts_City:V'),
(6, 4, 'vtiger_crmentity:smownerid:assigned_user_id:Accounts_Assigned_To:V'),
(7, 1, 'vtiger_contactdetails:firstname:firstname:Contacts_First_Name:V'),
(7, 2, 'vtiger_contactdetails:lastname:lastname:Contacts_Last_Name:V'),
(7, 3, 'vtiger_contactdetails:title:title:Contacts_Title:V'),
(7, 4, 'vtiger_contactdetails:accountid:account_id:Contacts_Account_Name:V'),
(7, 5, 'vtiger_contactdetails:email:email:Contacts_Email:V'),
(7, 6, 'vtiger_contactdetails:phone:phone:Contacts_Office_Phone:V'),
(7, 7, 'vtiger_crmentity:smownerid:assigned_user_id:Contacts_Assigned_To:V'),
(8, 0, 'vtiger_contactdetails:firstname:firstname:Contacts_First_Name:V'),
(8, 1, 'vtiger_contactdetails:lastname:lastname:Contacts_Last_Name:V'),
(8, 2, 'vtiger_contactaddress:mailingstreet:mailingstreet:Contacts_Mailing_Street:V'),
(8, 3, 'vtiger_contactaddress:mailingcity:mailingcity:Contacts_Mailing_City:V'),
(8, 4, 'vtiger_contactaddress:mailingstate:mailingstate:Contacts_Mailing_State:V'),
(8, 5, 'vtiger_contactaddress:mailingzip:mailingzip:Contacts_Mailing_Zip:V'),
(8, 6, 'vtiger_contactaddress:mailingcountry:mailingcountry:Contacts_Mailing_Country:V'),
(9, 0, 'vtiger_contactdetails:firstname:firstname:Contacts_First_Name:V'),
(9, 1, 'vtiger_contactdetails:lastname:lastname:Contacts_Last_Name:V'),
(9, 2, 'vtiger_contactdetails:title:title:Contacts_Title:V'),
(9, 3, 'vtiger_contactdetails:accountid:account_id:Contacts_Account_Name:I'),
(9, 4, 'vtiger_contactdetails:email:email:Contacts_Email:E'),
(9, 5, 'vtiger_contactsubdetails:otherphone:otherphone:Contacts_Phone:V'),
(9, 6, 'vtiger_crmentity:smownerid:assigned_user_id:Contacts_Assigned_To:V'),
(10, 1, 'vtiger_potential:potentialname:potentialname:Potentials_Potential_Name:V'),
(10, 2, 'vtiger_potential:related_to:related_to:Potentials_Related_To:V'),
(10, 3, 'vtiger_potential:sales_stage:sales_stage:Potentials_Sales_Stage:V'),
(10, 4, 'vtiger_potential:leadsource:leadsource:Potentials_Lead_Source:V'),
(10, 5, 'vtiger_potential:closingdate:closingdate:Potentials_Expected_Close_Date:D'),
(10, 6, 'vtiger_potential:amount:amount:Potentials_Amount:N'),
(10, 7, 'vtiger_crmentity:smownerid:assigned_user_id:Potentials_Assigned_To:V'),
(10, 8, 'vtiger_potential:contact_id:contact_id:Potentials_Contact_Name:V'),
(11, 0, 'vtiger_potential:potentialname:potentialname:Potentials_Potential_Name:V'),
(11, 1, 'vtiger_potential:related_to:related_to:Potentials_Related_To:V'),
(11, 2, 'vtiger_potential:amount:amount:Potentials_Amount:N'),
(11, 3, 'vtiger_potential:closingdate:closingdate:Potentials_Expected_Close_Date:D'),
(11, 4, 'vtiger_crmentity:smownerid:assigned_user_id:Potentials_Assigned_To:V'),
(11, 5, 'vtiger_potential:contact_id:contact_id:Potentials_Contact_Name:V'),
(12, 0, 'vtiger_potential:potentialname:potentialname:Potentials_Potential_Name:V'),
(12, 1, 'vtiger_potential:related_to:related_to:Potentials_Related_To:V'),
(12, 2, 'vtiger_potential:amount:amount:Potentials_Amount:N'),
(12, 3, 'vtiger_potential:leadsource:leadsource:Potentials_Lead_Source:V'),
(12, 4, 'vtiger_potential:closingdate:closingdate:Potentials_Expected_Close_Date:D'),
(12, 5, 'vtiger_crmentity:smownerid:assigned_user_id:Potentials_Assigned_To:V'),
(12, 6, 'vtiger_potential:contact_id:contact_id:Potentials_Contact_Name:V'),
(13, 1, 'vtiger_troubletickets:title:ticket_title:HelpDesk_Title:V'),
(13, 2, 'vtiger_troubletickets:parent_id:parent_id:HelpDesk_Related_To:V'),
(13, 3, 'vtiger_troubletickets:status:ticketstatus:HelpDesk_Status:V'),
(13, 4, 'vtiger_troubletickets:priority:ticketpriorities:HelpDesk_Priority:V'),
(13, 5, 'vtiger_crmentity:smownerid:assigned_user_id:HelpDesk_Assigned_To:V'),
(13, 6, 'vtiger_troubletickets:contact_id:contact_id:HelpDesk_Contact_Name:V'),
(14, 0, 'vtiger_troubletickets:title:ticket_title:HelpDesk_Title:V'),
(14, 1, 'vtiger_troubletickets:parent_id:parent_id:HelpDesk_Related_To:I'),
(14, 2, 'vtiger_troubletickets:priority:ticketpriorities:HelpDesk_Priority:V'),
(14, 3, 'vtiger_troubletickets:product_id:product_id:HelpDesk_Product_Name:I'),
(14, 4, 'vtiger_crmentity:smownerid:assigned_user_id:HelpDesk_Assigned_To:V'),
(14, 5, 'vtiger_troubletickets:contact_id:contact_id:HelpDesk_Contact_Name:V'),
(15, 0, 'vtiger_troubletickets:title:ticket_title:HelpDesk_Title:V'),
(15, 1, 'vtiger_troubletickets:parent_id:parent_id:HelpDesk_Related_To:I'),
(15, 2, 'vtiger_troubletickets:status:ticketstatus:HelpDesk_Status:V'),
(15, 3, 'vtiger_troubletickets:product_id:product_id:HelpDesk_Product_Name:I'),
(15, 4, 'vtiger_crmentity:smownerid:assigned_user_id:HelpDesk_Assigned_To:V'),
(15, 5, 'vtiger_troubletickets:contact_id:contact_id:HelpDesk_Contact_Name:V'),
(16, 1, 'vtiger_quotes:subject:subject:Quotes_Subject:V'),
(16, 2, 'vtiger_quotes:quotestage:quotestage:Quotes_Quote_Stage:V'),
(16, 3, 'vtiger_quotes:potentialid:potential_id:Quotes_Potential_Name:V'),
(16, 4, 'vtiger_quotes:accountid:account_id:Quotes_Account_Name:V'),
(16, 5, 'vtiger_quotes:total:hdnGrandTotal:Quotes_Total:N'),
(16, 6, 'vtiger_crmentity:smownerid:assigned_user_id:Quotes_Assigned_To:V'),
(17, 0, 'vtiger_quotes:subject:subject:Quotes_Subject:V'),
(17, 1, 'vtiger_quotes:quotestage:quotestage:Quotes_Quote_Stage:V'),
(17, 2, 'vtiger_quotes:potentialid:potential_id:Quotes_Potential_Name:I'),
(17, 3, 'vtiger_quotes:accountid:account_id:Quotes_Account_Name:I'),
(17, 4, 'vtiger_quotes:validtill:validtill:Quotes_Valid_Till:D'),
(17, 5, 'vtiger_crmentity:smownerid:assigned_user_id:Quotes_Assigned_To:V'),
(18, 0, 'vtiger_quotes:subject:subject:Quotes_Subject:V'),
(18, 1, 'vtiger_quotes:potentialid:potential_id:Quotes_Potential_Name:I'),
(18, 2, 'vtiger_quotes:accountid:account_id:Quotes_Account_Name:I'),
(18, 3, 'vtiger_quotes:validtill:validtill:Quotes_Valid_Till:D'),
(18, 4, 'vtiger_crmentity:smownerid:assigned_user_id:Quotes_Assigned_To:V'),
(19, 0, 'vtiger_activity:status:taskstatus:Calendar_Status:V'),
(19, 1, 'vtiger_activity:activitytype:activitytype:Calendar_Activity_Type:V'),
(19, 2, 'vtiger_activity:subject:subject:Calendar_Subject:V'),
(19, 3, 'vtiger_seactivityrel:crmid:parent_id:Calendar_Related_To:V'),
(19, 4, 'vtiger_activity:date_start:date_start:Calendar_Start_Date_&_Time:DT'),
(19, 5, 'vtiger_activity:due_date:due_date:Calendar_Due_Date:D'),
(19, 6, 'vtiger_crmentity:smownerid:assigned_user_id:Calendar_Assigned_To:V'),
(20, 0, 'vtiger_activity:subject:subject:Emails_Subject:V'),
(20, 1, 'vtiger_emaildetails:to_email:saved_toid:Emails_To:V'),
(20, 2, 'vtiger_activity:date_start:date_start:Emails_Date_&_Time_Sent:DT'),
(21, 1, 'vtiger_invoice:subject:subject:Invoice_Subject:V'),
(21, 2, 'vtiger_invoice:salesorderid:salesorder_id:Invoice_Sales_Order:V'),
(21, 3, 'vtiger_invoice:invoicestatus:invoicestatus:Invoice_Status:V'),
(21, 4, 'vtiger_invoice:total:hdnGrandTotal:Invoice_Total:N'),
(21, 5, 'vtiger_crmentity:smownerid:assigned_user_id:Invoice_Assigned_To:V'),
(22, 1, 'vtiger_notes:title:notes_title:Documents_Title:V'),
(22, 2, 'vtiger_notes:filename:filename:Documents_File_Name:V'),
(22, 3, 'vtiger_crmentity:modifiedtime:modifiedtime:Documents_Modified_Time:DT'),
(22, 4, 'vtiger_crmentity:smownerid:assigned_user_id:Documents_Assigned_To:V'),
(23, 1, 'vtiger_pricebook:bookname:bookname:PriceBooks_Price_Book_Name:V'),
(23, 2, 'vtiger_pricebook:active:active:PriceBooks_Active:C'),
(23, 3, 'vtiger_pricebook:currency_id:currency_id:PriceBooks_Currency:V'),
(24, 0, 'vtiger_products:productname:productname:Products_Product_Name:V'),
(24, 1, 'vtiger_products:product_no:product_no:Products_Product_No:V'),
(24, 2, 'vtiger_products:productcode:productcode:Products_Item_Code:V'),
(24, 3, 'vtiger_products:productcategory:productcategory:Products_Product_Category:V'),
(24, 4, 'vtiger_products:prd_weight:prd_weight:Products_Product_Weight:NN'),
(25, 1, 'vtiger_purchaseorder:subject:subject:PurchaseOrder_Subject:V'),
(25, 2, 'vtiger_purchaseorder:vendorid:vendor_id:PurchaseOrder_Vendor_Name:V'),
(25, 3, 'vtiger_purchaseorder:tracking_no:tracking_no:PurchaseOrder_Tracking_Number:V'),
(25, 4, 'vtiger_purchaseorder:total:hdnGrandTotal:PurchaseOrder_Total:N'),
(25, 5, 'vtiger_crmentity:smownerid:assigned_user_id:PurchaseOrder_Assigned_To:V'),
(26, 1, 'vtiger_salesorder:subject:subject:SalesOrder_Subject:V'),
(26, 2, 'vtiger_salesorder:accountid:account_id:SalesOrder_Account_Name:V'),
(26, 3, 'vtiger_salesorder:quoteid:quote_id:SalesOrder_Quote_Name:V'),
(26, 4, 'vtiger_salesorder:total:hdnGrandTotal:SalesOrder_Total:N'),
(26, 5, 'vtiger_crmentity:smownerid:assigned_user_id:SalesOrder_Assigned_To:V'),
(27, 1, 'vtiger_vendor:vendorname:vendorname:Vendors_Vendor_Name:V'),
(27, 2, 'vtiger_vendor:phone:phone:Vendors_Phone:V'),
(27, 3, 'vtiger_vendor:email:email:Vendors_Email:V'),
(27, 4, 'vtiger_vendor:category:category:Vendors_Category:V'),
(27, 5, 'vtiger_crmentity:smownerid:assigned_user_id:Vendors_Assigned_To:V'),
(28, 1, 'vtiger_faq:question:question:Faq_Question:V'),
(28, 2, 'vtiger_faq:category:faqcategories:Faq_Category:V'),
(28, 3, 'vtiger_faq:product_id:product_id:Faq_Product_Name:V'),
(28, 4, 'vtiger_crmentity:createdtime:createdtime:Faq_Created_Time:DT'),
(28, 5, 'vtiger_crmentity:modifiedtime:modifiedtime:Faq_Modified_Time:DT'),
(29, 1, 'vtiger_campaign:campaignname:campaignname:Campaigns_Campaign_Name:V'),
(29, 2, 'vtiger_campaign:campaigntype:campaigntype:Campaigns_Campaign_Type:V'),
(29, 3, 'vtiger_campaign:campaignstatus:campaignstatus:Campaigns_Campaign_Status:V'),
(29, 4, 'vtiger_campaign:expectedrevenue:expectedrevenue:Campaigns_Expected_Revenue:N'),
(29, 5, 'vtiger_campaign:closingdate:closingdate:Campaigns_Expected_Close_Date:D'),
(29, 6, 'vtiger_crmentity:smownerid:assigned_user_id:Campaigns_Assigned_To:V'),
(30, 0, 'subject:subject:subject:Subject:V'),
(30, 1, 'from:fromname:fromname:From:N'),
(30, 2, 'to:tpname:toname:To:N'),
(30, 3, 'body:body:body:Body:V'),
(31, 0, 'vtiger_faq:question:question:Faq_Question:V'),
(31, 1, 'vtiger_faq:status:faqstatus:Faq_Status:V'),
(31, 2, 'vtiger_faq:product_id:product_id:Faq_Product_Name:I'),
(31, 3, 'vtiger_faq:category:faqcategories:Faq_Category:V'),
(31, 4, 'vtiger_crmentity:createdtime:createdtime:Faq_Created_Time:DT'),
(32, 0, 'vtiger_faq:question:question:Faq_Question:V'),
(32, 1, 'vtiger_faq:answer:faq_answer:Faq_Answer:V'),
(32, 2, 'vtiger_faq:status:faqstatus:Faq_Status:V'),
(32, 3, 'vtiger_faq:product_id:product_id:Faq_Product_Name:I'),
(32, 4, 'vtiger_faq:category:faqcategories:Faq_Category:V'),
(32, 5, 'vtiger_crmentity:createdtime:createdtime:Faq_Created_Time:DT'),
(33, 0, 'vtiger_purchaseorder:subject:subject:PurchaseOrder_Subject:V'),
(33, 1, 'vtiger_purchaseorder:postatus:postatus:PurchaseOrder_Status:V'),
(33, 2, 'vtiger_purchaseorder:vendorid:vendor_id:PurchaseOrder_Vendor_Name:I'),
(33, 3, 'vtiger_crmentity:smownerid:assigned_user_id:PurchaseOrder_Assigned_To:V'),
(33, 4, 'vtiger_purchaseorder:duedate:duedate:PurchaseOrder_Due_Date:V'),
(34, 0, 'vtiger_purchaseorder:subject:subject:PurchaseOrder_Subject:V'),
(34, 1, 'vtiger_purchaseorder:vendorid:vendor_id:PurchaseOrder_Vendor_Name:I'),
(34, 2, 'vtiger_crmentity:smownerid:assigned_user_id:PurchaseOrder_Assigned_To:V'),
(34, 3, 'vtiger_purchaseorder:postatus:postatus:PurchaseOrder_Status:V'),
(34, 4, 'vtiger_purchaseorder:carrier:carrier:PurchaseOrder_Carrier:V'),
(34, 5, 'vtiger_poshipads:ship_street:ship_street:PurchaseOrder_Shipping_Address:V'),
(35, 0, 'vtiger_invoice:invoice_no:invoice_no:Invoice_Invoice_No:V'),
(35, 1, 'vtiger_invoice:subject:subject:Invoice_Subject:V'),
(35, 2, 'vtiger_invoice:accountid:account_id:Invoice_Account_Name:I'),
(35, 3, 'vtiger_invoice:salesorderid:salesorder_id:Invoice_Sales_Order:I'),
(35, 4, 'vtiger_invoice:invoicestatus:invoicestatus:Invoice_Status:V'),
(35, 5, 'vtiger_crmentity:smownerid:assigned_user_id:Invoice_Assigned_To:V'),
(35, 6, 'vtiger_crmentity:createdtime:createdtime:Invoice_Created_Time:DT'),
(36, 0, 'vtiger_invoice:invoice_no:invoice_no:Invoice_Invoice_No:V'),
(36, 1, 'vtiger_invoice:subject:subject:Invoice_Subject:V'),
(36, 2, 'vtiger_invoice:accountid:account_id:Invoice_Account_Name:I'),
(36, 3, 'vtiger_invoice:salesorderid:salesorder_id:Invoice_Sales_Order:I'),
(36, 4, 'vtiger_invoice:invoicestatus:invoicestatus:Invoice_Status:V'),
(36, 5, 'vtiger_invoiceshipads:ship_street:ship_street:Invoice_Shipping_Address:V'),
(36, 6, 'vtiger_crmentity:smownerid:assigned_user_id:Invoice_Assigned_To:V'),
(37, 0, 'vtiger_salesorder:subject:subject:SalesOrder_Subject:V'),
(37, 1, 'vtiger_salesorder:accountid:account_id:SalesOrder_Account_Name:I'),
(37, 2, 'vtiger_salesorder:sostatus:sostatus:SalesOrder_Status:V'),
(37, 3, 'vtiger_crmentity:smownerid:assigned_user_id:SalesOrder_Assigned_To:V'),
(37, 4, 'vtiger_soshipads:ship_street:ship_street:SalesOrder_Shipping_Address:V'),
(37, 5, 'vtiger_salesorder:carrier:carrier:SalesOrder_Carrier:V'),
(38, 0, 'vtiger_pbxmanager:callstatus:callstatus:PBXManager_Call_Status:V'),
(38, 1, 'vtiger_pbxmanager:customernumber:customernumber:PBXManager_Customer_Number:V'),
(38, 2, 'vtiger_pbxmanager:customer:customer:PBXManager_Customer:V'),
(38, 3, 'vtiger_pbxmanager:user:user:PBXManager_User:V'),
(38, 4, 'vtiger_pbxmanager:recordingurl:recordingurl:PBXManager_Recording_URL:V'),
(38, 5, 'vtiger_pbxmanager:totalduration:totalduration:PBXManager_Total_Duration:I'),
(38, 6, 'vtiger_pbxmanager:starttime:starttime:PBXManager_Start_Time:DT'),
(39, 1, 'vtiger_service:servicename:servicename:Services_Service_Name:V'),
(39, 2, 'vtiger_service:service_usageunit:service_usageunit:Services_Usage_Unit:V'),
(39, 3, 'vtiger_service:unit_price:unit_price:Services_Price:N'),
(39, 4, 'vtiger_service:qty_per_unit:qty_per_unit:Services_No_of_Units:N'),
(39, 5, 'vtiger_service:servicecategory:servicecategory:Services_Service_Category:V'),
(39, 6, 'vtiger_crmentity:smownerid:assigned_user_id:Services_Owner:I'),
(40, 1, 'vtiger_servicecontracts:subject:subject:ServiceContracts_Subject:V'),
(40, 2, 'vtiger_servicecontracts:sc_related_to:sc_related_to:ServiceContracts_Related_to:V'),
(40, 3, 'vtiger_crmentity:smownerid:assigned_user_id:ServiceContracts_Assigned_To:V'),
(40, 4, 'vtiger_servicecontracts:start_date:start_date:ServiceContracts_Start_Date:D'),
(40, 5, 'vtiger_servicecontracts:due_date:due_date:ServiceContracts_Due_date:D'),
(40, 7, 'vtiger_servicecontracts:progress:progress:ServiceContracts_Progress:N'),
(40, 8, 'vtiger_servicecontracts:contract_status:contract_status:ServiceContracts_Status:V'),
(41, 0, 'vtiger_smsnotifier:message:message:SMSNotifier_message:V'),
(41, 2, 'vtiger_crmentity:smownerid:assigned_user_id:SMSNotifier_Assigned_To:V'),
(41, 3, 'vtiger_crmentity:createdtime:createdtime:SMSNotifier_Created_Time:DT'),
(41, 4, 'vtiger_crmentity:modifiedtime:modifiedtime:SMSNotifier_Modified_Time:DT'),
(42, 1, 'vtiger_assets:assetname:assetname:Assets_Asset_Name:V'),
(42, 2, 'vtiger_assets:account:account:Assets_Customer_Name:V'),
(42, 3, 'vtiger_assets:product:product:Assets_Product_Name:V'),
(43, 0, 'vtiger_modcomments:commentcontent:commentcontent:ModComments_Comment:V'),
(43, 1, 'vtiger_modcomments:related_to:related_to:ModComments_Related_To:V'),
(43, 2, 'vtiger_crmentity:modifiedtime:modifiedtime:ModComments_Modified_Time:DT'),
(43, 3, 'vtiger_crmentity:smownerid:assigned_user_id:ModComments_Assigned_To:V'),
(47, 0, 'vtiger_projectmilestone:projectmilestonename:projectmilestonename:ProjectMilestone_Project_Milestone_Name:V'),
(47, 1, 'vtiger_projectmilestone:projectmilestonedate:projectmilestonedate:ProjectMilestone_Milestone_Date:D'),
(47, 3, 'vtiger_crmentity:description:description:ProjectMilestone_description:V'),
(47, 4, 'vtiger_crmentity:createdtime:createdtime:ProjectMilestone_Created_Time:DT'),
(47, 5, 'vtiger_crmentity:modifiedtime:modifiedtime:ProjectMilestone_Modified_Time:DT'),
(48, 2, 'vtiger_projecttask:projecttaskname:projecttaskname:ProjectTask_Project_Task_Name:V'),
(48, 3, 'vtiger_projecttask:projectid:projectid:ProjectTask_Related_to:V'),
(48, 4, 'vtiger_projecttask:projecttaskpriority:projecttaskpriority:ProjectTask_Priority:V'),
(48, 5, 'vtiger_projecttask:projecttaskprogress:projecttaskprogress:ProjectTask_Progress:V'),
(48, 6, 'vtiger_projecttask:projecttaskhours:projecttaskhours:ProjectTask_Worked_Hours:V'),
(48, 7, 'vtiger_projecttask:startdate:startdate:ProjectTask_Start_Date:D'),
(48, 8, 'vtiger_projecttask:enddate:enddate:ProjectTask_End_Date:D'),
(48, 9, 'vtiger_crmentity:smownerid:assigned_user_id:ProjectTask_Assigned_To:V'),
(49, 0, 'vtiger_project:projectname:projectname:Project_Project_Name:V'),
(49, 1, 'vtiger_project:linktoaccountscontacts:linktoaccountscontacts:Project_Related_to:V'),
(49, 2, 'vtiger_project:startdate:startdate:Project_Start_Date:D'),
(49, 3, 'vtiger_project:targetenddate:targetenddate:Project_Target_End_Date:D'),
(49, 4, 'vtiger_project:actualenddate:actualenddate:Project_Actual_End_Date:D'),
(49, 5, 'vtiger_project:targetbudget:targetbudget:Project_Target_Budget:V'),
(49, 6, 'vtiger_project:progress:progress:Project_Progress:V'),
(49, 7, 'vtiger_project:projectstatus:projectstatus:Project_Status:V'),
(49, 8, 'vtiger_crmentity:smownerid:assigned_user_id:Project_Assigned_To:V'),
(49, 19, 'vtiger_project:contactid:contactid:Project_Contact_Name:V'),
(50, 0, 'vtiger_batch:batch_id:batch_id:Batch_Batch_Name:V'),
(50, 1, 'vtiger_batch:batch_date:batch_date:Batch_Planning_Date:D'),
(50, 2, 'vtiger_batch:batch_qty:batch_qty:Batch_Quantity:V'),
(51, 0, 'vtiger_batchinventory:prd_mov_no:prd_mov_no:BatchInventory_Product_Movement_No:V'),
(51, 1, 'vtiger_batchinventory:prd_mov_name:prd_mov_name:BatchInventory_Prd._Mov._Name:V'),
(51, 2, 'vtiger_batchinventory:invbatch_date:invbatch_date:BatchInventory_Date:V'),
(52, 0, 'vtiger_heatrun:heatrun_id:heatrun_id:HeatRun_Heat_Run_ID:V'),
(52, 1, 'vtiger_heatrun:heatrun_name:heatrun_name:HeatRun_Heat_Run_Name:V'),
(52, 2, 'vtiger_heatrun:heatrun_date:heatrun_date:HeatRun_Date:D'),
(52, 3, 'vtiger_heatrun:heatrun_furnace:heatrun_furnace:HeatRun_Furnace:V'),
(52, 4, 'vtiger_heatrun:heat_number:heat_number:HeatRun_Heat_Number:V'),
(52, 5, 'vtiger_heatrun:heatrun_batch:heatrun_batch:HeatRun_Batch:V'),
(52, 6, 'vtiger_heatrun:heatrun_qty:heatrun_qty:HeatRun_Quantity:V'),
(53, 0, 'vtiger_batchmovement:batch_mov_number:batch_mov_number:BatchMovement_Batch_Movement_No.:V'),
(53, 1, 'vtiger_movementrel:itemid:itemid:BatchMovement_Item_Name:V'),
(53, 2, 'vtiger_batchmovement:batch_mov_date:batch_mov_date:BatchMovement_Date:D'),
(54, 0, 'vtiger_cork:prd_cork:prd_cork:Cork_Product_Name:V'),
(54, 1, 'vtiger_cork:cork_type:cork_type:Cork_Cork_Type:V'),
(54, 2, 'vtiger_cork:cork_qty:cork_qty:Cork_Quantity:V'),
(57, 0, 'vtiger_rejection:rejection_code:rejection_code:Rejection_Rejection_Name:V'),
(57, 1, 'vtiger_rejection:rejection_date:rejection_date:Rejection_Date:D'),
(58, 0, 'vtiger_dispatch:dispatch_name:dispatch_name:Dispatch_Dispatch_Name:V'),
(58, 1, 'vtiger_dispatch:dispatch_date:dispatch_date:Dispatch_Date:D'),
(58, 2, 'vtiger_dispatch:dispatch_so:dispatch_so:Dispatch_Sales_Order:V'),
(58, 3, 'vtiger_dispatch:dispatch_inv:dispatch_inv:Dispatch_Invoice:V'),
(58, 4, 'vtiger_dispatch:dispatch_remark:dispatch_remark:Dispatch_Remarks:V'),
(61, 0, 'vtiger_products:productname:productname:Products_Product_Name:V'),
(61, 1, 'vtiger_products:product_no:product_no:Products_Product_No:V'),
(61, 2, 'vtiger_products:discontinued:discontinued:Products_Product_Active:C'),
(61, 3, 'vtiger_products:productcode:productcode:Products_Item_Code:V'),
(61, 4, 'vtiger_products:prd_weight:prd_weight:Products_Product_Weight:NN'),
(61, 5, 'vtiger_products:unit_price:unit_price:Products_Unit_Price:N'),
(62, 0, 'vtiger_cork:prd_cork:prd_cork:Cork_Product_Name:V'),
(62, 1, 'vtiger_cork:core_type:core_type:Cork_Core_Type:V'),
(62, 2, 'vtiger_cork:cork_qty:cork_qty:Cork_Quantity:V');

-- --------------------------------------------------------

--
-- Table structure for table `vtiger_cvstdfilter`
--

CREATE TABLE `vtiger_cvstdfilter` (
  `cvid` int(19) NOT NULL,
  `columnname` varchar(250) DEFAULT '',
  `stdfilter` varchar(250) DEFAULT '',
  `startdate` date DEFAULT NULL,
  `enddate` date DEFAULT NULL
) ENGINE=InnoDB DEFAULT CHARSET=utf8;

--
-- Dumping data for table `vtiger_cvstdfilter`
--

INSERT INTO `vtiger_cvstdfilter` (`cvid`, `columnname`, `stdfilter`, `startdate`, `enddate`) VALUES
(3, 'vtiger_crmentity:modifiedtime:modifiedtime:Leads_Modified_Time', 'thismonth', '2005-06-01', '2005-06-30'),
(6, 'vtiger_crmentity:createdtime:createdtime:Accounts_Created_Time', 'thisweek', '2005-06-19', '2005-06-25'),
(9, 'vtiger_contactsubdetails:birthday:birthday:Contacts_Birthdate', 'today', '2005-06-25', '2005-06-25');

-- --------------------------------------------------------

--
-- Table structure for table `vtiger_dashboard_tabs`
--

CREATE TABLE `vtiger_dashboard_tabs` (
  `id` int(19) NOT NULL,
  `tabname` varchar(50) DEFAULT NULL,
  `isdefault` int(1) DEFAULT '0',
  `sequence` int(5) DEFAULT '2',
  `appname` varchar(20) DEFAULT NULL,
  `modulename` varchar(50) DEFAULT NULL,
  `userid` int(11) DEFAULT NULL
) ENGINE=InnoDB DEFAULT CHARSET=utf8;

--
-- Dumping data for table `vtiger_dashboard_tabs`
--

INSERT INTO `vtiger_dashboard_tabs` (`id`, `tabname`, `isdefault`, `sequence`, `appname`, `modulename`, `userid`) VALUES
(1, 'Default', 0, 1, NULL, NULL, 1),
(2, 'My Dashboard', 1, 2, '', '', 1),
(5, 'My Dashboard', 1, 1, '', '', 5);

-- --------------------------------------------------------

--
-- Table structure for table `vtiger_datashare_grp2grp`
--

CREATE TABLE `vtiger_datashare_grp2grp` (
  `shareid` int(19) NOT NULL,
  `share_groupid` int(19) DEFAULT NULL,
  `to_groupid` int(19) DEFAULT NULL,
  `permission` int(19) DEFAULT NULL
) ENGINE=InnoDB DEFAULT CHARSET=utf8;

-- --------------------------------------------------------

--
-- Table structure for table `vtiger_datashare_grp2role`
--

CREATE TABLE `vtiger_datashare_grp2role` (
  `shareid` int(19) NOT NULL,
  `share_groupid` int(19) DEFAULT NULL,
  `to_roleid` varchar(255) DEFAULT NULL,
  `permission` int(19) DEFAULT NULL
) ENGINE=InnoDB DEFAULT CHARSET=utf8;

-- --------------------------------------------------------

--
-- Table structure for table `vtiger_datashare_grp2rs`
--

CREATE TABLE `vtiger_datashare_grp2rs` (
  `shareid` int(19) NOT NULL,
  `share_groupid` int(19) DEFAULT NULL,
  `to_roleandsubid` varchar(255) DEFAULT NULL,
  `permission` int(19) DEFAULT NULL
) ENGINE=InnoDB DEFAULT CHARSET=utf8;

-- --------------------------------------------------------

--
-- Table structure for table `vtiger_datashare_module_rel`
--

CREATE TABLE `vtiger_datashare_module_rel` (
  `shareid` int(19) NOT NULL,
  `tabid` int(19) NOT NULL,
  `relationtype` varchar(200) DEFAULT NULL
) ENGINE=InnoDB DEFAULT CHARSET=utf8;

-- --------------------------------------------------------

--
-- Table structure for table `vtiger_datashare_relatedmodules`
--

CREATE TABLE `vtiger_datashare_relatedmodules` (
  `datashare_relatedmodule_id` int(19) NOT NULL,
  `tabid` int(19) DEFAULT NULL,
  `relatedto_tabid` int(19) DEFAULT NULL
) ENGINE=InnoDB DEFAULT CHARSET=utf8;

--
-- Dumping data for table `vtiger_datashare_relatedmodules`
--

INSERT INTO `vtiger_datashare_relatedmodules` (`datashare_relatedmodule_id`, `tabid`, `relatedto_tabid`) VALUES
(1, 6, 2),
(2, 6, 13),
(3, 6, 20),
(4, 6, 22),
(5, 6, 23),
(6, 2, 20),
(7, 2, 22),
(8, 20, 22),
(9, 22, 23);

-- --------------------------------------------------------

--
-- Table structure for table `vtiger_datashare_relatedmodules_seq`
--

CREATE TABLE `vtiger_datashare_relatedmodules_seq` (
  `id` int(11) NOT NULL
) ENGINE=InnoDB DEFAULT CHARSET=utf8;

--
-- Dumping data for table `vtiger_datashare_relatedmodules_seq`
--

INSERT INTO `vtiger_datashare_relatedmodules_seq` (`id`) VALUES
(9);

-- --------------------------------------------------------

--
-- Table structure for table `vtiger_datashare_relatedmodule_permission`
--

CREATE TABLE `vtiger_datashare_relatedmodule_permission` (
  `shareid` int(19) NOT NULL,
  `datashare_relatedmodule_id` int(19) NOT NULL,
  `permission` int(19) DEFAULT NULL
) ENGINE=InnoDB DEFAULT CHARSET=utf8;

-- --------------------------------------------------------

--
-- Table structure for table `vtiger_datashare_role2group`
--

CREATE TABLE `vtiger_datashare_role2group` (
  `shareid` int(19) NOT NULL,
  `share_roleid` varchar(255) DEFAULT NULL,
  `to_groupid` int(19) DEFAULT NULL,
  `permission` int(19) DEFAULT NULL
) ENGINE=InnoDB DEFAULT CHARSET=utf8;

-- --------------------------------------------------------

--
-- Table structure for table `vtiger_datashare_role2role`
--

CREATE TABLE `vtiger_datashare_role2role` (
  `shareid` int(19) NOT NULL,
  `share_roleid` varchar(255) DEFAULT NULL,
  `to_roleid` varchar(255) DEFAULT NULL,
  `permission` int(19) DEFAULT NULL
) ENGINE=InnoDB DEFAULT CHARSET=utf8;

-- --------------------------------------------------------

--
-- Table structure for table `vtiger_datashare_role2rs`
--

CREATE TABLE `vtiger_datashare_role2rs` (
  `shareid` int(19) NOT NULL,
  `share_roleid` varchar(255) DEFAULT NULL,
  `to_roleandsubid` varchar(255) DEFAULT NULL,
  `permission` int(19) DEFAULT NULL
) ENGINE=InnoDB DEFAULT CHARSET=utf8;

-- --------------------------------------------------------

--
-- Table structure for table `vtiger_datashare_rs2grp`
--

CREATE TABLE `vtiger_datashare_rs2grp` (
  `shareid` int(19) NOT NULL,
  `share_roleandsubid` varchar(255) DEFAULT NULL,
  `to_groupid` int(19) DEFAULT NULL,
  `permission` int(19) DEFAULT NULL
) ENGINE=InnoDB DEFAULT CHARSET=utf8;

-- --------------------------------------------------------

--
-- Table structure for table `vtiger_datashare_rs2role`
--

CREATE TABLE `vtiger_datashare_rs2role` (
  `shareid` int(19) NOT NULL,
  `share_roleandsubid` varchar(255) DEFAULT NULL,
  `to_roleid` varchar(255) DEFAULT NULL,
  `permission` int(19) DEFAULT NULL
) ENGINE=InnoDB DEFAULT CHARSET=utf8;

-- --------------------------------------------------------

--
-- Table structure for table `vtiger_datashare_rs2rs`
--

CREATE TABLE `vtiger_datashare_rs2rs` (
  `shareid` int(19) NOT NULL,
  `share_roleandsubid` varchar(255) DEFAULT NULL,
  `to_roleandsubid` varchar(255) DEFAULT NULL,
  `permission` int(19) DEFAULT NULL
) ENGINE=InnoDB DEFAULT CHARSET=utf8;

-- --------------------------------------------------------

--
-- Table structure for table `vtiger_date_format`
--

CREATE TABLE `vtiger_date_format` (
  `date_formatid` int(19) NOT NULL,
  `date_format` varchar(200) NOT NULL,
  `sortorderid` int(19) NOT NULL DEFAULT '0',
  `presence` int(1) NOT NULL DEFAULT '1'
) ENGINE=InnoDB DEFAULT CHARSET=utf8;

--
-- Dumping data for table `vtiger_date_format`
--

INSERT INTO `vtiger_date_format` (`date_formatid`, `date_format`, `sortorderid`, `presence`) VALUES
(1, 'dd-mm-yyyy', 0, 1),
(2, 'mm-dd-yyyy', 1, 1),
(3, 'yyyy-mm-dd', 2, 1);

-- --------------------------------------------------------

--
-- Table structure for table `vtiger_date_format_seq`
--

CREATE TABLE `vtiger_date_format_seq` (
  `id` int(11) NOT NULL
) ENGINE=InnoDB DEFAULT CHARSET=utf8;

--
-- Dumping data for table `vtiger_date_format_seq`
--

INSERT INTO `vtiger_date_format_seq` (`id`) VALUES
(3);

-- --------------------------------------------------------

--
-- Table structure for table `vtiger_dayoftheweek`
--

CREATE TABLE `vtiger_dayoftheweek` (
  `dayoftheweekid` int(11) NOT NULL,
  `dayoftheweek` varchar(200) NOT NULL,
  `sortorderid` int(11) DEFAULT NULL,
  `presence` int(11) NOT NULL DEFAULT '1'
) ENGINE=InnoDB DEFAULT CHARSET=utf8;

--
-- Dumping data for table `vtiger_dayoftheweek`
--

INSERT INTO `vtiger_dayoftheweek` (`dayoftheweekid`, `dayoftheweek`, `sortorderid`, `presence`) VALUES
(1, 'Sunday', 0, 1),
(2, 'Monday', 1, 1),
(3, 'Tuesday', 2, 1),
(4, 'Wednesday', 3, 1),
(5, 'Thursday', 4, 1),
(6, 'Friday', 5, 1),
(7, 'Saturday', 6, 1);

-- --------------------------------------------------------

--
-- Table structure for table `vtiger_dayoftheweek_seq`
--

CREATE TABLE `vtiger_dayoftheweek_seq` (
  `id` int(11) NOT NULL
) ENGINE=InnoDB DEFAULT CHARSET=utf8;

--
-- Dumping data for table `vtiger_dayoftheweek_seq`
--

INSERT INTO `vtiger_dayoftheweek_seq` (`id`) VALUES
(7);

-- --------------------------------------------------------

--
-- Table structure for table `vtiger_defaultactivitytype`
--

CREATE TABLE `vtiger_defaultactivitytype` (
  `defaultactivitytypeid` int(11) NOT NULL,
  `defaultactivitytype` varchar(200) NOT NULL,
  `presence` int(1) NOT NULL DEFAULT '1',
  `picklist_valueid` int(11) NOT NULL DEFAULT '0',
  `sortorderid` int(11) DEFAULT '0'
) ENGINE=InnoDB DEFAULT CHARSET=utf8;

--
-- Dumping data for table `vtiger_defaultactivitytype`
--

INSERT INTO `vtiger_defaultactivitytype` (`defaultactivitytypeid`, `defaultactivitytype`, `presence`, `picklist_valueid`, `sortorderid`) VALUES
(1, 'Call', 1, 299, 1),
(2, 'Meeting', 1, 300, 2);

-- --------------------------------------------------------

--
-- Table structure for table `vtiger_defaultactivitytype_seq`
--

CREATE TABLE `vtiger_defaultactivitytype_seq` (
  `id` int(11) NOT NULL
) ENGINE=InnoDB DEFAULT CHARSET=utf8;

--
-- Dumping data for table `vtiger_defaultactivitytype_seq`
--

INSERT INTO `vtiger_defaultactivitytype_seq` (`id`) VALUES
(2);

-- --------------------------------------------------------

--
-- Table structure for table `vtiger_defaultcalendarview`
--

CREATE TABLE `vtiger_defaultcalendarview` (
  `defaultcalendarviewid` int(11) NOT NULL,
  `defaultcalendarview` varchar(200) NOT NULL,
  `sortorderid` int(11) DEFAULT NULL,
  `presence` int(11) NOT NULL DEFAULT '1'
) ENGINE=InnoDB DEFAULT CHARSET=utf8;

--
-- Dumping data for table `vtiger_defaultcalendarview`
--

INSERT INTO `vtiger_defaultcalendarview` (`defaultcalendarviewid`, `defaultcalendarview`, `sortorderid`, `presence`) VALUES
(1, 'ListView', 0, 1),
(2, 'MyCalendar', 1, 1),
(3, 'SharedCalendar', 2, 1);

-- --------------------------------------------------------

--
-- Table structure for table `vtiger_defaultcalendarview_seq`
--

CREATE TABLE `vtiger_defaultcalendarview_seq` (
  `id` int(11) NOT NULL
) ENGINE=InnoDB DEFAULT CHARSET=utf8;

--
-- Dumping data for table `vtiger_defaultcalendarview_seq`
--

INSERT INTO `vtiger_defaultcalendarview_seq` (`id`) VALUES
(3);

-- --------------------------------------------------------

--
-- Table structure for table `vtiger_defaultcv`
--

CREATE TABLE `vtiger_defaultcv` (
  `tabid` int(19) NOT NULL,
  `defaultviewname` varchar(50) NOT NULL,
  `query` text
) ENGINE=InnoDB DEFAULT CHARSET=utf8;

-- --------------------------------------------------------

--
-- Table structure for table `vtiger_defaulteventstatus`
--

CREATE TABLE `vtiger_defaulteventstatus` (
  `defaulteventstatusid` int(11) NOT NULL,
  `defaulteventstatus` varchar(200) NOT NULL,
  `presence` int(1) NOT NULL DEFAULT '1',
  `picklist_valueid` int(11) NOT NULL DEFAULT '0',
  `sortorderid` int(11) DEFAULT '0'
) ENGINE=InnoDB DEFAULT CHARSET=utf8;

--
-- Dumping data for table `vtiger_defaulteventstatus`
--

INSERT INTO `vtiger_defaulteventstatus` (`defaulteventstatusid`, `defaulteventstatus`, `presence`, `picklist_valueid`, `sortorderid`) VALUES
(1, 'Planned', 1, 296, 1),
(2, 'Held', 1, 297, 2),
(3, 'Not Held', 1, 298, 3);

-- --------------------------------------------------------

--
-- Table structure for table `vtiger_defaulteventstatus_seq`
--

CREATE TABLE `vtiger_defaulteventstatus_seq` (
  `id` int(11) NOT NULL
) ENGINE=InnoDB DEFAULT CHARSET=utf8;

--
-- Dumping data for table `vtiger_defaulteventstatus_seq`
--

INSERT INTO `vtiger_defaulteventstatus_seq` (`id`) VALUES
(3);

-- --------------------------------------------------------

--
-- Table structure for table `vtiger_default_record_view`
--

CREATE TABLE `vtiger_default_record_view` (
  `default_record_viewid` int(11) NOT NULL,
  `default_record_view` varchar(200) NOT NULL,
  `sortorderid` int(11) DEFAULT NULL,
  `presence` int(11) NOT NULL DEFAULT '1'
) ENGINE=InnoDB DEFAULT CHARSET=utf8;

--
-- Dumping data for table `vtiger_default_record_view`
--

INSERT INTO `vtiger_default_record_view` (`default_record_viewid`, `default_record_view`, `sortorderid`, `presence`) VALUES
(1, 'Summary', 0, 1),
(2, 'Detail', 1, 1);

-- --------------------------------------------------------

--
-- Table structure for table `vtiger_default_record_view_seq`
--

CREATE TABLE `vtiger_default_record_view_seq` (
  `id` int(11) NOT NULL
) ENGINE=InnoDB DEFAULT CHARSET=utf8;

--
-- Dumping data for table `vtiger_default_record_view_seq`
--

INSERT INTO `vtiger_default_record_view_seq` (`id`) VALUES
(2);

-- --------------------------------------------------------

--
-- Table structure for table `vtiger_def_org_field`
--

CREATE TABLE `vtiger_def_org_field` (
  `tabid` int(10) DEFAULT NULL,
  `fieldid` int(19) NOT NULL,
  `visible` int(19) DEFAULT NULL,
  `readonly` int(19) DEFAULT NULL
) ENGINE=InnoDB DEFAULT CHARSET=utf8;

--
-- Dumping data for table `vtiger_def_org_field`
--

INSERT INTO `vtiger_def_org_field` (`tabid`, `fieldid`, `visible`, `readonly`) VALUES
(6, 1, 0, 0),
(6, 2, 0, 0),
(6, 3, 0, 0),
(6, 4, 0, 0),
(6, 5, 0, 0),
(6, 6, 0, 0),
(6, 7, 0, 0),
(6, 8, 0, 0),
(6, 9, 0, 0),
(6, 10, 0, 0),
(6, 11, 0, 0),
(6, 12, 0, 0),
(6, 13, 0, 0),
(6, 14, 0, 0),
(6, 15, 0, 0),
(6, 16, 0, 0),
(6, 17, 0, 0),
(6, 18, 0, 0),
(6, 19, 0, 0),
(6, 20, 0, 0),
(6, 21, 0, 0),
(6, 22, 0, 0),
(6, 23, 0, 0),
(6, 24, 0, 0),
(6, 25, 0, 0),
(6, 26, 0, 0),
(6, 27, 0, 0),
(6, 28, 0, 0),
(6, 29, 0, 0),
(6, 30, 0, 0),
(6, 31, 0, 0),
(6, 32, 0, 0),
(6, 33, 0, 0),
(6, 34, 0, 0),
(6, 35, 0, 0),
(6, 36, 0, 0),
(7, 37, 0, 0),
(7, 38, 0, 0),
(7, 39, 0, 0),
(7, 40, 0, 0),
(7, 41, 0, 0),
(7, 42, 0, 0),
(7, 43, 0, 0),
(7, 44, 0, 0),
(7, 45, 0, 0),
(7, 46, 0, 0),
(7, 47, 0, 0),
(7, 48, 0, 0),
(7, 49, 0, 0),
(7, 50, 0, 0),
(7, 51, 0, 0),
(7, 52, 0, 0),
(7, 53, 0, 0),
(7, 54, 0, 0),
(7, 55, 0, 0),
(7, 56, 0, 0),
(7, 57, 0, 0),
(7, 58, 0, 0),
(7, 59, 0, 0),
(7, 60, 0, 0),
(7, 61, 0, 0),
(7, 62, 0, 0),
(7, 63, 0, 0),
(7, 64, 0, 0),
(7, 65, 0, 0),
(4, 66, 0, 0),
(4, 67, 0, 0),
(4, 68, 0, 0),
(4, 69, 0, 0),
(4, 70, 0, 0),
(4, 71, 0, 0),
(4, 72, 0, 0),
(4, 73, 0, 0),
(4, 74, 0, 0),
(4, 75, 0, 0),
(4, 76, 0, 0),
(4, 77, 0, 0),
(4, 78, 0, 0),
(4, 79, 0, 0),
(4, 80, 0, 0),
(4, 81, 0, 0),
(4, 82, 0, 0),
(4, 83, 0, 0),
(4, 84, 0, 0),
(4, 85, 0, 0),
(4, 86, 0, 0),
(4, 87, 0, 0),
(4, 88, 0, 0),
(4, 89, 0, 0),
(4, 90, 0, 0),
(4, 91, 0, 0),
(4, 92, 0, 0),
(4, 93, 0, 0),
(4, 94, 0, 0),
(4, 95, 0, 0),
(4, 96, 0, 0),
(4, 97, 0, 0),
(4, 98, 0, 0),
(4, 99, 0, 0),
(4, 100, 0, 0),
(4, 101, 0, 0),
(4, 102, 0, 0),
(4, 103, 0, 0),
(4, 104, 0, 0),
(4, 105, 0, 0),
(4, 106, 0, 0),
(4, 107, 0, 0),
(4, 108, 0, 0),
(4, 109, 0, 0),
(2, 110, 0, 0),
(2, 111, 0, 0),
(2, 112, 0, 0),
(2, 113, 0, 0),
(2, 114, 0, 0),
(2, 115, 0, 0),
(2, 116, 0, 0),
(2, 117, 0, 0),
(2, 118, 0, 0),
(2, 119, 0, 0),
(2, 120, 0, 0),
(2, 121, 0, 0),
(2, 122, 0, 0),
(2, 123, 0, 0),
(2, 124, 0, 0),
(2, 125, 0, 0),
(26, 126, 0, 0),
(26, 127, 0, 0),
(26, 128, 0, 0),
(26, 129, 0, 0),
(26, 130, 0, 0),
(26, 131, 0, 0),
(26, 132, 0, 0),
(26, 133, 0, 0),
(26, 134, 0, 0),
(26, 135, 0, 0),
(26, 136, 0, 0),
(26, 137, 0, 0),
(26, 138, 0, 0),
(26, 139, 0, 0),
(26, 140, 0, 0),
(26, 141, 0, 0),
(26, 142, 0, 0),
(26, 143, 0, 0),
(26, 144, 0, 0),
(26, 145, 0, 0),
(26, 146, 0, 0),
(26, 147, 0, 0),
(26, 148, 0, 0),
(26, 149, 0, 0),
(26, 150, 0, 0),
(4, 151, 0, 0),
(6, 152, 0, 0),
(7, 153, 0, 0),
(26, 154, 0, 0),
(13, 155, 0, 0),
(13, 156, 0, 0),
(13, 157, 0, 0),
(13, 158, 0, 0),
(13, 159, 0, 0),
(13, 160, 0, 0),
(13, 161, 0, 0),
(13, 162, 0, 0),
(13, 163, 0, 0),
(13, 164, 0, 0),
(13, 165, 0, 0),
(13, 166, 0, 0),
(13, 167, 0, 0),
(13, 168, 0, 0),
(13, 169, 0, 0),
(13, 170, 0, 0),
(13, 171, 0, 0),
(13, 172, 0, 0),
(13, 173, 0, 0),
(14, 174, 0, 0),
(14, 175, 0, 0),
(14, 176, 0, 0),
(14, 177, 0, 0),
(14, 178, 0, 0),
(14, 179, 0, 0),
(14, 180, 0, 0),
(14, 181, 0, 0),
(14, 182, 0, 0),
(14, 183, 0, 0),
(14, 184, 0, 0),
(14, 185, 0, 0),
(14, 186, 0, 0),
(14, 187, 0, 0),
(14, 188, 0, 0),
(14, 189, 0, 0),
(14, 190, 0, 0),
(14, 191, 0, 0),
(14, 192, 0, 0),
(14, 193, 0, 0),
(14, 194, 0, 0),
(14, 195, 0, 0),
(14, 196, 0, 0),
(14, 197, 0, 0),
(14, 198, 0, 0),
(14, 199, 0, 0),
(14, 200, 0, 0),
(14, 201, 0, 0),
(14, 202, 0, 0),
(14, 203, 0, 0),
(14, 204, 0, 0),
(8, 205, 0, 0),
(8, 206, 0, 0),
(8, 207, 0, 0),
(8, 208, 0, 0),
(8, 209, 0, 0),
(8, 210, 0, 0),
(8, 211, 0, 0),
(8, 212, 0, 0),
(8, 213, 0, 0),
(8, 214, 0, 0),
(8, 215, 0, 0),
(8, 216, 0, 0),
(8, 217, 0, 0),
(8, 218, 0, 0),
(8, 219, 0, 0),
(10, 220, 0, 0),
(10, 221, 0, 0),
(10, 222, 0, 0),
(10, 223, 0, 0),
(10, 224, 0, 0),
(10, 225, 0, 0),
(10, 226, 0, 0),
(10, 227, 0, 0),
(10, 228, 0, 0),
(10, 229, 0, 0),
(10, 230, 0, 0),
(10, 231, 0, 0),
(9, 232, 0, 0),
(9, 233, 0, 0),
(9, 234, 0, 0),
(9, 235, 0, 0),
(9, 236, 0, 0),
(9, 237, 0, 0),
(9, 238, 0, 0),
(9, 239, 0, 0),
(9, 240, 0, 0),
(9, 241, 0, 0),
(9, 242, 0, 0),
(9, 243, 0, 0),
(9, 244, 0, 0),
(9, 245, 0, 0),
(9, 246, 0, 0),
(9, 247, 0, 0),
(9, 248, 0, 0),
(9, 249, 0, 0),
(9, 250, 0, 0),
(9, 251, 0, 0),
(9, 252, 0, 0),
(9, 253, 0, 0),
(9, 254, 0, 0),
(9, 255, 0, 0),
(16, 256, 0, 0),
(16, 257, 0, 0),
(16, 258, 0, 0),
(16, 259, 0, 0),
(16, 260, 0, 0),
(16, 261, 0, 0),
(16, 262, 0, 0),
(16, 263, 0, 0),
(16, 264, 0, 0),
(16, 265, 0, 0),
(16, 266, 0, 0),
(16, 267, 0, 0),
(16, 268, 0, 0),
(16, 269, 0, 0),
(16, 270, 0, 0),
(16, 271, 0, 0),
(16, 272, 0, 0),
(16, 273, 0, 0),
(16, 274, 0, 0),
(16, 275, 0, 0),
(16, 276, 0, 0),
(16, 277, 0, 0),
(16, 278, 0, 0),
(15, 279, 0, 0),
(15, 280, 0, 0),
(15, 281, 0, 0),
(15, 282, 0, 0),
(15, 283, 0, 0),
(15, 284, 0, 0),
(15, 285, 0, 0),
(15, 286, 0, 0),
(15, 287, 0, 0),
(15, 288, 0, 0),
(18, 289, 0, 0),
(18, 290, 0, 0),
(18, 291, 0, 0),
(18, 292, 0, 0),
(18, 293, 0, 0),
(18, 294, 0, 0),
(18, 295, 0, 0),
(18, 296, 0, 0),
(18, 297, 0, 0),
(18, 298, 0, 0),
(18, 299, 0, 0),
(18, 300, 0, 0),
(18, 301, 0, 0),
(18, 302, 0, 0),
(18, 303, 0, 0),
(18, 304, 0, 0),
(18, 305, 0, 0),
(19, 306, 0, 0),
(19, 307, 0, 0),
(19, 308, 0, 0),
(19, 309, 0, 0),
(19, 310, 0, 0),
(19, 311, 0, 0),
(19, 312, 0, 0),
(19, 313, 0, 0),
(20, 314, 0, 0),
(20, 315, 0, 0),
(20, 316, 0, 0),
(20, 317, 0, 0),
(20, 318, 0, 0),
(20, 319, 0, 0),
(20, 320, 0, 0),
(20, 321, 0, 0),
(20, 322, 0, 0),
(20, 323, 0, 0),
(20, 324, 0, 0),
(20, 325, 0, 0),
(20, 326, 0, 0),
(20, 327, 0, 0),
(20, 328, 0, 0),
(20, 329, 0, 0),
(20, 330, 0, 0),
(20, 331, 0, 0),
(20, 332, 0, 0),
(20, 333, 0, 0),
(20, 334, 0, 0),
(20, 335, 0, 0),
(20, 336, 0, 0),
(20, 337, 0, 0),
(20, 338, 0, 0),
(20, 339, 0, 0),
(20, 340, 0, 0),
(20, 341, 0, 0),
(20, 342, 0, 0),
(20, 343, 0, 0),
(20, 344, 0, 0),
(20, 345, 0, 0),
(20, 346, 0, 0),
(20, 347, 0, 0),
(20, 348, 0, 0),
(20, 349, 0, 0),
(20, 350, 0, 0),
(21, 351, 0, 0),
(21, 352, 0, 0),
(21, 353, 0, 0),
(21, 354, 0, 0),
(21, 355, 0, 0),
(21, 356, 0, 0),
(21, 357, 0, 0),
(21, 358, 0, 0),
(21, 359, 0, 0),
(21, 360, 0, 0),
(21, 361, 0, 0),
(21, 362, 0, 0),
(21, 363, 0, 0),
(21, 364, 0, 0),
(21, 365, 0, 0),
(21, 366, 0, 0),
(21, 367, 0, 0),
(21, 368, 0, 0),
(21, 369, 0, 0),
(21, 370, 0, 0),
(21, 371, 0, 0),
(21, 372, 0, 0),
(21, 373, 0, 0),
(21, 374, 0, 0),
(21, 375, 0, 0),
(21, 376, 0, 0),
(21, 377, 0, 0),
(21, 378, 0, 0),
(21, 379, 0, 0),
(21, 380, 0, 0),
(21, 381, 0, 0),
(21, 382, 0, 0),
(21, 383, 0, 0),
(21, 384, 0, 0),
(21, 385, 0, 0),
(21, 386, 0, 0),
(21, 387, 0, 0),
(21, 388, 0, 0),
(22, 389, 0, 0),
(22, 390, 0, 0),
(22, 391, 0, 0),
(22, 392, 0, 0),
(22, 393, 0, 0),
(22, 394, 0, 0),
(22, 395, 0, 0),
(22, 396, 0, 0),
(22, 397, 0, 0),
(22, 398, 0, 0),
(22, 399, 0, 0),
(22, 400, 0, 0),
(22, 401, 0, 0),
(22, 402, 0, 0),
(22, 403, 0, 0),
(22, 404, 0, 0),
(22, 405, 0, 0),
(22, 406, 0, 0),
(22, 407, 0, 0),
(22, 408, 0, 0),
(22, 409, 0, 0),
(22, 410, 0, 0),
(22, 411, 0, 0),
(22, 412, 0, 0),
(22, 413, 0, 0),
(22, 414, 0, 0),
(22, 415, 0, 0),
(22, 416, 0, 0),
(22, 417, 0, 0),
(22, 418, 0, 0),
(22, 419, 0, 0),
(22, 420, 0, 0),
(22, 421, 0, 0),
(22, 422, 0, 0),
(22, 423, 0, 0),
(22, 424, 0, 0),
(22, 425, 0, 0),
(22, 426, 0, 0),
(22, 427, 0, 0),
(22, 428, 0, 0),
(22, 429, 0, 0),
(22, 430, 0, 0),
(22, 431, 0, 0),
(22, 432, 0, 0),
(22, 433, 0, 0),
(22, 434, 0, 0),
(22, 435, 0, 0),
(23, 436, 0, 0),
(23, 437, 0, 0),
(23, 438, 0, 0),
(23, 439, 0, 0),
(23, 440, 0, 0),
(23, 441, 0, 0),
(23, 442, 0, 0),
(23, 443, 0, 0),
(23, 444, 0, 0),
(23, 445, 0, 0),
(23, 446, 0, 0),
(23, 447, 0, 0),
(23, 448, 0, 0),
(23, 449, 0, 0),
(23, 450, 0, 0),
(23, 451, 0, 0),
(23, 452, 0, 0),
(23, 453, 0, 0),
(23, 454, 0, 0),
(23, 455, 0, 0),
(23, 456, 0, 0),
(23, 457, 0, 0),
(23, 458, 0, 0),
(23, 459, 0, 0),
(23, 460, 0, 0),
(23, 461, 0, 0),
(23, 462, 0, 0),
(23, 463, 0, 0),
(23, 464, 0, 0),
(23, 465, 0, 0),
(23, 466, 0, 0),
(23, 467, 0, 0),
(23, 468, 0, 0),
(23, 469, 0, 0),
(23, 470, 0, 0),
(23, 471, 0, 0),
(23, 472, 0, 0),
(23, 473, 0, 0),
(23, 474, 0, 0),
(29, 475, 0, 0),
(29, 479, 0, 0),
(29, 480, 0, 0),
(29, 482, 0, 0),
(29, 489, 0, 0),
(29, 490, 0, 0),
(29, 491, 0, 0),
(29, 492, 0, 0),
(29, 493, 0, 0),
(29, 495, 0, 0),
(29, 496, 0, 0),
(29, 497, 0, 0),
(29, 498, 0, 0),
(29, 499, 0, 0),
(29, 504, 0, 0),
(29, 505, 0, 0),
(29, 506, 0, 0),
(29, 507, 0, 0),
(29, 515, 0, 0),
(10, 520, 0, 0),
(10, 521, 0, 0),
(10, 522, 0, 0),
(10, 523, 0, 0),
(10, 524, 0, 0),
(10, 525, 0, 0),
(30, 526, 0, 0),
(30, 527, 0, 0),
(30, 528, 0, 0),
(30, 529, 0, 0),
(30, 530, 0, 0),
(30, 531, 0, 0),
(30, 532, 0, 0),
(30, 533, 0, 0),
(30, 534, 0, 0),
(30, 535, 0, 0),
(30, 536, 0, 0),
(30, 537, 0, 0),
(30, 538, 0, 0),
(30, 539, 0, 0),
(30, 540, 0, 0),
(30, 541, 0, 0),
(30, 542, 0, 0),
(29, 543, 0, 0),
(33, 544, 0, 0),
(33, 545, 0, 0),
(33, 546, 0, 0),
(33, 547, 0, 0),
(33, 548, 0, 0),
(33, 549, 0, 0),
(33, 550, 0, 0),
(33, 551, 0, 0),
(33, 552, 0, 0),
(33, 553, 0, 0),
(33, 554, 0, 0),
(33, 555, 0, 0),
(33, 556, 0, 0),
(33, 557, 0, 0),
(33, 558, 0, 0),
(33, 559, 0, 0),
(33, 560, 0, 0),
(33, 561, 0, 0),
(33, 562, 0, 0),
(33, 563, 0, 0),
(33, 564, 0, 0),
(33, 565, 0, 0),
(37, 566, 0, 0),
(37, 567, 0, 0),
(37, 568, 0, 0),
(37, 569, 0, 0),
(37, 570, 0, 0),
(37, 571, 0, 0),
(37, 572, 0, 0),
(37, 573, 0, 0),
(37, 574, 0, 0),
(37, 575, 0, 0),
(37, 576, 0, 0),
(37, 577, 0, 0),
(37, 578, 0, 0),
(37, 579, 0, 0),
(37, 580, 0, 0),
(37, 581, 0, 0),
(37, 582, 0, 0),
(37, 583, 0, 0),
(37, 584, 0, 0),
(37, 585, 0, 0),
(37, 586, 0, 0),
(37, 587, 0, 0),
(39, 588, 0, 0),
(39, 589, 0, 0),
(39, 590, 0, 0),
(39, 591, 0, 0),
(39, 592, 0, 0),
(39, 593, 0, 0),
(40, 594, 0, 0),
(40, 595, 0, 0),
(40, 596, 0, 0),
(40, 597, 0, 0),
(40, 598, 0, 0),
(40, 599, 0, 0),
(40, 600, 0, 0),
(40, 601, 0, 0),
(40, 602, 0, 0),
(40, 603, 0, 0),
(40, 604, 0, 0),
(40, 605, 0, 0),
(40, 606, 0, 0),
(40, 607, 0, 0),
(40, 608, 0, 0),
(40, 609, 0, 0),
(40, 610, 0, 0),
(40, 611, 0, 0),
(40, 612, 0, 0),
(40, 613, 0, 0),
(40, 614, 0, 0),
(41, 615, 0, 0),
(41, 616, 0, 0),
(41, 617, 0, 0),
(41, 618, 0, 0),
(41, 619, 0, 0),
(41, 620, 0, 0),
(41, 621, 0, 0),
(41, 622, 0, 0),
(45, 623, 0, 0),
(45, 624, 0, 0),
(45, 625, 0, 0),
(45, 626, 0, 0),
(45, 627, 0, 0),
(45, 628, 0, 0),
(45, 629, 0, 0),
(45, 630, 0, 0),
(45, 631, 0, 0),
(45, 632, 0, 0),
(45, 633, 0, 0),
(45, 634, 0, 0),
(45, 635, 0, 0),
(46, 636, 0, 0),
(46, 637, 0, 0),
(46, 638, 0, 0),
(46, 639, 0, 0),
(46, 640, 0, 0),
(46, 641, 0, 0),
(46, 642, 0, 0),
(46, 643, 0, 0),
(46, 644, 0, 0),
(46, 645, 0, 0),
(46, 646, 0, 0),
(46, 647, 0, 0),
(46, 648, 0, 0),
(46, 649, 0, 0),
(46, 650, 0, 0),
(46, 651, 0, 0),
(46, 652, 0, 0),
(46, 653, 0, 0),
(47, 654, 0, 0),
(47, 655, 0, 0),
(47, 656, 0, 0),
(47, 657, 0, 0),
(47, 658, 0, 0),
(47, 659, 0, 0),
(47, 660, 0, 0),
(47, 661, 0, 0),
(47, 662, 0, 0),
(47, 663, 0, 0),
(47, 664, 0, 0),
(47, 665, 0, 0),
(47, 666, 0, 0),
(47, 667, 0, 0),
(47, 668, 0, 0),
(47, 669, 0, 0),
(47, 670, 0, 0),
(47, 671, 0, 0),
(47, 672, 0, 0),
(47, 673, 0, 0),
(2, 674, 0, 0),
(29, 675, 0, 0),
(23, 676, 0, 0),
(23, 677, 0, 0),
(23, 678, 0, 0),
(23, 679, 0, 0),
(23, 680, 0, 0),
(23, 681, 0, 0),
(23, 682, 0, 0),
(23, 683, 0, 0),
(23, 684, 0, 0),
(22, 685, 0, 0),
(22, 686, 0, 0),
(22, 687, 0, 0),
(22, 688, 0, 0),
(22, 689, 0, 0),
(22, 690, 0, 0),
(22, 691, 0, 0),
(22, 692, 0, 0),
(22, 693, 0, 0),
(21, 694, 0, 0),
(21, 695, 0, 0),
(21, 696, 0, 0),
(21, 697, 0, 0),
(21, 698, 0, 0),
(21, 699, 0, 0),
(21, 700, 0, 0),
(21, 701, 0, 0),
(21, 702, 0, 0),
(20, 703, 0, 0),
(20, 704, 0, 0),
(20, 705, 0, 0),
(20, 706, 0, 0),
(20, 707, 0, 0),
(20, 708, 0, 0),
(20, 709, 0, 0),
(20, 710, 0, 0),
(20, 711, 0, 0),
(29, 712, 0, 0),
(46, 713, 0, 0),
(41, 714, 0, 0),
(29, 715, 0, 0),
(29, 716, 0, 0),
(29, 717, 0, 0),
(23, 718, 0, 0),
(22, 719, 0, 0),
(21, 720, 0, 0),
(20, 721, 0, 0),
(29, 722, 0, 0),
(6, 723, 0, 0),
(4, 724, 0, 0),
(2, 725, 0, 0),
(29, 726, 0, 0),
(23, 727, 0, 0),
(23, 728, 0, 0),
(21, 729, 0, 0),
(21, 730, 0, 0),
(18, 731, 0, 0),
(7, 732, 0, 0),
(41, 733, 0, 0),
(41, 734, 0, 0),
(23, 735, 0, 0),
(20, 736, 0, 0),
(21, 737, 0, 0),
(22, 738, 0, 0),
(29, 739, 0, 0),
(2, 740, 0, 0),
(13, 741, 0, 0),
(29, 742, 0, 0),
(29, 743, 0, 0),
(29, 744, 0, 0),
(29, 745, 0, 0),
(14, 772, 0, 0),
(33, 773, 0, 0),
(23, 774, 0, 0),
(29, 775, 0, 0),
(23, 776, 0, 0),
(23, 777, 0, 0),
(23, 778, 0, 0),
(20, 779, 0, 0),
(20, 780, 0, 0),
(20, 781, 0, 0),
(21, 782, 0, 0),
(22, 783, 0, 0),
(22, 784, 0, 0),
(22, 785, 0, 0),
(41, 786, 0, 0),
(41, 787, 0, 0),
(41, 788, 0, 0),
(2, 789, 0, 0),
(4, 790, 0, 0),
(6, 791, 0, 0),
(7, 792, 0, 0),
(8, 793, 0, 0),
(9, 794, 0, 0),
(10, 795, 0, 0),
(13, 796, 0, 0),
(14, 797, 0, 0),
(15, 798, 0, 0),
(16, 799, 0, 0),
(18, 800, 0, 0),
(19, 801, 0, 0),
(20, 802, 0, 0),
(21, 803, 0, 0),
(22, 804, 0, 0),
(23, 805, 0, 0),
(26, 806, 0, 0),
(10, 807, 0, 0),
(2, 808, 0, 0),
(4, 809, 0, 0),
(6, 810, 0, 0),
(7, 811, 0, 0),
(8, 812, 0, 0),
(9, 813, 0, 0),
(10, 814, 0, 0),
(13, 815, 0, 0),
(14, 816, 0, 0),
(15, 817, 0, 0),
(16, 818, 0, 0),
(18, 819, 0, 0),
(19, 820, 0, 0),
(20, 821, 0, 0),
(21, 822, 0, 0),
(22, 823, 0, 0),
(23, 824, 0, 0),
(26, 825, 0, 0),
(30, 826, 0, 0),
(2, 827, 0, 0),
(4, 828, 0, 0),
(6, 829, 0, 0),
(7, 830, 0, 0),
(8, 831, 0, 0),
(9, 832, 0, 0),
(10, 833, 0, 0),
(13, 834, 0, 0),
(14, 835, 0, 0),
(15, 836, 0, 0),
(16, 837, 0, 0),
(18, 838, 0, 0),
(19, 839, 0, 0),
(20, 840, 0, 0),
(21, 841, 0, 0),
(22, 842, 0, 0),
(23, 843, 0, 0),
(26, 844, 0, 0),
(30, 845, 0, 0),
(20, 846, 0, 0),
(21, 847, 0, 0),
(22, 848, 0, 0),
(23, 849, 0, 0),
(47, 850, 0, 0),
(47, 851, 0, 0),
(50, 852, 0, 0),
(50, 853, 0, 0),
(50, 854, 0, 0),
(50, 855, 0, 0),
(50, 856, 0, 0),
(50, 857, 0, 0),
(50, 858, 0, 0),
(50, 859, 0, 0),
(50, 860, 0, 0),
(50, 861, 0, 0),
(50, 862, 0, 0),
(51, 863, 0, 0),
(51, 864, 0, 0),
(51, 865, 0, 0),
(51, 866, 0, 0),
(51, 867, 0, 0),
(51, 868, 0, 0),
(51, 869, 0, 0),
(51, 870, 0, 0),
(51, 871, 0, 0),
(51, 872, 0, 0),
(51, 873, 0, 0),
(51, 874, 0, 0),
(51, 876, 0, 0),
(51, 878, 0, 0),
(50, 881, 0, 0),
(50, 883, 0, 0),
(50, 884, 0, 0),
(50, 885, 0, 0),
(50, 886, 0, 0),
(50, 887, 0, 0),
(52, 888, 0, 0),
(52, 889, 0, 0),
(52, 890, 0, 0),
(52, 891, 0, 0),
(52, 892, 0, 0),
(52, 893, 0, 0),
(52, 894, 0, 0),
(52, 895, 0, 0),
(52, 896, 0, 0),
(52, 897, 0, 0),
(52, 898, 0, 0),
(52, 899, 0, 0),
(52, 900, 0, 0),
(51, 901, 0, 0),
(51, 903, 0, 0),
(53, 905, 0, 0),
(53, 906, 0, 0),
(53, 907, 0, 0),
(53, 908, 0, 0),
(53, 909, 0, 0),
(53, 910, 0, 0),
(53, 911, 0, 0),
(53, 912, 0, 0),
(53, 913, 0, 0),
(54, 921, 0, 0),
(54, 922, 0, 0),
(54, 923, 0, 0),
(54, 924, 0, 0),
(54, 925, 0, 0),
(54, 926, 0, 0),
(54, 927, 0, 0),
(54, 928, 0, 0),
(54, 929, 0, 0),
(14, 930, 0, 0),
(50, 931, 0, 0),
(50, 932, 0, 0),
(54, 933, 0, 0),
(55, 934, 0, 0),
(55, 935, 0, 0),
(55, 936, 0, 0),
(55, 937, 0, 0),
(55, 938, 0, 0),
(55, 939, 0, 0),
(55, 940, 0, 0),
(55, 941, 0, 0),
(56, 942, 0, 0),
(56, 943, 0, 0),
(56, 944, 0, 0),
(56, 945, 0, 0),
(56, 946, 0, 0),
(56, 947, 0, 0),
(56, 948, 0, 0),
(56, 949, 0, 0),
(56, 950, 0, 0),
(56, 951, 0, 0),
(56, 952, 0, 0),
(56, 953, 0, 0),
(56, 954, 0, 0),
(56, 955, 0, 0),
(56, 956, 0, 0),
(56, 957, 0, 0),
(56, 958, 0, 0);

-- --------------------------------------------------------

--
-- Table structure for table `vtiger_def_org_share`
--

CREATE TABLE `vtiger_def_org_share` (
  `ruleid` int(11) NOT NULL,
  `tabid` int(11) NOT NULL,
  `permission` int(19) DEFAULT NULL,
  `editstatus` int(19) DEFAULT NULL
) ENGINE=InnoDB DEFAULT CHARSET=utf8;

--
-- Dumping data for table `vtiger_def_org_share`
--

INSERT INTO `vtiger_def_org_share` (`ruleid`, `tabid`, `permission`, `editstatus`) VALUES
(1, 2, 2, 0),
(2, 4, 2, 0),
(3, 6, 2, 0),
(4, 7, 2, 0),
(5, 9, 3, 1),
(6, 13, 2, 0),
(7, 16, 3, 2),
(8, 20, 2, 0),
(9, 21, 2, 0),
(10, 22, 2, 0),
(11, 23, 2, 0),
(12, 26, 2, 0),
(13, 8, 2, 0),
(14, 14, 2, 0),
(15, 30, 3, 0),
(16, 33, 2, 0),
(17, 37, 2, 0),
(18, 39, 2, 0),
(19, 40, 2, 0),
(20, 41, 2, 0),
(21, 45, 2, 0),
(22, 46, 2, 0),
(23, 47, 2, 0),
(24, 18, 2, 0),
(25, 10, 2, 0),
(26, 50, 2, 0),
(27, 51, 2, 0),
(28, 52, 2, 0),
(29, 53, 2, 0),
(30, 54, 2, 0),
(31, 55, 2, 0),
(32, 56, 2, 0);

-- --------------------------------------------------------

--
-- Table structure for table `vtiger_def_org_share_seq`
--

CREATE TABLE `vtiger_def_org_share_seq` (
  `id` int(11) NOT NULL
) ENGINE=InnoDB DEFAULT CHARSET=utf8;

--
-- Dumping data for table `vtiger_def_org_share_seq`
--

INSERT INTO `vtiger_def_org_share_seq` (`id`) VALUES
(32);

-- --------------------------------------------------------

--
-- Table structure for table `vtiger_dispatch`
--

CREATE TABLE `vtiger_dispatch` (
  `dispatchid` int(19) NOT NULL,
  `dispatch_name` varchar(255) DEFAULT NULL,
  `dispatch_date` date DEFAULT NULL,
  `dispatch_so` varchar(255) DEFAULT NULL,
  `dispatch_inv` varchar(255) DEFAULT NULL,
  `dispatch_remark` varchar(255) DEFAULT NULL,
  `tags` varchar(1) DEFAULT NULL
) ENGINE=InnoDB DEFAULT CHARSET=utf8;

--
-- Dumping data for table `vtiger_dispatch`
--

INSERT INTO `vtiger_dispatch` (`dispatchid`, `dispatch_name`, `dispatch_date`, `dispatch_so`, `dispatch_inv`, `dispatch_remark`, `tags`) VALUES
(119, 'DP-0024', '2019-06-19', '7', '', 'test dispatch', '');

-- --------------------------------------------------------

--
-- Table structure for table `vtiger_dispatchcf`
--

CREATE TABLE `vtiger_dispatchcf` (
  `dispatchid` int(19) NOT NULL
) ENGINE=InnoDB DEFAULT CHARSET=utf8;

--
-- Dumping data for table `vtiger_dispatchcf`
--

INSERT INTO `vtiger_dispatchcf` (`dispatchid`) VALUES
(119);

-- --------------------------------------------------------

--
-- Table structure for table `vtiger_dispatch_user_field`
--

CREATE TABLE `vtiger_dispatch_user_field` (
  `recordid` int(25) NOT NULL,
  `userid` int(25) NOT NULL,
  `starred` varchar(100) DEFAULT NULL
) ENGINE=InnoDB DEFAULT CHARSET=utf8;

-- --------------------------------------------------------

--
-- Table structure for table `vtiger_durationhrs`
--

CREATE TABLE `vtiger_durationhrs` (
  `hrsid` int(19) NOT NULL,
  `hrs` varchar(50) DEFAULT NULL,
  `sortorderid` int(19) NOT NULL DEFAULT '0',
  `presence` int(1) NOT NULL DEFAULT '1'
) ENGINE=InnoDB DEFAULT CHARSET=utf8;

-- --------------------------------------------------------

--
-- Table structure for table `vtiger_durationmins`
--

CREATE TABLE `vtiger_durationmins` (
  `minsid` int(19) NOT NULL,
  `mins` varchar(50) DEFAULT NULL,
  `sortorderid` int(19) NOT NULL DEFAULT '0',
  `presence` int(1) NOT NULL DEFAULT '1'
) ENGINE=InnoDB DEFAULT CHARSET=utf8;

-- --------------------------------------------------------

--
-- Table structure for table `vtiger_duration_minutes`
--

CREATE TABLE `vtiger_duration_minutes` (
  `minutesid` int(19) NOT NULL,
  `duration_minutes` varchar(200) NOT NULL,
  `sortorderid` int(19) NOT NULL DEFAULT '0',
  `presence` int(1) NOT NULL DEFAULT '1',
  `color` varchar(10) DEFAULT NULL
) ENGINE=InnoDB DEFAULT CHARSET=utf8;

--
-- Dumping data for table `vtiger_duration_minutes`
--

INSERT INTO `vtiger_duration_minutes` (`minutesid`, `duration_minutes`, `sortorderid`, `presence`, `color`) VALUES
(1, '00', 0, 1, NULL),
(2, '15', 1, 1, NULL),
(3, '30', 2, 1, NULL),
(4, '45', 3, 1, NULL);

-- --------------------------------------------------------

--
-- Table structure for table `vtiger_duration_minutes_seq`
--

CREATE TABLE `vtiger_duration_minutes_seq` (
  `id` int(11) NOT NULL
) ENGINE=InnoDB DEFAULT CHARSET=utf8;

--
-- Dumping data for table `vtiger_duration_minutes_seq`
--

INSERT INTO `vtiger_duration_minutes_seq` (`id`) VALUES
(4);

-- --------------------------------------------------------

--
-- Table structure for table `vtiger_emaildetails`
--

CREATE TABLE `vtiger_emaildetails` (
  `emailid` int(19) NOT NULL,
  `from_email` varchar(50) NOT NULL DEFAULT '',
  `to_email` text,
  `cc_email` text,
  `bcc_email` text,
  `assigned_user_email` varchar(50) NOT NULL DEFAULT '',
  `idlists` text,
  `email_flag` varchar(50) NOT NULL DEFAULT ''
) ENGINE=InnoDB DEFAULT CHARSET=utf8;

-- --------------------------------------------------------

--
-- Table structure for table `vtiger_emailslookup`
--

CREATE TABLE `vtiger_emailslookup` (
  `crmid` int(20) DEFAULT NULL,
  `setype` varchar(100) DEFAULT NULL,
  `value` varchar(100) DEFAULT NULL,
  `fieldid` int(20) DEFAULT NULL
) ENGINE=InnoDB DEFAULT CHARSET=utf8;

--
-- Dumping data for table `vtiger_emailslookup`
--

INSERT INTO `vtiger_emailslookup` (`crmid`, `setype`, `value`, `fieldid`) VALUES
(124, 'Contacts', 'pv@masspl.com', 80);

-- --------------------------------------------------------

--
-- Table structure for table `vtiger_emails_recipientprefs`
--

CREATE TABLE `vtiger_emails_recipientprefs` (
  `id` int(11) NOT NULL,
  `tabid` int(11) NOT NULL,
  `prefs` varchar(255) DEFAULT NULL,
  `userid` int(11) DEFAULT NULL
) ENGINE=InnoDB DEFAULT CHARSET=utf8;

-- --------------------------------------------------------

--
-- Table structure for table `vtiger_emailtemplates`
--

CREATE TABLE `vtiger_emailtemplates` (
  `foldername` varchar(100) DEFAULT NULL,
  `templatename` varchar(100) DEFAULT NULL,
  `templatepath` varchar(100) DEFAULT NULL,
  `subject` varchar(255) DEFAULT NULL,
  `description` text,
  `body` text,
  `deleted` int(1) NOT NULL DEFAULT '0',
  `templateid` int(19) NOT NULL,
  `systemtemplate` int(1) NOT NULL DEFAULT '0',
  `module` varchar(100) DEFAULT NULL
) ENGINE=InnoDB DEFAULT CHARSET=utf8;

--
-- Dumping data for table `vtiger_emailtemplates`
--

INSERT INTO `vtiger_emailtemplates` (`foldername`, `templatename`, `templatepath`, `subject`, `description`, `body`, `deleted`, `templateid`, `systemtemplate`, `module`) VALUES
('Public', 'Announcement for Release', '', 'Announcement for Release', 'Announcement of a release', 'Hello!   <br />\n	<br />\n	On behalf of the vtiger team,  I am pleased to announce the release of vtiger crm4.2 . This is a feature packed release including the mass email template handling, custom view feature, vtiger_reports feature and a host of other utilities. vtiger runs on all platforms.    <br />\n        <br />\n	Notable Features of vtiger are :   <br />\n	<br />\n	-Email Client Integration    <br />\n	-Trouble Ticket Integration   <br />\n	-Invoice Management Integration   <br />\n	-Reports Integration   <br />\n	-Portal Integration   <br />\n	-Enhanced Word Plugin Support   <br />\n	-Custom View Integration   <br />\n	<br />\n	Known Issues:   <br />\n	-ABCD   <br />\n	-EFGH   <br />\n	-IJKL   <br />\n	-MNOP   <br />\n	-QRST', 0, 1, 0, ''),
('Public', 'Pending Invoices', '', 'Invoices Pending', 'Payment Due', 'name <br />\nstreet, <br />\ncity, <br />\nstate, <br />\n zip) <br />\n  <br />\n Dear <br />\n <br />\n Please check the following invoices that are yet to be paid by you: <br />\n <br />\n No. Date      Amount <br />\n 1   1/1/01    $4000 <br />\n 2   2/2//01   $5000 <br />\n 3   3/3/01    $10000 <br />\n 4   7/4/01    $23560 <br />\n <br />\n Kindly let us know if there are any issues that you feel are pending to be discussed. <br />\n We will be more than happy to give you a call. <br />\n We would like to continue our business with you.', 0, 2, 0, ''),
('Public', 'Acceptance Proposal', '', 'Acceptance Proposal', 'Acceptance of Proposal', ' Dear <br />\n <br />\nYour proposal on the project XYZW has been reviewed by us <br />\nand is acceptable in its entirety. <br />\n <br />\nWe are eagerly looking forward to this project <br />\nand are pleased about having the opportunity to work <br />\ntogether. We look forward to a long standing relationship <br />\nwith your esteemed firm. <br />\n<br />\nI would like to take this opportunity to invite you <br />\nto a game of golf on Wednesday morning 9am at the <br />\nCuff Links Ground. We will be waiting for you in the <br />\nExecutive Lounge. <br />\n<br />\nLooking forward to seeing you there.', 0, 3, 0, ''),
('Public', 'Goods received acknowledgement', '', 'Goods received acknowledgement', 'Acknowledged Receipt of Goods', ' The undersigned hereby acknowledges receipt and delivery of the goods. <br />\nThe undersigned will release the payment subject to the goods being discovered not satisfactory. <br />\n<br />\nSigned under seal this <date>', 0, 4, 0, ''),
('Public', 'Accept Order', '', 'Accept Order', 'Acknowledgement/Acceptance of Order', ' Dear <br />\n         We are in receipt of your order as contained in the <br />\n   purchase order form.We consider this to be final and binding on both sides. <br />\nIf there be any exceptions noted, we shall consider them <br />\nonly if the objection is received within ten days of receipt of <br />\nthis notice. <br />\n <br />\nThank you for your patronage.', 0, 5, 0, ''),
('Public', 'Address Change', '', 'Change of Address', 'Address Change', 'Dear <br />\n <br />\nWe are relocating our office to <br />\n11111,XYZDEF Cross, <br />\nUVWWX Circle <br />\nThe telephone number for this new location is (101) 1212-1328. <br />\n<br />\nOur Manufacturing Division will continue operations <br />\nat 3250 Lovedale Square Avenue, in Frankfurt. <br />\n<br />\nWe hope to keep in touch with you all. <br />\nPlease update your addressbooks.', 0, 6, 0, ''),
('Public', 'Follow Up', '', 'Follow Up', 'Follow Up of meeting', 'Dear <br />\n<br />\nThank you for extending us the opportunity to meet with <br />\nyou and members of your staff. <br />\n<br />\nI know that John Doe serviced your account <br />\nfor many years and made many friends at your firm. He has personally <br />\ndiscussed with me the deep relationship that he had with your firm. <br />\nWhile his presence will be missed, I can promise that we will <br />\ncontinue to provide the fine service that was accorded by <br />\nJohn to your firm. <br />\n<br />\nI was genuinely touched to receive such fine hospitality. <br />\n<br />\nThank you once again.', 0, 7, 0, ''),
('Public', 'Target Crossed!', '', 'Target Crossed!', 'Fantastic Sales Spree!', 'Congratulations! <br />\n<br />\nThe numbers are in and I am proud to inform you that our <br />\ntotal sales for the previous quarter <br />\namounts to $100,000,00.00!. This is the first time <br />\nwe have exceeded the target by almost 30%. <br />\nWe have also beat the previous quarter record by a <br />\nwhopping 75%! <br />\n<br />\nLet us meet at Smoking Joe for a drink in the evening! <br />\n\nC you all there guys!', 0, 8, 0, ''),
('Public', 'Thanks Note', '', 'Thanks Note', 'Note of thanks', 'Dear <br />\n<br />\nThank you for your confidence in our ability to serve you. <br />\nWe are glad to be given the chance to serve you.I look <br />\nforward to establishing a long term partnership with you. <br />\nConsider me as a friend. <br />\nShould any need arise,please do give us a call.', 0, 9, 0, ''),
('Public', 'Customer Login Details', '', 'Customer Portal Login Details', 'Send Portal login details to customer', '<table width=\"700\" cellspacing=\"0\" cellpadding=\"0\" border=\"0\" align=\"center\" style=\"font-family: Arial,Helvetica,sans-serif; font-size: 12px; font-weight: normal; text-decoration: none; background-color: rgb(122, 122, 254);\">\n        <tr>\n            <td> </td>\n            <td> </td>\n            <td> </td>\n        </tr>\n        <tr>\n            <td> </td>\n            <td> </td>\n            <td> </td>\n        </tr>\n        <tr>\n            <td> </td>\n            <td> </td>\n            <td> </td>\n        </tr>\n        <tr>\n            <td width=\"50\"> </td>\n            <td>\n            <table width=\"100%\" cellspacing=\"0\" cellpadding=\"0\" border=\"0\">\n                    <tr>\n                        <td>\n                        <table width=\"100%\" cellspacing=\"0\" cellpadding=\"0\" border=\"0\" style=\"background-color: rgb(27, 77, 140); font-family: Arial,Helvetica,sans-serif; font-size: 14px; color: rgb(255, 255, 255); font-weight: normal; line-height: 25px;\">\n                                <tr>\n                                    <td align=\"center\" rowspan=\"4\">$logo$</td>\n                                    <td align=\"center\"> </td>\n                                </tr>\n                                <tr>\n                                    <td align=\"left\" style=\"background-color: rgb(27, 77, 140); font-family: Arial,Helvetica,sans-serif; font-size: 24px; color: rgb(255, 255, 255); font-weight: bolder; line-height: 35px;\">vtiger CRM<br /> </td>\n                                </tr>\n                                <tr>\n                                    <td align=\"right\" style=\"padding-right: 100px;\">The honest Open Source CRM </td>\n                                </tr>\n                                <tr>\n                                    <td> </td>\n                                </tr>\n                        </table>\n                        </td>\n                    </tr>\n                    <tr>\n                        <td>\n                        <table width=\"100%\" cellspacing=\"0\" cellpadding=\"0\" border=\"0\" style=\"font-family: Arial,Helvetica,sans-serif; font-size: 12px; font-weight: normal; color: rgb(0, 0, 0); background-color: rgb(255, 255, 255);\">\n                                <tr>\n                                    <td valign=\"top\">\n                                    <table width=\"100%\" cellspacing=\"0\" cellpadding=\"5\" border=\"0\">\n                                            <tr>\n                                                <td align=\"right\" style=\"font-family: Arial,Helvetica,sans-serif; font-size: 12px; font-weight: bolder; text-decoration: none; color: rgb(66, 66, 253);\"> </td>\n                                            </tr>\n                                            <tr>\n                                                <td> </td>\n                                            </tr>\n                                            <tr>\n                                                <td style=\"font-family: Arial,Helvetica,sans-serif; font-size: 14px; color: rgb(22, 72, 134); font-weight: bolder; line-height: 15px;\">Dear $contact_name$, </td>\n                                            </tr>\n                                            <tr>\n                                                <td style=\"font-family: Arial,Helvetica,sans-serif; font-size: 12px; color: rgb(0, 0, 0); font-weight: normal; text-align: justify; line-height: 20px;\"> Thank you very much for subscribing to the vtiger CRM - annual support service.<br />Here is your self service portal login details:</td>\n                                            </tr>\n                                            <tr>\n                                                <td align=\"center\">\n                                                <table width=\"75%\" cellspacing=\"0\" cellpadding=\"10\" border=\"0\" style=\"border: 2px solid rgb(180, 180, 179); background-color: rgb(226, 226, 225); font-family: Arial,Helvetica,sans-serif; font-size: 12px; color: rgb(0, 0, 0); font-weight: normal;\">\n                                                        <tr>\n                                                            <td><br />User ID     : <font color=\"#990000\"><strong> $login_name$</strong></font> </td>\n                                                        </tr>\n                                                        <tr>\n                                                            <td>Password: <font color=\"#990000\"><strong> $password$</strong></font> </td>\n                                                        </tr>\n                                                        <tr>\n                                                            <td align=\"center\"> <strong>  $URL$<br /> </strong> </td>\n                                                        </tr>\n                                                </table>\n                                                </td>\n                                            </tr>\n                                            <tr>\n                                                <td style=\"font-family: Arial,Helvetica,sans-serif; font-size: 12px; color: rgb(0, 0, 0); font-weight: normal; text-align: justify; line-height: 20px;\"><strong>NOTE:</strong> We suggest you to change your password after logging in first time. <br /><br /> <strong><u>Help Documentation</u></strong><br />  <br /> After logging in to vtiger Self-service Portal first time, you can access the vtiger CRM documents from the <strong>Documents</strong> tab. Following documents are available for your reference:<br />\n                                                <ul>\n                                                    <li>Installation Manual (Windows &amp; Linux OS)<br /> </li>\n                                                    <li>User &amp; Administrator Manual<br /> </li>\n                                                    <li>vtiger Customer Portal - User Manual<br /> </li>\n                                                    <li>vtiger Outlook Plugin - User Manual<br /> </li>\n                                                    <li>vtiger Office Plug-in - User Manual<br /> </li>\n                                                    <li>vtiger Thunderbird Extension - User Manual<br /> </li>\n                                                    <li>vtiger Web Forms - User Manual<br /> </li>\n                                                    <li>vtiger Firefox Tool bar - User Manual<br /> </li>\n                                                </ul>\n                                                <br />  <br /> <strong><u>Knowledge Base</u></strong><br /> <br /> Periodically we update frequently asked question based on our customer experiences. You can access the latest articles from the <strong>FAQ</strong> tab.<br /> <br /> <strong><u>vtiger CRM - Details</u></strong><br /> <br /> Kindly let us know your current vtiger CRM version and system specification so that we can provide you necessary guidelines to enhance your vtiger CRM system performance. Based on your system specification we alert you about the latest security &amp; upgrade patches.<br />  <br />			 Thank you once again and wish you a wonderful experience with vtiger CRM.<br /> </td>\n                                            </tr>\n                                            <tr>\n                                                <td align=\"right\"><strong style=\"padding: 2px; font-family: Arial,Helvetica,sans-serif; font-size: 12px; color: rgb(0, 0, 0); font-weight: bold;\"><br /><br />Best Regards</strong></td>\n                                            </tr>\n                                            <tr>\n                                                <td align=\"right\" style=\"font-family: Arial,Helvetica,sans-serif; font-size: 12px; color: rgb(0, 0, 0); font-weight: normal; line-height: 20px;\">$support_team$ </td>\n                                            </tr>\n                                            <tr>\n                                                <td align=\"right\"><a style=\"font-family: Arial,Helvetica,sans-serif; font-size: 12px; font-weight: bolder; text-decoration: none; color: rgb(66, 66, 253);\" href=\"http://www.vtiger.com\">www.vtiger.com</a></td>\n                                            </tr>\n                                            <tr>\n                                                <td> </td>\n                                            </tr>\n                                    </table>\n                                    </td>\n                                    <td width=\"1%\" valign=\"top\"> </td>\n                                </tr>\n                        </table>\n                        </td>\n                    </tr>\n                    <tr>\n                        <td>\n                        <table width=\"100%\" cellspacing=\"0\" cellpadding=\"5\" border=\"0\" style=\"font-family: Arial,Helvetica,sans-serif; font-size: 12px; color: rgb(255, 255, 255); font-weight: normal; line-height: 15px; background-color: rgb(51, 51, 51);\">\n                                <tr>\n                                    <td align=\"center\">Shree Narayana Complex, No 11 Sarathy Nagar, Vijaya Nagar , Velachery, Chennai - 600 042 India </td>\n                                </tr>\n                                <tr>\n                                    <td align=\"center\">Telephone No: +91 - 44 - 4202 - 1990     Toll Free No: +1 877 788 4437</td>\n                                </tr>\n                                <tr>\n                                    <td align=\"center\">Email Id: <a style=\"font-family: Arial,Helvetica,sans-serif; font-size: 12px; font-weight: bolder; text-decoration: none; color: rgb(255, 255, 255);\" href=\"mailto:support@vtiger.com\">support@vtiger.com</a></td>\n                                </tr>\n                        </table>\n                        </td>\n                    </tr>\n            </table>\n            </td>\n            <td width=\"50\"> </td>\n        </tr>\n        <tr>\n            <td> </td>\n            <td> </td>\n            <td> </td>\n        </tr>\n        <tr>\n            <td> </td>\n            <td> </td>\n            <td> </td>\n        </tr>\n        <tr>\n            <td> </td>\n            <td> </td>\n            <td> </td>\n        </tr>\n</table>', 0, 10, 0, ''),
('Public', 'Support end notification before a week', '', 'VtigerCRM Support Notification', 'Send Notification mail to customer before a week of support end date', '<table width=\"700\" cellspacing=\"0\" cellpadding=\"0\" border=\"0\" align=\"center\" style=\"font-family: Arial,Helvetica,sans-serif; font-size: 12px; font-weight: normal; text-decoration: none; background-color: rgb(122, 122, 254);\">\n        <tr>\n            <td> </td>\n            <td> </td>\n            <td> </td>\n        </tr>\n        <tr>\n            <td> </td>\n            <td> </td>\n            <td> </td>\n        </tr>\n        <tr>\n            <td> </td>\n            <td> </td>\n            <td> </td>\n        </tr>\n        <tr>\n            <td width=\"50\"> </td>\n            <td>\n            <table width=\"100%\" cellspacing=\"0\" cellpadding=\"0\" border=\"0\">\n                    <tr>\n                        <td>\n                        <table width=\"100%\" cellspacing=\"0\" cellpadding=\"0\" border=\"0\" style=\"background-color: rgb(27, 77, 140); font-family: Arial,Helvetica,sans-serif; font-size: 14px; color: rgb(255, 255, 255); font-weight: normal; line-height: 25px;\">\n                                <tr>\n                                    <td align=\"center\" rowspan=\"4\">$logo$</td>\n                                    <td align=\"center\"> </td>\n                                </tr>\n                                <tr>\n                                    <td align=\"left\" style=\"background-color: rgb(27, 77, 140); font-family: Arial,Helvetica,sans-serif; font-size: 24px; color: rgb(255, 255, 255); font-weight: bolder; line-height: 35px;\">vtiger CRM </td>\n                                </tr>\n                                <tr>\n                                    <td align=\"right\" style=\"padding-right: 100px;\">The honest Open Source CRM </td>\n                                </tr>\n                                <tr>\n                                    <td> </td>\n                                </tr>\n                        </table>\n                        </td>\n                    </tr>\n                    <tr>\n                        <td>\n                        <table width=\"100%\" cellspacing=\"0\" cellpadding=\"0\" border=\"0\" style=\"font-family: Arial,Helvetica,sans-serif; font-size: 12px; font-weight: normal; color: rgb(0, 0, 0); background-color: rgb(255, 255, 255);\">\n                                <tr>\n                                    <td valign=\"top\">\n                                    <table width=\"100%\" cellspacing=\"0\" cellpadding=\"5\" border=\"0\">\n                                            <tr>\n                                                <td align=\"right\" style=\"font-family: Arial,Helvetica,sans-serif; font-size: 12px; font-weight: bolder; text-decoration: none; color: rgb(66, 66, 253);\"> </td>\n                                            </tr>\n                                            <tr>\n                                                <td> </td>\n                                            </tr>\n                                            <tr>\n                                                <td style=\"font-family: Arial,Helvetica,sans-serif; font-size: 14px; color: rgb(22, 72, 134); font-weight: bolder; line-height: 15px;\">Dear $contacts-lastname$, </td>\n                                            </tr>\n                                            <tr>\n                                                <td style=\"font-family: Arial,Helvetica,sans-serif; font-size: 12px; color: rgb(0, 0, 0); font-weight: normal; text-align: justify; line-height: 20px;\">This is just a notification mail regarding your support end.<br /><span style=\"font-weight: bold;\">Priority:</span> Urgent<br />Your Support is going to expire on next week<br />Please contact support@vtiger.com.<br /><br /><br /></td>\n                                            </tr>\n                                            <tr>\n                                                <td align=\"center\"><br /></td>\n                                            </tr>\n                                            <tr>\n                                                <td align=\"right\"><strong style=\"padding: 2px; font-family: Arial,Helvetica,sans-serif; font-size: 12px; color: rgb(0, 0, 0); font-weight: bold;\"><br /><br />Sincerly</strong></td>\n                                            </tr>\n                                            <tr>\n                                                <td align=\"right\" style=\"font-family: Arial,Helvetica,sans-serif; font-size: 12px; color: rgb(0, 0, 0); font-weight: normal; line-height: 20px;\">Support Team </td>\n                                            </tr>\n                                            <tr>\n                                                <td align=\"right\"><a style=\"font-family: Arial,Helvetica,sans-serif; font-size: 12px; font-weight: bolder; text-decoration: none; color: rgb(66, 66, 253);\" href=\"http://www.vtiger.com\">www.vtiger.com</a></td>\n                                            </tr>\n                                            <tr>\n                                                <td> </td>\n                                            </tr>\n                                    </table>\n                                    </td>\n                                    <td width=\"1%\" valign=\"top\"> </td>\n                                </tr>\n                        </table>\n                        </td>\n                    </tr>\n                    <tr>\n                        <td>\n                        <table width=\"100%\" cellspacing=\"0\" cellpadding=\"5\" border=\"0\" style=\"font-family: Arial,Helvetica,sans-serif; font-size: 12px; color: rgb(255, 255, 255); font-weight: normal; line-height: 15px; background-color: rgb(51, 51, 51);\">\n                                <tr>\n                                    <td align=\"center\">Shree Narayana Complex, No 11 Sarathy Nagar, Vijaya Nagar , Velachery, Chennai - 600 042 India </td>\n                                </tr>\n                                <tr>\n                                    <td align=\"center\">Telephone No: +91 - 44 - 4202 - 1990     Toll Free No: +1 877 788 4437</td>\n                                </tr>\n                                <tr>\n                                    <td align=\"center\">Email Id: <a style=\"font-family: Arial,Helvetica,sans-serif; font-size: 12px; font-weight: bolder; text-decoration: none; color: rgb(255, 255, 255);\" href=\"mailto:info@vtiger.com\">info@vtiger.com</a></td>\n                                </tr>\n                        </table>\n                        </td>\n                    </tr>\n            </table>\n            </td>\n            <td width=\"50\"> </td>\n        </tr>\n        <tr>\n            <td> </td>\n            <td> </td>\n            <td> </td>\n        </tr>\n        <tr>\n            <td> </td>\n            <td> </td>\n            <td> </td>\n        </tr>\n        <tr>\n            <td> </td>\n            <td> </td>\n            <td> </td>\n        </tr>\n</table>', 0, 11, 0, ''),
('Public', 'Support end notification before a month', '', 'VtigerCRM Support Notification', 'Send Notification mail to customer before a month of support end date', '<table width=\"700\" cellspacing=\"0\" cellpadding=\"0\" border=\"0\" align=\"center\" style=\"font-family: Arial,Helvetica,sans-serif; font-size: 12px; font-weight: normal; text-decoration: none; background-color: rgb(122, 122, 254);\">\n        <tr>\n            <td> </td>\n            <td> </td>\n            <td> </td>\n        </tr>\n        <tr>\n            <td> </td>\n            <td> </td>\n            <td> </td>\n        </tr>\n        <tr>\n            <td> </td>\n            <td> </td>\n            <td> </td>\n        </tr>\n        <tr>\n            <td width=\"50\"> </td>\n            <td>\n            <table width=\"100%\" cellspacing=\"0\" cellpadding=\"0\" border=\"0\">\n                    <tr>\n                        <td>\n                        <table width=\"100%\" cellspacing=\"0\" cellpadding=\"0\" border=\"0\" style=\"background-color: rgb(27, 77, 140); font-family: Arial,Helvetica,sans-serif; font-size: 14px; color: rgb(255, 255, 255); font-weight: normal; line-height: 25px;\">\n                                <tr>\n                                    <td align=\"center\" rowspan=\"4\">$logo$</td>\n                                    <td align=\"center\"> </td>\n                                </tr>\n                                <tr>\n                                    <td align=\"left\" style=\"background-color: rgb(27, 77, 140); font-family: Arial,Helvetica,sans-serif; font-size: 24px; color: rgb(255, 255, 255); font-weight: bolder; line-height: 35px;\">vtiger CRM </td>\n                                </tr>\n                                <tr>\n                                    <td align=\"right\" style=\"padding-right: 100px;\">The honest Open Source CRM </td>\n                                </tr>\n                                <tr>\n                                    <td> </td>\n                                </tr>\n                        </table>\n                        </td>\n                    </tr>\n                    <tr>\n                        <td>\n                        <table width=\"100%\" cellspacing=\"0\" cellpadding=\"0\" border=\"0\" style=\"font-family: Arial,Helvetica,sans-serif; font-size: 12px; font-weight: normal; color: rgb(0, 0, 0); background-color: rgb(255, 255, 255);\">\n                                <tr>\n                                    <td valign=\"top\">\n                                    <table width=\"100%\" cellspacing=\"0\" cellpadding=\"5\" border=\"0\">\n                                            <tr>\n                                                <td align=\"right\" style=\"font-family: Arial,Helvetica,sans-serif; font-size: 12px; font-weight: bolder; text-decoration: none; color: rgb(66, 66, 253);\"> </td>\n                                            </tr>\n                                            <tr>\n                                                <td> </td>\n                                            </tr>\n                                            <tr>\n                                                <td style=\"font-family: Arial,Helvetica,sans-serif; font-size: 14px; color: rgb(22, 72, 134); font-weight: bolder; line-height: 15px;\">Dear $contacts-lastname$, </td>\n                                            </tr>\n                                            <tr>\n                                                <td style=\"font-family: Arial,Helvetica,sans-serif; font-size: 12px; color: rgb(0, 0, 0); font-weight: normal; text-align: justify; line-height: 20px;\">This is just a notification mail regarding your support end.<br /><span style=\"font-weight: bold;\">Priority:</span> Normal<br />Your Support is going to expire on next month.<br />Please contact support@vtiger.com<br /><br /><br /></td>\n                                            </tr>\n                                            <tr>\n                                                <td align=\"center\"><br /></td>\n                                            </tr>\n                                            <tr>\n                                                <td align=\"right\"><strong style=\"padding: 2px; font-family: Arial,Helvetica,sans-serif; font-size: 12px; color: rgb(0, 0, 0); font-weight: bold;\"><br /><br />Sincerly</strong></td>\n                                            </tr>\n                                            <tr>\n                                                <td align=\"right\" style=\"font-family: Arial,Helvetica,sans-serif; font-size: 12px; color: rgb(0, 0, 0); font-weight: normal; line-height: 20px;\">Support Team </td>\n                                            </tr>\n                                            <tr>\n                                                <td align=\"right\"><a href=\"http://www.vtiger.com\" style=\"font-family: Arial,Helvetica,sans-serif; font-size: 12px; font-weight: bolder; text-decoration: none; color: rgb(66, 66, 253);\">www.vtiger.com</a></td>\n                                            </tr>\n                                            <tr>\n                                                <td> </td>\n                                            </tr>\n                                    </table>\n                                    </td>\n                                    <td width=\"1%\" valign=\"top\"> </td>\n                                </tr>\n                        </table>\n                        </td>\n                    </tr>\n                    <tr>\n                        <td>\n                        <table width=\"100%\" cellspacing=\"0\" cellpadding=\"5\" border=\"0\" style=\"font-family: Arial,Helvetica,sans-serif; font-size: 12px; color: rgb(255, 255, 255); font-weight: normal; line-height: 15px; background-color: rgb(51, 51, 51);\">\n                                <tr>\n                                    <td align=\"center\">Shree Narayana Complex, No 11 Sarathy Nagar, Vijaya Nagar , Velachery, Chennai - 600 042 India </td>\n                                </tr>\n                                <tr>\n                                    <td align=\"center\">Telephone No: +91 - 44 - 4202 - 1990     Toll Free No: +1 877 788 4437</td>\n                                </tr>\n                                <tr>\n                                    <td align=\"center\">Email Id: <a href=\"mailto:info@vtiger.com\" style=\"font-family: Arial,Helvetica,sans-serif; font-size: 12px; font-weight: bolder; text-decoration: none; color: rgb(255, 255, 255);\">info@vtiger.com</a></td>\n                                </tr>\n                        </table>\n                        </td>\n                    </tr>\n            </table>\n            </td>\n            <td width=\"50\"> </td>\n        </tr>\n        <tr>\n            <td> </td>\n            <td> </td>\n            <td> </td>\n        </tr>\n        <tr>\n            <td> </td>\n            <td> </td>\n            <td> </td>\n        </tr>\n        <tr>\n            <td> </td>\n            <td> </td>\n            <td> </td>\n        </tr>\n</table>', 0, 12, 0, ''),
('Public', 'Activity Reminder', NULL, 'Reminder', 'Reminder', '<p>This is a reminder notification for the Activity<br/>The details are :<br/> \n							&nbsp; Subject : $events-subject$<br/> \n							&nbsp; Start Date & Time : $events-date_start$<br/>\n							&nbsp; End Date & Time : $events-due_date$<br/> \n							&nbsp; Status : $events-eventstatus$<br/> \n							&nbsp; Location : $events-location$<br/> \n							&nbsp; Description : $events-description$<br/><br/> \n							<p/>', 0, 14, 1, NULL),
('Public', 'ToDo Reminder', NULL, 'Activity Reminder', 'Reminder', '<p>This is a reminder notification for the Activity<br/>The details are :<br/>\n								&nbsp; Subject : $calendar-subject$<br/>\n								&nbsp; Start Date & Time : $calendar-date_start$<br/>\n								&nbsp; Due Date : $calendar-due_date$<br/>\n								&nbsp; Status : $calendar-status$<br/>\n								&nbsp; Location : $calendar-location$<br/>\n								&nbsp; Description : $calendar-description$<br/><br/>\n								<p/>', 0, 15, 1, NULL),
('Public', 'Invite Users', NULL, 'Invitation', 'Invite Users', '<p>$invitee_name$,<br/><br/>You have been invited for an activity<br/><br/>The details are :<br/>\n								&nbsp; Subject : $events-subject$<br/>\n								&nbsp; Start Date & Time : $events-date_start$<br/> \n								&nbsp; End Date & Time : $events-due_date$<br/>\n								&nbsp; Status : $events-eventstatus$<br/>\n								&nbsp; Priority : $events-priority$<br/>\n								&nbsp; Related To : $events-crmid$<br/>\n								&nbsp; Contact List : $events-contactid$<br/>\n								&nbsp; Location : $events-location$<br/>\n								&nbsp; Description : $events-description$<br/><br/>\n								Thanks & Regards,<br/>\n								$current_user_name$\n								<p/>', 0, 16, 1, NULL);

-- --------------------------------------------------------

--
-- Table structure for table `vtiger_emailtemplates_seq`
--

CREATE TABLE `vtiger_emailtemplates_seq` (
  `id` int(11) NOT NULL
) ENGINE=InnoDB DEFAULT CHARSET=utf8;

--
-- Dumping data for table `vtiger_emailtemplates_seq`
--

INSERT INTO `vtiger_emailtemplates_seq` (`id`) VALUES
(16);

-- --------------------------------------------------------

--
-- Table structure for table `vtiger_email_access`
--

CREATE TABLE `vtiger_email_access` (
  `crmid` int(11) DEFAULT NULL,
  `mailid` int(11) DEFAULT NULL,
  `accessdate` date DEFAULT NULL,
  `accesstime` datetime DEFAULT NULL
) ENGINE=InnoDB DEFAULT CHARSET=utf8;

-- --------------------------------------------------------

--
-- Table structure for table `vtiger_email_track`
--

CREATE TABLE `vtiger_email_track` (
  `crmid` int(11) DEFAULT NULL,
  `mailid` int(11) DEFAULT NULL,
  `access_count` int(11) DEFAULT NULL,
  `click_count` int(11) NOT NULL DEFAULT '0'
) ENGINE=InnoDB DEFAULT CHARSET=utf8;

-- --------------------------------------------------------

--
-- Table structure for table `vtiger_entityname`
--

CREATE TABLE `vtiger_entityname` (
  `tabid` int(19) NOT NULL DEFAULT '0',
  `modulename` varchar(100) DEFAULT NULL,
  `tablename` varchar(100) NOT NULL,
  `fieldname` varchar(150) NOT NULL,
  `entityidfield` varchar(150) NOT NULL,
  `entityidcolumn` varchar(150) NOT NULL
) ENGINE=InnoDB DEFAULT CHARSET=utf8;

--
-- Dumping data for table `vtiger_entityname`
--

INSERT INTO `vtiger_entityname` (`tabid`, `modulename`, `tablename`, `fieldname`, `entityidfield`, `entityidcolumn`) VALUES
(2, 'Potentials', 'vtiger_potential', 'potentialname', 'potentialid', 'potential_id'),
(4, 'Contacts', 'vtiger_contactdetails', 'firstname,lastname', 'contactid', 'contact_id'),
(6, 'Accounts', 'vtiger_account', 'accountname', 'accountid', 'account_id'),
(7, 'Leads', 'vtiger_leaddetails', 'firstname,lastname', 'leadid', 'leadid'),
(8, 'Documents', 'vtiger_notes', 'title', 'notesid', 'notesid'),
(9, 'Calendar', 'vtiger_activity', 'subject', 'activityid', 'activityid'),
(10, 'Emails', 'vtiger_activity', 'subject', 'activityid', 'activityid'),
(13, 'HelpDesk', 'vtiger_troubletickets', 'title', 'ticketid', 'ticketid'),
(14, 'Products', 'vtiger_products', 'productname', 'productid', 'product_id'),
(15, 'Faq', 'vtiger_faq', 'question', 'id', 'id'),
(18, 'Vendors', 'vtiger_vendor', 'vendorname', 'vendorid', 'vendor_id'),
(19, 'PriceBooks', 'vtiger_pricebook', 'bookname', 'pricebookid', 'pricebookid'),
(20, 'Quotes', 'vtiger_quotes', 'subject', 'quoteid', 'quote_id'),
(21, 'PurchaseOrder', 'vtiger_purchaseorder', 'subject', 'purchaseorderid', 'purchaseorderid'),
(22, 'SalesOrder', 'vtiger_salesorder', 'salesorder_no', 'salesorderid', 'salesorder_id'),
(23, 'Invoice', 'vtiger_invoice', 'subject', 'invoiceid', 'invoiceid'),
(26, 'Campaigns', 'vtiger_campaign', 'campaignname', 'campaignid', 'campaignid'),
(29, 'Users', 'vtiger_users', 'first_name,last_name', 'id', 'id'),
(30, 'PBXManager', 'vtiger_pbxmanager', 'customernumber', 'pbxmanagerid', 'pbxmanagerid'),
(33, 'Services', 'vtiger_service', 'servicename', 'serviceid', 'serviceid'),
(37, 'ServiceContracts', 'vtiger_servicecontracts', 'subject', 'servicecontractsid', 'servicecontractsid'),
(39, 'SMSNotifier', 'vtiger_smsnotifier', 'message', 'smsnotifierid', 'smsnotifierid'),
(40, 'Assets', 'vtiger_assets', 'assetname', 'assetsid', 'assetsid'),
(41, 'ModComments', 'vtiger_modcomments', 'commentcontent', 'modcommentsid', 'modcommentsid'),
(45, 'ProjectMilestone', 'vtiger_projectmilestone', 'projectmilestonename', 'projectmilestoneid', 'projectmilestoneid'),
(46, 'ProjectTask', 'vtiger_projecttask', 'projecttaskname', 'projecttaskid', 'projecttaskid'),
(47, 'Project', 'vtiger_project', 'projectname', 'projectid', 'projectid'),
(50, 'Batch', 'vtiger_batch', 'batch_name', 'batchid', 'batchid'),
(51, 'BatchInventory', 'vtiger_batchinventory', 'prd_mov_no', 'batchinventoryid', 'batchinventoryid'),
(52, 'HeatRun', 'vtiger_heatrun', 'heatrun_id', 'heatrunid', 'heatrunid'),
(53, 'BatchMovement', 'vtiger_batchmovement', 'batch_mov_number', 'batchmovementid', 'batchmovementid'),
(54, 'Cork', 'vtiger_cork', 'prd_cork', 'corkid', 'corkid'),
(55, 'Rejection', 'vtiger_rejection', 'rejection_code', 'rejectionid', 'rejectionid'),
(56, 'Dispatch', 'vtiger_dispatch', 'dispatch_name', 'dispatchid', 'dispatchid');

-- --------------------------------------------------------

--
-- Table structure for table `vtiger_eventhandlers`
--

CREATE TABLE `vtiger_eventhandlers` (
  `eventhandler_id` int(11) NOT NULL,
  `event_name` varchar(100) NOT NULL,
  `handler_path` varchar(400) NOT NULL,
  `handler_class` varchar(100) NOT NULL,
  `cond` text,
  `is_active` int(1) NOT NULL,
  `dependent_on` varchar(255) DEFAULT '[]'
) ENGINE=InnoDB DEFAULT CHARSET=utf8;

--
-- Dumping data for table `vtiger_eventhandlers`
--

INSERT INTO `vtiger_eventhandlers` (`eventhandler_id`, `event_name`, `handler_path`, `handler_class`, `cond`, `is_active`, `dependent_on`) VALUES
(1, 'vtiger.entity.aftersave', 'modules/SalesOrder/RecurringInvoiceHandler.php', 'RecurringInvoiceHandler', '', 1, '[]'),
(2, 'vtiger.entity.beforesave', 'data/VTEntityDelta.php', 'VTEntityDelta', '', 1, '[]'),
(3, 'vtiger.entity.aftersave', 'data/VTEntityDelta.php', 'VTEntityDelta', '', 1, '[]'),
(4, 'vtiger.entity.aftersave', 'modules/com_vtiger_workflow/VTEventHandler.inc', 'VTWorkflowEventHandler', '', 1, '[\"VTEntityDelta\"]'),
(5, 'vtiger.entity.afterrestore', 'modules/com_vtiger_workflow/VTEventHandler.inc', 'VTWorkflowEventHandler', '', 1, '[]'),
(6, 'vtiger.entity.aftersave.final', 'modules/HelpDesk/HelpDeskHandler.php', 'HelpDeskHandler', '', 1, '[]'),
(13, 'vtiger.entity.aftersave', 'modules/WSAPP/WorkFlowHandlers/WSAPPAssignToTracker.php', 'WSAPPAssignToTracker', '', 1, '[\"VTEntityDelta\"]'),
(14, 'vtiger.entity.aftersave.final', 'modules/ModTracker/ModTrackerHandler.php', 'ModTrackerHandler', '', 1, '[]'),
(15, 'vtiger.entity.beforedelete', 'modules/ModTracker/ModTrackerHandler.php', 'ModTrackerHandler', '', 1, '[]'),
(16, 'vtiger.entity.afterrestore', 'modules/ModTracker/ModTrackerHandler.php', 'ModTrackerHandler', '', 1, '[]'),
(17, 'vtiger.entity.beforesave', 'modules/ServiceContracts/ServiceContractsHandler.php', 'ServiceContractsHandler', '', 1, '[]'),
(18, 'vtiger.entity.aftersave', 'modules/ServiceContracts/ServiceContractsHandler.php', 'ServiceContractsHandler', '', 1, '[]'),
(19, 'vtiger.entity.aftersave', 'modules/Vtiger/handlers/RecordLabelUpdater.php', 'Vtiger_RecordLabelUpdater_Handler', '', 1, '[]'),
(20, 'vtiger.entity.aftersave', 'modules/Invoice/InvoiceHandler.php', 'InvoiceHandler', '', 1, '[]'),
(21, 'vtiger.entity.aftersave', 'modules/PurchaseOrder/PurchaseOrderHandler.php', 'PurchaseOrderHandler', '', 1, '[]'),
(22, 'vtiger.entity.aftersave', 'modules/ModComments/ModCommentsHandler.php', 'ModCommentsHandler', '', 1, '[]'),
(23, 'vtiger.picklist.afterrename', 'modules/Settings/Picklist/handlers/PickListHandler.php', 'PickListHandler', '', 1, '[]'),
(24, 'vtiger.picklist.afterdelete', 'modules/Settings/Picklist/handlers/PickListHandler.php', 'PickListHandler', '', 1, '[]'),
(25, 'vtiger.entity.aftersave', 'modules/Vtiger/handlers/EmailLookupHandler.php', 'EmailLookupHandler', '', 1, '[\"VTEntityDelta\"]'),
(26, 'vtiger.entity.afterdelete', 'modules/Vtiger/handlers/EmailLookupHandler.php', 'EmailLookupHandler', '', 1, '[]'),
(27, 'vtiger.entity.afterrestore', 'modules/Vtiger/handlers/EmailLookupHandler.php', 'EmailLookupHandler', '', 1, '[]'),
(28, 'vtiger.batchevent.save', 'modules/Vtiger/handlers/EmailLookupHandler.php', 'EmailLookupBatchHandler', '', 1, '[]'),
(29, 'vtiger.lead.convertlead', 'modules/Leads/handlers/LeadHandler.php', 'LeadHandler', '', 1, '[]'),
(30, 'vtiger.entity.beforesave', 'modules/Vtiger/handlers/CheckDuplicateHandler.php', 'CheckDuplicateHandler', '', 1, '[]'),
(31, 'vtiger.entity.beforerestore', 'modules/Vtiger/handlers/CheckDuplicateHandler.php', 'CheckDuplicateHandler', '', 1, '[]'),
(32, 'vtiger.entity.aftersave', 'modules/Vtiger/handlers/FollowRecordHandler.php', 'FollowRecordHandler', '', 1, '[]');

-- --------------------------------------------------------

--
-- Table structure for table `vtiger_eventhandlers_seq`
--

CREATE TABLE `vtiger_eventhandlers_seq` (
  `id` int(11) NOT NULL
) ENGINE=InnoDB DEFAULT CHARSET=utf8;

--
-- Dumping data for table `vtiger_eventhandlers_seq`
--

INSERT INTO `vtiger_eventhandlers_seq` (`id`) VALUES
(32);

-- --------------------------------------------------------

--
-- Table structure for table `vtiger_eventhandler_module`
--

CREATE TABLE `vtiger_eventhandler_module` (
  `eventhandler_module_id` int(11) NOT NULL,
  `module_name` varchar(100) DEFAULT NULL,
  `handler_class` varchar(100) DEFAULT NULL
) ENGINE=InnoDB DEFAULT CHARSET=utf8;

--
-- Dumping data for table `vtiger_eventhandler_module`
--

INSERT INTO `vtiger_eventhandler_module` (`eventhandler_module_id`, `module_name`, `handler_class`) VALUES
(1, 'ModTracker', 'ModTrackerHandler'),
(2, 'ServiceContracts', 'ServiceContractsHandler'),
(3, 'Home', 'Vtiger_RecordLabelUpdater_Handler'),
(4, 'Invoice', 'InvoiceHandler'),
(5, 'PurchaseOrder', 'PurchaseOrderHandler');

-- --------------------------------------------------------

--
-- Table structure for table `vtiger_eventhandler_module_seq`
--

CREATE TABLE `vtiger_eventhandler_module_seq` (
  `id` int(11) NOT NULL
) ENGINE=InnoDB DEFAULT CHARSET=utf8;

--
-- Dumping data for table `vtiger_eventhandler_module_seq`
--

INSERT INTO `vtiger_eventhandler_module_seq` (`id`) VALUES
(5);

-- --------------------------------------------------------

--
-- Table structure for table `vtiger_eventstatus`
--

CREATE TABLE `vtiger_eventstatus` (
  `eventstatusid` int(19) NOT NULL,
  `eventstatus` varchar(200) NOT NULL,
  `presence` int(1) NOT NULL DEFAULT '1',
  `picklist_valueid` int(19) NOT NULL DEFAULT '0',
  `sortorderid` int(11) DEFAULT NULL,
  `color` varchar(10) DEFAULT NULL
) ENGINE=InnoDB DEFAULT CHARSET=utf8;

--
-- Dumping data for table `vtiger_eventstatus`
--

INSERT INTO `vtiger_eventstatus` (`eventstatusid`, `eventstatus`, `presence`, `picklist_valueid`, `sortorderid`, `color`) VALUES
(1, 'Planned', 0, 38, 0, NULL),
(2, 'Held', 0, 39, 1, NULL),
(3, 'Not Held', 0, 40, 2, NULL);

-- --------------------------------------------------------

--
-- Table structure for table `vtiger_eventstatus_seq`
--

CREATE TABLE `vtiger_eventstatus_seq` (
  `id` int(11) NOT NULL
) ENGINE=InnoDB DEFAULT CHARSET=utf8;

--
-- Dumping data for table `vtiger_eventstatus_seq`
--

INSERT INTO `vtiger_eventstatus_seq` (`id`) VALUES
(3);

-- --------------------------------------------------------

--
-- Table structure for table `vtiger_expectedresponse`
--

CREATE TABLE `vtiger_expectedresponse` (
  `expectedresponseid` int(19) NOT NULL,
  `expectedresponse` varchar(200) NOT NULL,
  `presence` int(1) NOT NULL DEFAULT '1',
  `picklist_valueid` int(19) NOT NULL DEFAULT '0',
  `sortorderid` int(11) DEFAULT NULL,
  `color` varchar(10) DEFAULT NULL
) ENGINE=InnoDB DEFAULT CHARSET=utf8;

--
-- Dumping data for table `vtiger_expectedresponse`
--

INSERT INTO `vtiger_expectedresponse` (`expectedresponseid`, `expectedresponse`, `presence`, `picklist_valueid`, `sortorderid`, `color`) VALUES
(2, 'Excellent', 1, 42, 1, NULL),
(3, 'Good', 1, 43, 2, NULL),
(4, 'Average', 1, 44, 3, NULL),
(5, 'Poor', 1, 45, 4, NULL);

-- --------------------------------------------------------

--
-- Table structure for table `vtiger_expectedresponse_seq`
--

CREATE TABLE `vtiger_expectedresponse_seq` (
  `id` int(11) NOT NULL
) ENGINE=InnoDB DEFAULT CHARSET=utf8;

--
-- Dumping data for table `vtiger_expectedresponse_seq`
--

INSERT INTO `vtiger_expectedresponse_seq` (`id`) VALUES
(5);

-- --------------------------------------------------------

--
-- Table structure for table `vtiger_extnstore_users`
--

CREATE TABLE `vtiger_extnstore_users` (
  `id` int(11) NOT NULL,
  `username` varchar(50) DEFAULT NULL,
  `password` varchar(75) DEFAULT NULL,
  `instanceurl` varchar(255) DEFAULT NULL,
  `createdon` datetime DEFAULT NULL,
  `deleted` int(1) NOT NULL DEFAULT '0'
) ENGINE=InnoDB DEFAULT CHARSET=utf8;

-- --------------------------------------------------------

--
-- Table structure for table `vtiger_faq`
--

CREATE TABLE `vtiger_faq` (
  `id` int(11) NOT NULL,
  `faq_no` varchar(100) NOT NULL,
  `product_id` varchar(100) DEFAULT NULL,
  `question` text,
  `answer` text,
  `category` varchar(200) NOT NULL,
  `status` varchar(200) NOT NULL,
  `tags` varchar(1) DEFAULT NULL
) ENGINE=InnoDB DEFAULT CHARSET=utf8;

-- --------------------------------------------------------

--
-- Table structure for table `vtiger_faqcategories`
--

CREATE TABLE `vtiger_faqcategories` (
  `faqcategories_id` int(19) NOT NULL,
  `faqcategories` varchar(200) DEFAULT NULL,
  `presence` int(1) NOT NULL DEFAULT '1',
  `picklist_valueid` int(19) NOT NULL DEFAULT '0',
  `sortorderid` int(11) DEFAULT NULL,
  `color` varchar(10) DEFAULT NULL
) ENGINE=InnoDB DEFAULT CHARSET=utf8;

--
-- Dumping data for table `vtiger_faqcategories`
--

INSERT INTO `vtiger_faqcategories` (`faqcategories_id`, `faqcategories`, `presence`, `picklist_valueid`, `sortorderid`, `color`) VALUES
(1, 'General', 1, 46, 0, NULL);

-- --------------------------------------------------------

--
-- Table structure for table `vtiger_faqcategories_seq`
--

CREATE TABLE `vtiger_faqcategories_seq` (
  `id` int(11) NOT NULL
) ENGINE=InnoDB DEFAULT CHARSET=utf8;

--
-- Dumping data for table `vtiger_faqcategories_seq`
--

INSERT INTO `vtiger_faqcategories_seq` (`id`) VALUES
(1);

-- --------------------------------------------------------

--
-- Table structure for table `vtiger_faqcf`
--

CREATE TABLE `vtiger_faqcf` (
  `faqid` int(19) NOT NULL DEFAULT '0'
) ENGINE=InnoDB DEFAULT CHARSET=utf8;

-- --------------------------------------------------------

--
-- Table structure for table `vtiger_faqcomments`
--

CREATE TABLE `vtiger_faqcomments` (
  `commentid` int(19) NOT NULL,
  `faqid` int(19) DEFAULT NULL,
  `comments` text,
  `createdtime` datetime NOT NULL
) ENGINE=InnoDB DEFAULT CHARSET=utf8;

-- --------------------------------------------------------

--
-- Table structure for table `vtiger_faqstatus`
--

CREATE TABLE `vtiger_faqstatus` (
  `faqstatus_id` int(19) NOT NULL,
  `faqstatus` varchar(200) DEFAULT NULL,
  `presence` int(1) NOT NULL DEFAULT '1',
  `picklist_valueid` int(19) NOT NULL DEFAULT '0',
  `sortorderid` int(11) DEFAULT NULL,
  `color` varchar(10) DEFAULT NULL
) ENGINE=InnoDB DEFAULT CHARSET=utf8;

--
-- Dumping data for table `vtiger_faqstatus`
--

INSERT INTO `vtiger_faqstatus` (`faqstatus_id`, `faqstatus`, `presence`, `picklist_valueid`, `sortorderid`, `color`) VALUES
(1, 'Draft', 0, 47, 0, NULL),
(2, 'Reviewed', 0, 48, 1, NULL),
(3, 'Published', 0, 49, 2, NULL),
(4, 'Obsolete', 0, 50, 3, NULL);

-- --------------------------------------------------------

--
-- Table structure for table `vtiger_faqstatus_seq`
--

CREATE TABLE `vtiger_faqstatus_seq` (
  `id` int(11) NOT NULL
) ENGINE=InnoDB DEFAULT CHARSET=utf8;

--
-- Dumping data for table `vtiger_faqstatus_seq`
--

INSERT INTO `vtiger_faqstatus_seq` (`id`) VALUES
(4);

-- --------------------------------------------------------

--
-- Table structure for table `vtiger_feedback`
--

CREATE TABLE `vtiger_feedback` (
  `userid` int(19) DEFAULT NULL,
  `dontshow` varchar(19) DEFAULT 'false'
) ENGINE=InnoDB DEFAULT CHARSET=utf8;

-- --------------------------------------------------------

--
-- Table structure for table `vtiger_field`
--

CREATE TABLE `vtiger_field` (
  `tabid` int(19) NOT NULL,
  `fieldid` int(19) NOT NULL,
  `columnname` varchar(30) NOT NULL,
  `tablename` varchar(100) DEFAULT NULL,
  `generatedtype` int(19) NOT NULL DEFAULT '0',
  `uitype` varchar(30) NOT NULL,
  `fieldname` varchar(50) NOT NULL,
  `fieldlabel` varchar(50) NOT NULL,
  `readonly` int(1) NOT NULL,
  `presence` int(19) NOT NULL DEFAULT '1',
  `defaultvalue` text,
  `maximumlength` int(19) DEFAULT NULL,
  `sequence` int(19) DEFAULT NULL,
  `block` int(19) DEFAULT NULL,
  `displaytype` int(19) DEFAULT NULL,
  `typeofdata` varchar(100) DEFAULT NULL,
  `quickcreate` int(10) NOT NULL DEFAULT '1',
  `quickcreatesequence` int(19) DEFAULT NULL,
  `info_type` varchar(20) DEFAULT NULL,
  `masseditable` int(10) NOT NULL DEFAULT '1',
  `helpinfo` text,
  `summaryfield` int(10) NOT NULL DEFAULT '0',
  `headerfield` int(1) DEFAULT '0',
  `isunique` tinyint(1) DEFAULT '0'
) ENGINE=InnoDB DEFAULT CHARSET=utf8;

--
-- Dumping data for table `vtiger_field`
--

INSERT INTO `vtiger_field` (`tabid`, `fieldid`, `columnname`, `tablename`, `generatedtype`, `uitype`, `fieldname`, `fieldlabel`, `readonly`, `presence`, `defaultvalue`, `maximumlength`, `sequence`, `block`, `displaytype`, `typeofdata`, `quickcreate`, `quickcreatesequence`, `info_type`, `masseditable`, `helpinfo`, `summaryfield`, `headerfield`, `isunique`) VALUES
(6, 1, 'accountname', 'vtiger_account', 1, '2', 'accountname', 'Account Name', 1, 0, '', 100, 1, 9, 1, 'V~M', 0, 1, 'BAS', 1, NULL, 1, 0, 1),
(6, 2, 'account_no', 'vtiger_account', 1, '4', 'account_no', 'Account No', 1, 0, '', 100, 2, 9, 1, 'V~O', 3, NULL, 'BAS', 0, NULL, 0, 0, 0),
(6, 3, 'phone', 'vtiger_account', 1, '11', 'phone', 'Phone', 1, 2, '', 100, 4, 9, 1, 'V~O', 2, 2, 'BAS', 1, NULL, 0, 1, 0),
(6, 4, 'website', 'vtiger_account', 1, '17', 'website', 'Website', 1, 2, '', 100, 3, 9, 1, 'V~O', 2, 3, 'BAS', 1, NULL, 0, 1, 0),
(6, 5, 'fax', 'vtiger_account', 1, '11', 'fax', 'Fax', 1, 2, '', 100, 6, 9, 1, 'V~O', 1, NULL, 'BAS', 1, NULL, 0, 0, 0),
(6, 6, 'tickersymbol', 'vtiger_account', 1, '1', 'tickersymbol', 'Ticker Symbol', 1, 2, '', 100, 5, 9, 1, 'V~O', 1, NULL, 'BAS', 1, NULL, 0, 0, 0),
(6, 7, 'otherphone', 'vtiger_account', 1, '11', 'otherphone', 'Other Phone', 1, 2, '', 100, 8, 9, 1, 'V~O', 1, NULL, 'ADV', 1, NULL, 0, 0, 0),
(6, 8, 'parentid', 'vtiger_account', 1, '51', 'account_id', 'Member Of', 1, 2, '', 100, 7, 9, 1, 'I~O', 1, NULL, 'BAS', 0, NULL, 0, 0, 0),
(6, 9, 'email1', 'vtiger_account', 1, '13', 'email1', 'Email', 1, 2, '', 100, 10, 9, 1, 'E~O', 1, NULL, 'BAS', 1, NULL, 0, 1, 0),
(6, 10, 'employees', 'vtiger_account', 1, '7', 'employees', 'Employees', 1, 2, '', 100, 9, 9, 1, 'I~O', 1, NULL, 'ADV', 1, NULL, 0, 0, 0),
(6, 11, 'email2', 'vtiger_account', 1, '13', 'email2', 'Other Email', 1, 2, '', 100, 11, 9, 1, 'E~O', 1, NULL, 'ADV', 1, NULL, 0, 0, 0),
(6, 12, 'ownership', 'vtiger_account', 1, '1', 'ownership', 'Ownership', 1, 2, '', 100, 12, 9, 1, 'V~O', 1, NULL, 'ADV', 1, NULL, 0, 0, 0),
(6, 13, 'rating', 'vtiger_account', 1, '15', 'rating', 'Rating', 1, 2, '', 100, 14, 9, 1, 'V~O', 1, NULL, 'ADV', 1, NULL, 0, 0, 0),
(6, 14, 'industry', 'vtiger_account', 1, '15', 'industry', 'industry', 1, 2, '', 100, 13, 9, 1, 'V~O', 1, NULL, 'ADV', 1, NULL, 0, 0, 0),
(6, 15, 'siccode', 'vtiger_account', 1, '1', 'siccode', 'SIC Code', 1, 2, '', 100, 16, 9, 1, 'V~O', 1, NULL, 'ADV', 1, NULL, 0, 0, 0),
(6, 16, 'account_type', 'vtiger_account', 1, '15', 'accounttype', 'Type', 1, 2, '', 100, 15, 9, 1, 'V~O', 1, NULL, 'ADV', 1, NULL, 0, 0, 0),
(6, 17, 'annualrevenue', 'vtiger_account', 1, '71', 'annual_revenue', 'Annual Revenue', 1, 2, '', 100, 18, 9, 1, 'N~O', 1, NULL, 'ADV', 1, NULL, 0, 0, 0),
(6, 18, 'emailoptout', 'vtiger_account', 1, '56', 'emailoptout', 'Email Opt Out', 1, 0, '', 100, 17, 9, 1, 'C~O', 1, NULL, 'ADV', 1, NULL, 0, 0, 0),
(6, 19, 'notify_owner', 'vtiger_account', 1, '56', 'notify_owner', 'Notify Owner', 1, 2, '', 10, 20, 9, 1, 'C~O', 1, NULL, 'ADV', 1, NULL, 0, 0, 0),
(6, 20, 'smownerid', 'vtiger_crmentity', 1, '53', 'assigned_user_id', 'Assigned To', 1, 0, '', 100, 19, 9, 1, 'V~M', 0, 4, 'BAS', 1, NULL, 1, 0, 0),
(6, 21, 'createdtime', 'vtiger_crmentity', 1, '70', 'createdtime', 'Created Time', 1, 0, '', 100, 22, 9, 2, 'DT~O', 3, NULL, 'BAS', 0, NULL, 0, 0, 0),
(6, 22, 'modifiedtime', 'vtiger_crmentity', 1, '70', 'modifiedtime', 'Modified Time', 1, 0, '', 100, 21, 9, 2, 'DT~O', 3, NULL, 'BAS', 0, NULL, 0, 0, 0),
(6, 23, 'modifiedby', 'vtiger_crmentity', 1, '52', 'modifiedby', 'Last Modified By', 1, 0, '', 100, 23, 9, 3, 'V~O', 3, NULL, 'BAS', 0, NULL, 0, 0, 0),
(6, 24, 'bill_street', 'vtiger_accountbillads', 1, '21', 'bill_street', 'Billing Address', 1, 2, '', 100, 1, 11, 1, 'V~O', 1, NULL, 'BAS', 1, NULL, 0, 0, 0),
(6, 25, 'ship_street', 'vtiger_accountshipads', 1, '21', 'ship_street', 'Shipping Address', 1, 2, '', 100, 2, 11, 1, 'V~O', 1, NULL, 'BAS', 1, NULL, 0, 0, 0),
(6, 26, 'bill_city', 'vtiger_accountbillads', 1, '1', 'bill_city', 'Billing City', 1, 2, '', 100, 5, 11, 1, 'V~O', 1, NULL, 'BAS', 1, NULL, 1, 0, 0),
(6, 27, 'ship_city', 'vtiger_accountshipads', 1, '1', 'ship_city', 'Shipping City', 1, 2, '', 100, 6, 11, 1, 'V~O', 1, NULL, 'BAS', 1, NULL, 0, 0, 0),
(6, 28, 'bill_state', 'vtiger_accountbillads', 1, '1', 'bill_state', 'Billing State', 1, 2, '', 100, 7, 11, 1, 'V~O', 1, NULL, 'BAS', 1, NULL, 0, 0, 0),
(6, 29, 'ship_state', 'vtiger_accountshipads', 1, '1', 'ship_state', 'Shipping State', 1, 2, '', 100, 8, 11, 1, 'V~O', 1, NULL, 'BAS', 1, NULL, 0, 0, 0),
(6, 30, 'bill_code', 'vtiger_accountbillads', 1, '1', 'bill_code', 'Billing Code', 1, 2, '', 100, 9, 11, 1, 'V~O', 1, NULL, 'BAS', 1, NULL, 0, 0, 0),
(6, 31, 'ship_code', 'vtiger_accountshipads', 1, '1', 'ship_code', 'Shipping Code', 1, 2, '', 100, 10, 11, 1, 'V~O', 1, NULL, 'BAS', 1, NULL, 0, 0, 0),
(6, 32, 'bill_country', 'vtiger_accountbillads', 1, '1', 'bill_country', 'Billing Country', 1, 2, '', 100, 11, 11, 1, 'V~O', 1, NULL, 'BAS', 1, NULL, 1, 0, 0),
(6, 33, 'ship_country', 'vtiger_accountshipads', 1, '1', 'ship_country', 'Shipping Country', 1, 2, '', 100, 12, 11, 1, 'V~O', 1, NULL, 'BAS', 1, NULL, 0, 0, 0),
(6, 34, 'bill_pobox', 'vtiger_accountbillads', 1, '1', 'bill_pobox', 'Billing Po Box', 1, 2, '', 100, 3, 11, 1, 'V~O', 1, NULL, 'BAS', 1, NULL, 0, 0, 0),
(6, 35, 'ship_pobox', 'vtiger_accountshipads', 1, '1', 'ship_pobox', 'Shipping Po Box', 1, 2, '', 100, 4, 11, 1, 'V~O', 1, NULL, 'BAS', 1, NULL, 0, 0, 0),
(6, 36, 'description', 'vtiger_crmentity', 1, '19', 'description', 'Description', 1, 2, '', 100, 1, 12, 1, 'V~O', 1, NULL, 'BAS', 1, NULL, 0, 0, 0),
(7, 37, 'salutation', 'vtiger_leaddetails', 1, '55', 'salutationtype', 'Salutation', 1, 0, '', 100, 1, 13, 3, 'V~O', 1, NULL, 'BAS', 1, NULL, 0, 0, 0),
(7, 38, 'firstname', 'vtiger_leaddetails', 1, '55', 'firstname', 'First Name', 1, 0, '', 100, 2, 13, 1, 'V~O', 2, 1, 'BAS', 1, NULL, 1, 0, 0),
(7, 39, 'lead_no', 'vtiger_leaddetails', 1, '4', 'lead_no', 'Lead No', 1, 0, '', 100, 3, 13, 1, 'V~O', 3, NULL, 'BAS', 0, NULL, 0, 0, 0),
(7, 40, 'phone', 'vtiger_leadaddress', 1, '11', 'phone', 'Phone', 1, 2, '', 100, 5, 13, 1, 'V~O', 2, 4, 'BAS', 1, NULL, 0, 1, 0),
(7, 41, 'lastname', 'vtiger_leaddetails', 1, '255', 'lastname', 'Last Name', 1, 0, '', 100, 4, 13, 1, 'V~M', 0, 2, 'BAS', 1, NULL, 1, 0, 0),
(7, 42, 'mobile', 'vtiger_leadaddress', 1, '11', 'mobile', 'Mobile', 1, 2, '', 100, 7, 13, 1, 'V~O', 1, NULL, 'BAS', 1, NULL, 0, 0, 0),
(7, 43, 'company', 'vtiger_leaddetails', 1, '2', 'company', 'Company', 1, 2, '', 100, 6, 13, 1, 'V~O', 2, 3, 'BAS', 1, NULL, 1, 0, 0),
(7, 44, 'fax', 'vtiger_leadaddress', 1, '11', 'fax', 'Fax', 1, 2, '', 100, 9, 13, 1, 'V~O', 1, NULL, 'BAS', 1, NULL, 0, 0, 0),
(7, 45, 'designation', 'vtiger_leaddetails', 1, '1', 'designation', 'Designation', 1, 2, '', 100, 8, 13, 1, 'V~O', 1, NULL, 'BAS', 1, NULL, 0, 0, 0),
(7, 46, 'email', 'vtiger_leaddetails', 1, '13', 'email', 'Email', 1, 2, '', 100, 11, 13, 1, 'E~O', 2, 5, 'BAS', 1, NULL, 0, 1, 0),
(7, 47, 'leadsource', 'vtiger_leaddetails', 1, '15', 'leadsource', 'Lead Source', 1, 2, '', 100, 10, 13, 1, 'V~O', 1, NULL, 'BAS', 1, NULL, 1, 0, 0),
(7, 48, 'website', 'vtiger_leadsubdetails', 1, '17', 'website', 'Website', 1, 2, '', 100, 13, 13, 1, 'V~O', 1, NULL, 'ADV', 1, NULL, 1, 0, 0),
(7, 49, 'industry', 'vtiger_leaddetails', 1, '15', 'industry', 'Industry', 1, 2, '', 100, 12, 13, 1, 'V~O', 1, NULL, 'ADV', 1, NULL, 0, 0, 0),
(7, 50, 'leadstatus', 'vtiger_leaddetails', 1, '15', 'leadstatus', 'Lead Status', 1, 2, '', 100, 15, 13, 1, 'V~O', 1, NULL, 'BAS', 1, NULL, 0, 0, 0),
(7, 51, 'annualrevenue', 'vtiger_leaddetails', 1, '71', 'annualrevenue', 'Annual Revenue', 1, 2, '', 100, 14, 13, 1, 'N~O', 1, NULL, 'ADV', 1, NULL, 0, 0, 0),
(7, 52, 'rating', 'vtiger_leaddetails', 1, '15', 'rating', 'Rating', 1, 2, '', 100, 17, 13, 1, 'V~O', 1, NULL, 'ADV', 1, NULL, 0, 0, 0),
(7, 53, 'noofemployees', 'vtiger_leaddetails', 1, '1', 'noofemployees', 'No Of Employees', 1, 2, '', 100, 16, 13, 1, 'I~O', 1, NULL, 'ADV', 1, NULL, 0, 0, 0),
(7, 54, 'smownerid', 'vtiger_crmentity', 1, '53', 'assigned_user_id', 'Assigned To', 1, 0, '', 100, 19, 13, 1, 'V~M', 0, 6, 'BAS', 1, NULL, 1, 0, 0),
(7, 55, 'secondaryemail', 'vtiger_leaddetails', 1, '13', 'secondaryemail', 'Secondary Email', 1, 2, '', 100, 18, 13, 1, 'E~O', 1, NULL, 'ADV', 1, NULL, 0, 0, 0),
(7, 56, 'createdtime', 'vtiger_crmentity', 1, '70', 'createdtime', 'Created Time', 1, 0, '', 100, 21, 13, 2, 'DT~O', 3, NULL, 'BAS', 0, NULL, 0, 0, 0),
(7, 57, 'modifiedtime', 'vtiger_crmentity', 1, '70', 'modifiedtime', 'Modified Time', 1, 0, '', 100, 20, 13, 2, 'DT~O', 3, NULL, 'BAS', 0, NULL, 0, 0, 0),
(7, 58, 'modifiedby', 'vtiger_crmentity', 1, '52', 'modifiedby', 'Last Modified By', 1, 0, '', 100, 23, 13, 3, 'V~O', 3, NULL, 'BAS', 0, NULL, 0, 0, 0),
(7, 59, 'lane', 'vtiger_leadaddress', 1, '21', 'lane', 'Street', 1, 2, '', 100, 1, 15, 1, 'V~O', 1, NULL, 'BAS', 1, NULL, 0, 0, 0),
(7, 60, 'code', 'vtiger_leadaddress', 1, '1', 'code', 'Postal Code', 1, 2, '', 100, 3, 15, 1, 'V~O', 1, NULL, 'BAS', 1, NULL, 0, 0, 0),
(7, 61, 'city', 'vtiger_leadaddress', 1, '1', 'city', 'City', 1, 2, '', 100, 4, 15, 1, 'V~O', 1, NULL, 'BAS', 1, NULL, 1, 0, 0),
(7, 62, 'country', 'vtiger_leadaddress', 1, '1', 'country', 'Country', 1, 2, '', 100, 5, 15, 1, 'V~O', 1, NULL, 'BAS', 1, NULL, 1, 0, 0),
(7, 63, 'state', 'vtiger_leadaddress', 1, '1', 'state', 'State', 1, 2, '', 100, 6, 15, 1, 'V~O', 1, NULL, 'BAS', 1, NULL, 0, 0, 0),
(7, 64, 'pobox', 'vtiger_leadaddress', 1, '1', 'pobox', 'Po Box', 1, 2, '', 100, 2, 15, 1, 'V~O', 1, NULL, 'BAS', 1, NULL, 0, 0, 0),
(7, 65, 'description', 'vtiger_crmentity', 1, '19', 'description', 'Description', 1, 2, '', 100, 1, 16, 1, 'V~O', 1, NULL, 'BAS', 1, NULL, 0, 0, 0),
(4, 66, 'salutation', 'vtiger_contactdetails', 1, '55', 'salutationtype', 'Salutation', 1, 0, '', 100, 1, 4, 3, 'V~O', 1, NULL, 'BAS', 1, NULL, 0, 0, 0),
(4, 67, 'firstname', 'vtiger_contactdetails', 1, '55', 'firstname', 'First Name', 1, 0, '', 100, 2, 4, 1, 'V~O', 2, 1, 'BAS', 1, NULL, 1, 0, 0),
(4, 68, 'contact_no', 'vtiger_contactdetails', 1, '4', 'contact_no', 'Contact Id', 1, 0, '', 100, 3, 4, 1, 'V~O', 3, NULL, 'BAS', 0, NULL, 0, 0, 0),
(4, 69, 'phone', 'vtiger_contactdetails', 1, '11', 'phone', 'Office Phone', 1, 2, '', 100, 5, 4, 1, 'V~O', 2, 4, 'BAS', 1, NULL, 0, 1, 0),
(4, 70, 'lastname', 'vtiger_contactdetails', 1, '255', 'lastname', 'Last Name', 1, 0, '', 100, 4, 4, 1, 'V~M', 0, 2, 'BAS', 1, NULL, 1, 0, 0),
(4, 71, 'mobile', 'vtiger_contactdetails', 1, '11', 'mobile', 'Mobile', 1, 2, '', 100, 7, 4, 1, 'V~O', 1, NULL, 'BAS', 1, NULL, 0, 0, 0),
(4, 72, 'accountid', 'vtiger_contactdetails', 1, '51', 'account_id', 'Account Name', 1, 0, '', 100, 6, 4, 1, 'I~O', 2, 3, 'BAS', 1, NULL, 1, 0, 0),
(4, 73, 'homephone', 'vtiger_contactsubdetails', 1, '11', 'homephone', 'Home Phone', 1, 2, '', 100, 9, 4, 1, 'V~O', 1, NULL, 'ADV', 1, NULL, 0, 0, 0),
(4, 74, 'leadsource', 'vtiger_contactsubdetails', 1, '15', 'leadsource', 'Lead Source', 1, 2, '', 100, 8, 4, 1, 'V~O', 1, NULL, 'BAS', 1, NULL, 0, 0, 0),
(4, 75, 'otherphone', 'vtiger_contactsubdetails', 1, '11', 'otherphone', 'Other Phone', 1, 2, '', 100, 11, 4, 1, 'V~O', 1, NULL, 'ADV', 1, NULL, 0, 0, 0),
(4, 76, 'title', 'vtiger_contactdetails', 1, '1', 'title', 'Title', 1, 2, '', 100, 10, 4, 1, 'V~O', 1, NULL, 'BAS', 1, NULL, 1, 0, 0),
(4, 77, 'fax', 'vtiger_contactdetails', 1, '11', 'fax', 'Fax', 1, 2, '', 100, 13, 4, 1, 'V~O', 1, NULL, 'BAS', 1, NULL, 0, 0, 0),
(4, 78, 'department', 'vtiger_contactdetails', 1, '1', 'department', 'Department', 1, 2, '', 100, 12, 4, 1, 'V~O', 1, NULL, 'ADV', 1, NULL, 0, 0, 0),
(4, 79, 'birthday', 'vtiger_contactsubdetails', 1, '5', 'birthday', 'Birthdate', 1, 2, '', 100, 16, 4, 1, 'D~O', 1, NULL, 'ADV', 1, NULL, 0, 0, 0),
(4, 80, 'email', 'vtiger_contactdetails', 1, '13', 'email', 'Email', 1, 2, '', 100, 15, 4, 1, 'E~O', 2, 5, 'BAS', 1, NULL, 0, 1, 0),
(4, 81, 'reportsto', 'vtiger_contactdetails', 1, '57', 'contact_id', 'Reports To', 1, 2, '', 100, 18, 4, 1, 'V~O', 1, NULL, 'ADV', 0, NULL, 0, 0, 0),
(4, 82, 'assistant', 'vtiger_contactsubdetails', 1, '1', 'assistant', 'Assistant', 1, 2, '', 100, 17, 4, 1, 'V~O', 1, NULL, 'ADV', 1, NULL, 0, 0, 0),
(4, 83, 'secondaryemail', 'vtiger_contactdetails', 1, '13', 'secondaryemail', 'Secondary Email', 1, 2, '', 100, 20, 4, 1, 'E~O', 1, NULL, 'ADV', 1, NULL, 0, 0, 0),
(4, 84, 'assistantphone', 'vtiger_contactsubdetails', 1, '11', 'assistantphone', 'Assistant Phone', 1, 2, '', 100, 19, 4, 1, 'V~O', 1, NULL, 'ADV', 1, NULL, 0, 0, 0),
(4, 85, 'donotcall', 'vtiger_contactdetails', 1, '56', 'donotcall', 'Do Not Call', 1, 2, '', 100, 22, 4, 1, 'C~O', 1, NULL, 'ADV', 1, NULL, 0, 0, 0),
(4, 86, 'emailoptout', 'vtiger_contactdetails', 1, '56', 'emailoptout', 'Email Opt Out', 1, 0, '', 100, 21, 4, 1, 'C~O', 1, NULL, 'ADV', 1, NULL, 0, 0, 0),
(4, 87, 'smownerid', 'vtiger_crmentity', 1, '53', 'assigned_user_id', 'Assigned To', 1, 0, '', 100, 24, 4, 1, 'V~M', 0, 6, 'BAS', 1, NULL, 1, 0, 0),
(4, 88, 'reference', 'vtiger_contactdetails', 1, '56', 'reference', 'Reference', 1, 2, '', 10, 23, 4, 1, 'C~O', 1, NULL, 'ADV', 1, NULL, 0, 0, 0),
(4, 89, 'notify_owner', 'vtiger_contactdetails', 1, '56', 'notify_owner', 'Notify Owner', 1, 2, '', 10, 26, 4, 1, 'C~O', 1, NULL, 'ADV', 1, NULL, 0, 0, 0),
(4, 90, 'createdtime', 'vtiger_crmentity', 1, '70', 'createdtime', 'Created Time', 1, 0, '', 100, 25, 4, 2, 'DT~O', 3, NULL, 'BAS', 0, NULL, 0, 0, 0),
(4, 91, 'modifiedtime', 'vtiger_crmentity', 1, '70', 'modifiedtime', 'Modified Time', 1, 0, '', 100, 27, 4, 2, 'DT~O', 3, NULL, 'BAS', 0, NULL, 0, 0, 0),
(4, 92, 'modifiedby', 'vtiger_crmentity', 1, '52', 'modifiedby', 'Last Modified By', 1, 0, '', 100, 28, 4, 3, 'V~O', 3, NULL, 'BAS', 0, NULL, 0, 0, 0),
(4, 93, 'portal', 'vtiger_customerdetails', 1, '56', 'portal', 'Portal User', 1, 2, '', 100, 1, 6, 1, 'C~O', 1, NULL, 'ADV', 1, NULL, 0, 0, 0),
(4, 94, 'support_start_date', 'vtiger_customerdetails', 1, '5', 'support_start_date', 'Support Start Date', 1, 2, '', 100, 2, 6, 1, 'D~O', 1, NULL, 'ADV', 1, NULL, 0, 0, 0),
(4, 95, 'support_end_date', 'vtiger_customerdetails', 1, '5', 'support_end_date', 'Support End Date', 1, 2, '', 100, 3, 6, 1, 'D~O~OTH~GE~support_start_date~Support Start Date', 1, NULL, 'ADV', 1, NULL, 0, 0, 0),
(4, 96, 'mailingstreet', 'vtiger_contactaddress', 1, '21', 'mailingstreet', 'Mailing Street', 1, 2, '', 100, 1, 7, 1, 'V~O', 1, NULL, 'BAS', 1, NULL, 0, 0, 0),
(4, 97, 'otherstreet', 'vtiger_contactaddress', 1, '21', 'otherstreet', 'Other Street', 1, 2, '', 100, 2, 7, 1, 'V~O', 1, NULL, 'BAS', 1, NULL, 0, 0, 0),
(4, 98, 'mailingcity', 'vtiger_contactaddress', 1, '1', 'mailingcity', 'Mailing City', 1, 2, '', 100, 5, 7, 1, 'V~O', 1, NULL, 'BAS', 1, NULL, 1, 0, 0),
(4, 99, 'othercity', 'vtiger_contactaddress', 1, '1', 'othercity', 'Other City', 1, 2, '', 100, 6, 7, 1, 'V~O', 1, NULL, 'BAS', 1, NULL, 0, 0, 0),
(4, 100, 'mailingstate', 'vtiger_contactaddress', 1, '1', 'mailingstate', 'Mailing State', 1, 2, '', 100, 7, 7, 1, 'V~O', 1, NULL, 'BAS', 1, NULL, 0, 0, 0),
(4, 101, 'otherstate', 'vtiger_contactaddress', 1, '1', 'otherstate', 'Other State', 1, 2, '', 100, 8, 7, 1, 'V~O', 1, NULL, 'BAS', 1, NULL, 0, 0, 0),
(4, 102, 'mailingzip', 'vtiger_contactaddress', 1, '1', 'mailingzip', 'Mailing Zip', 1, 2, '', 100, 9, 7, 1, 'V~O', 1, NULL, 'BAS', 1, NULL, 0, 0, 0),
(4, 103, 'otherzip', 'vtiger_contactaddress', 1, '1', 'otherzip', 'Other Zip', 1, 2, '', 100, 10, 7, 1, 'V~O', 1, NULL, 'BAS', 1, NULL, 0, 0, 0),
(4, 104, 'mailingcountry', 'vtiger_contactaddress', 1, '1', 'mailingcountry', 'Mailing Country', 1, 2, '', 100, 11, 7, 1, 'V~O', 1, NULL, 'BAS', 1, NULL, 1, 0, 0),
(4, 105, 'othercountry', 'vtiger_contactaddress', 1, '1', 'othercountry', 'Other Country', 1, 2, '', 100, 12, 7, 1, 'V~O', 1, NULL, 'BAS', 1, NULL, 0, 0, 0),
(4, 106, 'mailingpobox', 'vtiger_contactaddress', 1, '1', 'mailingpobox', 'Mailing Po Box', 1, 2, '', 100, 3, 7, 1, 'V~O', 1, NULL, 'BAS', 1, NULL, 0, 0, 0),
(4, 107, 'otherpobox', 'vtiger_contactaddress', 1, '1', 'otherpobox', 'Other Po Box', 1, 2, '', 100, 4, 7, 1, 'V~O', 1, NULL, 'BAS', 1, NULL, 0, 0, 0),
(4, 108, 'imagename', 'vtiger_contactdetails', 1, '69', 'imagename', 'Contact Image', 1, 2, '', 100, 1, 73, 1, 'V~O', 3, NULL, 'ADV', 0, NULL, 0, 0, 0),
(4, 109, 'description', 'vtiger_crmentity', 1, '19', 'description', 'Description', 1, 2, '', 100, 1, 8, 1, 'V~O', 1, NULL, 'BAS', 1, NULL, 0, 0, 0),
(2, 110, 'potentialname', 'vtiger_potential', 1, '2', 'potentialname', 'Potential Name', 1, 0, '', 100, 1, 1, 1, 'V~M', 0, 1, 'BAS', 1, NULL, 1, 0, 0),
(2, 111, 'potential_no', 'vtiger_potential', 1, '4', 'potential_no', 'Potential No', 1, 0, '', 100, 2, 1, 1, 'V~O', 3, NULL, 'BAS', 0, NULL, 0, 0, 0),
(2, 112, 'amount', 'vtiger_potential', 1, '71', 'amount', 'Amount', 1, 2, '', 100, 5, 1, 1, 'N~O', 2, 5, 'BAS', 1, NULL, 0, 1, 0),
(2, 113, 'related_to', 'vtiger_potential', 1, '10', 'related_to', 'Related To', 1, 0, '', 100, 3, 1, 1, 'V~O', 0, 2, 'BAS', 1, NULL, 0, 1, 0),
(2, 114, 'closingdate', 'vtiger_potential', 1, '23', 'closingdate', 'Expected Close Date', 1, 2, '', 100, 8, 1, 1, 'D~M', 2, 3, 'BAS', 1, NULL, 1, 0, 0),
(2, 115, 'potentialtype', 'vtiger_potential', 1, '15', 'opportunity_type', 'Type', 1, 2, '', 100, 7, 1, 1, 'V~O', 1, NULL, 'BAS', 1, NULL, 0, 0, 0),
(2, 116, 'nextstep', 'vtiger_potential', 1, '1', 'nextstep', 'Next Step', 1, 2, '', 100, 10, 1, 1, 'V~O', 1, NULL, 'BAS', 1, NULL, 0, 0, 0),
(2, 117, 'leadsource', 'vtiger_potential', 1, '15', 'leadsource', 'Lead Source', 1, 2, '', 100, 9, 1, 1, 'V~O', 1, NULL, 'BAS', 1, NULL, 0, 0, 0),
(2, 118, 'sales_stage', 'vtiger_potential', 1, '15', 'sales_stage', 'Sales Stage', 1, 2, '', 100, 12, 1, 1, 'V~M', 2, 4, 'BAS', 1, NULL, 0, 1, 0),
(2, 119, 'smownerid', 'vtiger_crmentity', 1, '53', 'assigned_user_id', 'Assigned To', 1, 2, '', 100, 11, 1, 1, 'V~M', 0, 6, 'BAS', 1, NULL, 1, 0, 0),
(2, 120, 'probability', 'vtiger_potential', 1, '9', 'probability', 'Probability', 1, 2, '', 100, 14, 1, 1, 'N~O', 1, NULL, 'BAS', 1, NULL, 0, 0, 0),
(2, 121, 'campaignid', 'vtiger_potential', 1, '58', 'campaignid', 'Campaign Source', 1, 2, '', 100, 13, 1, 1, 'N~O', 1, NULL, 'BAS', 1, NULL, 0, 0, 0),
(2, 122, 'createdtime', 'vtiger_crmentity', 1, '70', 'createdtime', 'Created Time', 1, 0, '', 100, 16, 1, 2, 'DT~O', 3, NULL, 'BAS', 0, NULL, 0, 0, 0),
(2, 123, 'modifiedtime', 'vtiger_crmentity', 1, '70', 'modifiedtime', 'Modified Time', 1, 0, '', 100, 15, 1, 2, 'DT~O', 3, NULL, 'BAS', 0, NULL, 0, 0, 0),
(2, 124, 'modifiedby', 'vtiger_crmentity', 1, '52', 'modifiedby', 'Last Modified By', 1, 0, '', 100, 17, 1, 3, 'V~O', 3, NULL, 'BAS', 0, NULL, 0, 0, 0),
(2, 125, 'description', 'vtiger_crmentity', 1, '19', 'description', 'Description', 1, 2, '', 100, 1, 3, 1, 'V~O', 1, NULL, 'BAS', 1, NULL, 0, 0, 0),
(26, 126, 'campaignname', 'vtiger_campaign', 1, '2', 'campaignname', 'Campaign Name', 1, 0, '', 100, 1, 74, 1, 'V~M', 0, 1, 'BAS', 1, NULL, 1, 0, 0),
(26, 127, 'campaign_no', 'vtiger_campaign', 1, '4', 'campaign_no', 'Campaign No', 1, 0, '', 100, 2, 74, 1, 'V~O', 3, NULL, 'BAS', 0, NULL, 0, 0, 0),
(26, 128, 'campaigntype', 'vtiger_campaign', 1, '15', 'campaigntype', 'Campaign Type', 1, 2, '', 100, 5, 74, 1, 'V~O', 2, 3, 'BAS', 1, NULL, 1, 0, 0),
(26, 129, 'product_id', 'vtiger_campaign', 1, '59', 'product_id', 'Product', 1, 2, '', 100, 6, 74, 1, 'I~O', 2, 5, 'BAS', 1, NULL, 0, 0, 0),
(26, 130, 'campaignstatus', 'vtiger_campaign', 1, '15', 'campaignstatus', 'Campaign Status', 1, 2, '', 100, 4, 74, 1, 'V~O', 2, 6, 'BAS', 1, NULL, 1, 0, 0),
(26, 131, 'closingdate', 'vtiger_campaign', 1, '23', 'closingdate', 'Expected Close Date', 1, 2, '', 100, 8, 74, 1, 'D~M', 2, 2, 'BAS', 1, NULL, 1, 0, 0),
(26, 132, 'smownerid', 'vtiger_crmentity', 1, '53', 'assigned_user_id', 'Assigned To', 1, 0, '', 100, 3, 74, 1, 'V~M', 0, 7, 'BAS', 1, NULL, 1, 0, 0),
(26, 133, 'numsent', 'vtiger_campaign', 1, '9', 'numsent', 'Num Sent', 1, 2, '', 100, 12, 74, 1, 'N~O', 1, NULL, 'BAS', 1, NULL, 0, 0, 0),
(26, 134, 'sponsor', 'vtiger_campaign', 1, '1', 'sponsor', 'Sponsor', 1, 2, '', 100, 9, 74, 1, 'V~O', 1, NULL, 'BAS', 1, NULL, 0, 0, 0),
(26, 135, 'targetaudience', 'vtiger_campaign', 1, '1', 'targetaudience', 'Target Audience', 1, 2, '', 100, 7, 74, 1, 'V~O', 1, NULL, 'BAS', 1, NULL, 0, 0, 0),
(26, 136, 'targetsize', 'vtiger_campaign', 1, '1', 'targetsize', 'TargetSize', 1, 2, '', 100, 10, 74, 1, 'I~O', 1, NULL, 'BAS', 1, NULL, 0, 0, 0),
(26, 137, 'createdtime', 'vtiger_crmentity', 1, '70', 'createdtime', 'Created Time', 1, 0, '', 100, 11, 74, 2, 'DT~O', 3, NULL, 'BAS', 0, NULL, 0, 0, 0),
(26, 138, 'modifiedtime', 'vtiger_crmentity', 1, '70', 'modifiedtime', 'Modified Time', 1, 0, '', 100, 13, 74, 2, 'DT~O', 3, NULL, 'BAS', 0, NULL, 0, 0, 0),
(26, 139, 'modifiedby', 'vtiger_crmentity', 1, '52', 'modifiedby', 'Last Modified By', 1, 0, '', 100, 16, 74, 3, 'V~O', 3, NULL, 'BAS', 0, NULL, 0, 0, 0),
(26, 140, 'expectedresponse', 'vtiger_campaign', 1, '15', 'expectedresponse', 'Expected Response', 1, 2, '', 100, 3, 76, 1, 'V~O', 2, 4, 'BAS', 1, NULL, 0, 0, 0),
(26, 141, 'expectedrevenue', 'vtiger_campaign', 1, '71', 'expectedrevenue', 'Expected Revenue', 1, 2, '', 100, 4, 76, 1, 'N~O', 1, NULL, 'BAS', 1, NULL, 1, 0, 0),
(26, 142, 'budgetcost', 'vtiger_campaign', 1, '71', 'budgetcost', 'Budget Cost', 1, 2, '', 100, 1, 76, 1, 'N~O', 1, NULL, 'BAS', 1, NULL, 0, 0, 0),
(26, 143, 'actualcost', 'vtiger_campaign', 1, '71', 'actualcost', 'Actual Cost', 1, 2, '', 100, 2, 76, 1, 'N~O', 1, NULL, 'BAS', 1, NULL, 0, 0, 0),
(26, 144, 'expectedresponsecount', 'vtiger_campaign', 1, '1', 'expectedresponsecount', 'Expected Response Count', 1, 2, '', 100, 7, 76, 1, 'I~O', 1, NULL, 'BAS', 1, NULL, 0, 0, 0),
(26, 145, 'expectedsalescount', 'vtiger_campaign', 1, '1', 'expectedsalescount', 'Expected Sales Count', 1, 2, '', 100, 5, 76, 1, 'I~O', 1, NULL, 'BAS', 1, NULL, 0, 0, 0),
(26, 146, 'expectedroi', 'vtiger_campaign', 1, '71', 'expectedroi', 'Expected ROI', 1, 2, '', 100, 9, 76, 1, 'N~O', 1, NULL, 'BAS', 1, NULL, 0, 0, 0),
(26, 147, 'actualresponsecount', 'vtiger_campaign', 1, '1', 'actualresponsecount', 'Actual Response Count', 1, 2, '', 100, 8, 76, 1, 'I~O', 1, NULL, 'BAS', 1, NULL, 0, 0, 0),
(26, 148, 'actualsalescount', 'vtiger_campaign', 1, '1', 'actualsalescount', 'Actual Sales Count', 1, 2, '', 100, 6, 76, 1, 'I~O', 1, NULL, 'BAS', 1, NULL, 0, 0, 0),
(26, 149, 'actualroi', 'vtiger_campaign', 1, '71', 'actualroi', 'Actual ROI', 1, 2, '', 100, 10, 76, 1, 'N~O', 1, NULL, 'BAS', 1, NULL, 0, 0, 0),
(26, 150, 'description', 'vtiger_crmentity', 1, '19', 'description', 'Description', 1, 2, '', 100, 1, 81, 1, 'V~O', 1, NULL, 'BAS', 1, NULL, 0, 0, 0),
(4, 151, 'campaignrelstatus', 'vtiger_campaignrelstatus', 1, '16', 'campaignrelstatus', 'Status', 1, 0, '0', 100, 1, NULL, 1, 'V~O', 1, NULL, 'BAS', 0, NULL, 0, 0, 0),
(6, 152, 'campaignrelstatus', 'vtiger_campaignrelstatus', 1, '16', 'campaignrelstatus', 'Status', 1, 0, '0', 100, 1, NULL, 1, 'V~O', 1, NULL, 'BAS', 0, NULL, 0, 0, 0),
(7, 153, 'campaignrelstatus', 'vtiger_campaignrelstatus', 1, '16', 'campaignrelstatus', 'Status', 1, 0, '0', 100, 1, NULL, 1, 'V~O', 1, NULL, 'BAS', 0, NULL, 0, 0, 0),
(26, 154, 'campaignrelstatus', 'vtiger_campaignrelstatus', 1, '16', 'campaignrelstatus', 'Status', 1, 0, '0', 100, 1, NULL, 1, 'V~O', 1, NULL, 'BAS', 0, NULL, 0, 0, 0),
(13, 155, 'ticket_no', 'vtiger_troubletickets', 1, '4', 'ticket_no', 'Ticket No', 1, 0, '', 100, 14, 25, 1, 'V~O', 3, NULL, 'BAS', 0, NULL, 1, 0, 0),
(13, 156, 'smownerid', 'vtiger_crmentity', 1, '53', 'assigned_user_id', 'Assigned To', 1, 0, '', 100, 5, 25, 1, 'V~M', 0, 4, 'BAS', 1, NULL, 1, 0, 0),
(13, 157, 'parent_id', 'vtiger_troubletickets', 1, '10', 'parent_id', 'Related To', 1, 0, '', 100, 2, 25, 1, 'I~O', 1, NULL, 'BAS', 1, NULL, 1, 0, 0),
(13, 158, 'priority', 'vtiger_troubletickets', 1, '15', 'ticketpriorities', 'Priority', 1, 2, '', 100, 7, 25, 1, 'V~M', 2, 3, 'BAS', 1, NULL, 0, 1, 0),
(13, 159, 'product_id', 'vtiger_troubletickets', 1, '59', 'product_id', 'Product Name', 1, 2, '', 100, 6, 25, 1, 'I~O', 1, NULL, 'BAS', 1, NULL, 0, 0, 0),
(13, 160, 'severity', 'vtiger_troubletickets', 1, '15', 'ticketseverities', 'Severity', 1, 2, '', 100, 9, 25, 1, 'V~O', 1, NULL, 'BAS', 1, NULL, 1, 0, 0),
(13, 161, 'status', 'vtiger_troubletickets', 1, '15', 'ticketstatus', 'Status', 1, 2, '', 100, 8, 25, 1, 'V~M', 1, 2, 'BAS', 1, NULL, 1, 0, 0),
(13, 162, 'category', 'vtiger_troubletickets', 1, '15', 'ticketcategories', 'Category', 1, 2, '', 100, 11, 25, 1, 'V~O', 1, NULL, 'BAS', 1, NULL, 0, 0, 0),
(13, 163, 'update_log', 'vtiger_troubletickets', 1, '19', 'update_log', 'Update History', 1, 1, '', 100, 12, 25, 3, 'V~O', 1, NULL, 'BAS', 0, NULL, 0, 0, 0),
(13, 164, 'hours', 'vtiger_troubletickets', 1, '1', 'hours', 'Hours', 1, 2, '', 100, 10, 25, 1, 'N~O', 1, NULL, 'BAS', 1, 'This gives the estimated hours for the Ticket.<br>When the same ticket is added to a Service Contract,based on the Tracking Unit of the Service Contract,Used units is updated whenever a ticket is Closed.', 0, 0, 0),
(13, 165, 'days', 'vtiger_troubletickets', 1, '1', 'days', 'Days', 1, 2, '', 100, 11, 25, 1, 'N~O', 1, NULL, 'BAS', 1, 'This gives the estimated days for the Ticket.<br>When the same ticket is added to a Service Contract,based on the Tracking Unit of the Service Contract,Used units is updated whenever a ticket is Closed.', 0, 0, 0),
(13, 166, 'createdtime', 'vtiger_crmentity', 1, '70', 'createdtime', 'Created Time', 1, 0, '', 100, 10, 25, 2, 'DT~O', 3, NULL, 'BAS', 0, NULL, 0, 0, 0),
(13, 167, 'modifiedtime', 'vtiger_crmentity', 1, '70', 'modifiedtime', 'Modified Time', 1, 0, '', 100, 13, 25, 2, 'DT~O', 3, NULL, 'BAS', 0, NULL, 0, 0, 0),
(13, 168, 'from_portal', 'vtiger_ticketcf', 1, '56', 'from_portal', 'From Portal', 1, 0, '', 100, 14, 25, 3, 'C~O', 3, NULL, 'BAS', 0, NULL, 0, 0, 0),
(13, 169, 'modifiedby', 'vtiger_crmentity', 1, '52', 'modifiedby', 'Last Modified By', 1, 0, '', 100, 17, 25, 3, 'V~O', 3, NULL, 'BAS', 0, NULL, 0, 0, 0),
(13, 170, 'title', 'vtiger_troubletickets', 1, '22', 'ticket_title', 'Title', 1, 0, '', 100, 1, 25, 1, 'V~M', 0, 1, 'BAS', 1, NULL, 1, 0, 0),
(13, 171, 'description', 'vtiger_crmentity', 1, '19', 'description', 'Description', 1, 2, '', 100, 1, 28, 1, 'V~O', 2, 4, 'BAS', 1, NULL, 1, 0, 0),
(13, 172, 'solution', 'vtiger_troubletickets', 1, '19', 'solution', 'Solution', 1, 0, '', 100, 1, 29, 1, 'V~O', 3, NULL, 'BAS', 0, NULL, 0, 0, 0),
(13, 173, 'comments', 'vtiger_ticketcomments', 1, '19', 'comments', 'Add Comment', 1, 1, '', 100, 1, 30, 1, 'V~O', 3, NULL, 'BAS', 0, NULL, 0, 0, 0),
(14, 174, 'productname', 'vtiger_products', 1, '2', 'productname', 'Product Name', 1, 0, '', 100, 1, 31, 1, 'V~M', 0, 1, 'BAS', 1, NULL, 1, 0, 0),
(14, 175, 'product_no', 'vtiger_products', 1, '4', 'product_no', 'Product No', 1, 0, '', 100, 2, 31, 1, 'V~O', 3, NULL, 'BAS', 0, NULL, 0, 1, 0),
(14, 176, 'productcode', 'vtiger_products', 1, '1', 'productcode', 'Item Code', 1, 2, '', 100, 4, 31, 1, 'V~O', 1, NULL, 'BAS', 1, NULL, 1, 0, 0),
(14, 177, 'discontinued', 'vtiger_products', 1, '56', 'discontinued', 'Product Active', 1, 2, '1', 100, 3, 31, 1, 'V~O', 2, 2, 'BAS', 1, NULL, 0, 1, 0),
(14, 178, 'manufacturer', 'vtiger_products', 1, '15', 'manufacturer', 'Manufacturer', 1, 2, '', 100, 6, 31, 1, 'V~O', 1, NULL, 'BAS', 1, NULL, 0, 0, 0),
(14, 179, 'productcategory', 'vtiger_products', 1, '15', 'productcategory', 'Product Category', 1, 2, '', 100, 6, 31, 1, 'V~O', 1, NULL, 'BAS', 1, NULL, 0, 1, 0),
(14, 180, 'sales_start_date', 'vtiger_products', 1, '5', 'sales_start_date', 'Sales Start Date', 1, 2, '', 100, 5, 31, 1, 'D~O', 1, NULL, 'BAS', 1, NULL, 0, 0, 0),
(14, 181, 'sales_end_date', 'vtiger_products', 1, '5', 'sales_end_date', 'Sales End Date', 1, 2, '', 100, 8, 31, 1, 'D~O~OTH~GE~sales_start_date~Sales Start Date', 1, NULL, 'BAS', 1, NULL, 0, 0, 0),
(14, 182, 'start_date', 'vtiger_products', 1, '5', 'start_date', 'Support Start Date', 1, 2, '', 100, 7, 31, 1, 'D~O', 1, NULL, 'BAS', 1, NULL, 0, 0, 0),
(14, 183, 'expiry_date', 'vtiger_products', 1, '5', 'expiry_date', 'Support Expiry Date', 1, 2, '', 100, 10, 31, 1, 'D~O~OTH~GE~start_date~Start Date', 1, NULL, 'BAS', 1, NULL, 0, 0, 0),
(14, 184, 'website', 'vtiger_products', 1, '17', 'website', 'Website', 1, 2, '', 100, 14, 31, 1, 'V~O', 1, NULL, 'BAS', 1, NULL, 0, 0, 0),
(14, 185, 'vendor_id', 'vtiger_products', 1, '75', 'vendor_id', 'Vendor Name', 1, 2, '', 100, 13, 31, 1, 'I~O', 1, NULL, 'BAS', 1, NULL, 0, 0, 0),
(14, 186, 'mfr_part_no', 'vtiger_products', 1, '1', 'mfr_part_no', 'Mfr PartNo', 1, 2, '', 100, 16, 31, 1, 'V~O', 1, NULL, 'BAS', 1, NULL, 0, 0, 0),
(14, 187, 'vendor_part_no', 'vtiger_products', 1, '1', 'vendor_part_no', 'Vendor PartNo', 1, 2, '', 100, 15, 31, 1, 'V~O', 1, NULL, 'BAS', 1, NULL, 0, 0, 0),
(14, 188, 'serialno', 'vtiger_products', 1, '1', 'serial_no', 'Serial No', 1, 2, '', 100, 18, 31, 1, 'V~O', 1, NULL, 'BAS', 1, NULL, 0, 0, 0),
(14, 189, 'productsheet', 'vtiger_products', 1, '1', 'productsheet', 'Product Sheet', 1, 2, '', 100, 17, 31, 1, 'V~O', 1, NULL, 'BAS', 1, NULL, 0, 0, 0),
(14, 190, 'glacct', 'vtiger_products', 1, '15', 'glacct', 'GL Account', 1, 2, '', 100, 20, 31, 1, 'V~O', 1, NULL, 'BAS', 1, NULL, 0, 0, 0),
(14, 191, 'createdtime', 'vtiger_crmentity', 1, '70', 'createdtime', 'Created Time', 1, 0, '', 100, 19, 31, 2, 'DT~O', 3, NULL, 'BAS', 0, NULL, 0, 0, 0),
(14, 192, 'modifiedtime', 'vtiger_crmentity', 1, '70', 'modifiedtime', 'Modified Time', 1, 0, '', 100, 21, 31, 2, 'DT~O', 3, NULL, 'BAS', 0, NULL, 0, 0, 0),
(14, 193, 'modifiedby', 'vtiger_crmentity', 1, '52', 'modifiedby', 'Last Modified By', 1, 0, '', 100, 22, 31, 3, 'V~O', 3, NULL, 'BAS', 0, NULL, 0, 0, 0),
(14, 194, 'unit_price', 'vtiger_products', 1, '72', 'unit_price', 'Unit Price', 1, 0, '', 100, 1, 32, 1, 'N~O', 2, 3, 'BAS', 0, NULL, 1, 0, 0),
(14, 195, 'commissionrate', 'vtiger_products', 1, '9', 'commissionrate', 'Commission Rate', 1, 1, '', 100, 2, 32, 1, 'N~O', 1, NULL, 'BAS', 1, NULL, 1, 0, 0),
(14, 196, 'taxclass', 'vtiger_products', 1, '83', 'taxclass', 'Taxes', 1, 2, '', 100, 4, 32, 1, 'V~O', 2, NULL, 'BAS', 1, NULL, 0, 0, 0),
(14, 197, 'usageunit', 'vtiger_products', 1, '15', 'usageunit', 'Usage Unit', 1, 2, '', 100, 1, 33, 1, 'V~O', 1, NULL, 'ADV', 1, NULL, 0, 0, 0),
(14, 198, 'qty_per_unit', 'vtiger_products', 1, '1', 'qty_per_unit', 'Qty/Unit', 1, 1, '', 100, 2, 33, 1, 'N~O', 1, NULL, 'ADV', 1, NULL, 1, 0, 0),
(14, 199, 'qtyinstock', 'vtiger_products', 1, '1', 'qtyinstock', 'Qty In Stock', 1, 1, '', 100, 3, 33, 1, 'NN~O', 0, 4, 'ADV', 1, NULL, 0, 1, 0),
(14, 200, 'reorderlevel', 'vtiger_products', 1, '1', 'reorderlevel', 'Reorder Level', 1, 1, '', 100, 4, 33, 1, 'I~O', 1, NULL, 'ADV', 1, NULL, 0, 0, 0),
(14, 201, 'smownerid', 'vtiger_crmentity', 1, '53', 'assigned_user_id', 'Handler', 1, 0, '', 100, 5, 33, 1, 'V~M', 0, 5, 'BAS', 1, NULL, 0, 0, 0),
(14, 202, 'qtyindemand', 'vtiger_products', 1, '1', 'qtyindemand', 'Qty In Demand', 1, 1, '', 100, 6, 33, 1, 'I~O', 1, NULL, 'ADV', 1, NULL, 0, 0, 0),
(14, 203, 'imagename', 'vtiger_products', 1, '69', 'imagename', 'Product Image', 1, 2, '', 100, 1, 35, 1, 'V~O', 3, NULL, 'ADV', 0, NULL, 0, 0, 0),
(14, 204, 'description', 'vtiger_crmentity', 1, '19', 'description', 'Description', 1, 2, '', 100, 1, 36, 1, 'V~O', 1, NULL, 'BAS', 1, NULL, 0, 0, 0),
(8, 205, 'title', 'vtiger_notes', 1, '2', 'notes_title', 'Title', 1, 0, '', 100, 1, 17, 1, 'V~M', 0, 1, 'BAS', 1, NULL, 1, 0, 0),
(8, 206, 'createdtime', 'vtiger_crmentity', 1, '70', 'createdtime', 'Created Time', 1, 0, '', 100, 5, 17, 2, 'DT~O', 3, NULL, 'BAS', 0, NULL, 0, 0, 0),
(8, 207, 'modifiedtime', 'vtiger_crmentity', 1, '70', 'modifiedtime', 'Modified Time', 1, 0, '', 100, 6, 17, 2, 'DT~O', 3, NULL, 'BAS', 0, NULL, 1, 0, 0),
(8, 208, 'filename', 'vtiger_notes', 1, '28', 'filename', 'File Name', 1, 2, '', 100, 3, 18, 1, 'V~O', 0, NULL, 'BAS', 0, NULL, 1, 0, 0),
(8, 209, 'smownerid', 'vtiger_crmentity', 1, '53', 'assigned_user_id', 'Assigned To', 1, 0, '', 100, 4, 17, 1, 'V~M', 0, 3, 'BAS', 1, NULL, 1, 0, 0),
(8, 210, 'notecontent', 'vtiger_notes', 1, '19', 'notecontent', 'Note', 1, 2, '', 100, 1, 84, 1, 'V~O', 1, NULL, 'BAS', 0, NULL, 0, 0, 0),
(8, 211, 'filetype', 'vtiger_notes', 1, '1', 'filetype', 'File Type', 1, 2, '', 100, 5, 18, 2, 'V~O', 3, 0, 'BAS', 0, NULL, 0, 0, 0),
(8, 212, 'filesize', 'vtiger_notes', 1, '1', 'filesize', 'File Size', 1, 2, '', 100, 4, 18, 2, 'I~O', 3, 0, 'BAS', 0, NULL, 0, 0, 0),
(8, 213, 'filelocationtype', 'vtiger_notes', 1, '27', 'filelocationtype', 'Download Type', 1, 0, '', 100, 1, 18, 1, 'V~O', 0, 0, 'BAS', 0, NULL, 0, 0, 0),
(8, 214, 'fileversion', 'vtiger_notes', 1, '1', 'fileversion', 'Version', 1, 2, '', 100, 6, 18, 1, 'V~O', 1, 0, 'BAS', 1, NULL, 0, 0, 0),
(8, 215, 'filestatus', 'vtiger_notes', 1, '56', 'filestatus', 'Active', 1, 2, '1', 100, 2, 18, 1, 'V~O', 1, 0, 'BAS', 1, NULL, 0, 0, 0),
(8, 216, 'filedownloadcount', 'vtiger_notes', 1, '1', 'filedownloadcount', 'Download Count', 1, 2, '', 100, 7, 18, 2, 'I~O', 3, 0, 'BAS', 0, NULL, 0, 0, 0),
(8, 217, 'folderid', 'vtiger_notes', 1, '26', 'folderid', 'Folder Name', 1, 2, '', 100, 2, 17, 1, 'V~O', 2, 2, 'BAS', 1, NULL, 1, 0, 0),
(8, 218, 'note_no', 'vtiger_notes', 1, '4', 'note_no', 'Document No', 1, 0, '', 100, 3, 17, 1, 'V~O', 3, NULL, 'BAS', 0, NULL, 0, 0, 0),
(8, 219, 'modifiedby', 'vtiger_crmentity', 1, '52', 'modifiedby', 'Last Modified By', 1, 0, '', 100, 12, 17, 3, 'V~O', 3, NULL, 'BAS', 0, NULL, 0, 0, 0),
(10, 220, 'date_start', 'vtiger_activity', 1, '6', 'date_start', 'Date & Time Sent', 1, 0, '', 100, 1, 21, 1, 'DT~M~time_start~Time Start', 1, NULL, 'BAS', 1, NULL, 0, 0, 0),
(10, 221, 'semodule', 'vtiger_activity', 1, '2', 'parent_type', 'Sales Enity Module', 1, 0, '', 100, 2, 21, 3, '', 1, NULL, 'BAS', 1, NULL, 0, 0, 0),
(10, 222, 'activitytype', 'vtiger_activity', 1, '2', 'activitytype', 'Activtiy Type', 1, 0, '', 100, 3, 21, 3, 'V~O', 1, NULL, 'BAS', 1, NULL, 0, 0, 0),
(10, 223, 'smownerid', 'vtiger_crmentity', 1, '53', 'assigned_user_id', 'Assigned To', 1, 0, '', 100, 5, 21, 1, 'V~M', 1, NULL, 'BAS', 1, NULL, 0, 0, 0),
(10, 224, 'subject', 'vtiger_activity', 1, '2', 'subject', 'Subject', 1, 0, '', 100, 1, 23, 1, 'V~M', 1, NULL, 'BAS', 1, NULL, 0, 0, 0),
(10, 225, 'name', 'vtiger_attachments', 1, '61', 'filename', 'Attachment', 1, 0, '', 100, 2, 23, 1, 'V~O', 1, NULL, 'BAS', 1, NULL, 0, 0, 0),
(10, 226, 'description', 'vtiger_crmentity', 1, '19', 'description', 'Description', 1, 0, '', 100, 1, 24, 1, 'V~O', 1, NULL, 'BAS', 1, NULL, 0, 0, 0),
(10, 227, 'time_start', 'vtiger_activity', 1, '2', 'time_start', 'Time Start', 1, 0, '', 100, 9, 23, 1, 'T~O', 1, NULL, 'BAS', 1, NULL, 0, 0, 0),
(10, 228, 'createdtime', 'vtiger_crmentity', 1, '70', 'createdtime', 'Created Time', 1, 0, '', 100, 10, 22, 1, 'DT~O', 3, NULL, 'BAS', 0, NULL, 0, 0, 0),
(10, 229, 'modifiedtime', 'vtiger_crmentity', 1, '70', 'modifiedtime', 'Modified Time', 1, 0, '', 100, 11, 21, 2, 'DT~O', 3, NULL, 'BAS', 0, NULL, 0, 0, 0),
(10, 230, 'access_count', 'vtiger_email_track', 1, '25', 'access_count', 'Access Count', 1, 0, '0', 100, 6, 21, 3, 'I~O', 1, NULL, 'BAS', 0, NULL, 0, 0, 0),
(10, 231, 'modifiedby', 'vtiger_crmentity', 1, '52', 'modifiedby', 'Last Modified By', 1, 0, '', 100, 12, 21, 3, 'V~O', 3, NULL, 'BAS', 0, NULL, 0, 0, 0),
(9, 232, 'subject', 'vtiger_activity', 1, '2', 'subject', 'Subject', 1, 0, '', 100, 1, 19, 1, 'V~M', 0, 1, 'BAS', 1, NULL, 1, 0, 0),
(9, 233, 'smownerid', 'vtiger_crmentity', 1, '53', 'assigned_user_id', 'Assigned To', 1, 0, '', 100, 2, 19, 1, 'V~M', 0, 4, 'BAS', 1, NULL, 1, 0, 0),
(9, 234, 'date_start', 'vtiger_activity', 1, '6', 'date_start', 'Start Date & Time', 1, 0, '', 100, 3, 19, 1, 'DT~M~time_start', 0, 2, 'BAS', 1, NULL, 1, 0, 0),
(9, 235, 'time_start', 'vtiger_activity', 1, '2', 'time_start', 'Time Start', 1, 0, '', 100, 4, 19, 3, 'T~M', 1, NULL, 'BAS', 1, NULL, 1, 0, 0),
(9, 236, 'time_end', 'vtiger_activity', 1, '2', 'time_end', 'End Time', 1, 0, '', 100, 4, 19, 3, 'T~O', 1, NULL, 'BAS', 1, NULL, 1, 0, 0),
(9, 237, 'due_date', 'vtiger_activity', 1, '23', 'due_date', 'Due Date', 1, 0, '', 100, 5, 19, 1, 'D~M~OTH~GE~date_start~Start Date & Time', 1, NULL, 'BAS', 1, NULL, 1, 0, 0),
(9, 238, 'crmid', 'vtiger_seactivityrel', 1, '66', 'parent_id', 'Related To', 1, 0, '', 100, 7, 19, 1, 'I~O', 1, NULL, 'BAS', 1, NULL, 1, 0, 0),
(9, 239, 'contactid', 'vtiger_cntactivityrel', 1, '57', 'contact_id', 'Contact Name', 1, 0, '', 100, 8, 19, 1, 'I~O', 1, NULL, 'BAS', 1, NULL, 0, 0, 0),
(9, 240, 'status', 'vtiger_activity', 1, '15', 'taskstatus', 'Status', 1, 0, '', 100, 8, 19, 1, 'V~M', 0, 3, 'BAS', 1, NULL, 0, 0, 0),
(9, 241, 'eventstatus', 'vtiger_activity', 1, '15', 'eventstatus', 'Status', 1, 0, '', 100, 9, 19, 3, 'V~O', 1, NULL, 'BAS', 1, NULL, 0, 0, 0),
(9, 242, 'priority', 'vtiger_activity', 1, '15', 'taskpriority', 'Priority', 1, 0, '', 100, 10, 19, 1, 'V~O', 1, NULL, 'BAS', 1, NULL, 0, 0, 0),
(9, 243, 'sendnotification', 'vtiger_activity', 1, '56', 'sendnotification', 'Send Notification', 1, 0, '', 100, 11, 19, 1, 'C~O', 1, NULL, 'BAS', 1, NULL, 0, 0, 0),
(9, 244, 'createdtime', 'vtiger_crmentity', 1, '70', 'createdtime', 'Created Time', 1, 0, '', 100, 14, 19, 2, 'DT~O', 3, NULL, 'BAS', 0, NULL, 0, 0, 0),
(9, 245, 'modifiedtime', 'vtiger_crmentity', 1, '70', 'modifiedtime', 'Modified Time', 1, 0, '', 100, 15, 19, 2, 'DT~O', 3, NULL, 'BAS', 0, NULL, 0, 0, 0),
(9, 246, 'activitytype', 'vtiger_activity', 1, '15', 'activitytype', 'Activity Type', 1, 0, '', 100, 16, 19, 3, 'V~O', 1, NULL, 'BAS', 1, NULL, 1, 0, 0),
(9, 247, 'visibility', 'vtiger_activity', 1, '16', 'visibility', 'Visibility', 1, 0, '', 100, 17, 19, 3, 'V~O', 1, NULL, 'BAS', 1, NULL, 0, 0, 0),
(9, 248, 'description', 'vtiger_crmentity', 1, '19', 'description', 'Description', 1, 0, '', 100, 1, 20, 1, 'V~O', 1, NULL, 'BAS', 1, NULL, 0, 0, 0),
(9, 249, 'duration_hours', 'vtiger_activity', 1, '63', 'duration_hours', 'Duration', 1, 0, '', 100, 17, 19, 3, 'T~O', 1, NULL, 'BAS', 1, NULL, 0, 0, 0),
(9, 250, 'duration_minutes', 'vtiger_activity', 1, '16', 'duration_minutes', 'Duration Minutes', 1, 0, '', 100, 18, 19, 3, 'T~O', 1, NULL, 'BAS', 1, NULL, 0, 0, 0),
(9, 251, 'location', 'vtiger_activity', 1, '1', 'location', 'Location', 1, 0, '', 100, 19, 19, 1, 'V~O', 1, NULL, 'BAS', 1, NULL, 0, 0, 0),
(9, 252, 'reminder_time', 'vtiger_activity_reminder', 1, '30', 'reminder_time', 'Send Reminder', 1, 0, '', 100, 1, 120, 1, 'I~O', 1, NULL, 'BAS', 1, NULL, 0, 0, 0),
(9, 253, 'recurringtype', 'vtiger_activity', 1, '16', 'recurringtype', 'Recurrence', 1, 0, '', 100, 6, 19, 3, 'O~O', 1, NULL, 'BAS', 1, NULL, 1, 0, 0),
(9, 254, 'notime', 'vtiger_activity', 1, '56', 'notime', 'No Time', 1, 0, '', 100, 20, 19, 3, 'C~O', 1, NULL, 'BAS', 1, NULL, 0, 0, 0),
(9, 255, 'modifiedby', 'vtiger_crmentity', 1, '52', 'modifiedby', 'Last Modified By', 1, 0, '', 100, 22, 19, 3, 'V~O', 3, NULL, 'BAS', 0, NULL, 0, 0, 0),
(16, 256, 'subject', 'vtiger_activity', 1, '2', 'subject', 'Subject', 1, 0, '', 100, 1, 39, 1, 'V~M', 0, 1, 'BAS', 1, NULL, 1, 0, 0),
(16, 257, 'smownerid', 'vtiger_crmentity', 1, '53', 'assigned_user_id', 'Assigned To', 1, 0, '', 100, 2, 39, 1, 'V~M', 0, 6, 'BAS', 1, NULL, 1, 0, 0),
(16, 258, 'date_start', 'vtiger_activity', 1, '6', 'date_start', 'Start Date & Time', 1, 0, '', 100, 3, 39, 1, 'DT~M~time_start', 0, 2, 'BAS', 1, NULL, 1, 0, 0),
(16, 259, 'time_start', 'vtiger_activity', 1, '2', 'time_start', 'Time Start', 1, 0, '', 100, 4, 39, 3, 'T~M', 1, NULL, 'BAS', 1, NULL, 1, 0, 0),
(16, 260, 'due_date', 'vtiger_activity', 1, '23', 'due_date', 'End Date', 1, 0, '', 100, 5, 39, 1, 'D~M~OTH~GE~date_start~Start Date & Time', 0, 5, 'BAS', 1, NULL, 1, 0, 0),
(16, 261, 'time_end', 'vtiger_activity', 1, '2', 'time_end', 'End Time', 1, 0, '', 100, 5, 39, 3, 'T~M', 1, NULL, 'BAS', 1, NULL, 1, 0, 0),
(16, 262, 'recurringtype', 'vtiger_activity', 1, '16', 'recurringtype', 'Recurrence', 1, 0, '', 100, 6, 117, 1, 'O~O', 1, NULL, 'BAS', 1, NULL, 1, 0, 0),
(16, 263, 'duration_hours', 'vtiger_activity', 1, '63', 'duration_hours', 'Duration', 1, 0, '', 100, 7, 39, 3, 'I~M', 1, NULL, 'BAS', 1, NULL, 0, 0, 0),
(16, 264, 'duration_minutes', 'vtiger_activity', 1, '16', 'duration_minutes', 'Duration Minutes', 1, 0, '', 100, 8, 39, 3, 'O~O', 1, NULL, 'BAS', 1, NULL, 0, 0, 0),
(16, 265, 'crmid', 'vtiger_seactivityrel', 1, '66', 'parent_id', 'Related To', 1, 0, '', 100, 9, 119, 1, 'I~O', 1, NULL, 'BAS', 1, NULL, 1, 0, 0),
(16, 266, 'eventstatus', 'vtiger_activity', 1, '15', 'eventstatus', 'Status', 1, 0, '', 100, 10, 39, 1, 'V~M', 0, 3, 'BAS', 1, NULL, 0, 0, 0),
(16, 267, 'sendnotification', 'vtiger_activity', 1, '56', 'sendnotification', 'Send Notification', 1, 0, '', 100, 11, 39, 1, 'C~O', 1, NULL, 'BAS', 1, NULL, 0, 0, 0),
(16, 268, 'activitytype', 'vtiger_activity', 1, '15', 'activitytype', 'Activity Type', 1, 0, '', 100, 12, 39, 1, 'V~M', 0, 4, 'BAS', 1, NULL, 1, 0, 0),
(16, 269, 'location', 'vtiger_activity', 1, '1', 'location', 'Location', 1, 0, '', 100, 13, 39, 1, 'V~O', 1, NULL, 'BAS', 1, NULL, 0, 0, 0),
(16, 270, 'createdtime', 'vtiger_crmentity', 1, '70', 'createdtime', 'Created Time', 1, 0, '', 100, 14, 39, 2, 'DT~O', 3, NULL, 'BAS', 0, NULL, 0, 0, 0),
(16, 271, 'modifiedtime', 'vtiger_crmentity', 1, '70', 'modifiedtime', 'Modified Time', 1, 0, '', 100, 15, 39, 2, 'DT~O', 3, NULL, 'BAS', 0, NULL, 0, 0, 0),
(16, 272, 'priority', 'vtiger_activity', 1, '15', 'taskpriority', 'Priority', 1, 0, '', 100, 16, 39, 1, 'V~O', 1, NULL, 'BAS', 1, NULL, 0, 0, 0),
(16, 273, 'notime', 'vtiger_activity', 1, '56', 'notime', 'No Time', 1, 0, '', 100, 17, 39, 3, 'C~O', 1, NULL, 'BAS', 1, NULL, 0, 0, 0),
(16, 274, 'visibility', 'vtiger_activity', 1, '16', 'visibility', 'Visibility', 1, 0, '', 100, 18, 39, 1, 'V~O', 1, NULL, 'BAS', 1, NULL, 0, 0, 0),
(16, 275, 'modifiedby', 'vtiger_crmentity', 1, '52', 'modifiedby', 'Last Modified By', 1, 0, '', 100, 22, 39, 3, 'V~O', 3, NULL, 'BAS', 0, NULL, 0, 0, 0),
(16, 276, 'description', 'vtiger_crmentity', 1, '19', 'description', 'Description', 1, 0, '', 100, 1, 41, 1, 'V~O', 1, NULL, 'BAS', 1, NULL, 0, 0, 0),
(16, 277, 'reminder_time', 'vtiger_activity_reminder', 1, '30', 'reminder_time', 'Send Reminder', 1, 0, '', 100, 1, 40, 1, 'I~O', 1, NULL, 'BAS', 1, NULL, 0, 0, 0),
(16, 278, 'contactid', 'vtiger_cntactivityrel', 1, '57', 'contact_id', 'Contact Name', 1, 0, '', 100, 1, 119, 1, 'I~O', 1, NULL, 'BAS', 1, NULL, 0, 0, 0),
(15, 279, 'product_id', 'vtiger_faq', 1, '59', 'product_id', 'Product Name', 1, 2, '', 100, 1, 37, 1, 'I~O', 3, NULL, 'BAS', 1, NULL, 1, 0, 0),
(15, 280, 'faq_no', 'vtiger_faq', 1, '4', 'faq_no', 'Faq No', 1, 0, '', 100, 2, 37, 1, 'V~O', 3, NULL, 'BAS', 0, NULL, 0, 0, 0),
(15, 281, 'category', 'vtiger_faq', 1, '15', 'faqcategories', 'Category', 1, 2, '', 100, 4, 37, 1, 'V~O', 3, NULL, 'BAS', 1, NULL, 1, 0, 0),
(15, 282, 'status', 'vtiger_faq', 1, '15', 'faqstatus', 'Status', 1, 2, '', 100, 3, 37, 1, 'V~M', 3, NULL, 'BAS', 1, NULL, 0, 0, 0),
(15, 283, 'question', 'vtiger_faq', 1, '20', 'question', 'Question', 1, 2, '', 100, 7, 37, 1, 'V~M', 3, NULL, 'BAS', 1, NULL, 1, 0, 0),
(15, 284, 'answer', 'vtiger_faq', 1, '20', 'faq_answer', 'Answer', 1, 2, '', 100, 8, 37, 1, 'V~M', 3, NULL, 'BAS', 1, NULL, 0, 0, 0),
(15, 285, 'comments', 'vtiger_faqcomments', 1, '19', 'comments', 'Add Comment', 1, 1, '', 100, 1, 38, 1, 'V~O', 3, NULL, 'BAS', 0, NULL, 0, 0, 0),
(15, 286, 'createdtime', 'vtiger_crmentity', 1, '70', 'createdtime', 'Created Time', 1, 0, '', 100, 5, 37, 2, 'DT~O', 3, NULL, 'BAS', 0, NULL, 1, 0, 0),
(15, 287, 'modifiedtime', 'vtiger_crmentity', 1, '70', 'modifiedtime', 'Modified Time', 1, 0, '', 100, 6, 37, 2, 'DT~O', 3, NULL, 'BAS', 0, NULL, 1, 0, 0),
(15, 288, 'modifiedby', 'vtiger_crmentity', 1, '52', 'modifiedby', 'Last Modified By', 1, 0, '', 100, 7, 37, 3, 'V~O', 3, NULL, 'BAS', 0, NULL, 0, 0, 0),
(18, 289, 'vendorname', 'vtiger_vendor', 1, '2', 'vendorname', 'Vendor Name', 1, 0, '', 100, 1, 42, 1, 'V~M', 0, 1, 'BAS', 1, NULL, 1, 0, 0),
(18, 290, 'vendor_no', 'vtiger_vendor', 1, '4', 'vendor_no', 'Vendor No', 1, 0, '', 100, 2, 42, 1, 'V~O', 3, NULL, 'BAS', 0, NULL, 0, 0, 0),
(18, 291, 'phone', 'vtiger_vendor', 1, '1', 'phone', 'Phone', 1, 2, '', 100, 4, 42, 1, 'V~O', 2, 2, 'BAS', 1, NULL, 0, 1, 0),
(18, 292, 'email', 'vtiger_vendor', 1, '13', 'email', 'Email', 1, 2, '', 100, 3, 42, 1, 'E~O', 2, 3, 'BAS', 1, NULL, 0, 1, 0),
(18, 293, 'website', 'vtiger_vendor', 1, '17', 'website', 'Website', 1, 2, '', 100, 6, 42, 1, 'V~O', 1, NULL, 'BAS', 1, NULL, 0, 1, 0),
(18, 294, 'glacct', 'vtiger_vendor', 1, '15', 'glacct', 'GL Account', 1, 2, '', 100, 5, 42, 1, 'V~O', 1, NULL, 'BAS', 1, NULL, 0, 0, 0),
(18, 295, 'category', 'vtiger_vendor', 1, '1', 'category', 'Category', 1, 2, '', 100, 8, 42, 1, 'V~O', 1, NULL, 'BAS', 1, NULL, 1, 0, 0),
(18, 296, 'createdtime', 'vtiger_crmentity', 1, '70', 'createdtime', 'Created Time', 1, 0, '', 100, 7, 42, 2, 'DT~O', 3, NULL, 'BAS', 0, NULL, 0, 0, 0),
(18, 297, 'modifiedtime', 'vtiger_crmentity', 1, '70', 'modifiedtime', 'Modified Time', 1, 0, '', 100, 9, 42, 2, 'DT~O', 3, NULL, 'BAS', 0, NULL, 0, 0, 0),
(18, 298, 'modifiedby', 'vtiger_crmentity', 1, '52', 'modifiedby', 'Last Modified By', 1, 0, '', 100, 12, 42, 3, 'V~O', 3, NULL, 'BAS', 0, NULL, 0, 0, 0),
(18, 299, 'street', 'vtiger_vendor', 1, '21', 'street', 'Street', 1, 2, '', 100, 1, 44, 1, 'V~O', 1, NULL, 'ADV', 1, NULL, 0, 0, 0),
(18, 300, 'pobox', 'vtiger_vendor', 1, '1', 'pobox', 'Po Box', 1, 2, '', 100, 2, 44, 1, 'V~O', 1, NULL, 'ADV', 1, NULL, 0, 0, 0),
(18, 301, 'city', 'vtiger_vendor', 1, '1', 'city', 'City', 1, 2, '', 100, 3, 44, 1, 'V~O', 1, NULL, 'ADV', 1, NULL, 0, 0, 0),
(18, 302, 'state', 'vtiger_vendor', 1, '1', 'state', 'State', 1, 2, '', 100, 4, 44, 1, 'V~O', 1, NULL, 'ADV', 1, NULL, 0, 0, 0),
(18, 303, 'postalcode', 'vtiger_vendor', 1, '1', 'postalcode', 'Postal Code', 1, 2, '', 100, 5, 44, 1, 'V~O', 1, NULL, 'ADV', 1, NULL, 0, 0, 0),
(18, 304, 'country', 'vtiger_vendor', 1, '1', 'country', 'Country', 1, 2, '', 100, 6, 44, 1, 'V~O', 1, NULL, 'ADV', 1, NULL, 0, 0, 0),
(18, 305, 'description', 'vtiger_crmentity', 1, '19', 'description', 'Description', 1, 2, '', 100, 1, 45, 1, 'V~O', 1, NULL, 'ADV', 1, NULL, 0, 0, 0),
(19, 306, 'bookname', 'vtiger_pricebook', 1, '2', 'bookname', 'Price Book Name', 1, 0, '', 100, 1, 46, 1, 'V~M', 0, 1, 'BAS', 1, NULL, 1, 0, 0),
(19, 307, 'pricebook_no', 'vtiger_pricebook', 1, '4', 'pricebook_no', 'PriceBook No', 1, 0, '', 100, 3, 46, 1, 'V~O', 3, NULL, 'BAS', 0, NULL, 0, 0, 0),
(19, 308, 'active', 'vtiger_pricebook', 1, '56', 'active', 'Active', 1, 2, '1', 100, 2, 46, 1, 'C~O', 2, 2, 'BAS', 1, NULL, 1, 0, 0),
(19, 309, 'createdtime', 'vtiger_crmentity', 1, '70', 'createdtime', 'Created Time', 1, 0, '', 100, 4, 46, 2, 'DT~O', 3, NULL, 'BAS', 0, NULL, 0, 0, 0),
(19, 310, 'modifiedtime', 'vtiger_crmentity', 1, '70', 'modifiedtime', 'Modified Time', 1, 0, '', 100, 5, 46, 2, 'DT~O', 3, NULL, 'BAS', 0, NULL, 0, 0, 0),
(19, 311, 'currency_id', 'vtiger_pricebook', 1, '117', 'currency_id', 'Currency', 1, 0, '', 100, 5, 46, 1, 'I~M', 0, 3, 'BAS', 0, NULL, 0, 0, 0),
(19, 312, 'modifiedby', 'vtiger_crmentity', 1, '52', 'modifiedby', 'Last Modified By', 1, 0, '', 100, 7, 46, 3, 'V~O', 3, NULL, 'BAS', 0, NULL, 0, 0, 0),
(19, 313, 'description', 'vtiger_crmentity', 1, '19', 'description', 'Description', 1, 2, '', 100, 1, 48, 1, 'V~O', 1, NULL, 'BAS', 1, NULL, 0, 0, 0),
(20, 314, 'quote_no', 'vtiger_quotes', 1, '4', 'quote_no', 'Quote No', 1, 0, '', 100, 3, 49, 1, 'V~O', 3, NULL, 'BAS', 0, NULL, 1, 0, 0),
(20, 315, 'subject', 'vtiger_quotes', 1, '2', 'subject', 'Subject', 1, 0, '', 100, 1, 49, 1, 'V~M', 1, NULL, 'BAS', 1, NULL, 1, 0, 0),
(20, 316, 'potentialid', 'vtiger_quotes', 1, '76', 'potential_id', 'Potential Name', 1, 2, '', 100, 2, 49, 1, 'I~O', 3, NULL, 'BAS', 1, NULL, 1, 0, 0),
(20, 317, 'quotestage', 'vtiger_quotes', 1, '15', 'quotestage', 'Quote Stage', 1, 2, '', 100, 4, 49, 1, 'V~M', 3, NULL, 'BAS', 1, NULL, 0, 1, 0),
(20, 318, 'validtill', 'vtiger_quotes', 1, '5', 'validtill', 'Valid Till', 1, 2, '', 100, 5, 49, 1, 'D~O', 3, NULL, 'BAS', 1, NULL, 0, 0, 0),
(20, 319, 'contactid', 'vtiger_quotes', 1, '57', 'contact_id', 'Contact Name', 1, 2, '', 100, 6, 49, 1, 'V~O', 3, NULL, 'BAS', 1, NULL, 0, 1, 0),
(20, 320, 'carrier', 'vtiger_quotes', 1, '15', 'carrier', 'Carrier', 1, 2, '', 100, 8, 49, 1, 'V~O', 3, NULL, 'BAS', 1, NULL, 0, 0, 0),
(20, 321, 'subtotal', 'vtiger_quotes', 1, '72', 'hdnSubTotal', 'Sub Total', 1, 2, '', 100, 9, 49, 3, 'N~O', 3, NULL, 'BAS', 1, NULL, 0, 0, 0),
(20, 322, 'shipping', 'vtiger_quotes', 1, '1', 'shipping', 'Shipping', 1, 2, '', 100, 10, 49, 1, 'V~O', 3, NULL, 'BAS', 1, NULL, 0, 0, 0),
(20, 323, 'inventorymanager', 'vtiger_quotes', 1, '77', 'assigned_user_id1', 'Inventory Manager', 1, 2, '', 100, 11, 49, 1, 'I~O', 3, NULL, 'BAS', 1, NULL, 0, 0, 0),
(20, 324, 'adjustment', 'vtiger_quotes', 1, '72', 'txtAdjustment', 'Adjustment', 1, 2, '', 100, 20, 49, 3, 'NN~O', 3, NULL, 'BAS', 1, NULL, 0, 0, 0),
(20, 325, 'total', 'vtiger_quotes', 1, '72', 'hdnGrandTotal', 'Total', 1, 2, '', 100, 14, 49, 3, 'N~O', 3, NULL, 'BAS', 1, NULL, 0, 1, 0),
(20, 326, 'taxtype', 'vtiger_quotes', 1, '16', 'hdnTaxType', 'Tax Type', 1, 2, '', 100, 14, 49, 3, 'V~O', 3, NULL, 'BAS', 1, NULL, 0, 0, 0),
(20, 327, 'discount_percent', 'vtiger_quotes', 1, '1', 'hdnDiscountPercent', 'Discount Percent', 1, 2, '', 100, 14, 116, 5, 'N~O', 3, NULL, 'BAS', 1, NULL, 0, 0, 0),
(20, 328, 'discount_amount', 'vtiger_quotes', 1, '72', 'hdnDiscountAmount', 'Discount Amount', 1, 2, '', 100, 14, 116, 5, 'N~O', 3, NULL, 'BAS', 1, NULL, 0, 0, 0),
(20, 329, 's_h_amount', 'vtiger_quotes', 1, '72', 'hdnS_H_Amount', 'S&H Amount', 1, 2, '', 100, 14, 49, 3, 'N~O', 3, NULL, 'BAS', 1, NULL, 0, 0, 0),
(20, 330, 'accountid', 'vtiger_quotes', 1, '73', 'account_id', 'Account Name', 1, 2, '', 100, 16, 49, 1, 'I~M', 3, NULL, 'BAS', 1, NULL, 0, 1, 0),
(20, 331, 'smownerid', 'vtiger_crmentity', 1, '53', 'assigned_user_id', 'Assigned To', 1, 0, '', 100, 17, 49, 1, 'V~M', 3, NULL, 'BAS', 1, NULL, 1, 0, 0),
(20, 332, 'createdtime', 'vtiger_crmentity', 1, '70', 'createdtime', 'Created Time', 1, 0, '', 100, 18, 49, 2, 'DT~O', 3, NULL, 'BAS', 0, NULL, 0, 0, 0),
(20, 333, 'modifiedtime', 'vtiger_crmentity', 1, '70', 'modifiedtime', 'Modified Time', 1, 0, '', 100, 19, 49, 2, 'DT~O', 3, NULL, 'BAS', 0, NULL, 0, 0, 0),
(20, 334, 'modifiedby', 'vtiger_crmentity', 1, '52', 'modifiedby', 'Last Modified By', 1, 0, '', 100, 22, 49, 3, 'V~O', 3, NULL, 'BAS', 0, NULL, 0, 0, 0);
INSERT INTO `vtiger_field` (`tabid`, `fieldid`, `columnname`, `tablename`, `generatedtype`, `uitype`, `fieldname`, `fieldlabel`, `readonly`, `presence`, `defaultvalue`, `maximumlength`, `sequence`, `block`, `displaytype`, `typeofdata`, `quickcreate`, `quickcreatesequence`, `info_type`, `masseditable`, `helpinfo`, `summaryfield`, `headerfield`, `isunique`) VALUES
(20, 335, 'currency_id', 'vtiger_quotes', 1, '117', 'currency_id', 'Currency', 1, 2, '1', 100, 20, 49, 3, 'I~O', 3, NULL, 'BAS', 1, NULL, 0, 0, 0),
(20, 336, 'conversion_rate', 'vtiger_quotes', 1, '1', 'conversion_rate', 'Conversion Rate', 1, 2, '1', 100, 21, 49, 3, 'N~O', 3, NULL, 'BAS', 1, NULL, 0, 0, 0),
(20, 337, 'bill_street', 'vtiger_quotesbillads', 1, '24', 'bill_street', 'Billing Address', 1, 2, '', 100, 1, 51, 1, 'V~M', 3, NULL, 'BAS', 1, NULL, 0, 0, 0),
(20, 338, 'ship_street', 'vtiger_quotesshipads', 1, '24', 'ship_street', 'Shipping Address', 1, 2, '', 100, 2, 51, 1, 'V~M', 3, NULL, 'BAS', 1, NULL, 0, 0, 0),
(20, 339, 'bill_city', 'vtiger_quotesbillads', 1, '1', 'bill_city', 'Billing City', 1, 2, '', 100, 5, 51, 1, 'V~O', 3, NULL, 'BAS', 1, NULL, 0, 0, 0),
(20, 340, 'ship_city', 'vtiger_quotesshipads', 1, '1', 'ship_city', 'Shipping City', 1, 2, '', 100, 6, 51, 1, 'V~O', 3, NULL, 'BAS', 1, NULL, 0, 0, 0),
(20, 341, 'bill_state', 'vtiger_quotesbillads', 1, '1', 'bill_state', 'Billing State', 1, 2, '', 100, 7, 51, 1, 'V~O', 3, NULL, 'BAS', 1, NULL, 0, 0, 0),
(20, 342, 'ship_state', 'vtiger_quotesshipads', 1, '1', 'ship_state', 'Shipping State', 1, 2, '', 100, 8, 51, 1, 'V~O', 3, NULL, 'BAS', 1, NULL, 0, 0, 0),
(20, 343, 'bill_code', 'vtiger_quotesbillads', 1, '1', 'bill_code', 'Billing Code', 1, 2, '', 100, 9, 51, 1, 'V~O', 3, NULL, 'BAS', 1, NULL, 0, 0, 0),
(20, 344, 'ship_code', 'vtiger_quotesshipads', 1, '1', 'ship_code', 'Shipping Code', 1, 2, '', 100, 10, 51, 1, 'V~O', 3, NULL, 'BAS', 1, NULL, 0, 0, 0),
(20, 345, 'bill_country', 'vtiger_quotesbillads', 1, '1', 'bill_country', 'Billing Country', 1, 2, '', 100, 11, 51, 1, 'V~O', 3, NULL, 'BAS', 1, NULL, 0, 0, 0),
(20, 346, 'ship_country', 'vtiger_quotesshipads', 1, '1', 'ship_country', 'Shipping Country', 1, 2, '', 100, 12, 51, 1, 'V~O', 3, NULL, 'BAS', 1, NULL, 0, 0, 0),
(20, 347, 'bill_pobox', 'vtiger_quotesbillads', 1, '1', 'bill_pobox', 'Billing Po Box', 1, 2, '', 100, 3, 51, 1, 'V~O', 3, NULL, 'BAS', 1, NULL, 0, 0, 0),
(20, 348, 'ship_pobox', 'vtiger_quotesshipads', 1, '1', 'ship_pobox', 'Shipping Po Box', 1, 2, '', 100, 4, 51, 1, 'V~O', 3, NULL, 'BAS', 1, NULL, 0, 0, 0),
(20, 349, 'description', 'vtiger_crmentity', 1, '19', 'description', 'Description', 1, 2, '', 100, 1, 54, 1, 'V~O', 3, NULL, 'ADV', 1, NULL, 0, 0, 0),
(20, 350, 'terms_conditions', 'vtiger_quotes', 1, '19', 'terms_conditions', 'Terms & Conditions', 1, 2, '', 100, 1, 53, 1, 'V~O', 3, NULL, 'ADV', 1, NULL, 0, 0, 0),
(21, 351, 'purchaseorder_no', 'vtiger_purchaseorder', 1, '4', 'purchaseorder_no', 'PurchaseOrder No', 1, 0, '', 100, 2, 55, 1, 'V~O', 3, NULL, 'BAS', 0, NULL, 1, 0, 0),
(21, 352, 'subject', 'vtiger_purchaseorder', 1, '2', 'subject', 'Subject', 1, 0, '', 100, 1, 55, 1, 'V~M', 3, NULL, 'BAS', 1, NULL, 1, 0, 0),
(21, 353, 'vendorid', 'vtiger_purchaseorder', 1, '81', 'vendor_id', 'Vendor Name', 1, 0, '', 100, 3, 55, 1, 'I~M', 3, NULL, 'BAS', 1, NULL, 1, 0, 0),
(21, 354, 'requisition_no', 'vtiger_purchaseorder', 1, '1', 'requisition_no', 'Requisition No', 1, 2, '', 100, 4, 55, 1, 'V~O', 3, NULL, 'BAS', 1, NULL, 0, 0, 0),
(21, 355, 'tracking_no', 'vtiger_purchaseorder', 1, '1', 'tracking_no', 'Tracking Number', 1, 2, '', 100, 5, 55, 1, 'V~O', 3, NULL, 'BAS', 1, NULL, 1, 0, 0),
(21, 356, 'contactid', 'vtiger_purchaseorder', 1, '57', 'contact_id', 'Contact Name', 1, 2, '', 100, 6, 55, 1, 'I~O', 3, NULL, 'BAS', 1, NULL, 0, 1, 0),
(21, 357, 'duedate', 'vtiger_purchaseorder', 1, '5', 'duedate', 'Due Date', 1, 2, '', 100, 7, 55, 1, 'D~O', 3, NULL, 'BAS', 1, NULL, 0, 0, 0),
(21, 358, 'carrier', 'vtiger_purchaseorder', 1, '15', 'carrier', 'Carrier', 1, 2, '', 100, 8, 55, 1, 'V~O', 3, NULL, 'BAS', 1, NULL, 0, 0, 0),
(21, 359, 'adjustment', 'vtiger_purchaseorder', 1, '72', 'txtAdjustment', 'Adjustment', 1, 2, '', 100, 10, 55, 3, 'NN~O', 3, NULL, 'BAS', 1, NULL, 0, 0, 0),
(21, 360, 'salescommission', 'vtiger_purchaseorder', 1, '1', 'salescommission', 'Sales Commission', 1, 2, '', 100, 11, 55, 1, 'N~O', 3, NULL, 'BAS', 1, NULL, 0, 0, 0),
(21, 361, 'exciseduty', 'vtiger_purchaseorder', 1, '1', 'exciseduty', 'Excise Duty', 1, 2, '', 100, 12, 55, 1, 'N~O', 3, NULL, 'BAS', 1, NULL, 0, 0, 0),
(21, 362, 'total', 'vtiger_purchaseorder', 1, '72', 'hdnGrandTotal', 'Total', 1, 2, '', 100, 13, 55, 3, 'N~O', 3, NULL, 'BAS', 1, NULL, 1, 0, 0),
(21, 363, 'subtotal', 'vtiger_purchaseorder', 1, '72', 'hdnSubTotal', 'Sub Total', 1, 2, '', 100, 14, 55, 3, 'N~O', 3, NULL, 'BAS', 1, NULL, 0, 0, 0),
(21, 364, 'taxtype', 'vtiger_purchaseorder', 1, '16', 'hdnTaxType', 'Tax Type', 1, 2, '', 100, 14, 55, 3, 'V~O', 3, NULL, 'BAS', 1, NULL, 0, 0, 0),
(21, 365, 'discount_percent', 'vtiger_purchaseorder', 1, '1', 'hdnDiscountPercent', 'Discount Percent', 1, 2, '', 100, 14, 115, 5, 'N~O', 3, NULL, 'BAS', 1, NULL, 0, 0, 0),
(21, 366, 'discount_amount', 'vtiger_purchaseorder', 1, '72', 'hdnDiscountAmount', 'Discount Amount', 1, 0, '', 100, 14, 115, 5, 'N~O', 3, NULL, 'BAS', 1, NULL, 0, 0, 0),
(21, 367, 's_h_amount', 'vtiger_purchaseorder', 1, '72', 'hdnS_H_Amount', 'S&H Amount', 1, 2, '', 100, 14, 55, 3, 'N~O', 3, NULL, 'BAS', 1, NULL, 0, 0, 0),
(21, 368, 'postatus', 'vtiger_purchaseorder', 1, '15', 'postatus', 'Status', 1, 2, '', 100, 15, 55, 1, 'V~M', 3, NULL, 'BAS', 1, NULL, 0, 1, 0),
(21, 369, 'smownerid', 'vtiger_crmentity', 1, '53', 'assigned_user_id', 'Assigned To', 1, 0, '', 100, 16, 55, 1, 'V~M', 3, NULL, 'BAS', 1, NULL, 0, 1, 0),
(21, 370, 'createdtime', 'vtiger_crmentity', 1, '70', 'createdtime', 'Created Time', 1, 0, '', 100, 17, 55, 2, 'DT~O', 3, NULL, 'BAS', 0, NULL, 0, 0, 0),
(21, 371, 'modifiedtime', 'vtiger_crmentity', 1, '70', 'modifiedtime', 'Modified Time', 1, 0, '', 100, 18, 55, 2, 'DT~O', 3, NULL, 'BAS', 0, NULL, 0, 0, 0),
(21, 372, 'modifiedby', 'vtiger_crmentity', 1, '52', 'modifiedby', 'Last Modified By', 1, 0, '', 100, 22, 55, 3, 'V~O', 3, NULL, 'BAS', 0, NULL, 0, 0, 0),
(21, 373, 'currency_id', 'vtiger_purchaseorder', 1, '117', 'currency_id', 'Currency', 1, 2, '1', 100, 19, 55, 3, 'I~O', 3, NULL, 'BAS', 1, NULL, 0, 0, 0),
(21, 374, 'conversion_rate', 'vtiger_purchaseorder', 1, '1', 'conversion_rate', 'Conversion Rate', 1, 2, '1', 100, 20, 55, 3, 'N~O', 3, NULL, 'BAS', 1, NULL, 0, 0, 0),
(21, 375, 'bill_street', 'vtiger_pobillads', 1, '24', 'bill_street', 'Billing Address', 1, 2, '', 100, 1, 57, 1, 'V~M', 3, NULL, 'BAS', 1, NULL, 0, 0, 0),
(21, 376, 'ship_street', 'vtiger_poshipads', 1, '24', 'ship_street', 'Shipping Address', 1, 2, '', 100, 2, 57, 1, 'V~M', 3, NULL, 'BAS', 1, NULL, 0, 0, 0),
(21, 377, 'bill_city', 'vtiger_pobillads', 1, '1', 'bill_city', 'Billing City', 1, 2, '', 100, 5, 57, 1, 'V~O', 3, NULL, 'BAS', 1, NULL, 0, 0, 0),
(21, 378, 'ship_city', 'vtiger_poshipads', 1, '1', 'ship_city', 'Shipping City', 1, 2, '', 100, 6, 57, 1, 'V~O', 3, NULL, 'BAS', 1, NULL, 0, 0, 0),
(21, 379, 'bill_state', 'vtiger_pobillads', 1, '1', 'bill_state', 'Billing State', 1, 2, '', 100, 7, 57, 1, 'V~O', 3, NULL, 'BAS', 1, NULL, 0, 0, 0),
(21, 380, 'ship_state', 'vtiger_poshipads', 1, '1', 'ship_state', 'Shipping State', 1, 2, '', 100, 8, 57, 1, 'V~O', 3, NULL, 'BAS', 1, NULL, 0, 0, 0),
(21, 381, 'bill_code', 'vtiger_pobillads', 1, '1', 'bill_code', 'Billing Code', 1, 2, '', 100, 9, 57, 1, 'V~O', 3, NULL, 'BAS', 1, NULL, 0, 0, 0),
(21, 382, 'ship_code', 'vtiger_poshipads', 1, '1', 'ship_code', 'Shipping Code', 1, 2, '', 100, 10, 57, 1, 'V~O', 3, NULL, 'BAS', 1, NULL, 0, 0, 0),
(21, 383, 'bill_country', 'vtiger_pobillads', 1, '1', 'bill_country', 'Billing Country', 1, 2, '', 100, 11, 57, 1, 'V~O', 3, NULL, 'BAS', 1, NULL, 0, 0, 0),
(21, 384, 'ship_country', 'vtiger_poshipads', 1, '1', 'ship_country', 'Shipping Country', 1, 2, '', 100, 12, 57, 1, 'V~O', 3, NULL, 'BAS', 1, NULL, 0, 0, 0),
(21, 385, 'bill_pobox', 'vtiger_pobillads', 1, '1', 'bill_pobox', 'Billing Po Box', 1, 2, '', 100, 3, 57, 1, 'V~O', 3, NULL, 'BAS', 1, NULL, 0, 0, 0),
(21, 386, 'ship_pobox', 'vtiger_poshipads', 1, '1', 'ship_pobox', 'Shipping Po Box', 1, 2, '', 100, 4, 57, 1, 'V~O', 3, NULL, 'BAS', 1, NULL, 0, 0, 0),
(21, 387, 'description', 'vtiger_crmentity', 1, '19', 'description', 'Description', 1, 2, '', 100, 1, 60, 1, 'V~O', 3, NULL, 'ADV', 1, NULL, 0, 0, 0),
(21, 388, 'terms_conditions', 'vtiger_purchaseorder', 1, '19', 'terms_conditions', 'Terms & Conditions', 1, 2, '', 100, 1, 59, 1, 'V~O', 3, NULL, 'ADV', 1, NULL, 0, 0, 0),
(22, 389, 'salesorder_no', 'vtiger_salesorder', 1, '4', 'salesorder_no', 'SalesOrder No', 1, 0, '', 100, 4, 61, 1, 'V~O', 3, NULL, 'BAS', 0, NULL, 1, 0, 0),
(22, 390, 'subject', 'vtiger_salesorder', 1, '2', 'subject', 'Subject', 1, 0, '', 100, 1, 61, 1, 'V~M', 3, NULL, 'BAS', 1, NULL, 1, 0, 0),
(22, 391, 'potentialid', 'vtiger_salesorder', 1, '76', 'potential_id', 'Potential Name', 1, 2, '', 100, 2, 61, 1, 'I~O', 3, NULL, 'BAS', 1, NULL, 0, 0, 0),
(22, 392, 'customerno', 'vtiger_salesorder', 1, '1', 'customerno', 'Customer No', 1, 2, '', 100, 3, 61, 1, 'V~O', 3, NULL, 'BAS', 1, NULL, 0, 0, 0),
(22, 393, 'quoteid', 'vtiger_salesorder', 1, '78', 'quote_id', 'Quote Name', 1, 2, '', 100, 5, 61, 1, 'I~O', 3, NULL, 'BAS', 0, NULL, 1, 0, 0),
(22, 394, 'purchaseorder', 'vtiger_salesorder', 1, '1', 'vtiger_purchaseorder', 'Purchase Order', 1, 2, '', 100, 5, 61, 1, 'V~O', 3, NULL, 'BAS', 1, NULL, 0, 0, 0),
(22, 395, 'contactid', 'vtiger_salesorder', 1, '57', 'contact_id', 'Contact Name', 1, 2, '', 100, 6, 61, 1, 'I~O', 3, NULL, 'BAS', 1, NULL, 0, 1, 0),
(22, 396, 'duedate', 'vtiger_salesorder', 1, '5', 'duedate', 'Due Date', 1, 2, '', 100, 8, 61, 1, 'D~O', 3, NULL, 'BAS', 1, NULL, 0, 0, 0),
(22, 397, 'carrier', 'vtiger_salesorder', 1, '15', 'carrier', 'Carrier', 1, 2, '', 100, 9, 61, 1, 'V~O', 3, NULL, 'BAS', 1, NULL, 0, 0, 0),
(22, 398, 'pending', 'vtiger_salesorder', 1, '1', 'pending', 'Pending', 1, 2, '', 100, 10, 61, 1, 'V~O', 3, NULL, 'BAS', 1, NULL, 0, 0, 0),
(22, 399, 'sostatus', 'vtiger_salesorder', 1, '15', 'sostatus', 'Status', 1, 2, '', 100, 11, 61, 1, 'V~M', 3, NULL, 'BAS', 1, NULL, 0, 1, 0),
(22, 400, 'adjustment', 'vtiger_salesorder', 1, '72', 'txtAdjustment', 'Adjustment', 1, 2, '', 100, 12, 61, 3, 'NN~O', 3, NULL, 'BAS', 1, NULL, 0, 0, 0),
(22, 401, 'salescommission', 'vtiger_salesorder', 1, '1', 'salescommission', 'Sales Commission', 1, 2, '', 100, 13, 61, 1, 'N~O', 3, NULL, 'BAS', 1, NULL, 0, 0, 0),
(22, 402, 'exciseduty', 'vtiger_salesorder', 1, '1', 'exciseduty', 'Excise Duty', 1, 2, '', 100, 13, 61, 1, 'N~O', 3, NULL, 'BAS', 1, NULL, 0, 0, 0),
(22, 403, 'total', 'vtiger_salesorder', 1, '72', 'hdnGrandTotal', 'Total', 1, 2, '', 100, 14, 61, 3, 'N~O', 3, NULL, 'BAS', 1, NULL, 1, 0, 0),
(22, 404, 'subtotal', 'vtiger_salesorder', 1, '72', 'hdnSubTotal', 'Sub Total', 1, 2, '', 100, 15, 61, 3, 'N~O', 3, NULL, 'BAS', 1, NULL, 0, 0, 0),
(22, 405, 'taxtype', 'vtiger_salesorder', 1, '16', 'hdnTaxType', 'Tax Type', 1, 2, '', 100, 15, 61, 3, 'V~O', 3, NULL, 'BAS', 1, NULL, 0, 0, 0),
(22, 406, 'discount_percent', 'vtiger_salesorder', 1, '1', 'hdnDiscountPercent', 'Discount Percent', 1, 2, '', 100, 15, 114, 5, 'N~O', 3, NULL, 'BAS', 1, NULL, 0, 0, 0),
(22, 407, 'discount_amount', 'vtiger_salesorder', 1, '72', 'hdnDiscountAmount', 'Discount Amount', 1, 0, '', 100, 15, 114, 5, 'N~O', 3, NULL, 'BAS', 1, NULL, 0, 0, 0),
(22, 408, 's_h_amount', 'vtiger_salesorder', 1, '72', 'hdnS_H_Amount', 'S&H Amount', 1, 2, '', 100, 15, 61, 3, 'N~O', 3, NULL, 'BAS', 1, NULL, 0, 0, 0),
(22, 409, 'accountid', 'vtiger_salesorder', 1, '73', 'account_id', 'Account Name', 1, 2, '', 100, 16, 61, 1, 'I~M', 3, NULL, 'BAS', 1, NULL, 0, 1, 0),
(22, 410, 'smownerid', 'vtiger_crmentity', 1, '53', 'assigned_user_id', 'Assigned To', 1, 0, '', 100, 17, 61, 1, 'V~M', 3, NULL, 'BAS', 1, NULL, 0, 1, 0),
(22, 411, 'createdtime', 'vtiger_crmentity', 1, '70', 'createdtime', 'Created Time', 1, 0, '', 100, 18, 61, 2, 'DT~O', 3, NULL, 'BAS', 0, NULL, 0, 0, 0),
(22, 412, 'modifiedtime', 'vtiger_crmentity', 1, '70', 'modifiedtime', 'Modified Time', 1, 0, '', 100, 19, 61, 2, 'DT~O', 3, NULL, 'BAS', 0, NULL, 0, 0, 0),
(22, 413, 'modifiedby', 'vtiger_crmentity', 1, '52', 'modifiedby', 'Last Modified By', 1, 0, '', 100, 22, 61, 3, 'V~O', 3, NULL, 'BAS', 0, NULL, 0, 0, 0),
(22, 414, 'currency_id', 'vtiger_salesorder', 1, '117', 'currency_id', 'Currency', 1, 2, '1', 100, 20, 61, 3, 'I~O', 3, NULL, 'BAS', 1, NULL, 0, 0, 0),
(22, 415, 'conversion_rate', 'vtiger_salesorder', 1, '1', 'conversion_rate', 'Conversion Rate', 1, 2, '1', 100, 21, 61, 3, 'N~O', 3, NULL, 'BAS', 1, NULL, 0, 0, 0),
(22, 416, 'bill_street', 'vtiger_sobillads', 1, '24', 'bill_street', 'Billing Address', 1, 2, '', 100, 1, 63, 1, 'V~M', 3, NULL, 'BAS', 1, NULL, 0, 0, 0),
(22, 417, 'ship_street', 'vtiger_soshipads', 1, '24', 'ship_street', 'Shipping Address', 1, 2, '', 100, 2, 63, 1, 'V~M', 3, NULL, 'BAS', 1, NULL, 0, 0, 0),
(22, 418, 'bill_city', 'vtiger_sobillads', 1, '1', 'bill_city', 'Billing City', 1, 2, '', 100, 5, 63, 1, 'V~O', 3, NULL, 'BAS', 1, NULL, 0, 0, 0),
(22, 419, 'ship_city', 'vtiger_soshipads', 1, '1', 'ship_city', 'Shipping City', 1, 2, '', 100, 6, 63, 1, 'V~O', 3, NULL, 'BAS', 1, NULL, 0, 0, 0),
(22, 420, 'bill_state', 'vtiger_sobillads', 1, '1', 'bill_state', 'Billing State', 1, 2, '', 100, 7, 63, 1, 'V~O', 3, NULL, 'BAS', 1, NULL, 0, 0, 0),
(22, 421, 'ship_state', 'vtiger_soshipads', 1, '1', 'ship_state', 'Shipping State', 1, 2, '', 100, 8, 63, 1, 'V~O', 3, NULL, 'BAS', 1, NULL, 0, 0, 0),
(22, 422, 'bill_code', 'vtiger_sobillads', 1, '1', 'bill_code', 'Billing Code', 1, 2, '', 100, 9, 63, 1, 'V~O', 3, NULL, 'BAS', 1, NULL, 0, 0, 0),
(22, 423, 'ship_code', 'vtiger_soshipads', 1, '1', 'ship_code', 'Shipping Code', 1, 2, '', 100, 10, 63, 1, 'V~O', 3, NULL, 'BAS', 1, NULL, 0, 0, 0),
(22, 424, 'bill_country', 'vtiger_sobillads', 1, '1', 'bill_country', 'Billing Country', 1, 2, '', 100, 11, 63, 1, 'V~O', 3, NULL, 'BAS', 1, NULL, 0, 0, 0),
(22, 425, 'ship_country', 'vtiger_soshipads', 1, '1', 'ship_country', 'Shipping Country', 1, 2, '', 100, 12, 63, 1, 'V~O', 3, NULL, 'BAS', 1, NULL, 0, 0, 0),
(22, 426, 'bill_pobox', 'vtiger_sobillads', 1, '1', 'bill_pobox', 'Billing Po Box', 1, 2, '', 100, 3, 63, 1, 'V~O', 3, NULL, 'BAS', 1, NULL, 0, 0, 0),
(22, 427, 'ship_pobox', 'vtiger_soshipads', 1, '1', 'ship_pobox', 'Shipping Po Box', 1, 2, '', 100, 4, 63, 1, 'V~O', 3, NULL, 'BAS', 1, NULL, 0, 0, 0),
(22, 428, 'description', 'vtiger_crmentity', 1, '19', 'description', 'Description', 1, 2, '', 100, 1, 66, 1, 'V~O', 3, NULL, 'ADV', 1, NULL, 0, 0, 0),
(22, 429, 'terms_conditions', 'vtiger_salesorder', 1, '19', 'terms_conditions', 'Terms & Conditions', 1, 2, '', 100, 1, 65, 1, 'V~O', 3, NULL, 'ADV', 1, NULL, 0, 0, 0),
(22, 430, 'enable_recurring', 'vtiger_salesorder', 1, '56', 'enable_recurring', 'Enable Recurring', 1, 0, '', 100, 1, 85, 1, 'C~O', 3, NULL, 'BAS', 0, NULL, 0, 0, 0),
(22, 431, 'recurring_frequency', 'vtiger_invoice_recurring_info', 1, '16', 'recurring_frequency', 'Frequency', 1, 0, '', 100, 2, 85, 1, 'V~O', 3, NULL, 'BAS', 0, NULL, 0, 0, 0),
(22, 432, 'start_period', 'vtiger_invoice_recurring_info', 1, '5', 'start_period', 'Start Period', 1, 0, '', 100, 3, 85, 1, 'D~O', 3, NULL, 'BAS', 0, NULL, 0, 0, 0),
(22, 433, 'end_period', 'vtiger_invoice_recurring_info', 1, '5', 'end_period', 'End Period', 1, 0, '', 100, 4, 85, 1, 'D~O~OTH~G~start_period~Start Period', 3, NULL, 'BAS', 0, NULL, 0, 0, 0),
(22, 434, 'payment_duration', 'vtiger_invoice_recurring_info', 1, '16', 'payment_duration', 'Payment Duration', 1, 0, '', 100, 5, 85, 1, 'V~O', 3, NULL, 'BAS', 0, NULL, 0, 0, 0),
(22, 435, 'invoice_status', 'vtiger_invoice_recurring_info', 1, '15', 'invoicestatus', 'Invoice Status', 1, 0, '', 100, 6, 85, 1, 'V~M', 3, NULL, 'BAS', 0, NULL, 0, 0, 0),
(23, 436, 'subject', 'vtiger_invoice', 1, '2', 'subject', 'Subject', 1, 0, '', 100, 1, 67, 1, 'V~M', 3, NULL, 'BAS', 1, NULL, 1, 0, 0),
(23, 437, 'salesorderid', 'vtiger_invoice', 1, '80', 'salesorder_id', 'Sales Order', 1, 2, '', 100, 2, 67, 1, 'I~O', 3, NULL, 'BAS', 0, NULL, 1, 0, 0),
(23, 438, 'customerno', 'vtiger_invoice', 1, '1', 'customerno', 'Customer No', 1, 2, '', 100, 3, 67, 1, 'V~O', 3, NULL, 'BAS', 1, NULL, 0, 0, 0),
(23, 439, 'contactid', 'vtiger_invoice', 1, '57', 'contact_id', 'Contact Name', 1, 2, '', 100, 4, 67, 1, 'I~O', 3, NULL, 'BAS', 1, NULL, 0, 1, 0),
(23, 440, 'invoicedate', 'vtiger_invoice', 1, '5', 'invoicedate', 'Invoice Date', 1, 2, '', 100, 5, 67, 1, 'D~O', 3, NULL, 'BAS', 1, NULL, 0, 0, 0),
(23, 441, 'duedate', 'vtiger_invoice', 1, '5', 'duedate', 'Due Date', 1, 2, '', 100, 6, 67, 1, 'D~O', 3, NULL, 'BAS', 1, NULL, 0, 0, 0),
(23, 442, 'purchaseorder', 'vtiger_invoice', 1, '1', 'vtiger_purchaseorder', 'Purchase Order', 1, 2, '', 100, 8, 67, 1, 'V~O', 3, NULL, 'BAS', 1, NULL, 0, 0, 0),
(23, 443, 'adjustment', 'vtiger_invoice', 1, '72', 'txtAdjustment', 'Adjustment', 1, 2, '', 100, 9, 67, 3, 'NN~O', 3, NULL, 'BAS', 1, NULL, 0, 0, 0),
(23, 444, 'salescommission', 'vtiger_invoice', 1, '1', 'salescommission', 'Sales Commission', 1, 2, '', 10, 13, 67, 1, 'N~O', 3, NULL, 'BAS', 1, NULL, 0, 0, 0),
(23, 445, 'exciseduty', 'vtiger_invoice', 1, '1', 'exciseduty', 'Excise Duty', 1, 2, '', 100, 11, 67, 1, 'N~O', 3, NULL, 'BAS', 1, NULL, 0, 0, 0),
(23, 446, 'subtotal', 'vtiger_invoice', 1, '72', 'hdnSubTotal', 'Sub Total', 1, 2, '', 100, 12, 67, 3, 'N~O', 3, NULL, 'BAS', 1, NULL, 0, 0, 0),
(23, 447, 'total', 'vtiger_invoice', 1, '72', 'hdnGrandTotal', 'Total', 1, 2, '', 100, 13, 67, 3, 'N~O', 3, NULL, 'BAS', 1, NULL, 1, 0, 0),
(23, 448, 'taxtype', 'vtiger_invoice', 1, '16', 'hdnTaxType', 'Tax Type', 1, 2, '', 100, 13, 67, 3, 'V~O', 3, NULL, 'BAS', 1, NULL, 0, 0, 0),
(23, 449, 'discount_percent', 'vtiger_invoice', 1, '1', 'hdnDiscountPercent', 'Discount Percent', 1, 2, '', 100, 13, 113, 5, 'N~O', 3, NULL, 'BAS', 1, NULL, 0, 0, 0),
(23, 450, 'discount_amount', 'vtiger_invoice', 1, '72', 'hdnDiscountAmount', 'Discount Amount', 1, 2, '', 100, 13, 113, 5, 'N~O', 3, NULL, 'BAS', 1, NULL, 0, 0, 0),
(23, 451, 's_h_amount', 'vtiger_invoice', 1, '72', 'hdnS_H_Amount', 'S&H Amount', 1, 2, '', 100, 14, 69, 3, 'N~O', 3, NULL, 'BAS', 1, NULL, 0, 0, 0),
(23, 452, 'accountid', 'vtiger_invoice', 1, '73', 'account_id', 'Account Name', 1, 2, '', 100, 14, 67, 1, 'I~M', 3, NULL, 'BAS', 1, NULL, 0, 1, 0),
(23, 453, 'invoicestatus', 'vtiger_invoice', 1, '15', 'invoicestatus', 'Status', 1, 2, '', 100, 15, 67, 1, 'V~O', 3, NULL, 'BAS', 1, NULL, 0, 1, 0),
(23, 454, 'smownerid', 'vtiger_crmentity', 1, '53', 'assigned_user_id', 'Assigned To', 1, 0, '', 100, 16, 67, 1, 'V~M', 3, NULL, 'BAS', 1, NULL, 0, 1, 0),
(23, 455, 'createdtime', 'vtiger_crmentity', 1, '70', 'createdtime', 'Created Time', 1, 0, '', 100, 17, 67, 2, 'DT~O', 3, NULL, 'BAS', 0, NULL, 0, 0, 0),
(23, 456, 'modifiedtime', 'vtiger_crmentity', 1, '70', 'modifiedtime', 'Modified Time', 1, 0, '', 100, 18, 67, 2, 'DT~O', 3, NULL, 'BAS', 0, NULL, 0, 0, 0),
(23, 457, 'modifiedby', 'vtiger_crmentity', 1, '52', 'modifiedby', 'Last Modified By', 1, 0, '', 100, 22, 67, 3, 'V~O', 3, NULL, 'BAS', 0, NULL, 0, 0, 0),
(23, 458, 'currency_id', 'vtiger_invoice', 1, '117', 'currency_id', 'Currency', 1, 2, '1', 100, 19, 67, 3, 'I~O', 3, NULL, 'BAS', 1, NULL, 0, 0, 0),
(23, 459, 'conversion_rate', 'vtiger_invoice', 1, '1', 'conversion_rate', 'Conversion Rate', 1, 2, '1', 100, 20, 67, 3, 'N~O', 3, NULL, 'BAS', 1, NULL, 0, 0, 0),
(23, 460, 'bill_street', 'vtiger_invoicebillads', 1, '24', 'bill_street', 'Billing Address', 1, 2, '', 100, 1, 69, 1, 'V~M', 3, NULL, 'BAS', 1, NULL, 0, 0, 0),
(23, 461, 'ship_street', 'vtiger_invoiceshipads', 1, '24', 'ship_street', 'Shipping Address', 1, 2, '', 100, 2, 69, 1, 'V~M', 3, NULL, 'BAS', 1, NULL, 0, 0, 0),
(23, 462, 'bill_city', 'vtiger_invoicebillads', 1, '1', 'bill_city', 'Billing City', 1, 2, '', 100, 5, 69, 1, 'V~O', 3, NULL, 'BAS', 1, NULL, 0, 0, 0),
(23, 463, 'ship_city', 'vtiger_invoiceshipads', 1, '1', 'ship_city', 'Shipping City', 1, 2, '', 100, 6, 69, 1, 'V~O', 3, NULL, 'BAS', 1, NULL, 0, 0, 0),
(23, 464, 'bill_state', 'vtiger_invoicebillads', 1, '1', 'bill_state', 'Billing State', 1, 2, '', 100, 7, 69, 1, 'V~O', 3, NULL, 'BAS', 1, NULL, 0, 0, 0),
(23, 465, 'ship_state', 'vtiger_invoiceshipads', 1, '1', 'ship_state', 'Shipping State', 1, 2, '', 100, 8, 69, 1, 'V~O', 3, NULL, 'BAS', 1, NULL, 0, 0, 0),
(23, 466, 'bill_code', 'vtiger_invoicebillads', 1, '1', 'bill_code', 'Billing Code', 1, 2, '', 100, 9, 69, 1, 'V~O', 3, NULL, 'BAS', 1, NULL, 0, 0, 0),
(23, 467, 'ship_code', 'vtiger_invoiceshipads', 1, '1', 'ship_code', 'Shipping Code', 1, 2, '', 100, 10, 69, 1, 'V~O', 3, NULL, 'BAS', 1, NULL, 0, 0, 0),
(23, 468, 'bill_country', 'vtiger_invoicebillads', 1, '1', 'bill_country', 'Billing Country', 1, 2, '', 100, 11, 69, 1, 'V~O', 3, NULL, 'BAS', 1, NULL, 0, 0, 0),
(23, 469, 'ship_country', 'vtiger_invoiceshipads', 1, '1', 'ship_country', 'Shipping Country', 1, 2, '', 100, 12, 69, 1, 'V~O', 3, NULL, 'BAS', 1, NULL, 0, 0, 0),
(23, 470, 'bill_pobox', 'vtiger_invoicebillads', 1, '1', 'bill_pobox', 'Billing Po Box', 1, 2, '', 100, 3, 69, 1, 'V~O', 3, NULL, 'BAS', 1, NULL, 0, 0, 0),
(23, 471, 'ship_pobox', 'vtiger_invoiceshipads', 1, '1', 'ship_pobox', 'Shipping Po Box', 1, 2, '', 100, 4, 69, 1, 'V~O', 3, NULL, 'BAS', 1, NULL, 0, 0, 0),
(23, 472, 'description', 'vtiger_crmentity', 1, '19', 'description', 'Description', 1, 2, '', 100, 1, 72, 1, 'V~O', 3, NULL, 'ADV', 1, NULL, 0, 0, 0),
(23, 473, 'terms_conditions', 'vtiger_invoice', 1, '19', 'terms_conditions', 'Terms & Conditions', 1, 2, '', 100, 1, 71, 1, 'V~O', 3, NULL, 'ADV', 1, NULL, 0, 0, 0),
(23, 474, 'invoice_no', 'vtiger_invoice', 1, '4', 'invoice_no', 'Invoice No', 1, 0, '', 100, 3, 67, 1, 'V~O', 3, NULL, 'BAS', 0, NULL, 1, 0, 0),
(29, 475, 'user_name', 'vtiger_users', 1, '106', 'user_name', 'User Name', 1, 0, '', 11, 1, 77, 1, 'V~M', 1, NULL, 'BAS', 1, NULL, 0, 0, 0),
(29, 476, 'is_admin', 'vtiger_users', 1, '156', 'is_admin', 'Admin', 1, 0, '', 3, 7, 77, 1, 'V~O', 1, NULL, 'BAS', 1, NULL, 0, 0, 0),
(29, 477, 'user_password', 'vtiger_users', 1, '99', 'user_password', 'Password', 1, 0, '', 30, 5, 77, 4, 'P~M', 1, NULL, 'BAS', 1, NULL, 0, 0, 0),
(29, 478, 'confirm_password', 'vtiger_users', 1, '99', 'confirm_password', 'Confirm Password', 1, 0, '', 30, 6, 77, 4, 'P~M', 1, NULL, 'BAS', 1, NULL, 0, 0, 0),
(29, 479, 'first_name', 'vtiger_users', 1, '1', 'first_name', 'First Name', 1, 0, '', 30, 3, 77, 1, 'V~O', 1, NULL, 'BAS', 1, NULL, 0, 0, 0),
(29, 480, 'last_name', 'vtiger_users', 1, '2', 'last_name', 'Last Name', 1, 0, '', 30, 4, 77, 1, 'V~M', 1, NULL, 'BAS', 1, NULL, 0, 0, 0),
(29, 481, 'roleid', 'vtiger_user2role', 1, '98', 'roleid', 'Role', 1, 0, '', 200, 8, 77, 1, 'V~M', 1, NULL, 'BAS', 1, NULL, 0, 0, 0),
(29, 482, 'email1', 'vtiger_users', 1, '104', 'email1', 'Email', 1, 0, '', 100, 2, 77, 1, 'E~M', 1, NULL, 'BAS', 1, NULL, 0, 0, 0),
(29, 483, 'status', 'vtiger_users', 1, '115', 'status', 'Status', 1, 0, 'Active', 100, 10, 77, 1, 'V~O', 1, NULL, 'BAS', 1, NULL, 0, 0, 0),
(29, 484, 'activity_view', 'vtiger_users', 1, '16', 'activity_view', 'Default Activity View', 1, 0, '', 100, 6, 118, 1, 'V~O', 1, NULL, 'BAS', 1, NULL, 0, 0, 0),
(29, 485, 'lead_view', 'vtiger_users', 1, '16', 'lead_view', 'Default Lead View', 1, 0, '', 100, 9, 77, 1, 'V~O', 1, NULL, 'BAS', 1, NULL, 0, 0, 0),
(29, 486, 'hour_format', 'vtiger_users', 1, '16', 'hour_format', 'Calendar Hour Format', 1, 0, '12', 100, 4, 118, 1, 'V~O', 1, NULL, 'BAS', 1, NULL, 0, 0, 0),
(29, 487, 'end_hour', 'vtiger_users', 1, '116', 'end_hour', 'Day ends at', 1, 0, '', 100, 11, 77, 3, 'V~O', 1, NULL, 'BAS', 1, NULL, 0, 0, 0),
(29, 488, 'start_hour', 'vtiger_users', 1, '16', 'start_hour', 'Day starts at', 1, 0, '', 100, 2, 118, 1, 'V~O', 1, NULL, 'BAS', 1, NULL, 0, 0, 0),
(29, 489, 'is_owner', 'vtiger_users', 1, '1', 'is_owner', 'Account Owner', 0, 2, '0', 100, 12, 77, 5, 'V~O', 0, 1, 'BAS', 0, NULL, 0, 0, 0),
(29, 490, 'title', 'vtiger_users', 1, '1', 'title', 'Title', 1, 0, '', 50, 1, 79, 1, 'V~O', 1, NULL, 'BAS', 1, NULL, 0, 0, 0),
(29, 491, 'phone_work', 'vtiger_users', 1, '11', 'phone_work', 'Office Phone', 1, 0, '', 50, 5, 79, 1, 'V~O', 1, NULL, 'BAS', 1, NULL, 0, 0, 0),
(29, 492, 'department', 'vtiger_users', 1, '1', 'department', 'Department', 1, 0, '', 50, 3, 79, 1, 'V~O', 1, NULL, 'BAS', 1, NULL, 0, 0, 0),
(29, 493, 'phone_mobile', 'vtiger_users', 1, '11', 'phone_mobile', 'Mobile', 1, 0, '', 50, 7, 79, 1, 'V~O', 1, NULL, 'BAS', 1, NULL, 0, 0, 0),
(29, 494, 'reports_to_id', 'vtiger_users', 1, '101', 'reports_to_id', 'Reports To', 1, 0, '', 50, 8, 79, 1, 'V~O', 1, NULL, 'BAS', 1, NULL, 0, 0, 0),
(29, 495, 'phone_other', 'vtiger_users', 1, '11', 'phone_other', 'Other Phone', 1, 0, '', 50, 11, 79, 1, 'V~O', 1, NULL, 'BAS', 1, NULL, 0, 0, 0),
(29, 496, 'email2', 'vtiger_users', 1, '13', 'email2', 'Other Email', 1, 0, '', 100, 4, 79, 1, 'E~O', 1, NULL, 'BAS', 1, NULL, 0, 0, 0),
(29, 497, 'phone_fax', 'vtiger_users', 1, '11', 'phone_fax', 'Fax', 1, 0, '', 50, 2, 79, 1, 'V~O', 1, NULL, 'BAS', 1, NULL, 0, 0, 0),
(29, 498, 'secondaryemail', 'vtiger_users', 1, '13', 'secondaryemail', 'Secondary Email', 1, 0, '', 100, 6, 79, 1, 'E~O', 1, NULL, 'BAS', 1, NULL, 0, 0, 0),
(29, 499, 'phone_home', 'vtiger_users', 1, '11', 'phone_home', 'Home Phone', 1, 0, '', 50, 9, 79, 1, 'V~O', 1, NULL, 'BAS', 1, NULL, 0, 0, 0),
(29, 500, 'date_format', 'vtiger_users', 1, '16', 'date_format', 'Date Format', 1, 0, '', 30, 3, 118, 1, 'V~O', 1, NULL, 'BAS', 1, NULL, 0, 0, 0),
(29, 501, 'signature', 'vtiger_users', 1, '21', 'signature', 'Signature', 1, 0, '', 250, 13, 79, 1, 'V~O', 1, NULL, 'BAS', 1, NULL, 0, 0, 0),
(29, 502, 'description', 'vtiger_users', 1, '21', 'description', 'Documents', 1, 0, '', 250, 14, 79, 1, 'V~O', 1, NULL, 'BAS', 1, NULL, 0, 0, 0),
(29, 503, 'address_street', 'vtiger_users', 1, '21', 'address_street', 'Street Address', 1, 0, '', 250, 1, 80, 1, 'V~O', 1, NULL, 'BAS', 1, NULL, 0, 0, 0),
(29, 504, 'address_city', 'vtiger_users', 1, '1', 'address_city', 'City', 1, 0, '', 100, 3, 80, 1, 'V~O', 1, NULL, 'BAS', 1, NULL, 0, 0, 0),
(29, 505, 'address_state', 'vtiger_users', 1, '1', 'address_state', 'State', 1, 0, '', 100, 5, 80, 1, 'V~O', 1, NULL, 'BAS', 1, NULL, 0, 0, 0),
(29, 506, 'address_postalcode', 'vtiger_users', 1, '1', 'address_postalcode', 'Postal Code', 1, 0, '', 100, 4, 80, 1, 'V~O', 1, NULL, 'BAS', 1, NULL, 0, 0, 0),
(29, 507, 'address_country', 'vtiger_users', 1, '1', 'address_country', 'Country', 1, 0, '', 100, 2, 80, 1, 'V~O', 1, NULL, 'BAS', 1, NULL, 0, 0, 0),
(29, 508, 'accesskey', 'vtiger_users', 1, '3', 'accesskey', 'Webservice Access Key', 1, 0, '', 100, 2, 83, 2, 'V~O', 1, NULL, 'BAS', 1, NULL, 0, 0, 0),
(29, 509, 'time_zone', 'vtiger_users', 1, '16', 'time_zone', 'Time Zone', 1, 0, '', 200, 5, 118, 1, 'V~O', 1, NULL, 'BAS', 1, NULL, 0, 0, 0),
(29, 510, 'currency_id', 'vtiger_users', 1, '117', 'currency_id', 'Currency', 1, 0, '', 100, 1, 78, 1, 'I~O', 1, NULL, 'BAS', 1, NULL, 0, 0, 0),
(29, 511, 'currency_grouping_pattern', 'vtiger_users', 1, '16', 'currency_grouping_pattern', 'Digit Grouping Pattern', 1, 0, '', 100, 2, 78, 1, 'V~O', 1, NULL, 'BAS', 1, '<b>Currency - Digit Grouping Pattern</b> <br/><br/>This pattern specifies the format in which the currency separator will be placed.', 0, 0, 0),
(29, 512, 'currency_decimal_separator', 'vtiger_users', 1, '16', 'currency_decimal_separator', 'Decimal Separator', 1, 0, '.', 2, 3, 78, 1, 'V~O', 1, NULL, 'BAS', 1, '<b>Currency - Decimal Separator</b> <br/><br/>Decimal separator specifies the separator to be used to separate the fractional values from the whole number part. <br/><b>Eg:</b> <br/>. => 123.45 <br/>, => 123,45 <br/>\' => 123\'45 <br/>  => 123 45 <br/>$ => 123$45 <br/>', 0, 0, 0),
(29, 513, 'currency_grouping_separator', 'vtiger_users', 1, '16', 'currency_grouping_separator', 'Digit Grouping Separator', 1, 0, ',', 2, 4, 78, 1, 'V~O', 1, NULL, 'BAS', 1, '<b>Currency - Grouping Separator</b> <br/><br/>Grouping separator specifies the separator to be used to group the whole number part into hundreds, thousands etc. <br/><b>Eg:</b> <br/>. => 123.456.789 <br/>, => 123,456,789 <br/>\' => 123\'456\'789 <br/>  => 123 456 789 <br/>$ => 123$456$789 <br/>', 0, 0, 0),
(29, 514, 'currency_symbol_placement', 'vtiger_users', 1, '16', 'currency_symbol_placement', 'Symbol Placement', 1, 0, '', 20, 5, 78, 1, 'V~O', 1, NULL, 'BAS', 1, '<b>Currency - Symbol Placement</b> <br/><br/>Symbol Placement allows you to configure the position of the currency symbol with respect to the currency value.<br/><b>Eg:</b> <br/>$1.0 => $123,456,789.50 <br/>1.0$ => 123,456,789.50$ <br/>', 0, 0, 0),
(29, 515, 'imagename', 'vtiger_users', 1, '105', 'imagename', 'User Image', 1, 0, '', 250, 10, 82, 1, 'V~O', 1, NULL, 'BAS', 1, NULL, 0, 0, 0),
(29, 516, 'internal_mailer', 'vtiger_users', 1, '56', 'internal_mailer', 'INTERNAL_MAIL_COMPOSER', 1, 0, '', 50, 15, 79, 1, 'V~O', 1, NULL, 'BAS', 1, NULL, 0, 0, 0),
(29, 517, 'theme', 'vtiger_users', 1, '31', 'theme', 'Theme', 1, 0, 'softed', 100, 16, 79, 1, 'V~O', 1, NULL, 'BAS', 1, NULL, 0, 0, 0),
(29, 518, 'language', 'vtiger_users', 1, '32', 'language', 'Language', 1, 0, 'en_us', 100, 17, 79, 1, 'V~O', 1, NULL, 'BAS', 1, NULL, 0, 0, 0),
(29, 519, 'reminder_interval', 'vtiger_users', 1, '16', 'reminder_interval', 'Reminder Interval', 1, 0, '', 100, 11, 118, 1, 'V~O', 1, NULL, 'BAS', 1, NULL, 0, 0, 0),
(10, 520, 'from_email', 'vtiger_emaildetails', 1, '12', 'from_email', 'From', 1, 2, '', 100, 1, 21, 3, 'V~M', 3, NULL, 'BAS', 0, NULL, 0, 0, 0),
(10, 521, 'to_email', 'vtiger_emaildetails', 1, '8', 'saved_toid', 'To', 1, 2, '', 100, 2, 21, 1, 'V~M', 3, NULL, 'BAS', 0, NULL, 0, 0, 0),
(10, 522, 'cc_email', 'vtiger_emaildetails', 1, '8', 'ccmail', 'CC', 1, 2, '', 1000, 3, 21, 1, 'V~O', 3, NULL, 'BAS', 0, NULL, 0, 0, 0),
(10, 523, 'bcc_email', 'vtiger_emaildetails', 1, '8', 'bccmail', 'BCC', 1, 2, '', 1000, 4, 21, 1, 'V~O', 3, NULL, 'BAS', 0, NULL, 0, 0, 0),
(10, 524, 'idlists', 'vtiger_emaildetails', 1, '357', 'parent_id', 'Parent ID', 1, 2, '', 1000, 5, 21, 1, 'V~O', 3, NULL, 'BAS', 0, NULL, 0, 0, 0),
(10, 525, 'email_flag', 'vtiger_emaildetails', 1, '16', 'email_flag', 'Email Flag', 1, 2, '', 1000, 6, 21, 3, 'V~O', 3, NULL, 'BAS', 0, NULL, 0, 0, 0),
(30, 526, 'direction', 'vtiger_pbxmanager', 1, '1', 'direction', 'Direction', 1, 2, '', 100, 1, 88, 1, 'V~O', 1, 0, 'BAS', 1, '', 0, NULL, 0),
(30, 527, 'callstatus', 'vtiger_pbxmanager', 1, '1', 'callstatus', 'Call Status', 1, 2, '', 100, 2, 88, 1, 'V~O', 1, 0, 'BAS', 1, '', 1, NULL, 0),
(30, 528, 'starttime', 'vtiger_pbxmanager', 1, '70', 'starttime', 'Start Time', 1, 2, '', 100, 7, 88, 1, 'DT~O', 1, 0, 'BAS', 1, '', 1, NULL, 0),
(30, 529, 'endtime', 'vtiger_pbxmanager', 1, '70', 'endtime', 'End Time', 1, 2, '', 100, 8, 88, 1, 'DT~O', 1, 0, 'BAS', 1, '', 0, NULL, 0),
(30, 530, 'totalduration', 'vtiger_pbxmanager', 1, '7', 'totalduration', 'Total Duration', 1, 2, '', 100, 10, 88, 1, 'I~O', 1, 0, 'BAS', 1, '', 0, NULL, 0),
(30, 531, 'billduration', 'vtiger_pbxmanager', 1, '7', 'billduration', 'Bill Duration', 1, 2, '', 100, 11, 88, 1, 'I~O', 1, 0, 'BAS', 1, '', 0, NULL, 0),
(30, 532, 'recordingurl', 'vtiger_pbxmanager', 1, '17', 'recordingurl', 'Recording URL', 1, 2, '', 100, 9, 88, 1, 'V~O', 1, 0, 'BAS', 1, '', 1, NULL, 0),
(30, 533, 'sourceuuid', 'vtiger_pbxmanager', 1, '1', 'sourceuuid', 'Source UUID', 1, 2, '', 100, 12, 88, 1, 'V~O', 1, 0, 'BAS', 1, '', 0, NULL, 0),
(30, 534, 'gateway', 'vtiger_pbxmanager', 1, '1', 'gateway', 'Gateway', 1, 2, '', 100, 13, 88, 1, 'V~O', 1, 0, 'BAS', 1, '', 0, NULL, 0),
(30, 535, 'customer', 'vtiger_pbxmanager', 1, '10', 'customer', 'Customer', 1, 2, '', 100, 3, 88, 1, 'V~O', 1, 0, 'BAS', 1, '', 1, NULL, 0),
(30, 536, 'user', 'vtiger_pbxmanager', 1, '52', 'user', 'User', 1, 2, '', 100, 4, 88, 1, 'V~O', 1, 0, 'BAS', 1, '', 1, NULL, 0),
(30, 537, 'customernumber', 'vtiger_pbxmanager', 1, '11', 'customernumber', 'Customer Number', 1, 2, '', 100, 5, 88, 1, 'V~M', 1, 0, 'BAS', 1, '', 0, NULL, 0),
(30, 538, 'customertype', 'vtiger_pbxmanager', 1, '1', 'customertype', 'Customer Type', 1, 2, '', 100, 6, 88, 1, 'V~O', 1, 0, 'BAS', 1, '', 0, NULL, 0),
(30, 539, 'smownerid', 'vtiger_crmentity', 1, '53', 'assigned_user_id', 'Assigned To', 1, 2, '', 100, 14, 88, 1, 'V~M', 1, 0, 'BAS', 1, '', 0, NULL, 0),
(30, 540, 'createdtime', 'vtiger_crmentity', 1, '70', 'CreatedTime', 'Created Time', 1, 2, '', 100, 15, 88, 2, 'DT~O', 1, 0, 'BAS', 0, '', 0, NULL, 0),
(30, 541, 'modifiedtime', 'vtiger_crmentity', 1, '70', 'ModifiedTime', 'Modified Time', 1, 2, '', 100, 16, 88, 2, 'DT~O', 1, 0, 'BAS', 0, '', 0, NULL, 0),
(30, 542, 'source', 'vtiger_crmentity', 1, '1', 'source', 'Source', 1, 2, '', 100, 17, 88, 2, 'V~O', 3, 1, 'BAS', 0, '', 0, NULL, 0),
(29, 543, 'phone_crm_extension', 'vtiger_users', 1, '11', 'phone_crm_extension', 'CRM Phone Extension', 1, 2, '', 100, 18, 79, 1, 'V~O', 1, 0, 'BAS', 1, '', 0, NULL, 0),
(33, 544, 'servicename', 'vtiger_service', 1, '2', 'servicename', 'Service Name', 1, 0, '', 100, 1, 89, 1, 'V~M', 0, 1, 'BAS', 1, '', 1, NULL, 0),
(33, 545, 'service_no', 'vtiger_service', 1, '4', 'service_no', 'Service No', 1, 0, '', 100, 2, 89, 1, 'V~O', 3, 0, 'BAS', 0, '', 1, NULL, 0),
(33, 546, 'discontinued', 'vtiger_service', 1, '56', 'discontinued', 'Service Active', 1, 2, '1', 100, 4, 89, 1, 'V~O', 2, 3, 'BAS', 1, '', 0, NULL, 0),
(33, 547, 'sales_start_date', 'vtiger_service', 1, '5', 'sales_start_date', 'Sales Start Date', 1, 2, '', 100, 9, 89, 1, 'D~O', 1, 0, 'BAS', 1, '', 0, NULL, 0),
(33, 548, 'sales_end_date', 'vtiger_service', 1, '5', 'sales_end_date', 'Sales End Date', 1, 2, '', 100, 10, 89, 1, 'D~O~OTH~GE~sales_start_date~Sales Start Date', 1, 0, 'BAS', 1, '', 0, NULL, 0),
(33, 549, 'start_date', 'vtiger_service', 1, '5', 'start_date', 'Support Start Date', 1, 2, '', 100, 11, 89, 1, 'D~O', 1, 0, 'BAS', 1, '', 0, NULL, 0),
(33, 550, 'expiry_date', 'vtiger_service', 1, '5', 'expiry_date', 'Support Expiry Date', 1, 2, '', 100, 12, 89, 1, 'D~O~OTH~GE~start_date~Start Date', 1, 0, 'BAS', 1, '', 0, NULL, 0),
(33, 551, 'website', 'vtiger_service', 1, '17', 'website', 'Website', 1, 2, '', 100, 6, 89, 1, 'V~O', 1, 0, 'BAS', 1, '', 0, NULL, 0),
(33, 552, 'createdtime', 'vtiger_crmentity', 1, '70', 'createdtime', 'Created Time', 1, 0, '', 100, 13, 89, 2, 'DT~O', 3, 0, 'BAS', 0, '', 0, NULL, 0),
(33, 553, 'modifiedtime', 'vtiger_crmentity', 1, '70', 'modifiedtime', 'Modified Time', 1, 0, '', 100, 14, 89, 2, 'DT~O', 3, 0, 'BAS', 0, '', 0, NULL, 0),
(33, 554, 'modifiedby', 'vtiger_crmentity', 1, '52', 'modifiedby', 'Last Modified By', 1, 0, '', 100, 16, 89, 3, 'V~O', 3, 0, 'BAS', 0, '', 0, NULL, 0),
(33, 555, 'service_usageunit', 'vtiger_service', 1, '15', 'service_usageunit', 'Usage Unit', 1, 2, '', 100, 3, 89, 1, 'V~O', 1, 0, 'BAS', 1, '', 0, NULL, 0),
(33, 556, 'qty_per_unit', 'vtiger_service', 1, '1', 'qty_per_unit', 'No of Units', 1, 2, '', 100, 5, 89, 1, 'N~O', 1, 0, 'BAS', 1, '', 1, NULL, 0),
(33, 557, 'smownerid', 'vtiger_crmentity', 1, '53', 'assigned_user_id', 'Owner', 1, 0, '', 100, 8, 89, 1, 'I~O', 1, 0, 'BAS', 1, '', 0, NULL, 0),
(33, 558, 'servicecategory', 'vtiger_service', 1, '15', 'servicecategory', 'Service Category', 1, 2, '', 100, 7, 89, 1, 'V~O', 1, 0, 'BAS', 1, '', 0, NULL, 0),
(33, 559, 'unit_price', 'vtiger_service', 1, '72', 'unit_price', 'Price', 1, 0, '', 100, 1, 90, 1, 'N~O', 2, 2, 'BAS', 0, '', 1, NULL, 0),
(33, 560, 'taxclass', 'vtiger_service', 1, '83', 'taxclass', 'Taxes', 1, 2, '', 100, 4, 90, 1, 'V~O', 2, 0, 'BAS', 1, '', 0, NULL, 0),
(33, 561, 'commissionrate', 'vtiger_service', 1, '9', 'commissionrate', 'Commission Rate', 1, 2, '', 100, 2, 90, 1, 'N~O', 1, 0, 'BAS', 1, '', 1, NULL, 0),
(33, 562, 'description', 'vtiger_crmentity', 1, '19', 'description', 'Description', 1, 2, '', 100, 1, 92, 1, 'V~O', 1, 0, 'BAS', 1, '', 0, NULL, 0),
(33, 563, 'source', 'vtiger_crmentity', 1, '1', 'source', 'Source', 1, 2, '', 100, 17, 89, 2, 'V~O', 3, 4, 'BAS', 0, '', 0, NULL, 0),
(33, 564, 'starred', 'vtiger_crmentity_user_field', 1, '56', 'starred', 'starred', 1, 2, '', 100, 18, 89, 6, 'C~O', 3, 5, 'BAS', 0, '', 0, NULL, 0),
(33, 565, 'tags', 'vtiger_service', 1, '1', 'tags', 'tags', 1, 2, '', 100, 19, 89, 6, 'V~O', 3, 6, 'BAS', 0, '', 0, NULL, 0),
(37, 566, 'smownerid', 'vtiger_crmentity', 1, '53', 'assigned_user_id', 'Assigned To', 1, 2, '', 100, 4, 93, 1, 'V~M', 2, 2, 'BAS', 1, '', 1, NULL, 0),
(37, 567, 'createdtime', 'vtiger_crmentity', 1, '70', 'createdtime', 'Created Time', 1, 0, '', 100, 17, 93, 2, 'DT~O', 3, 0, 'BAS', 0, '', 0, NULL, 0),
(37, 568, 'modifiedtime', 'vtiger_crmentity', 1, '70', 'modifiedtime', 'Modified Time', 1, 0, '', 100, 18, 93, 2, 'DT~O', 3, 0, 'BAS', 0, '', 0, NULL, 0),
(37, 569, 'start_date', 'vtiger_servicecontracts', 1, '5', 'start_date', 'Start Date', 1, 2, '', 100, 7, 93, 1, 'D~O', 2, 4, 'BAS', 1, '', 0, NULL, 0),
(37, 570, 'end_date', 'vtiger_servicecontracts', 1, '5', 'end_date', 'End Date', 1, 2, '', 100, 11, 93, 2, 'D~O', 3, 0, 'BAS', 0, '', 0, NULL, 0),
(37, 571, 'sc_related_to', 'vtiger_servicecontracts', 1, '10', 'sc_related_to', 'Related to', 1, 2, '', 100, 3, 93, 1, 'V~O', 2, 6, 'BAS', 1, '', 0, NULL, 0),
(37, 572, 'tracking_unit', 'vtiger_servicecontracts', 1, '15', 'tracking_unit', 'Tracking Unit', 1, 2, '', 100, 6, 93, 1, 'V~O', 2, 7, 'BAS', 1, '', 0, NULL, 0),
(37, 573, 'total_units', 'vtiger_servicecontracts', 1, '7', 'total_units', 'Total Units', 1, 2, '', 100, 8, 93, 1, 'NN~O', 2, 8, 'BAS', 1, '', 1, NULL, 0),
(37, 574, 'used_units', 'vtiger_servicecontracts', 1, '7', 'used_units', 'Used Units', 1, 2, '', 100, 10, 93, 1, 'NN~O', 2, 9, 'BAS', 1, '', 1, NULL, 0),
(37, 575, 'subject', 'vtiger_servicecontracts', 1, '1', 'subject', 'Subject', 1, 0, '', 100, 1, 93, 1, 'V~M', 0, 1, 'BAS', 1, '', 1, NULL, 0),
(37, 576, 'due_date', 'vtiger_servicecontracts', 1, '23', 'due_date', 'Due date', 1, 2, '', 100, 9, 93, 1, 'D~O', 2, 5, 'BAS', 1, '', 0, NULL, 0),
(37, 577, 'planned_duration', 'vtiger_servicecontracts', 1, '1', 'planned_duration', 'Planned Duration', 1, 2, '', 100, 13, 93, 2, 'V~O', 3, 0, 'BAS', 0, '', 0, NULL, 0),
(37, 578, 'actual_duration', 'vtiger_servicecontracts', 1, '1', 'actual_duration', 'Actual Duration', 1, 2, '', 100, 15, 93, 2, 'V~O', 3, 0, 'BAS', 0, '', 0, NULL, 0),
(37, 579, 'contract_status', 'vtiger_servicecontracts', 1, '15', 'contract_status', 'Status', 1, 2, '', 100, 12, 93, 1, 'V~O', 1, 0, 'BAS', 1, '', 0, NULL, 0),
(37, 580, 'priority', 'vtiger_servicecontracts', 1, '15', 'contract_priority', 'Priority', 1, 2, '', 100, 14, 93, 1, 'V~O', 1, 0, 'BAS', 1, '', 0, NULL, 0),
(37, 581, 'contract_type', 'vtiger_servicecontracts', 1, '15', 'contract_type', 'Type', 1, 2, '', 100, 5, 93, 1, 'V~O', 1, 0, 'BAS', 1, '', 0, NULL, 0),
(37, 582, 'progress', 'vtiger_servicecontracts', 1, '9', 'progress', 'Progress', 1, 2, '', 100, 16, 93, 2, 'N~O~2~2', 3, 3, 'BAS', 0, '', 0, NULL, 0),
(37, 583, 'contract_no', 'vtiger_servicecontracts', 1, '4', 'contract_no', 'Contract No', 1, 0, '', 100, 2, 93, 1, 'V~O', 3, 0, 'BAS', 0, '', 1, NULL, 0),
(37, 584, 'modifiedby', 'vtiger_crmentity', 1, '52', 'modifiedby', 'Last Modified By', 1, 0, '', 100, 17, 93, 3, 'V~O', 3, 0, 'BAS', 0, '', 0, NULL, 0),
(37, 585, 'source', 'vtiger_crmentity', 1, '1', 'source', 'Source', 1, 2, '', 100, 19, 93, 2, 'V~O', 3, 10, 'BAS', 0, '', 0, NULL, 0),
(37, 586, 'starred', 'vtiger_crmentity_user_field', 1, '56', 'starred', 'starred', 1, 2, '', 100, 20, 93, 6, 'C~O', 3, 11, 'BAS', 0, '', 0, NULL, 0),
(37, 587, 'tags', 'vtiger_servicecontracts', 1, '1', 'tags', 'tags', 1, 2, '', 100, 21, 93, 6, 'V~O', 3, 12, 'BAS', 0, '', 0, NULL, 0),
(39, 588, 'smownerid', 'vtiger_crmentity', 1, '53', 'assigned_user_id', 'Assigned To', 1, 0, '', 100, 2, 95, 1, 'V~M', 1, 0, 'BAS', 1, '', 1, NULL, 0),
(39, 589, 'createdtime', 'vtiger_crmentity', 1, '70', 'createdtime', 'Created Time', 1, 0, '', 100, 5, 95, 2, 'DT~O', 1, 0, 'BAS', 0, '', 0, NULL, 0),
(39, 590, 'modifiedtime', 'vtiger_crmentity', 1, '70', 'modifiedtime', 'Modified Time', 1, 0, '', 100, 6, 95, 2, 'DT~O', 1, 0, 'BAS', 0, '', 0, NULL, 0),
(39, 591, 'message', 'vtiger_smsnotifier', 1, '21', 'message', 'message', 1, 0, '', 100, 1, 95, 1, 'V~M', 1, 0, 'BAS', 1, '', 1, NULL, 0),
(39, 592, 'modifiedby', 'vtiger_crmentity', 1, '52', 'modifiedby', 'Last Modified By', 1, 0, '', 100, 7, 95, 3, 'V~O', 1, 0, 'BAS', 0, '', 0, NULL, 0),
(39, 593, 'source', 'vtiger_crmentity', 1, '1', 'source', 'Source', 1, 2, '', 100, 8, 95, 2, 'V~O', 3, 1, 'BAS', 0, '', 0, NULL, 0),
(40, 594, 'asset_no', 'vtiger_assets', 1, '4', 'asset_no', 'Asset No', 1, 0, '', 100, 2, 98, 1, 'V~O', 3, 0, 'BAS', 0, '\n					', 1, NULL, 0),
(40, 595, 'product', 'vtiger_assets', 1, '10', 'product', 'Product Name', 1, 2, '', 100, 3, 98, 1, 'V~M', 0, 3, 'BAS', 1, '\n					', 1, NULL, 0),
(40, 596, 'serialnumber', 'vtiger_assets', 1, '2', 'serialnumber', 'Serial Number', 1, 2, '', 100, 4, 98, 1, 'V~M', 0, 5, 'BAS', 1, '\n					', 0, NULL, 0),
(40, 597, 'datesold', 'vtiger_assets', 1, '5', 'datesold', 'Date Sold', 1, 2, '', 100, 5, 98, 1, 'D~M~OTH~GE~datesold~Date Sold', 0, 0, 'BAS', 1, '\n					', 0, NULL, 0),
(40, 598, 'dateinservice', 'vtiger_assets', 1, '5', 'dateinservice', 'Date in Service', 1, 2, '', 100, 6, 98, 1, 'D~M~OTH~GE~dateinservice~Date in Service', 0, 4, 'BAS', 1, '\n					', 0, NULL, 0),
(40, 599, 'assetstatus', 'vtiger_assets', 1, '15', 'assetstatus', 'Status', 1, 2, '', 100, 7, 98, 1, 'V~M', 0, 0, 'BAS', 1, '\n					', 0, NULL, 0),
(40, 600, 'tagnumber', 'vtiger_assets', 1, '2', 'tagnumber', 'Tag Number', 1, 2, '', 100, 8, 98, 1, 'V~O', 1, 0, 'BAS', 1, '\n					', 0, NULL, 0),
(40, 601, 'invoiceid', 'vtiger_assets', 1, '10', 'invoiceid', 'Invoice Name', 1, 2, '', 100, 9, 98, 1, 'V~O', 1, 0, 'BAS', 1, '\n					', 0, NULL, 0),
(40, 602, 'shippingmethod', 'vtiger_assets', 1, '2', 'shippingmethod', 'Shipping Method', 1, 2, '', 100, 10, 98, 1, 'V~O', 1, 0, 'BAS', 1, '\n					', 0, NULL, 0),
(40, 603, 'shippingtrackingnumber', 'vtiger_assets', 1, '2', 'shippingtrackingnumber', 'Shipping Tracking Number', 1, 2, '', 100, 11, 98, 1, 'V~O', 1, 0, 'BAS', 1, '\n					', 0, NULL, 0),
(40, 604, 'smownerid', 'vtiger_crmentity', 1, '53', 'assigned_user_id', 'Assigned To', 1, 2, '', 100, 4, 98, 1, 'V~M', 0, 2, 'BAS', 1, '\n					', 0, NULL, 0),
(40, 605, 'assetname', 'vtiger_assets', 1, '1', 'assetname', 'Asset Name', 1, 0, '', 100, 12, 98, 1, 'V~M', 0, 6, 'BAS', 1, '\n					', 1, NULL, 0),
(40, 606, 'account', 'vtiger_assets', 1, '10', 'account', 'Customer Name', 1, 2, '', 100, 13, 98, 1, 'V~M', 0, 0, 'BAS', 1, '\n					', 1, NULL, 0),
(40, 607, 'contact', 'vtiger_assets', 1, '10', 'contact', 'Contact Name', 1, 2, '', 100, 14, 98, 1, 'V~O', 0, 0, 'BAS', 1, '\n					', 0, NULL, 0),
(40, 608, 'createdtime', 'vtiger_crmentity', 1, '70', 'createdtime', 'Created Time', 1, 0, '', 100, 14, 98, 2, 'DT~O', 3, 0, 'BAS', 0, '\n					', 0, NULL, 0),
(40, 609, 'modifiedtime', 'vtiger_crmentity', 1, '70', 'modifiedtime', 'Modified Time', 1, 0, '', 100, 15, 98, 2, 'DT~O', 3, 0, 'BAS', 0, '\n					', 0, NULL, 0),
(40, 610, 'modifiedby', 'vtiger_crmentity', 1, '52', 'modifiedby', 'Last Modified By', 1, 0, '', 100, 16, 98, 3, 'V~O', 3, 0, 'BAS', 0, '\n					', 0, NULL, 0),
(40, 611, 'description', 'vtiger_crmentity', 1, '19', 'description', 'Notes', 1, 2, '', 100, 1, 100, 1, 'V~O', 1, 0, 'BAS', 1, '\n					', 0, NULL, 0),
(40, 612, 'source', 'vtiger_crmentity', 1, '1', 'source', 'Source', 1, 2, '', 100, 17, 98, 2, 'V~O', 3, 7, 'BAS', 0, '', 0, NULL, 0),
(40, 613, 'starred', 'vtiger_crmentity_user_field', 1, '56', 'starred', 'starred', 1, 2, '', 100, 18, 98, 6, 'C~O', 3, 8, 'BAS', 0, '', 0, NULL, 0),
(40, 614, 'tags', 'vtiger_assets', 1, '1', 'tags', 'tags', 1, 2, '', 100, 19, 98, 6, 'V~O', 3, 9, 'BAS', 0, '', 0, NULL, 0),
(41, 615, 'commentcontent', 'vtiger_modcomments', 1, '19', 'commentcontent', 'Comment', 1, 0, '', 100, 4, 101, 1, 'V~M', 0, 4, 'BAS', 2, '', 1, NULL, 0),
(41, 616, 'smownerid', 'vtiger_crmentity', 1, '53', 'assigned_user_id', 'Assigned To', 1, 0, '', 100, 1, 102, 1, 'V~M', 0, 1, 'BAS', 2, '', 1, NULL, 0),
(41, 617, 'createdtime', 'vtiger_crmentity', 1, '70', 'createdtime', 'Created Time', 1, 0, '', 100, 5, 102, 2, 'DT~O', 0, 2, 'BAS', 0, '', 0, NULL, 0),
(41, 618, 'modifiedtime', 'vtiger_crmentity', 1, '70', 'modifiedtime', 'Modified Time', 1, 0, '', 100, 6, 102, 2, 'DT~O', 0, 3, 'BAS', 0, '', 0, NULL, 0),
(41, 619, 'related_to', 'vtiger_modcomments', 1, '10', 'related_to', 'Related To', 1, 2, '', 100, 2, 102, 1, 'V~M', 2, 5, 'BAS', 2, '', 0, NULL, 0),
(41, 620, 'smcreatorid', 'vtiger_crmentity', 1, '52', 'creator', 'Creator', 1, 2, '', 100, 4, 102, 2, 'V~O', 1, 0, 'BAS', 1, '', 0, NULL, 0),
(41, 621, 'parent_comments', 'vtiger_modcomments', 1, '10', 'parent_comments', 'Related To Comments', 1, 2, '', 100, 7, 102, 1, 'V~O', 1, 0, 'BAS', 1, '', 0, NULL, 0),
(41, 622, 'source', 'vtiger_crmentity', 1, '1', 'source', 'Source', 1, 2, '', 100, 5, 101, 2, 'V~O', 3, 6, 'BAS', 0, '', 0, NULL, 0),
(45, 623, 'projectmilestonename', 'vtiger_projectmilestone', 1, '2', 'projectmilestonename', 'Project Milestone Name', 1, 2, '', 100, 1, 104, 1, 'V~M', 0, 1, 'BAS', 1, '', 1, NULL, 0),
(45, 624, 'projectmilestonedate', 'vtiger_projectmilestone', 1, '5', 'projectmilestonedate', 'Milestone Date', 1, 2, '', 100, 5, 104, 1, 'D~O', 0, 3, 'BAS', 1, '', 1, NULL, 0),
(45, 625, 'projectid', 'vtiger_projectmilestone', 1, '10', 'projectid', 'Related to', 1, 0, '', 100, 4, 104, 1, 'V~M', 0, 4, 'BAS', 1, '', 0, NULL, 0),
(45, 626, 'projectmilestonetype', 'vtiger_projectmilestone', 1, '15', 'projectmilestonetype', 'Type', 1, 2, '', 100, 7, 104, 1, 'V~O', 1, 0, 'BAS', 1, '', 1, NULL, 0),
(45, 627, 'smownerid', 'vtiger_crmentity', 1, '53', 'assigned_user_id', 'Assigned To', 1, 2, '', 100, 6, 104, 1, 'V~M', 0, 2, 'BAS', 1, '', 0, NULL, 0),
(45, 628, 'projectmilestone_no', 'vtiger_projectmilestone', 2, '4', 'projectmilestone_no', 'Project Milestone No', 1, 0, '', 100, 2, 104, 1, 'V~O', 3, 4, 'BAS', 0, '', 0, NULL, 0),
(45, 629, 'createdtime', 'vtiger_crmentity', 1, '70', 'createdtime', 'Created Time', 1, 2, '', 100, 1, 105, 2, 'DT~O', 1, 0, 'BAS', 0, '', 0, NULL, 0),
(45, 630, 'modifiedtime', 'vtiger_crmentity', 1, '70', 'modifiedtime', 'Modified Time', 1, 2, '', 100, 2, 105, 2, 'DT~O', 1, 0, 'BAS', 0, '', 0, NULL, 0),
(45, 631, 'modifiedby', 'vtiger_crmentity', 1, '52', 'modifiedby', 'Last Modified By', 1, 0, '', 100, 3, 105, 3, 'V~O', 3, 0, 'BAS', 0, '', 0, NULL, 0),
(45, 632, 'description', 'vtiger_crmentity', 1, '19', 'description', 'Description', 1, 2, '', 100, 1, 106, 1, 'V~O', 1, 0, 'BAS', 1, '', 0, NULL, 0),
(45, 633, 'source', 'vtiger_crmentity', 1, '1', 'source', 'Source', 1, 2, '', 100, 8, 104, 2, 'V~O', 3, 5, 'BAS', 0, '', 0, NULL, 0),
(45, 634, 'starred', 'vtiger_crmentity_user_field', 1, '56', 'starred', 'starred', 1, 2, '', 100, 9, 104, 6, 'C~O', 3, 6, 'BAS', 0, '', 0, NULL, 0),
(45, 635, 'tags', 'vtiger_projectmilestone', 1, '1', 'tags', 'tags', 1, 2, '', 100, 10, 104, 6, 'V~O', 3, 7, 'BAS', 0, '', 0, NULL, 0),
(46, 636, 'projecttaskname', 'vtiger_projecttask', 1, '2', 'projecttaskname', 'Project Task Name', 1, 2, '', 100, 1, 107, 1, 'V~M', 0, 1, 'BAS', 1, '', 1, NULL, 0),
(46, 637, 'projecttasktype', 'vtiger_projecttask', 1, '15', 'projecttasktype', 'Type', 1, 2, '', 100, 4, 107, 1, 'V~O', 1, 0, 'BAS', 1, '', 1, NULL, 0),
(46, 638, 'projecttaskpriority', 'vtiger_projecttask', 1, '15', 'projecttaskpriority', 'Priority', 1, 2, '', 100, 3, 107, 1, 'V~O', 1, 0, 'BAS', 1, '', 0, NULL, 0),
(46, 639, 'projectid', 'vtiger_projecttask', 1, '10', 'projectid', 'Related to', 1, 0, '', 100, 6, 107, 1, 'V~M', 0, 5, 'BAS', 1, '', 0, NULL, 0),
(46, 640, 'smownerid', 'vtiger_crmentity', 1, '53', 'assigned_user_id', 'Assigned To', 1, 2, '', 100, 7, 107, 1, 'V~M', 0, 2, 'BAS', 1, '', 1, NULL, 0),
(46, 641, 'projecttasknumber', 'vtiger_projecttask', 1, '7', 'projecttasknumber', 'Project Task Number', 1, 2, '', 100, 5, 107, 1, 'I~O', 1, 0, 'BAS', 1, '', 0, NULL, 0),
(46, 642, 'projecttask_no', 'vtiger_projecttask', 2, '4', 'projecttask_no', 'Project Task No', 1, 0, '', 100, 2, 107, 1, 'V~O', 3, 4, 'BAS', 0, '', 0, NULL, 0),
(46, 643, 'projecttaskprogress', 'vtiger_projecttask', 1, '15', 'projecttaskprogress', 'Progress', 1, 2, '', 100, 1, 108, 1, 'V~O', 1, 0, 'BAS', 1, '', 1, NULL, 0),
(46, 644, 'projecttaskhours', 'vtiger_projecttask', 1, '7', 'projecttaskhours', 'Worked Hours', 1, 2, '', 100, 2, 108, 1, 'V~O', 1, 0, 'BAS', 1, '', 0, NULL, 0),
(46, 645, 'startdate', 'vtiger_projecttask', 1, '5', 'startdate', 'Start Date', 1, 2, '', 100, 3, 108, 1, 'D~O', 0, 3, 'BAS', 1, '', 1, NULL, 0),
(46, 646, 'enddate', 'vtiger_projecttask', 1, '5', 'enddate', 'End Date', 1, 2, '', 100, 4, 108, 1, 'D~O~OTH~GE~startdate~Start Date', 1, 0, 'BAS', 1, '', 1, NULL, 0),
(46, 647, 'createdtime', 'vtiger_crmentity', 1, '70', 'createdtime', 'Created Time', 1, 2, '', 100, 5, 108, 2, 'DT~O', 1, 0, 'BAS', 0, '', 0, NULL, 0),
(46, 648, 'modifiedtime', 'vtiger_crmentity', 1, '70', 'modifiedtime', 'Modified Time', 1, 2, '', 100, 6, 108, 2, 'DT~O', 1, 0, 'BAS', 0, '', 0, NULL, 0),
(46, 649, 'modifiedby', 'vtiger_crmentity', 1, '52', 'modifiedby', 'Last Modified By', 1, 0, '', 100, 7, 108, 3, 'V~O', 3, 0, 'BAS', 0, '', 0, NULL, 0),
(46, 650, 'description', 'vtiger_crmentity', 1, '19', 'description', 'description', 1, 2, '', 100, 1, 109, 1, 'V~O', 1, 0, 'BAS', 1, '', 0, NULL, 0),
(46, 651, 'source', 'vtiger_crmentity', 1, '1', 'source', 'Source', 1, 2, '', 100, 8, 107, 2, 'V~O', 3, 6, 'BAS', 0, '', 0, NULL, 0),
(46, 652, 'starred', 'vtiger_crmentity_user_field', 1, '56', 'starred', 'starred', 1, 2, '', 100, 9, 107, 6, 'C~O', 3, 7, 'BAS', 0, '', 0, NULL, 0),
(46, 653, 'tags', 'vtiger_projecttask', 1, '1', 'tags', 'tags', 1, 2, '', 100, 10, 107, 6, 'V~O', 3, 8, 'BAS', 0, '', 0, NULL, 0),
(47, 654, 'projectname', 'vtiger_project', 1, '2', 'projectname', 'Project Name', 1, 2, '', 100, 1, 110, 1, 'V~M', 0, 1, 'BAS', 1, '', 1, NULL, 0),
(47, 655, 'startdate', 'vtiger_project', 1, '23', 'startdate', 'Start Date', 1, 2, '', 100, 3, 110, 1, 'D~O', 0, 3, 'BAS', 1, '', 1, NULL, 0),
(47, 656, 'targetenddate', 'vtiger_project', 1, '23', 'targetenddate', 'Target End Date', 1, 2, '', 100, 5, 110, 1, 'D~O~OTH~GE~startdate~Start Date', 0, 4, 'BAS', 1, '', 1, NULL, 0);
INSERT INTO `vtiger_field` (`tabid`, `fieldid`, `columnname`, `tablename`, `generatedtype`, `uitype`, `fieldname`, `fieldlabel`, `readonly`, `presence`, `defaultvalue`, `maximumlength`, `sequence`, `block`, `displaytype`, `typeofdata`, `quickcreate`, `quickcreatesequence`, `info_type`, `masseditable`, `helpinfo`, `summaryfield`, `headerfield`, `isunique`) VALUES
(47, 657, 'actualenddate', 'vtiger_project', 1, '23', 'actualenddate', 'Actual End Date', 1, 2, '', 100, 6, 110, 1, 'D~O~OTH~GE~startdate~Start Date', 1, 0, 'BAS', 1, '', 0, NULL, 0),
(47, 658, 'projectstatus', 'vtiger_project', 1, '15', 'projectstatus', 'Status', 1, 2, '', 100, 7, 110, 1, 'V~O', 1, 0, 'BAS', 1, '', 1, NULL, 0),
(47, 659, 'projecttype', 'vtiger_project', 1, '15', 'projecttype', 'Type', 1, 2, '', 100, 8, 110, 1, 'V~O', 1, 0, 'BAS', 1, '', 1, NULL, 0),
(47, 660, 'linktoaccountscontacts', 'vtiger_project', 1, '10', 'linktoaccountscontacts', 'Related to', 1, 2, '', 100, 9, 110, 1, 'V~O', 1, 0, 'BAS', 1, '', 0, 1, 0),
(47, 661, 'smownerid', 'vtiger_crmentity', 1, '53', 'assigned_user_id', 'Assigned To', 1, 2, '', 100, 4, 110, 1, 'V~M', 0, 2, 'BAS', 1, '', 1, NULL, 0),
(47, 662, 'project_no', 'vtiger_project', 2, '4', 'project_no', 'Project No', 1, 0, '', 100, 2, 110, 1, 'V~O', 3, 0, 'BAS', 0, '', 0, NULL, 0),
(47, 663, 'targetbudget', 'vtiger_project', 1, '7', 'targetbudget', 'Target Budget', 1, 2, '', 100, 1, 111, 1, 'V~O', 1, 0, 'BAS', 1, '', 0, NULL, 0),
(47, 664, 'projecturl', 'vtiger_project', 1, '17', 'projecturl', 'Project Url', 1, 2, '', 100, 2, 111, 1, 'V~O', 1, 0, 'BAS', 1, '', 0, NULL, 0),
(47, 665, 'projectpriority', 'vtiger_project', 1, '15', 'projectpriority', 'Priority', 1, 2, '', 100, 3, 111, 1, 'V~O', 1, 0, 'BAS', 1, '', 0, NULL, 0),
(47, 666, 'progress', 'vtiger_project', 1, '15', 'progress', 'Progress', 1, 2, '', 100, 4, 111, 1, 'V~O', 1, 0, 'BAS', 1, '', 0, NULL, 0),
(47, 667, 'createdtime', 'vtiger_crmentity', 1, '70', 'createdtime', 'Created Time', 1, 2, '', 100, 5, 111, 2, 'DT~O', 1, 0, 'BAS', 0, '', 0, NULL, 0),
(47, 668, 'modifiedtime', 'vtiger_crmentity', 1, '70', 'modifiedtime', 'Modified Time', 1, 2, '', 100, 6, 111, 2, 'DT~O', 1, 0, 'BAS', 0, '', 0, NULL, 0),
(47, 669, 'modifiedby', 'vtiger_crmentity', 1, '52', 'modifiedby', 'Last Modified By', 1, 0, '', 100, 7, 111, 3, 'V~O', 3, 0, 'BAS', 0, '', 0, NULL, 0),
(47, 670, 'description', 'vtiger_crmentity', 1, '19', 'description', 'Description', 1, 2, '', 100, 1, 112, 1, 'V~O', 1, 0, 'BAS', 1, '', 0, NULL, 0),
(47, 671, 'source', 'vtiger_crmentity', 1, '1', 'source', 'Source', 1, 2, '', 100, 10, 110, 2, 'V~O', 3, 5, 'BAS', 0, '', 0, NULL, 0),
(47, 672, 'starred', 'vtiger_crmentity_user_field', 1, '56', 'starred', 'starred', 1, 2, '', 100, 11, 110, 6, 'C~O', 3, 6, 'BAS', 0, '', 0, NULL, 0),
(47, 673, 'tags', 'vtiger_project', 1, '1', 'tags', 'tags', 1, 2, '', 100, 12, 110, 6, 'V~O', 3, 7, 'BAS', 0, '', 0, NULL, 0),
(2, 674, 'forecast_amount', 'vtiger_potential', 1, '71', 'forecast_amount', 'Forecast Amount', 1, 2, '', 100, 18, 1, 1, 'N~O', 1, 0, 'BAS', 0, '', 0, NULL, 0),
(29, 675, 'no_of_currency_decimals', 'vtiger_users', 1, '16', 'no_of_currency_decimals', 'Number Of Currency Decimals', 1, 2, '2', 100, 6, 78, 1, 'V~O', 1, 0, 'BAS', 1, '<b>Currency - Number of Decimal places</b> <br/><br/>Number of decimal places specifies how many number of decimals will be shown after decimal separator.<br/><b>Eg:</b> 123.00', 0, NULL, 0),
(23, 676, 'productid', 'vtiger_inventoryproductrel', 1, '10', 'productid', 'Item Name', 0, 2, '', 100, 1, 113, 5, 'V~M', 1, 0, 'BAS', 0, '', 0, NULL, 0),
(23, 677, 'quantity', 'vtiger_inventoryproductrel', 1, '7', 'quantity', 'Quantity', 0, 2, '', 100, 2, 113, 5, 'N~O', 1, 0, 'BAS', 0, '', 0, NULL, 0),
(23, 678, 'listprice', 'vtiger_inventoryproductrel', 1, '71', 'listprice', 'List Price', 0, 2, '', 100, 3, 113, 5, 'N~O', 1, 0, 'BAS', 0, '', 0, NULL, 0),
(23, 679, 'comment', 'vtiger_inventoryproductrel', 1, '19', 'comment', 'Item Comment', 0, 2, '', 100, 4, 113, 5, 'V~O', 1, 0, 'BAS', 0, '', 0, NULL, 0),
(23, 680, 'discount_amount', 'vtiger_inventoryproductrel', 1, '71', 'discount_amount', 'Item Discount Amount', 0, 2, '', 100, 5, 113, 5, 'N~O', 1, 0, 'BAS', 0, '', 0, NULL, 0),
(23, 681, 'discount_percent', 'vtiger_inventoryproductrel', 1, '7', 'discount_percent', 'Item Discount Percent', 0, 2, '', 100, 6, 113, 5, 'V~O', 1, 0, 'BAS', 0, '', 0, NULL, 0),
(23, 682, 'tax1', 'vtiger_inventoryproductrel', 1, '83', 'tax1', 'VAT', 0, 2, '', 100, 7, 113, 5, 'V~O', 1, 0, 'BAS', 0, '', 0, NULL, 0),
(23, 683, 'tax2', 'vtiger_inventoryproductrel', 1, '83', 'tax2', 'Sales', 0, 2, '', 100, 8, 113, 5, 'V~O', 1, 0, 'BAS', 0, '', 0, NULL, 0),
(23, 684, 'tax3', 'vtiger_inventoryproductrel', 1, '83', 'tax3', 'Service', 0, 2, '', 100, 9, 113, 5, 'V~O', 1, 0, 'BAS', 0, '', 0, NULL, 0),
(22, 685, 'productid', 'vtiger_inventoryproductrel', 1, '10', 'productid', 'Item Name', 0, 2, '', 100, 1, 114, 5, 'V~M', 1, 0, 'BAS', 0, '', 0, NULL, 0),
(22, 686, 'quantity', 'vtiger_inventoryproductrel', 1, '7', 'quantity', 'Quantity', 0, 2, '', 100, 2, 114, 5, 'N~O', 1, 0, 'BAS', 0, '', 0, NULL, 0),
(22, 687, 'listprice', 'vtiger_inventoryproductrel', 1, '71', 'listprice', 'List Price', 0, 2, '', 100, 3, 114, 5, 'N~O', 1, 0, 'BAS', 0, '', 0, NULL, 0),
(22, 688, 'comment', 'vtiger_inventoryproductrel', 1, '19', 'comment', 'Item Comment', 0, 2, '', 100, 4, 114, 5, 'V~O', 1, 0, 'BAS', 0, '', 0, NULL, 0),
(22, 689, 'discount_amount', 'vtiger_inventoryproductrel', 1, '71', 'discount_amount', 'Item Discount Amount', 0, 2, '', 100, 5, 114, 5, 'N~O', 1, 0, 'BAS', 0, '', 0, NULL, 0),
(22, 690, 'discount_percent', 'vtiger_inventoryproductrel', 1, '7', 'discount_percent', 'Item Discount Percent', 0, 2, '', 100, 6, 114, 5, 'V~O', 1, 0, 'BAS', 0, '', 0, NULL, 0),
(22, 691, 'tax1', 'vtiger_inventoryproductrel', 1, '83', 'tax1', 'VAT', 0, 2, '', 100, 7, 114, 5, 'V~O', 1, 0, 'BAS', 0, '', 0, NULL, 0),
(22, 692, 'tax2', 'vtiger_inventoryproductrel', 1, '83', 'tax2', 'Sales', 0, 2, '', 100, 8, 114, 5, 'V~O', 1, 0, 'BAS', 0, '', 0, NULL, 0),
(22, 693, 'tax3', 'vtiger_inventoryproductrel', 1, '83', 'tax3', 'Service', 0, 2, '', 100, 9, 114, 5, 'V~O', 1, 0, 'BAS', 0, '', 0, NULL, 0),
(21, 694, 'productid', 'vtiger_inventoryproductrel', 1, '10', 'productid', 'Item Name', 0, 2, '', 100, 1, 115, 5, 'V~M', 1, 0, 'BAS', 0, '', 0, NULL, 0),
(21, 695, 'quantity', 'vtiger_inventoryproductrel', 1, '7', 'quantity', 'Quantity', 0, 2, '', 100, 2, 115, 5, 'N~O', 1, 0, 'BAS', 0, '', 0, NULL, 0),
(21, 696, 'listprice', 'vtiger_inventoryproductrel', 1, '71', 'listprice', 'List Price', 0, 2, '', 100, 3, 115, 5, 'N~O', 1, 0, 'BAS', 0, '', 0, NULL, 0),
(21, 697, 'comment', 'vtiger_inventoryproductrel', 1, '19', 'comment', 'Item Comment', 0, 2, '', 100, 4, 115, 5, 'V~O', 1, 0, 'BAS', 0, '', 0, NULL, 0),
(21, 698, 'discount_amount', 'vtiger_inventoryproductrel', 1, '71', 'discount_amount', 'Item Discount Amount', 0, 2, '', 100, 5, 115, 5, 'N~O', 1, 0, 'BAS', 0, '', 0, NULL, 0),
(21, 699, 'discount_percent', 'vtiger_inventoryproductrel', 1, '7', 'discount_percent', 'Item Discount Percent', 0, 2, '', 100, 6, 115, 5, 'V~O', 1, 0, 'BAS', 0, '', 0, NULL, 0),
(21, 700, 'tax1', 'vtiger_inventoryproductrel', 1, '83', 'tax1', 'VAT', 0, 2, '', 100, 7, 115, 5, 'V~O', 1, 0, 'BAS', 0, '', 0, NULL, 0),
(21, 701, 'tax2', 'vtiger_inventoryproductrel', 1, '83', 'tax2', 'Sales', 0, 2, '', 100, 8, 115, 5, 'V~O', 1, 0, 'BAS', 0, '', 0, NULL, 0),
(21, 702, 'tax3', 'vtiger_inventoryproductrel', 1, '83', 'tax3', 'Service', 0, 2, '', 100, 9, 115, 5, 'V~O', 1, 0, 'BAS', 0, '', 0, NULL, 0),
(20, 703, 'productid', 'vtiger_inventoryproductrel', 1, '10', 'productid', 'Item Name', 0, 2, '', 100, 1, 116, 5, 'V~M', 1, 0, 'BAS', 0, '', 0, NULL, 0),
(20, 704, 'quantity', 'vtiger_inventoryproductrel', 1, '7', 'quantity', 'Quantity', 0, 2, '', 100, 2, 116, 5, 'N~O', 1, 0, 'BAS', 0, '', 0, NULL, 0),
(20, 705, 'listprice', 'vtiger_inventoryproductrel', 1, '71', 'listprice', 'List Price', 0, 2, '', 100, 3, 116, 5, 'N~O', 1, 0, 'BAS', 0, '', 0, NULL, 0),
(20, 706, 'comment', 'vtiger_inventoryproductrel', 1, '19', 'comment', 'Item Comment', 0, 2, '', 100, 4, 116, 5, 'V~O', 1, 0, 'BAS', 0, '', 0, NULL, 0),
(20, 707, 'discount_amount', 'vtiger_inventoryproductrel', 1, '71', 'discount_amount', 'Item Discount Amount', 0, 2, '', 100, 5, 116, 5, 'N~O', 1, 0, 'BAS', 0, '', 0, NULL, 0),
(20, 708, 'discount_percent', 'vtiger_inventoryproductrel', 1, '7', 'discount_percent', 'Item Discount Percent', 0, 2, '', 100, 6, 116, 5, 'V~O', 1, 0, 'BAS', 0, '', 0, NULL, 0),
(20, 709, 'tax1', 'vtiger_inventoryproductrel', 1, '83', 'tax1', 'VAT', 0, 2, '', 100, 7, 116, 5, 'V~O', 1, 0, 'BAS', 0, '', 0, NULL, 0),
(20, 710, 'tax2', 'vtiger_inventoryproductrel', 1, '83', 'tax2', 'Sales', 0, 2, '', 100, 8, 116, 5, 'V~O', 1, 0, 'BAS', 0, '', 0, NULL, 0),
(20, 711, 'tax3', 'vtiger_inventoryproductrel', 1, '83', 'tax3', 'Service', 0, 2, '', 100, 9, 116, 5, 'V~O', 1, 0, 'BAS', 0, '', 0, NULL, 0),
(29, 712, 'truncate_trailing_zeros', 'vtiger_users', 1, '56', 'truncate_trailing_zeros', 'Truncate Trailing Zeros', 1, 2, '0', 100, 7, 78, 1, 'V~O', 1, 0, 'BAS', 1, '<b> Truncate Trailing Zeros </b> <br/><br/>It truncated trailing 0s in any of Currency, Decimal and Percentage Field types<br/><br/><b>Ex:</b><br/>If value is 89.00000 then <br/>decimal and Percentage fields were shows 89<br/>currency field type - shows 89.00<br/>', 0, NULL, 0),
(46, 713, 'projecttaskstatus', 'vtiger_projecttask', 1, '15', 'projecttaskstatus', 'Status', 1, 2, '', 100, 11, 107, 1, 'V~O', 0, 9, 'BAS', 1, '', 0, NULL, 0),
(41, 714, 'customer', 'vtiger_modcomments', 1, '10', 'customer', 'Customer', 1, 2, '', 100, 6, 101, 3, 'V~O', 1, 0, 'BAS', 1, '', 0, NULL, 0),
(29, 715, 'dayoftheweek', 'vtiger_users', 1, '16', 'dayoftheweek', 'Starting Day of the week', 1, 2, 'Monday', 100, 1, 118, 1, 'V~O', 1, 0, 'BAS', 1, '', 0, NULL, 0),
(29, 716, 'callduration', 'vtiger_users', 1, '16', 'callduration', 'Default Call Duration', 1, 2, '5', 100, 7, 118, 1, 'V~O', 1, 0, 'BAS', 1, '', 0, NULL, 0),
(29, 717, 'othereventduration', 'vtiger_users', 1, '16', 'othereventduration', 'Other Event Duration', 1, 2, '5', 100, 8, 118, 1, 'V~O', 1, 0, 'BAS', 1, '', 0, NULL, 0),
(23, 718, 'pre_tax_total', 'vtiger_invoice', 1, '72', 'pre_tax_total', 'Pre Tax Total', 1, 2, '', 100, 23, 67, 3, 'N~O', 1, 0, 'BAS', 1, '', 0, NULL, 0),
(22, 719, 'pre_tax_total', 'vtiger_salesorder', 1, '72', 'pre_tax_total', 'Pre Tax Total', 1, 2, '', 100, 23, 61, 3, 'N~O', 1, 0, 'BAS', 1, '', 0, NULL, 0),
(21, 720, 'pre_tax_total', 'vtiger_purchaseorder', 1, '72', 'pre_tax_total', 'Pre Tax Total', 1, 2, '', 100, 23, 55, 3, 'N~O', 1, 0, 'BAS', 1, '', 0, NULL, 0),
(20, 721, 'pre_tax_total', 'vtiger_quotes', 1, '72', 'pre_tax_total', 'Pre Tax Total', 1, 2, '', 100, 23, 49, 3, 'N~O', 1, 0, 'BAS', 1, '', 0, NULL, 0),
(29, 722, 'calendarsharedtype', 'vtiger_users', 1, '16', 'calendarsharedtype', 'Calendar Shared Type', 1, 2, 'Public', 100, 12, 118, 3, 'V~O', 1, 0, 'BAS', 1, '', 0, NULL, 0),
(6, 723, 'isconvertedfromlead', 'vtiger_account', 1, '56', 'isconvertedfromlead', 'Is Converted From Lead', 1, 2, 'no', 100, 24, 9, 1, 'C~O', 1, 0, 'BAS', 1, '', 0, NULL, 0),
(4, 724, 'isconvertedfromlead', 'vtiger_contactdetails', 1, '56', 'isconvertedfromlead', 'Is Converted From Lead', 1, 2, 'no', 100, 29, 4, 1, 'C~O', 1, 0, 'BAS', 1, '', 0, NULL, 0),
(2, 725, 'isconvertedfromlead', 'vtiger_potential', 1, '56', 'isconvertedfromlead', 'Is Converted From Lead', 1, 2, 'no', 100, 19, 1, 1, 'C~O', 1, 0, 'BAS', 1, '', 0, NULL, 0),
(29, 726, 'default_record_view', 'vtiger_users', 1, '16', 'default_record_view', 'Default Record View', 1, 2, 'Summary', 100, 19, 79, 1, 'V~O', 1, 0, 'BAS', 1, '', 0, NULL, 0),
(23, 727, 'received', 'vtiger_invoice', 1, '72', 'received', 'Received', 1, 2, '0', 100, 24, 67, 3, 'N~O', 1, 0, 'BAS', 1, '', 0, NULL, 0),
(23, 728, 'balance', 'vtiger_invoice', 1, '72', 'balance', 'Balance', 1, 2, '0', 100, 25, 67, 3, 'N~O', 1, 0, 'BAS', 1, '', 0, NULL, 0),
(21, 729, 'paid', 'vtiger_purchaseorder', 1, '72', 'paid', 'Paid', 1, 2, '0', 100, 24, 55, 3, 'N~O', 1, 0, 'BAS', 1, '', 0, NULL, 0),
(21, 730, 'balance', 'vtiger_purchaseorder', 1, '72', 'balance', 'Balance', 1, 2, '0', 100, 25, 55, 3, 'N~O', 1, 0, 'BAS', 1, '', 0, NULL, 0),
(18, 731, 'smownerid', 'vtiger_crmentity', 1, '53', 'assigned_user_id', 'Assigned To', 1, 2, '', 100, 13, 42, 1, 'V~M', 1, 0, 'BAS', 1, '', 0, NULL, 0),
(7, 732, 'emailoptout', 'vtiger_leaddetails', 1, '56', 'emailoptout', 'Email Opt Out', 1, 0, '', 100, 24, 13, 1, 'C~O', 1, 0, 'BAS', 1, '', 0, NULL, 0),
(41, 733, 'userid', 'vtiger_modcomments', 1, '10', 'userid', 'UserId', 1, 2, '', 100, 7, 101, 3, 'V~O', 1, 0, 'BAS', 1, '', 0, NULL, 0),
(41, 734, 'reasontoedit', 'vtiger_modcomments', 1, '19', 'reasontoedit', 'ReasonToEdit', 1, 2, '', 100, 8, 101, 1, 'V~O', 1, 0, 'BAS', 1, '', 0, NULL, 0),
(23, 735, 's_h_percent', 'vtiger_invoice', 1, '1', 'hdnS_H_Percent', 'S&H Percent', 0, 2, '', 100, 10, 113, 5, 'N~O', 0, 1, 'BAS', 0, '', 0, NULL, 0),
(20, 736, 's_h_percent', 'vtiger_quotes', 1, '1', 'hdnS_H_Percent', 'S&H Percent', 0, 2, '', 100, 10, 116, 5, 'N~O', 0, 1, 'BAS', 0, '', 0, NULL, 0),
(21, 737, 's_h_percent', 'vtiger_purchaseorder', 1, '1', 'hdnS_H_Percent', 'S&H Percent', 0, 2, '', 100, 10, 115, 5, 'N~O', 0, 1, 'BAS', 0, '', 0, NULL, 0),
(22, 738, 's_h_percent', 'vtiger_salesorder', 1, '1', 'hdnS_H_Percent', 'S&H Percent', 0, 2, '', 100, 10, 114, 5, 'N~O', 0, 1, 'BAS', 0, '', 0, NULL, 0),
(29, 739, 'leftpanelhide', 'vtiger_users', 1, '56', 'leftpanelhide', 'Left Panel Hide', 1, 2, '0', 100, 20, 79, 1, 'V~O', 1, 0, 'BAS', 1, '', 0, NULL, 0),
(2, 740, 'contact_id', 'vtiger_potential', 1, '10', 'contact_id', 'Contact Name', 1, 2, '', 100, 4, 1, 1, 'V~O', 1, 0, 'BAS', 1, '', 1, NULL, 0),
(13, 741, 'contact_id', 'vtiger_troubletickets', 1, '10', 'contact_id', 'Contact Name', 1, 2, '', 100, 3, 25, 1, 'V~O', 1, 0, 'BAS', 1, '', 1, NULL, 0),
(29, 742, 'rowheight', 'vtiger_users', 1, '16', 'rowheight', 'Row Height', 1, 2, 'medium', 100, 21, 79, 1, 'V~O', 1, 0, 'BAS', 1, '', 0, NULL, 0),
(29, 743, 'defaulteventstatus', 'vtiger_users', 1, '15', 'defaulteventstatus', 'Default Event Status', 1, 2, 'Planned', 100, 9, 118, 1, 'V~O', 1, 0, 'BAS', 1, '', 0, NULL, 0),
(29, 744, 'defaultactivitytype', 'vtiger_users', 1, '15', 'defaultactivitytype', 'Default Activity Type', 1, 2, 'Call', 100, 10, 118, 1, 'V~O', 1, 0, 'BAS', 1, '', 0, NULL, 0),
(29, 745, 'hidecompletedevents', 'vtiger_users', 1, '56', 'hidecompletedevents', 'LBL_HIDE_COMPLETED_EVENTS', 1, 2, '0', 100, 13, 118, 1, 'C~O', 1, 0, 'BAS', 1, '', 0, NULL, 0),
(14, 772, 'purchase_cost', 'vtiger_products', 1, '71', 'purchase_cost', 'Purchase Cost', 1, 0, '', 100, 5, 32, 0, 'N~O', 1, 0, 'BAS', 1, '', 0, NULL, 0),
(33, 773, 'purchase_cost', 'vtiger_service', 1, '71', 'purchase_cost', 'Purchase Cost', 1, 0, '', 100, 5, 90, 1, 'N~O', 1, 0, 'BAS', 1, '', 0, NULL, 0),
(23, 774, 'potential_id', 'vtiger_invoice', 1, '10', 'potential_id', 'Potential Name', 1, 2, '', 100, 26, 67, 1, 'I~O', 1, 0, 'BAS', 1, '', 0, NULL, 0),
(29, 775, 'defaultcalendarview', 'vtiger_users', 1, '16', 'defaultcalendarview', 'Default Calendar View', 1, 0, 'MyCalendar', 100, 14, 118, 1, 'V~O', 1, 0, 'BAS', 1, '', 0, NULL, 0),
(23, 776, 'image', 'vtiger_inventoryproductrel', 1, '56', 'image', 'Image', 0, 1, '', 100, 14, 113, 5, 'V~O', 1, 0, 'BAS', 0, '', 0, NULL, 0),
(23, 777, 'purchase_cost', 'vtiger_inventoryproductrel', 1, '71', 'purchase_cost', 'Purchase Cost', 0, 1, '', 100, 15, 113, 5, 'N~O', 1, 0, 'BAS', 0, '', 0, NULL, 0),
(23, 778, 'margin', 'vtiger_inventoryproductrel', 1, '71', 'margin', 'Margin', 0, 1, '', 100, 16, 113, 5, 'N~O', 1, 0, 'BAS', 0, '', 0, NULL, 0),
(20, 779, 'image', 'vtiger_inventoryproductrel', 1, '56', 'image', 'Image', 0, 1, '', 100, 15, 116, 5, 'V~O', 1, 0, 'BAS', 0, '', 0, NULL, 0),
(20, 780, 'purchase_cost', 'vtiger_inventoryproductrel', 1, '71', 'purchase_cost', 'Purchase Cost', 0, 1, '', 100, 16, 116, 5, 'N~O', 1, 0, 'BAS', 0, '', 0, NULL, 0),
(20, 781, 'margin', 'vtiger_inventoryproductrel', 1, '71', 'margin', 'Margin', 0, 1, '', 100, 17, 116, 5, 'N~O', 1, 0, 'BAS', 0, '', 0, NULL, 0),
(21, 782, 'image', 'vtiger_inventoryproductrel', 1, '56', 'image', 'Image', 0, 1, '', 100, 15, 115, 5, 'V~O', 1, 0, 'BAS', 0, '', 0, NULL, 0),
(22, 783, 'image', 'vtiger_inventoryproductrel', 1, '56', 'image', 'Image', 0, 1, '', 100, 16, 114, 5, 'V~O', 1, 0, 'BAS', 0, '', 0, NULL, 0),
(22, 784, 'purchase_cost', 'vtiger_inventoryproductrel', 1, '71', 'purchase_cost', 'Purchase Cost', 0, 1, '', 100, 17, 114, 5, 'N~O', 1, 0, 'BAS', 0, '', 0, NULL, 0),
(22, 785, 'margin', 'vtiger_inventoryproductrel', 1, '71', 'margin', 'Margin', 0, 1, '', 100, 18, 114, 5, 'N~O', 1, 0, 'BAS', 0, '', 0, NULL, 0),
(41, 786, 'is_private', 'vtiger_modcomments', 1, '7', 'is_private', 'Is Private', 1, 2, '', 100, 9, 101, 1, 'I~O', 1, 0, 'BAS', 1, '', 0, NULL, 0),
(41, 787, 'filename', 'vtiger_modcomments', 1, '61', 'filename', 'Attachment', 1, 0, '', 100, 10, 101, 1, 'V~O', 1, 0, 'BAS', 1, '', 0, NULL, 0),
(41, 788, 'related_email_id', 'vtiger_modcomments', 1, '1', 'related_email_id', 'Related Email Id', 1, 2, '0', 100, 11, 101, 1, 'I~O', 1, 0, 'BAS', 1, '', 0, NULL, 0),
(2, 789, 'source', 'vtiger_crmentity', 1, '1', 'source', 'Source', 1, 2, '', 100, 20, 1, 2, 'V~O', 3, 7, 'BAS', 0, '', 0, NULL, 0),
(4, 790, 'source', 'vtiger_crmentity', 1, '1', 'source', 'Source', 1, 2, '', 100, 30, 4, 2, 'V~O', 3, 7, 'BAS', 0, '', 0, NULL, 0),
(6, 791, 'source', 'vtiger_crmentity', 1, '1', 'source', 'Source', 1, 2, '', 100, 25, 9, 2, 'V~O', 3, 5, 'BAS', 0, '', 0, NULL, 0),
(7, 792, 'source', 'vtiger_crmentity', 1, '1', 'source', 'Source', 1, 2, '', 100, 25, 13, 2, 'V~O', 3, 7, 'BAS', 0, '', 0, NULL, 0),
(8, 793, 'source', 'vtiger_crmentity', 1, '1', 'source', 'Source', 1, 2, '', 100, 13, 17, 2, 'V~O', 3, 4, 'BAS', 0, '', 0, NULL, 0),
(9, 794, 'source', 'vtiger_crmentity', 1, '1', 'source', 'Source', 1, 2, '', 100, 23, 19, 2, 'V~O', 3, 5, 'BAS', 0, '', 0, NULL, 0),
(10, 795, 'source', 'vtiger_crmentity', 1, '1', 'source', 'Source', 1, 2, '', 100, 13, 21, 2, 'V~O', 3, 1, 'BAS', 0, '', 0, NULL, 0),
(13, 796, 'source', 'vtiger_crmentity', 1, '1', 'source', 'Source', 1, 2, '', 100, 18, 25, 2, 'V~O', 3, 5, 'BAS', 0, '', 0, NULL, 0),
(14, 797, 'source', 'vtiger_crmentity', 1, '1', 'source', 'Source', 1, 2, '', 100, 23, 31, 2, 'V~O', 3, 6, 'BAS', 0, '', 0, NULL, 0),
(15, 798, 'source', 'vtiger_crmentity', 1, '1', 'source', 'Source', 1, 2, '', 100, 9, 37, 2, 'V~O', 3, 1, 'BAS', 0, '', 0, NULL, 0),
(16, 799, 'source', 'vtiger_crmentity', 1, '1', 'source', 'Source', 1, 2, '', 100, 23, 39, 2, 'V~O', 3, 7, 'BAS', 0, '', 0, NULL, 0),
(18, 800, 'source', 'vtiger_crmentity', 1, '1', 'source', 'Source', 1, 2, '', 100, 14, 42, 2, 'V~O', 3, 4, 'BAS', 0, '', 0, NULL, 0),
(19, 801, 'source', 'vtiger_crmentity', 1, '1', 'source', 'Source', 1, 2, '', 100, 8, 46, 2, 'V~O', 3, 4, 'BAS', 0, '', 0, NULL, 0),
(20, 802, 'source', 'vtiger_crmentity', 1, '1', 'source', 'Source', 1, 2, '', 100, 24, 49, 2, 'V~O', 3, 2, 'BAS', 0, '', 0, NULL, 0),
(21, 803, 'source', 'vtiger_crmentity', 1, '1', 'source', 'Source', 1, 2, '', 100, 26, 55, 2, 'V~O', 3, 2, 'BAS', 0, '', 0, NULL, 0),
(22, 804, 'source', 'vtiger_crmentity', 1, '1', 'source', 'Source', 1, 2, '', 100, 24, 61, 2, 'V~O', 3, 2, 'BAS', 0, '', 0, NULL, 0),
(23, 805, 'source', 'vtiger_crmentity', 1, '1', 'source', 'Source', 1, 2, '', 100, 27, 67, 2, 'V~O', 3, 2, 'BAS', 0, '', 0, NULL, 0),
(26, 806, 'source', 'vtiger_crmentity', 1, '1', 'source', 'Source', 1, 2, '', 100, 17, 74, 2, 'V~O', 3, 8, 'BAS', 0, '', 0, NULL, 0),
(10, 807, 'click_count', 'vtiger_email_track', 1, '25', 'click_count', 'Click Count', 1, 2, '0', 100, 14, 21, 3, 'I~O', 0, 2, 'BAS', 0, '', 0, NULL, 0),
(2, 808, 'starred', 'vtiger_crmentity_user_field', 1, '56', 'starred', 'starred', 1, 2, '', 100, 21, 1, 6, 'C~O', 3, 8, 'BAS', 0, '', 0, NULL, 0),
(4, 809, 'starred', 'vtiger_crmentity_user_field', 1, '56', 'starred', 'starred', 1, 2, '', 100, 31, 4, 6, 'C~O', 3, 8, 'BAS', 0, '', 0, NULL, 0),
(6, 810, 'starred', 'vtiger_crmentity_user_field', 1, '56', 'starred', 'starred', 1, 2, '', 100, 26, 9, 6, 'C~O', 3, 6, 'BAS', 0, '', 0, NULL, 0),
(7, 811, 'starred', 'vtiger_crmentity_user_field', 1, '56', 'starred', 'starred', 1, 2, '', 100, 26, 13, 6, 'C~O', 3, 8, 'BAS', 0, '', 0, NULL, 0),
(8, 812, 'starred', 'vtiger_crmentity_user_field', 1, '56', 'starred', 'starred', 1, 2, '', 100, 14, 17, 6, 'C~O', 3, 5, 'BAS', 0, '', 0, NULL, 0),
(9, 813, 'starred', 'vtiger_crmentity_user_field', 1, '56', 'starred', 'starred', 1, 2, '', 100, 24, 19, 6, 'C~O', 3, 6, 'BAS', 0, '', 0, NULL, 0),
(10, 814, 'starred', 'vtiger_crmentity_user_field', 1, '56', 'starred', 'starred', 1, 2, '', 100, 15, 21, 6, 'C~O', 3, 3, 'BAS', 0, '', 0, NULL, 0),
(13, 815, 'starred', 'vtiger_crmentity_user_field', 1, '56', 'starred', 'starred', 1, 2, '', 100, 19, 25, 6, 'C~O', 3, 6, 'BAS', 0, '', 0, NULL, 0),
(14, 816, 'starred', 'vtiger_crmentity_user_field', 1, '56', 'starred', 'starred', 1, 2, '', 100, 24, 31, 6, 'C~O', 3, 7, 'BAS', 0, '', 0, NULL, 0),
(15, 817, 'starred', 'vtiger_crmentity_user_field', 1, '56', 'starred', 'starred', 1, 2, '', 100, 10, 37, 6, 'C~O', 3, 2, 'BAS', 0, '', 0, NULL, 0),
(16, 818, 'starred', 'vtiger_crmentity_user_field', 1, '56', 'starred', 'starred', 1, 2, '', 100, 24, 39, 6, 'C~O', 3, 8, 'BAS', 0, '', 0, NULL, 0),
(18, 819, 'starred', 'vtiger_crmentity_user_field', 1, '56', 'starred', 'starred', 1, 2, '', 100, 15, 42, 6, 'C~O', 3, 5, 'BAS', 0, '', 0, NULL, 0),
(19, 820, 'starred', 'vtiger_crmentity_user_field', 1, '56', 'starred', 'starred', 1, 2, '', 100, 9, 46, 6, 'C~O', 3, 5, 'BAS', 0, '', 0, NULL, 0),
(20, 821, 'starred', 'vtiger_crmentity_user_field', 1, '56', 'starred', 'starred', 1, 2, '', 100, 25, 49, 6, 'C~O', 3, 3, 'BAS', 0, '', 0, NULL, 0),
(21, 822, 'starred', 'vtiger_crmentity_user_field', 1, '56', 'starred', 'starred', 1, 2, '', 100, 27, 55, 6, 'C~O', 3, 3, 'BAS', 0, '', 0, NULL, 0),
(22, 823, 'starred', 'vtiger_crmentity_user_field', 1, '56', 'starred', 'starred', 1, 2, '', 100, 25, 61, 6, 'C~O', 3, 3, 'BAS', 0, '', 0, NULL, 0),
(23, 824, 'starred', 'vtiger_crmentity_user_field', 1, '56', 'starred', 'starred', 1, 2, '', 100, 28, 67, 6, 'C~O', 3, 3, 'BAS', 0, '', 0, NULL, 0),
(26, 825, 'starred', 'vtiger_crmentity_user_field', 1, '56', 'starred', 'starred', 1, 2, '', 100, 18, 74, 6, 'C~O', 3, 9, 'BAS', 0, '', 0, NULL, 0),
(30, 826, 'starred', 'vtiger_crmentity_user_field', 1, '56', 'starred', 'starred', 1, 2, '', 100, 18, 88, 6, 'C~O', 3, 2, 'BAS', 0, '', 0, NULL, 0),
(2, 827, 'tags', 'vtiger_potential', 1, '1', 'tags', 'tags', 1, 2, '', 100, 22, 1, 6, 'V~O', 3, 9, 'BAS', 0, '', 0, NULL, 0),
(4, 828, 'tags', 'vtiger_contactdetails', 1, '1', 'tags', 'tags', 1, 2, '', 100, 32, 4, 6, 'V~O', 3, 9, 'BAS', 0, '', 0, NULL, 0),
(6, 829, 'tags', 'vtiger_account', 1, '1', 'tags', 'tags', 1, 2, '', 100, 27, 9, 6, 'V~O', 3, 7, 'BAS', 0, '', 0, NULL, 0),
(7, 830, 'tags', 'vtiger_leaddetails', 1, '1', 'tags', 'tags', 1, 2, '', 100, 27, 13, 6, 'V~O', 3, 9, 'BAS', 0, '', 0, NULL, 0),
(8, 831, 'tags', 'vtiger_notes', 1, '1', 'tags', 'tags', 1, 2, '', 100, 15, 17, 6, 'V~O', 3, 6, 'BAS', 0, '', 0, NULL, 0),
(9, 832, 'tags', 'vtiger_activity', 1, '1', 'tags', 'tags', 1, 2, '', 100, 25, 19, 6, 'V~O', 3, 7, 'BAS', 0, '', 0, NULL, 0),
(10, 833, 'tags', 'vtiger_activity', 1, '1', 'tags', 'tags', 1, 2, '', 100, 16, 21, 6, 'V~O', 3, 4, 'BAS', 0, '', 0, NULL, 0),
(13, 834, 'tags', 'vtiger_troubletickets', 1, '1', 'tags', 'tags', 1, 2, '', 100, 20, 25, 6, 'V~O', 3, 7, 'BAS', 0, '', 0, NULL, 0),
(14, 835, 'tags', 'vtiger_products', 1, '1', 'tags', 'tags', 1, 2, '', 100, 25, 31, 6, 'V~O', 3, 8, 'BAS', 0, '', 0, NULL, 0),
(15, 836, 'tags', 'vtiger_faq', 1, '1', 'tags', 'tags', 1, 2, '', 100, 11, 37, 6, 'V~O', 3, 3, 'BAS', 0, '', 0, NULL, 0),
(16, 837, 'tags', 'vtiger_activity', 1, '1', 'tags', 'tags', 1, 2, '', 100, 25, 39, 6, 'V~O', 3, 9, 'BAS', 0, '', 0, NULL, 0),
(18, 838, 'tags', 'vtiger_vendor', 1, '1', 'tags', 'tags', 1, 2, '', 100, 16, 42, 6, 'V~O', 3, 6, 'BAS', 0, '', 0, NULL, 0),
(19, 839, 'tags', 'vtiger_pricebook', 1, '1', 'tags', 'tags', 1, 2, '', 100, 10, 46, 6, 'V~O', 3, 6, 'BAS', 0, '', 0, NULL, 0),
(20, 840, 'tags', 'vtiger_quotes', 1, '1', 'tags', 'tags', 1, 2, '', 100, 26, 49, 6, 'V~O', 3, 4, 'BAS', 0, '', 0, NULL, 0),
(21, 841, 'tags', 'vtiger_purchaseorder', 1, '1', 'tags', 'tags', 1, 2, '', 100, 28, 55, 6, 'V~O', 3, 4, 'BAS', 0, '', 0, NULL, 0),
(22, 842, 'tags', 'vtiger_salesorder', 1, '1', 'tags', 'tags', 1, 2, '', 100, 26, 61, 6, 'V~O', 3, 4, 'BAS', 0, '', 0, NULL, 0),
(23, 843, 'tags', 'vtiger_invoice', 1, '1', 'tags', 'tags', 1, 2, '', 100, 29, 67, 6, 'V~O', 3, 4, 'BAS', 0, '', 0, NULL, 0),
(26, 844, 'tags', 'vtiger_campaign', 1, '1', 'tags', 'tags', 1, 2, '', 100, 19, 74, 6, 'V~O', 3, 10, 'BAS', 0, '', 0, NULL, 0),
(30, 845, 'tags', 'vtiger_pbxmanager', 1, '1', 'tags', 'tags', 1, 2, '', 100, 19, 88, 6, 'V~O', 3, 3, 'BAS', 0, '', 0, NULL, 0),
(20, 846, 'region_id', 'vtiger_quotes', 1, '16', 'region_id', 'Tax Region', 0, 2, '', 100, 18, 116, 5, 'N~O', 1, 0, 'BAS', 0, '', 0, NULL, 0),
(21, 847, 'region_id', 'vtiger_purchaseorder', 1, '16', 'region_id', 'Tax Region', 0, 2, '', 100, 16, 115, 5, 'N~O', 1, 0, 'BAS', 0, '', 0, NULL, 0),
(22, 848, 'region_id', 'vtiger_salesorder', 1, '16', 'region_id', 'Tax Region', 0, 2, '', 100, 19, 114, 5, 'N~O', 1, 0, 'BAS', 0, '', 0, NULL, 0),
(23, 849, 'region_id', 'vtiger_invoice', 1, '16', 'region_id', 'Tax Region', 0, 2, '', 100, 17, 113, 5, 'N~O', 1, 0, 'BAS', 0, '', 0, NULL, 0),
(47, 850, 'isconvertedfrompotential', 'vtiger_project', 1, '56', 'isconvertedfrompotential', 'Is Converted From Opportunity', 1, 2, '', 100, 13, 110, 1, 'C~O', 1, 0, 'BAS', 1, '', 0, NULL, 0),
(47, 851, 'potentialid', 'vtiger_project', 1, '10', 'potentialid', 'Potential Name', 1, 2, '', 100, 14, 110, 1, 'I~O', 1, 0, 'BAS', 1, '', 0, NULL, 0),
(50, 852, 'batch_name', 'vtiger_batch', 1, '1', 'batch_name', 'Batch Name', 1, 1, '', 100, 2, 121, 1, 'V~O', 1, 0, 'BAS', 1, '', 0, 0, 0),
(50, 853, 'salesorderid', 'vtiger_batch_item', 1, '10', 'salesorderid', 'Sales Order Name', 1, 2, '', 100, 2, 131, 5, 'V~O', 1, 0, 'BAS', 0, '', 0, 0, 0),
(50, 854, 'productid', 'vtiger_batch_item', 1, '10', 'productid', 'Product Name', 1, 2, '', 100, 1, 131, 5, 'V~O', 1, 0, 'BAS', 0, '', 0, 0, 0),
(50, 855, 'batch_qty', 'vtiger_batch', 1, '1', 'batch_qty', 'Quantity', 1, 2, '', 100, 6, 121, 1, 'V~O', 1, 0, 'BAS', 1, '', 0, NULL, 0),
(50, 856, 'target_comp_date', 'vtiger_batch', 1, '5', 'target_comp_date', 'Target Completion Date', 1, 1, '', 100, 4, 121, 1, 'D~O', 1, 0, 'BAS', 1, '', 0, 0, 0),
(50, 857, 'smownerid', 'vtiger_crmentity', 1, '53', 'assigned_user_id', 'Assigned To', 1, 2, '', 100, 10, 121, 1, 'V~M', 1, 0, 'BAS', 1, '', 0, NULL, 0),
(50, 858, 'createdtime', 'vtiger_crmentity', 1, '70', 'createdtime', 'Created Time', 1, 2, '', 100, 7, 121, 2, 'DT~O', 1, 0, 'BAS', 1, '', 0, NULL, 0),
(50, 859, 'modifiedtime', 'vtiger_crmentity', 1, '70', 'modifiedtime', 'Modified Time', 1, 2, '', 100, 8, 121, 2, 'DT~O', 1, 0, 'BAS', 1, '', 0, NULL, 0),
(50, 860, 'source', 'vtiger_crmentity', 1, '1', 'source', 'Source', 1, 2, '', 100, 9, 121, 2, 'V~O', 3, 1, 'BAS', 0, '', 0, NULL, 0),
(50, 861, 'starred', 'vtiger_crmentity_user_field', 1, '56', 'starred', 'starred', 1, 2, '', 100, 10, 121, 6, 'C~O', 3, 2, 'BAS', 0, '', 0, NULL, 0),
(50, 862, 'tags', 'vtiger_batch', 1, '1', 'tags', 'tags', 1, 2, '', 100, 11, 121, 6, 'V~O', 3, 3, 'BAS', 0, '', 0, NULL, 0),
(51, 863, 'prd_mov_name', 'vtiger_batchinventory', 1, '2', 'prd_mov_name', 'Prd. Mov. Name', 1, 1, '', 100, 11, 123, 1, 'V~O', 1, 0, 'BAS', 2, '', 0, 0, 0),
(51, 864, 'batch_invprd_id', 'vtiger_batchinventory', 1, '10', 'batch_invprd_id', 'Product ID', 1, 1, '', 100, 4, 123, 1, 'V~O', 1, 0, 'BAS', 1, '', 0, 0, 0),
(51, 865, 'select_frm', 'vtiger_movementrel', 1, '15', 'select_frm', 'Select From', 0, 2, '', 100, 2, 127, 5, 'V~O', 1, 0, 'BAS', 0, '', 0, 0, 0),
(51, 866, 'select_to', 'vtiger_movementrel', 1, '15', 'select_to', 'Select To', 0, 2, '', 100, 3, 127, 5, 'V~O', 1, 0, 'BAS', 0, '', 0, 0, 0),
(51, 867, 'invbatch_date', 'vtiger_batchinventory', 1, '5', 'invbatch_date', 'Date', 1, 2, '', 100, 2, 123, 1, 'D~O', 1, 0, 'BAS', 1, '', 0, NULL, 0),
(51, 868, 'quantity', 'vtiger_movementrel', 1, '7', 'quantity', 'Quantity', 0, 2, '', 100, 4, 127, 5, 'N~O', 1, 0, 'BAS', 0, '', 0, 0, 0),
(51, 869, 'smownerid', 'vtiger_crmentity', 1, '53', 'assigned_user_id', 'Assigned To', 1, 2, '', 100, 5, 123, 1, 'V~M', 1, 0, 'BAS', 1, '', 0, NULL, 0),
(51, 870, 'createdtime', 'vtiger_crmentity', 1, '70', 'createdtime', 'Created Time', 1, 2, '', 100, 6, 123, 2, 'DT~O', 1, 0, 'BAS', 1, '', 0, NULL, 0),
(51, 871, 'modifiedtime', 'vtiger_crmentity', 1, '70', 'modifiedtime', 'Modified Time', 1, 2, '', 100, 7, 123, 2, 'DT~O', 1, 0, 'BAS', 1, '', 0, NULL, 0),
(51, 872, 'source', 'vtiger_crmentity', 1, '1', 'source', 'Source', 1, 2, '', 100, 8, 123, 2, 'V~O', 3, 1, 'BAS', 0, '', 0, NULL, 0),
(51, 873, 'starred', 'vtiger_crmentity_user_field', 1, '56', 'starred', 'starred', 1, 2, '', 100, 10, 123, 6, 'C~O', 3, 2, 'BAS', 0, '', 0, NULL, 0),
(51, 874, 'tags', 'vtiger_batchinventory', 1, '1', 'tags', 'tags', 1, 2, '', 100, 9, 123, 6, 'V~O', 3, 3, 'BAS', 0, '', 0, NULL, 0),
(51, 876, 'itemid', 'vtiger_movementrel', 1, '10', 'itemid', 'Item Name', 0, 2, '', 100, 1, 127, 5, 'V~M', 1, 0, 'BAS', 0, '', 0, 0, 0),
(51, 878, 'cf_877', 'vtiger_batchinventorycf', 2, '1', 'cf_877', 'BI Subject', 1, 1, '', 100, 11, 123, 1, 'V~O~LE~255', 2, 4, 'BAS', 1, '', 0, 0, 0),
(50, 881, 'batch_id', 'vtiger_batch', 1, '4', 'batch_id', 'Batch Name', 1, 2, '', 100, 1, 121, 1, 'V~M', 1, 0, 'BAS', 1, '', 1, 0, 0),
(50, 883, 'cf_882', 'vtiger_batchcf', 2, '5', 'cf_882', 'Demo test', 1, 1, '29-03-2019', 100, 13, 121, 1, 'D~O', 1, 0, 'BAS', 2, '', 0, 0, 0),
(50, 885, 'batch_date', 'vtiger_batch', 1, '5', 'batch_date', 'Planning Date', 1, 2, '', 100, 3, 121, 1, 'D~O', 1, 0, 'BAS', 1, '', 0, 0, 0),
(50, 886, 'batch_machine', 'vtiger_batch', 1, '15', 'batch_machine', 'Machine', 1, 2, '', 100, 5, 121, 1, 'V~O', 1, 0, 'BAS', 1, '', 0, 0, 0),
(50, 887, 'batch_furnace', 'vtiger_batch', 1, '15', 'batch_furnace', 'Furnace', 1, 1, '', 100, 5, 121, 1, 'V~O', 1, 0, 'BAS', 1, '', 0, 0, 0),
(52, 888, 'heatrun_id', 'vtiger_heatrun', 1, '4', 'heatrun_id', 'Heat Run ID', 1, 2, '', 100, 1, 125, 1, 'V~M', 1, 0, 'BAS', 1, '', 0, NULL, 0),
(52, 889, 'heatrun_name', 'vtiger_heatrun', 1, '1', 'heatrun_name', 'Heat Run Name', 1, 2, '', 100, 2, 125, 1, 'V~O', 1, 0, 'BAS', 1, '', 0, NULL, 0),
(52, 890, 'heatrun_date', 'vtiger_heatrun', 1, '5', 'heatrun_date', 'Date', 1, 2, '', 100, 3, 125, 1, 'D~O', 1, 0, 'BAS', 1, '', 0, NULL, 0),
(52, 891, 'heatrun_furnace', 'vtiger_heatrun', 1, '15', 'heatrun_furnace', 'Furnace', 1, 2, '', 100, 4, 125, 1, 'V~O', 1, 0, 'BAS', 1, '', 0, NULL, 0),
(52, 892, 'heat_number', 'vtiger_heatrun', 1, '15', 'heat_number', 'Heat Number', 1, 2, '', 100, 5, 125, 1, 'V~O', 1, 0, 'BAS', 1, '', 0, NULL, 0),
(52, 893, 'heatrun_batch', 'vtiger_heatrun', 1, '10', 'heatrun_batch', 'Batch', 1, 2, '', 100, 6, 125, 1, 'V~O', 1, 0, 'BAS', 1, '', 0, NULL, 0),
(52, 894, 'heatrun_qty', 'vtiger_heatrun', 1, '1', 'heatrun_qty', 'Quantity', 1, 2, '', 100, 7, 125, 1, 'V~O', 1, 0, 'BAS', 1, '', 0, NULL, 0),
(52, 895, 'smownerid', 'vtiger_crmentity', 1, '53', 'assigned_user_id', 'Assigned To', 1, 2, '', 100, 8, 125, 1, 'V~M', 1, 0, 'BAS', 1, '', 0, NULL, 0),
(52, 896, 'createdtime', 'vtiger_crmentity', 1, '70', 'createdtime', 'Created Time', 1, 2, '', 100, 9, 125, 2, 'DT~O', 1, 0, 'BAS', 1, '', 0, NULL, 0),
(52, 897, 'modifiedtime', 'vtiger_crmentity', 1, '70', 'modifiedtime', 'Modified Time', 1, 2, '', 100, 10, 125, 2, 'DT~O', 1, 0, 'BAS', 1, '', 0, NULL, 0),
(52, 898, 'source', 'vtiger_crmentity', 1, '1', 'source', 'Source', 1, 2, '', 100, 11, 125, 2, 'V~O', 3, 1, 'BAS', 0, '', 0, NULL, 0),
(52, 899, 'starred', 'vtiger_crmentity_user_field', 1, '56', 'starred', 'starred', 1, 2, '', 100, 12, 125, 6, 'C~O', 3, 2, 'BAS', 0, '', 0, NULL, 0),
(52, 900, 'tags', 'vtiger_heatrun', 1, '1', 'tags', 'tags', 1, 2, '', 100, 13, 125, 6, 'V~O', 3, 3, 'BAS', 0, '', 0, NULL, 0),
(51, 901, 'prd_mov_no', 'vtiger_batchinventory', 1, '4', 'prd_mov_no', 'Product Movement Name', 1, 2, '', 100, 3, 123, 1, 'V~M', 1, 0, 'BAS', 1, '', 1, 0, 0),
(51, 902, 'lineItem_type', 'vtiger_movementrel', 1, '2', 'lineItem_type', 'LI Type', 0, 1, '', 100, 5, 127, 5, 'V~O', 1, 0, 'BAS', 0, '', 0, 0, 0),
(53, 905, 'batch_mov_number', 'vtiger_batchmovement', 1, '4', 'batch_mov_number', 'Batch Mov. Name', 1, 2, '', 100, 3, 128, 1, 'V~M', 2, 0, 'BAS', 1, '', 1, 0, 0),
(53, 906, 'batch_mov_name', 'vtiger_batchmovement', 1, '1', 'batch_mov_name', 'Batch Mov. Name', 1, 1, '', 100, 10, 128, 1, 'V~O', 1, 0, 'BAS', 1, '', 0, 0, 0),
(53, 907, 'batch_mov_date', 'vtiger_batchmovement', 1, '5', 'batch_mov_date', 'Date', 1, 2, '', 100, 5, 128, 1, 'D~O', 1, 0, 'BAS', 1, '', 0, NULL, 0),
(53, 908, 'smownerid', 'vtiger_crmentity', 1, '53', 'assigned_user_id', 'Assigned To', 1, 2, '', 100, 2, 128, 1, 'V~M', 1, 0, 'BAS', 1, '', 0, NULL, 0),
(53, 909, 'createdtime', 'vtiger_crmentity', 1, '70', 'createdtime', 'Created Time', 1, 2, '', 100, 7, 128, 2, 'DT~O', 1, 0, 'BAS', 1, '', 0, NULL, 0),
(53, 910, 'modifiedtime', 'vtiger_crmentity', 1, '70', 'modifiedtime', 'Modified Time', 1, 2, '', 100, 4, 128, 2, 'DT~O', 1, 0, 'BAS', 1, '', 0, NULL, 0),
(53, 911, 'source', 'vtiger_crmentity', 1, '1', 'source', 'Source', 1, 2, '', 100, 6, 128, 2, 'V~O', 3, 1, 'BAS', 0, '', 0, NULL, 0),
(53, 912, 'starred', 'vtiger_crmentity_user_field', 1, '56', 'starred', 'starred', 1, 2, '', 100, 8, 128, 6, 'C~O', 3, 2, 'BAS', 0, '', 0, NULL, 0),
(53, 913, 'tags', 'vtiger_batchmovement', 1, '1', 'tags', 'tags', 1, 2, '', 100, 9, 128, 6, 'V~O', 3, 3, 'BAS', 0, '', 0, NULL, 0),
(53, 914, 'lineItem_type', 'vtiger_movementrel', 1, '2', 'lineItem_type', 'LI Type', 0, 1, '', 100, 5, 130, 5, 'V~O', 1, 0, 'BAS', 0, '', 0, 0, 0),
(53, 915, 'itemid', 'vtiger_movementrel', 1, '10', 'itemid', 'Item Name', 0, 2, '', 100, 1, 130, 5, 'V~M', 1, 0, 'BAS', 0, '', 0, 0, 0),
(53, 916, 'quantity', 'vtiger_movementrel', 1, '7', 'quantity', 'Quantity', 0, 2, '', 100, 4, 130, 5, 'N~O', 1, 0, 'BAS', 0, '', 0, 0, 0),
(53, 917, 'select_to', 'vtiger_movementrel', 1, '15', 'select_to', 'Select To', 0, 2, '', 100, 3, 130, 5, 'V~O', 1, 0, 'BAS', 0, '', 0, 0, 0),
(53, 918, 'select_frm', 'vtiger_movementrel', 1, '15', 'select_frm', 'Select From', 0, 2, '', 100, 2, 130, 5, 'V~O', 1, 0, 'BAS', 0, '', 0, 0, 0),
(54, 921, 'prd_cork', 'vtiger_cork', 1, '10', 'prd_cork', 'Product Name', 1, 2, '', 100, 1, 132, 1, 'V~M', 1, 0, 'BAS', 1, '', 0, NULL, 0),
(54, 923, 'cork_qty', 'vtiger_cork', 1, '1', 'cork_qty', 'Quantity', 1, 2, '', 100, 3, 132, 1, 'V~O', 1, 0, 'BAS', 1, '', 0, NULL, 0),
(54, 924, 'smownerid', 'vtiger_crmentity', 1, '53', 'assigned_user_id', 'Assigned To', 1, 2, '', 100, 4, 132, 1, 'V~M', 1, 0, 'BAS', 1, '', 0, NULL, 0),
(54, 925, 'createdtime', 'vtiger_crmentity', 1, '70', 'createdtime', 'Created Time', 1, 2, '', 100, 5, 132, 2, 'DT~O', 1, 0, 'BAS', 1, '', 0, NULL, 0),
(54, 926, 'modifiedtime', 'vtiger_crmentity', 1, '70', 'modifiedtime', 'Modified Time', 1, 2, '', 100, 6, 132, 2, 'DT~O', 1, 0, 'BAS', 1, '', 0, NULL, 0),
(54, 927, 'source', 'vtiger_crmentity', 1, '1', 'source', 'Source', 1, 2, '', 100, 7, 132, 2, 'V~O', 3, 1, 'BAS', 0, '', 0, NULL, 0),
(54, 928, 'starred', 'vtiger_crmentity_user_field', 1, '56', 'starred', 'starred', 1, 2, '', 100, 8, 132, 6, 'C~O', 3, 2, 'BAS', 0, '', 0, NULL, 0),
(54, 929, 'tags', 'vtiger_cork', 1, '1', 'tags', 'tags', 1, 2, '', 100, 9, 132, 6, 'V~O', 3, 3, 'BAS', 0, '', 0, NULL, 0),
(14, 930, 'prd_weight', 'vtiger_products', 1, '7', 'prd_weight', 'Product Weight', 1, 2, '', 100, 26, 31, 1, 'NN~O~7,3', 1, 0, 'BAS', 1, '', 0, NULL, 0),
(50, 931, 'bunch_weight', 'vtiger_batch', 1, '7', 'bunch_weight', 'Bunch Weight', 1, 2, '', 100, 14, 121, 1, 'NN~O~7,2', 1, 0, 'BAS', 1, '', 0, NULL, 0),
(50, 932, 'batch_remarks', 'vtiger_batch', 1, '1', 'batch_remarks', 'Remarks', 1, 2, '', 100, 15, 121, 1, 'V~O', 1, 0, 'BAS', 1, '', 0, NULL, 0),
(54, 933, 'core_type', 'vtiger_cork', 1, '15', 'core_type', 'Core Type', 1, 2, '', 100, 10, 132, 1, 'V~O', 1, 0, 'BAS', 1, '', 0, NULL, 0),
(55, 934, 'rejection_code', 'vtiger_rejection', 1, '4', 'rejection_code', 'Rejection Name', 1, 2, '', 100, 1, 134, 1, 'V~M', 1, 0, 'BAS', 1, '', 0, NULL, 0),
(55, 935, 'rejection_date', 'vtiger_rejection', 1, '5', 'rejection_date', 'Date', 1, 2, '', 100, 2, 134, 1, 'D~O', 1, 0, 'BAS', 1, '', 0, NULL, 0),
(55, 936, 'smownerid', 'vtiger_crmentity', 1, '53', 'assigned_user_id', 'Assigned To', 1, 2, '', 100, 3, 134, 1, 'V~M', 1, 0, 'BAS', 1, '', 0, NULL, 0),
(55, 937, 'createdtime', 'vtiger_crmentity', 1, '70', 'createdtime', 'Created Time', 1, 2, '', 100, 4, 134, 2, 'DT~O', 1, 0, 'BAS', 1, '', 0, NULL, 0),
(55, 938, 'modifiedtime', 'vtiger_crmentity', 1, '70', 'modifiedtime', 'Modified Time', 1, 2, '', 100, 5, 134, 2, 'DT~O', 1, 0, 'BAS', 1, '', 0, NULL, 0),
(55, 939, 'source', 'vtiger_crmentity', 1, '1', 'source', 'Source', 1, 2, '', 100, 6, 134, 2, 'V~O', 3, 1, 'BAS', 0, '', 0, NULL, 0),
(55, 940, 'starred', 'vtiger_crmentity_user_field', 1, '56', 'starred', 'starred', 1, 2, '', 100, 7, 134, 6, 'C~O', 3, 2, 'BAS', 0, '', 0, NULL, 0),
(55, 941, 'tags', 'vtiger_rejection', 1, '1', 'tags', 'tags', 1, 2, '', 100, 8, 134, 6, 'V~O', 3, 3, 'BAS', 0, '', 0, NULL, 0),
(55, 942, 'select_frm', 'vtiger_movementrel', 1, '15', 'select_frm', 'Select From', 0, 2, '', 100, 2, 136, 5, 'V~O', 1, 0, 'BAS', 0, '', 0, 0, 0),
(55, 943, 'select_to', 'vtiger_movementrel', 1, '15', 'select_to', 'Select To', 0, 2, '', 100, 3, 136, 5, 'V~O', 1, 0, 'BAS', 0, '', 0, 0, 0),
(55, 944, 'quantity', 'vtiger_movementrel', 1, '7', 'quantity', 'Quantity', 0, 2, '', 100, 4, 136, 5, 'N~O', 1, 0, 'BAS', 0, '', 0, 0, 0),
(55, 945, 'itemid', 'vtiger_movementrel', 1, '10', 'itemid', 'Item Name', 0, 2, '', 100, 1, 136, 5, 'V~M', 1, 0, 'BAS', 0, '', 0, 0, 0),
(55, 946, 'lineItem_type', 'vtiger_movementrel', 1, '2', 'lineItem_type', 'LI Type', 0, 1, '', 100, 5, 136, 5, 'V~O', 1, 0, 'BAS', 0, '', 0, 0, 0),
(55, 947, 'rej_reason', 'vtiger_rej_reason', 1, '15', 'rej_reason', 'Reason', 0, 2, '', 100, 5, 136, 5, 'V~O', 1, 0, 'BAS', 0, '', 0, 0, 0),
(56, 948, 'dispatch_name', 'vtiger_dispatch', 1, '4', 'dispatch_name', 'Dispatch Name', 1, 2, '', 100, 1, 137, 1, 'V~M', 1, 0, 'BAS', 1, '', 0, NULL, 0),
(56, 949, 'dispatch_date', 'vtiger_dispatch', 1, '5', 'dispatch_date', 'Date', 1, 2, '', 100, 2, 137, 1, 'D~O', 1, 0, 'BAS', 1, '', 0, NULL, 0),
(56, 950, 'dispatch_so', 'vtiger_dispatch', 1, '10', 'dispatch_so', 'Sales Order', 1, 2, '', 100, 3, 137, 1, 'V~M', 1, 0, 'BAS', 1, '', 0, NULL, 0),
(56, 951, 'dispatch_inv', 'vtiger_dispatch', 1, '10', 'dispatch_inv', 'Invoice', 1, 2, '', 100, 4, 137, 1, 'V~O', 1, 0, 'BAS', 1, '', 0, NULL, 0),
(56, 952, 'dispatch_remark', 'vtiger_dispatch', 1, '1', 'dispatch_remark', 'Remarks', 1, 2, '', 100, 5, 137, 1, 'V~O', 1, 0, 'BAS', 1, '', 0, NULL, 0),
(56, 953, 'smownerid', 'vtiger_crmentity', 1, '53', 'assigned_user_id', 'Assigned To', 1, 2, '', 100, 6, 137, 1, 'V~M', 1, 0, 'BAS', 1, '', 0, NULL, 0),
(56, 954, 'createdtime', 'vtiger_crmentity', 1, '70', 'createdtime', 'Created Time', 1, 2, '', 100, 7, 137, 2, 'DT~O', 1, 0, 'BAS', 1, '', 0, NULL, 0),
(56, 955, 'modifiedtime', 'vtiger_crmentity', 1, '70', 'modifiedtime', 'Modified Time', 1, 2, '', 100, 8, 137, 2, 'DT~O', 1, 0, 'BAS', 1, '', 0, NULL, 0),
(56, 956, 'source', 'vtiger_crmentity', 1, '1', 'source', 'Source', 1, 2, '', 100, 9, 137, 2, 'V~O', 3, 1, 'BAS', 0, '', 0, NULL, 0),
(56, 957, 'starred', 'vtiger_crmentity_user_field', 1, '56', 'starred', 'starred', 1, 2, '', 100, 10, 137, 6, 'C~O', 3, 2, 'BAS', 0, '', 0, NULL, 0),
(56, 958, 'tags', 'vtiger_dispatch', 1, '1', 'tags', 'tags', 1, 2, '', 100, 11, 137, 6, 'V~O', 3, 3, 'BAS', 0, '', 0, NULL, 0),
(56, 959, 'productid', 'vtiger_dispatch_item', 1, '10', 'productid', 'Product Name', 1, 2, '', 100, 1, 139, 5, 'V~O', 1, 0, 'BAS', 0, '', 0, 0, 0),
(56, 960, 'quantity', 'vtiger_dispatch_item', 1, '2', 'quantity', 'Quantity', 1, 2, '', 100, 2, 139, 5, 'V~O', 1, 0, 'BAS', 0, '', 0, 0, 0);

-- --------------------------------------------------------

--
-- Table structure for table `vtiger_fieldmodulerel`
--

CREATE TABLE `vtiger_fieldmodulerel` (
  `fieldid` int(11) NOT NULL,
  `module` varchar(100) NOT NULL,
  `relmodule` varchar(100) NOT NULL,
  `status` varchar(10) DEFAULT NULL,
  `sequence` int(11) DEFAULT NULL
) ENGINE=InnoDB DEFAULT CHARSET=utf8;

--
-- Dumping data for table `vtiger_fieldmodulerel`
--

INSERT INTO `vtiger_fieldmodulerel` (`fieldid`, `module`, `relmodule`, `status`, `sequence`) VALUES
(113, 'Potentials', 'Accounts', NULL, 0),
(535, 'PBXManager', 'Leads', NULL, NULL),
(535, 'PBXManager', 'Contacts', NULL, NULL),
(535, 'PBXManager', 'Accounts', NULL, NULL),
(571, 'ServiceContracts', 'Contacts', NULL, NULL),
(571, 'ServiceContracts', 'Accounts', NULL, NULL),
(595, 'Assets', 'Products', NULL, NULL),
(601, 'Assets', 'Invoice', NULL, NULL),
(606, 'Assets', 'Accounts', NULL, NULL),
(607, 'Assets', 'Contacts', NULL, NULL),
(619, 'ModComments', 'Leads', NULL, NULL),
(619, 'ModComments', 'Contacts', NULL, NULL),
(619, 'ModComments', 'Accounts', NULL, NULL),
(621, 'ModComments', 'ModComments', NULL, NULL),
(619, 'ModComments', 'Potentials', NULL, NULL),
(625, 'ProjectMilestone', 'Project', NULL, NULL),
(639, 'ProjectTask', 'Project', NULL, NULL),
(619, 'ModComments', 'ProjectTask', NULL, NULL),
(660, 'Project', 'Accounts', NULL, NULL),
(660, 'Project', 'Contacts', NULL, NULL),
(619, 'ModComments', 'Project', NULL, NULL),
(676, 'Invoice', 'Products', NULL, NULL),
(676, 'Invoice', 'Services', NULL, NULL),
(685, 'SalesOrder', 'Products', NULL, NULL),
(685, 'SalesOrder', 'Services', NULL, NULL),
(694, 'PurchaseOrder', 'Products', NULL, NULL),
(694, 'PurchaseOrder', 'Services', NULL, NULL),
(703, 'Quotes', 'Products', NULL, NULL),
(703, 'Quotes', 'Services', NULL, NULL),
(714, 'ModComments', 'Contacts', NULL, NULL),
(619, 'ModComments', 'HelpDesk', NULL, NULL),
(619, 'ModComments', 'Faq', NULL, NULL),
(740, 'Potentials', 'Contacts', NULL, NULL),
(157, 'HelpDesk', 'Accounts', NULL, NULL),
(741, 'HelpDesk', 'Contacts', NULL, NULL),
(238, 'Accounts', 'Calendar', NULL, NULL),
(238, 'Leads', 'Calendar', NULL, NULL),
(238, 'HelpDesk', 'Calendar', NULL, NULL),
(238, 'Campaigns', 'Calendar', NULL, NULL),
(238, 'Potentials', 'Calendar', NULL, NULL),
(238, 'PurchaseOrder', 'Calendar', NULL, NULL),
(238, 'SalesOrder', 'Calendar', NULL, NULL),
(238, 'Quotes', 'Calendar', NULL, NULL),
(238, 'Invoice', 'Calendar', NULL, NULL),
(239, 'Contacts', 'Calendar', NULL, NULL),
(774, 'Invoice', 'Potentials', NULL, NULL),
(619, 'ModComments', 'Invoice', NULL, NULL),
(619, 'ModComments', 'Quotes', NULL, NULL),
(619, 'ModComments', 'PurchaseOrder', NULL, NULL),
(619, 'ModComments', 'SalesOrder', NULL, NULL),
(851, 'Project', 'Potentials', NULL, NULL),
(853, 'Batch', 'SalesOrder', NULL, NULL),
(854, 'Batch', 'Products', NULL, NULL),
(863, 'BatchInventory', 'Batch', NULL, NULL),
(864, 'BatchInventory', 'Products', NULL, NULL),
(893, 'HeatRun', 'Batch', NULL, NULL),
(921, 'Cork', 'Products', NULL, NULL),
(944, 'Dispatch', 'SalesOrder', NULL, NULL),
(945, 'Dispatch', 'Invoice', NULL, NULL),
(950, 'Dispatch', 'SalesOrder', NULL, NULL),
(951, 'Dispatch', 'Invoice', NULL, NULL);

-- --------------------------------------------------------

--
-- Table structure for table `vtiger_field_seq`
--

CREATE TABLE `vtiger_field_seq` (
  `id` int(11) NOT NULL
) ENGINE=InnoDB DEFAULT CHARSET=utf8;

--
-- Dumping data for table `vtiger_field_seq`
--

INSERT INTO `vtiger_field_seq` (`id`) VALUES
(960);

-- --------------------------------------------------------

--
-- Table structure for table `vtiger_freetagged_objects`
--

CREATE TABLE `vtiger_freetagged_objects` (
  `tag_id` int(20) NOT NULL DEFAULT '0',
  `tagger_id` int(20) NOT NULL DEFAULT '0',
  `object_id` int(20) NOT NULL DEFAULT '0',
  `tagged_on` timestamp NOT NULL DEFAULT CURRENT_TIMESTAMP,
  `module` varchar(100) DEFAULT NULL
) ENGINE=InnoDB DEFAULT CHARSET=utf8;

-- --------------------------------------------------------

--
-- Table structure for table `vtiger_freetags`
--

CREATE TABLE `vtiger_freetags` (
  `id` int(19) NOT NULL,
  `tag` varchar(50) NOT NULL DEFAULT '',
  `raw_tag` varchar(50) NOT NULL DEFAULT '',
  `visibility` varchar(100) NOT NULL DEFAULT 'PRIVATE',
  `owner` int(19) NOT NULL
) ENGINE=InnoDB DEFAULT CHARSET=utf8;

-- --------------------------------------------------------

--
-- Table structure for table `vtiger_freetags_seq`
--

CREATE TABLE `vtiger_freetags_seq` (
  `id` int(11) NOT NULL
) ENGINE=InnoDB DEFAULT CHARSET=utf8;

--
-- Dumping data for table `vtiger_freetags_seq`
--

INSERT INTO `vtiger_freetags_seq` (`id`) VALUES
(1);

-- --------------------------------------------------------

--
-- Table structure for table `vtiger_glacct`
--

CREATE TABLE `vtiger_glacct` (
  `glacctid` int(19) NOT NULL,
  `glacct` varchar(200) NOT NULL,
  `presence` int(1) NOT NULL DEFAULT '1',
  `picklist_valueid` int(19) NOT NULL DEFAULT '0',
  `sortorderid` int(11) DEFAULT NULL,
  `color` varchar(10) DEFAULT NULL
) ENGINE=InnoDB DEFAULT CHARSET=utf8;

--
-- Dumping data for table `vtiger_glacct`
--

INSERT INTO `vtiger_glacct` (`glacctid`, `glacct`, `presence`, `picklist_valueid`, `sortorderid`, `color`) VALUES
(1, '300-Sales-Software', 1, 51, 2, NULL),
(2, '301-Sales-Hardware', 1, 52, 1, NULL),
(3, '302-Rental-Income', 1, 53, 3, NULL),
(4, '303-Interest-Income', 1, 54, 4, NULL),
(5, '304-Sales-Software-Support', 1, 55, 5, NULL),
(6, '305-Sales Other', 1, 56, 6, NULL),
(7, '306-Internet Sales', 1, 57, 7, NULL),
(8, '307-Service-Hardware Labor', 1, 58, 8, NULL),
(9, '308-Sales-Books', 1, 59, 9, NULL);

-- --------------------------------------------------------

--
-- Table structure for table `vtiger_glacct_seq`
--

CREATE TABLE `vtiger_glacct_seq` (
  `id` int(11) NOT NULL
) ENGINE=InnoDB DEFAULT CHARSET=utf8;

--
-- Dumping data for table `vtiger_glacct_seq`
--

INSERT INTO `vtiger_glacct_seq` (`id`) VALUES
(9);

-- --------------------------------------------------------

--
-- Table structure for table `vtiger_google_event_calendar_mapping`
--

CREATE TABLE `vtiger_google_event_calendar_mapping` (
  `event_id` varchar(255) DEFAULT NULL,
  `calendar_id` varchar(255) DEFAULT NULL,
  `user_id` int(11) NOT NULL
) ENGINE=InnoDB DEFAULT CHARSET=utf8;

-- --------------------------------------------------------

--
-- Table structure for table `vtiger_google_oauth2`
--

CREATE TABLE `vtiger_google_oauth2` (
  `service` varchar(20) DEFAULT NULL,
  `access_token` varchar(500) DEFAULT NULL,
  `refresh_token` varchar(500) DEFAULT NULL,
  `userid` int(19) DEFAULT NULL
) ENGINE=InnoDB DEFAULT CHARSET=utf8;

-- --------------------------------------------------------

--
-- Table structure for table `vtiger_google_sync_fieldmapping`
--

CREATE TABLE `vtiger_google_sync_fieldmapping` (
  `vtiger_field` varchar(255) DEFAULT NULL,
  `google_field` varchar(255) DEFAULT NULL,
  `google_field_type` varchar(255) DEFAULT NULL,
  `google_custom_label` varchar(255) DEFAULT NULL,
  `user` int(11) DEFAULT NULL
) ENGINE=InnoDB DEFAULT CHARSET=utf8;

-- --------------------------------------------------------

--
-- Table structure for table `vtiger_google_sync_settings`
--

CREATE TABLE `vtiger_google_sync_settings` (
  `user` int(11) DEFAULT NULL,
  `module` varchar(50) DEFAULT NULL,
  `clientgroup` varchar(255) DEFAULT NULL,
  `direction` varchar(50) DEFAULT NULL,
  `enabled` tinyint(3) DEFAULT '1'
) ENGINE=InnoDB DEFAULT CHARSET=utf8;

-- --------------------------------------------------------

--
-- Table structure for table `vtiger_group2grouprel`
--

CREATE TABLE `vtiger_group2grouprel` (
  `groupid` int(19) NOT NULL,
  `containsgroupid` int(19) NOT NULL
) ENGINE=InnoDB DEFAULT CHARSET=utf8;

-- --------------------------------------------------------

--
-- Table structure for table `vtiger_group2role`
--

CREATE TABLE `vtiger_group2role` (
  `groupid` int(19) NOT NULL,
  `roleid` varchar(255) NOT NULL
) ENGINE=InnoDB DEFAULT CHARSET=utf8;

--
-- Dumping data for table `vtiger_group2role`
--

INSERT INTO `vtiger_group2role` (`groupid`, `roleid`) VALUES
(3, 'H2'),
(4, 'H3'),
(2, 'H4');

-- --------------------------------------------------------

--
-- Table structure for table `vtiger_group2rs`
--

CREATE TABLE `vtiger_group2rs` (
  `groupid` int(19) NOT NULL,
  `roleandsubid` varchar(255) NOT NULL
) ENGINE=InnoDB DEFAULT CHARSET=utf8;

--
-- Dumping data for table `vtiger_group2rs`
--

INSERT INTO `vtiger_group2rs` (`groupid`, `roleandsubid`) VALUES
(3, 'H3'),
(4, 'H3'),
(2, 'H5');

-- --------------------------------------------------------

--
-- Table structure for table `vtiger_groups`
--

CREATE TABLE `vtiger_groups` (
  `groupid` int(19) NOT NULL,
  `groupname` varchar(100) DEFAULT NULL,
  `description` text
) ENGINE=InnoDB DEFAULT CHARSET=utf8;

--
-- Dumping data for table `vtiger_groups`
--

INSERT INTO `vtiger_groups` (`groupid`, `groupname`, `description`) VALUES
(2, 'Team Selling', 'Group Related to Sales'),
(3, 'Marketing Group', 'Group Related to Marketing Activities'),
(4, 'Support Group', 'Group Related to providing Support to Customers');

-- --------------------------------------------------------

--
-- Table structure for table `vtiger_heatrun`
--

CREATE TABLE `vtiger_heatrun` (
  `heatrunid` int(19) NOT NULL,
  `heatrun_id` varchar(255) DEFAULT NULL,
  `heatrun_name` varchar(255) DEFAULT NULL,
  `heatrun_date` date DEFAULT NULL,
  `heatrun_furnace` varchar(255) DEFAULT NULL,
  `heat_number` varchar(255) DEFAULT NULL,
  `heatrun_batch` varchar(255) DEFAULT NULL,
  `heatrun_qty` varchar(255) DEFAULT NULL,
  `tags` varchar(1) DEFAULT NULL
) ENGINE=InnoDB DEFAULT CHARSET=utf8;

-- --------------------------------------------------------

--
-- Table structure for table `vtiger_heatruncf`
--

CREATE TABLE `vtiger_heatruncf` (
  `heatrunid` int(19) NOT NULL
) ENGINE=InnoDB DEFAULT CHARSET=utf8;

-- --------------------------------------------------------

--
-- Table structure for table `vtiger_heatrun_furnace`
--

CREATE TABLE `vtiger_heatrun_furnace` (
  `heatrun_furnaceid` int(11) NOT NULL,
  `heatrun_furnace` varchar(200) NOT NULL,
  `presence` int(1) NOT NULL DEFAULT '1',
  `picklist_valueid` int(11) NOT NULL DEFAULT '0',
  `sortorderid` int(11) DEFAULT '0',
  `color` varchar(10) DEFAULT NULL
) ENGINE=InnoDB DEFAULT CHARSET=utf8;

--
-- Dumping data for table `vtiger_heatrun_furnace`
--

INSERT INTO `vtiger_heatrun_furnace` (`heatrun_furnaceid`, `heatrun_furnace`, `presence`, `picklist_valueid`, `sortorderid`, `color`) VALUES
(1, '1 Ton A', 1, 333, 1, NULL),
(2, '1 Ton B', 1, 334, 2, NULL),
(3, '1 Ton C', 1, 335, 3, NULL),
(4, '1.5 Ton A', 1, 336, 4, NULL),
(5, '1.5 Ton B', 1, 337, 5, NULL);

-- --------------------------------------------------------

--
-- Table structure for table `vtiger_heatrun_furnace_seq`
--

CREATE TABLE `vtiger_heatrun_furnace_seq` (
  `id` int(11) NOT NULL
) ENGINE=InnoDB DEFAULT CHARSET=utf8 COLLATE=utf8_unicode_ci;

--
-- Dumping data for table `vtiger_heatrun_furnace_seq`
--

INSERT INTO `vtiger_heatrun_furnace_seq` (`id`) VALUES
(5);

-- --------------------------------------------------------

--
-- Table structure for table `vtiger_heatrun_user_field`
--

CREATE TABLE `vtiger_heatrun_user_field` (
  `recordid` int(25) NOT NULL,
  `userid` int(25) NOT NULL,
  `starred` varchar(100) DEFAULT NULL
) ENGINE=InnoDB DEFAULT CHARSET=utf8;

-- --------------------------------------------------------

--
-- Table structure for table `vtiger_heat_number`
--

CREATE TABLE `vtiger_heat_number` (
  `heat_numberid` int(11) NOT NULL,
  `heat_number` varchar(200) NOT NULL,
  `presence` int(1) NOT NULL DEFAULT '1',
  `picklist_valueid` int(11) NOT NULL DEFAULT '0',
  `sortorderid` int(11) DEFAULT '0',
  `color` varchar(10) DEFAULT NULL
) ENGINE=InnoDB DEFAULT CHARSET=utf8;

--
-- Dumping data for table `vtiger_heat_number`
--

INSERT INTO `vtiger_heat_number` (`heat_numberid`, `heat_number`, `presence`, `picklist_valueid`, `sortorderid`, `color`) VALUES
(1, '1', 1, 338, 1, NULL),
(2, '2', 1, 339, 2, NULL),
(3, '3', 1, 340, 3, NULL),
(4, '4', 1, 341, 4, NULL),
(5, '5', 1, 342, 5, NULL),
(6, '6', 1, 343, 6, NULL),
(7, '7', 1, 344, 7, NULL),
(8, '8', 1, 345, 8, NULL),
(9, '9', 1, 346, 9, NULL),
(10, '10', 1, 347, 10, NULL);

-- --------------------------------------------------------

--
-- Table structure for table `vtiger_heat_number_seq`
--

CREATE TABLE `vtiger_heat_number_seq` (
  `id` int(11) NOT NULL
) ENGINE=InnoDB DEFAULT CHARSET=utf8 COLLATE=utf8_unicode_ci;

--
-- Dumping data for table `vtiger_heat_number_seq`
--

INSERT INTO `vtiger_heat_number_seq` (`id`) VALUES
(10);

-- --------------------------------------------------------

--
-- Table structure for table `vtiger_homedashbd`
--

CREATE TABLE `vtiger_homedashbd` (
  `stuffid` int(19) NOT NULL DEFAULT '0',
  `dashbdname` varchar(100) DEFAULT NULL,
  `dashbdtype` varchar(100) DEFAULT NULL
) ENGINE=InnoDB DEFAULT CHARSET=utf8;

-- --------------------------------------------------------

--
-- Table structure for table `vtiger_homedefault`
--

CREATE TABLE `vtiger_homedefault` (
  `stuffid` int(19) NOT NULL DEFAULT '0',
  `hometype` varchar(30) NOT NULL,
  `maxentries` int(19) DEFAULT NULL,
  `setype` varchar(30) DEFAULT NULL
) ENGINE=InnoDB DEFAULT CHARSET=utf8;

--
-- Dumping data for table `vtiger_homedefault`
--

INSERT INTO `vtiger_homedefault` (`stuffid`, `hometype`, `maxentries`, `setype`) VALUES
(1, 'ALVT', 5, 'Accounts'),
(2, 'HDB', 5, 'Dashboard'),
(3, 'PLVT', 5, 'Potentials'),
(4, 'QLTQ', 5, 'Quotes'),
(5, 'CVLVT', 5, 'NULL'),
(6, 'HLT', 5, 'HelpDesk'),
(7, 'UA', 5, 'Calendar'),
(8, 'GRT', 5, 'NULL'),
(9, 'OLTSO', 5, 'SalesOrder'),
(10, 'ILTI', 5, 'Invoice'),
(11, 'MNL', 5, 'Leads'),
(12, 'OLTPO', 5, 'PurchaseOrder'),
(13, 'PA', 5, 'Calendar'),
(14, 'LTFAQ', 5, 'Faq'),
(16, 'ALVT', 5, 'Accounts'),
(17, 'HDB', 5, 'Dashboard'),
(18, 'PLVT', 5, 'Potentials'),
(19, 'QLTQ', 5, 'Quotes'),
(20, 'CVLVT', 5, 'NULL'),
(21, 'HLT', 5, 'HelpDesk'),
(22, 'UA', 5, 'Calendar'),
(23, 'GRT', 5, 'NULL'),
(24, 'OLTSO', 5, 'SalesOrder'),
(25, 'ILTI', 5, 'Invoice'),
(26, 'MNL', 5, 'Leads'),
(27, 'OLTPO', 5, 'PurchaseOrder'),
(28, 'PA', 5, 'Calendar'),
(29, 'LTFAQ', 5, 'Faq');

-- --------------------------------------------------------

--
-- Table structure for table `vtiger_homemodule`
--

CREATE TABLE `vtiger_homemodule` (
  `stuffid` int(19) NOT NULL,
  `modulename` varchar(100) DEFAULT NULL,
  `maxentries` int(19) NOT NULL,
  `customviewid` int(19) NOT NULL,
  `setype` varchar(30) NOT NULL
) ENGINE=InnoDB DEFAULT CHARSET=utf8;

-- --------------------------------------------------------

--
-- Table structure for table `vtiger_homemoduleflds`
--

CREATE TABLE `vtiger_homemoduleflds` (
  `stuffid` int(19) DEFAULT NULL,
  `fieldname` varchar(100) DEFAULT NULL
) ENGINE=InnoDB DEFAULT CHARSET=utf8;

-- --------------------------------------------------------

--
-- Table structure for table `vtiger_homereportchart`
--

CREATE TABLE `vtiger_homereportchart` (
  `stuffid` int(11) NOT NULL,
  `reportid` int(19) DEFAULT NULL,
  `reportcharttype` varchar(100) DEFAULT NULL
) ENGINE=InnoDB DEFAULT CHARSET=utf8;

-- --------------------------------------------------------

--
-- Table structure for table `vtiger_homerss`
--

CREATE TABLE `vtiger_homerss` (
  `stuffid` int(19) NOT NULL DEFAULT '0',
  `url` varchar(100) DEFAULT NULL,
  `maxentries` int(19) NOT NULL
) ENGINE=InnoDB DEFAULT CHARSET=utf8;

-- --------------------------------------------------------

--
-- Table structure for table `vtiger_homestuff`
--

CREATE TABLE `vtiger_homestuff` (
  `stuffid` int(19) NOT NULL DEFAULT '0',
  `stuffsequence` int(19) NOT NULL DEFAULT '0',
  `stufftype` varchar(100) DEFAULT NULL,
  `userid` int(19) NOT NULL,
  `visible` int(10) NOT NULL DEFAULT '0',
  `stufftitle` varchar(100) DEFAULT NULL
) ENGINE=InnoDB DEFAULT CHARSET=utf8;

--
-- Dumping data for table `vtiger_homestuff`
--

INSERT INTO `vtiger_homestuff` (`stuffid`, `stuffsequence`, `stufftype`, `userid`, `visible`, `stufftitle`) VALUES
(1, 1, 'Default', 1, 1, 'Top Accounts'),
(2, 2, 'Default', 1, 1, 'Home Page Dashboard'),
(3, 3, 'Default', 1, 1, 'Top Potentials'),
(4, 4, 'Default', 1, 1, 'Top Quotes'),
(5, 5, 'Default', 1, 1, 'Key Metrics'),
(6, 6, 'Default', 1, 1, 'Top Trouble Tickets'),
(7, 7, 'Default', 1, 1, 'Upcoming Activities'),
(8, 8, 'Default', 1, 1, 'My Group Allocation'),
(9, 9, 'Default', 1, 1, 'Top Sales Orders'),
(10, 10, 'Default', 1, 1, 'Top Invoices'),
(11, 11, 'Default', 1, 1, 'My New Leads'),
(12, 12, 'Default', 1, 1, 'Top Purchase Orders'),
(13, 13, 'Default', 1, 1, 'Pending Activities'),
(14, 14, 'Default', 1, 1, 'My Recent FAQs'),
(15, 15, 'Tag Cloud', 1, 0, 'Tag Cloud'),
(16, 1, 'Default', 5, 1, 'Top Accounts'),
(17, 2, 'Default', 5, 1, 'Home Page Dashboard'),
(18, 3, 'Default', 5, 1, 'Top Potentials'),
(19, 4, 'Default', 5, 1, 'Top Quotes'),
(20, 5, 'Default', 5, 1, 'Key Metrics'),
(21, 6, 'Default', 5, 1, 'Top Trouble Tickets'),
(22, 7, 'Default', 5, 1, 'Upcoming Activities'),
(23, 8, 'Default', 5, 1, 'My Group Allocation'),
(24, 9, 'Default', 5, 1, 'Top Sales Orders'),
(25, 10, 'Default', 5, 1, 'Top Invoices'),
(26, 11, 'Default', 5, 1, 'My New Leads'),
(27, 12, 'Default', 5, 1, 'Top Purchase Orders'),
(28, 13, 'Default', 5, 1, 'Pending Activities'),
(29, 14, 'Default', 5, 1, 'My Recent FAQs'),
(30, 15, 'Tag Cloud', 5, 0, 'Tag Cloud');

-- --------------------------------------------------------

--
-- Table structure for table `vtiger_homestuff_seq`
--

CREATE TABLE `vtiger_homestuff_seq` (
  `id` int(11) NOT NULL
) ENGINE=InnoDB DEFAULT CHARSET=utf8;

--
-- Dumping data for table `vtiger_homestuff_seq`
--

INSERT INTO `vtiger_homestuff_seq` (`id`) VALUES
(30);

-- --------------------------------------------------------

--
-- Table structure for table `vtiger_home_layout`
--

CREATE TABLE `vtiger_home_layout` (
  `userid` int(19) NOT NULL,
  `layout` int(19) NOT NULL DEFAULT '4'
) ENGINE=InnoDB DEFAULT CHARSET=utf8;

-- --------------------------------------------------------

--
-- Table structure for table `vtiger_hour_format`
--

CREATE TABLE `vtiger_hour_format` (
  `hour_formatid` int(11) NOT NULL,
  `hour_format` varchar(200) NOT NULL,
  `sortorderid` int(11) DEFAULT NULL,
  `presence` int(11) NOT NULL DEFAULT '1'
) ENGINE=InnoDB DEFAULT CHARSET=utf8;

--
-- Dumping data for table `vtiger_hour_format`
--

INSERT INTO `vtiger_hour_format` (`hour_formatid`, `hour_format`, `sortorderid`, `presence`) VALUES
(1, '12', 0, 1),
(2, '24', 1, 1);

-- --------------------------------------------------------

--
-- Table structure for table `vtiger_hour_format_seq`
--

CREATE TABLE `vtiger_hour_format_seq` (
  `id` int(11) NOT NULL
) ENGINE=InnoDB DEFAULT CHARSET=utf8;

--
-- Dumping data for table `vtiger_hour_format_seq`
--

INSERT INTO `vtiger_hour_format_seq` (`id`) VALUES
(2);

-- --------------------------------------------------------

--
-- Table structure for table `vtiger_import_1`
--

CREATE TABLE `vtiger_import_1` (
  `id` int(11) NOT NULL,
  `status` int(11) DEFAULT '0',
  `recordid` int(11) DEFAULT NULL,
  `prd_cork` varchar(250) COLLATE utf8_unicode_ci DEFAULT NULL,
  `core_type` varchar(100) COLLATE utf8_unicode_ci DEFAULT NULL,
  `cork_qty` varchar(255) COLLATE utf8_unicode_ci DEFAULT NULL
) ENGINE=MyISAM DEFAULT CHARSET=utf8 COLLATE=utf8_unicode_ci;

--
-- Dumping data for table `vtiger_import_1`
--

INSERT INTO `vtiger_import_1` (`id`, `status`, `recordid`, `prd_cork`, `core_type`, `cork_qty`) VALUES
(1, 1, 54, 'T2061NAN COVER', 'T2061-CL', '1'),
(2, 1, 55, 'T2061NAN COVER', 'T2061-CB', '1'),
(3, 1, 56, 'T2061NAN FRAME', 'T2061-FL', '1'),
(4, 1, 57, 'T2061NAN FRAME', 'T2061-FO', '1'),
(5, 1, 58, 'TH30 COVER', 'KEY40', '1'),
(6, 1, 59, 'TH40 COVER', 'KEY40', '1'),
(7, 1, 60, 'TH40LC COVER', 'KEY40', '1'),
(8, 1, 61, 'TH50 COVER', 'KEY40', '1'),
(9, 1, 62, 'TH50LC COVER', 'KEY40', '1'),
(10, 1, 63, 'TH60 COVER', 'KEY40', '1'),
(11, 1, 64, 'TH60LC COVER', 'KEY40', '1'),
(12, 1, 65, '300X300 B-125 FRAME', '3B-FL', '2'),
(13, 1, 66, '300X300 B-125 COVER', 'KEY50-16', '1'),
(14, 1, 67, '300X300 B-125 COVER', '3B-CL', '1'),
(15, 1, 68, '400X400 B-125 FRAME', '4B-FL', '2'),
(16, 1, 69, '400X400 B-125 COVER', 'KEY50-16', '1'),
(17, 1, 70, '400X400 B-125 COVER', '4B-CL', '2'),
(18, 1, 71, '500X500 B-125 FRAME', '5B-FL', '2'),
(19, 1, 72, '500X500 B-125 FRAME', 'SPRUE', '1'),
(20, 1, 73, '500X500 B-125 COVER', 'KEY50-16', '1'),
(21, 1, 74, '500X500 B-125 COVER', '5B-CL', '1'),
(22, 1, 75, '600X600 B-125 FRAME', '6B-FL', '2'),
(23, 1, 76, '600X600 B-125 FRAME', '6B-FSL', '1'),
(24, 1, 77, '600X600 B-125 COVER', 'KEY50-16', '1'),
(25, 1, 78, '600X600 B-125 COVER', '6B-CL', '1'),
(26, 1, 79, '300X300 C-250 FRAME', '3C-FL', '1'),
(27, 1, 80, '300X300 C-250 FRAME', '3C-FSL', '1'),
(28, 1, 81, '300X300 C-250 COVER', 'KEY50-16', '1'),
(29, 1, 82, '300X300 C-250 COVER', '3C-CL', '1'),
(30, 1, 83, '400X400 C-250 FRAME', '4C-FL', '2'),
(31, 1, 84, '400X400 C-250 COVER', 'KEY50-16', '1'),
(32, 1, 85, '400X400 C-250 COVER', '4C-CL', '1'),
(33, 1, 86, '500X500 C-250 FRAME', '5C-FL', '2'),
(34, 1, 87, '500X500 C-250 FRAME', 'SPRUE', '1'),
(35, 1, 88, '500X500 C-250 COVER', 'KEY50-16', '1'),
(36, 1, 89, '500X500 C-250 COVER', '5C-CL', '2'),
(37, 1, 90, '550X550 C-250 FRAME', '55C-FL', '2'),
(38, 1, 91, '550X550 C-250 FRAME', '55C-FSL', '1'),
(39, 1, 92, '550X550 C-250 COVER', 'KEY50-16', '1'),
(40, 1, 93, '550X550 C-250 COVER', '55C-CL', '1'),
(41, 1, 94, '600X600 C-250 FRAME', '6C-FL', '2'),
(42, 1, 95, '600X600 C-250 COVER', 'KEY50-16', '1'),
(43, 1, 96, '600X600 C-250 COVER', '6C-CL', '1'),
(44, 1, 97, '700X700 C-250 FRAME', '7C-FL', '2'),
(45, 1, 98, '700X700 C-250 FRAME', '7C-FPL', '2'),
(46, 1, 99, '700X700 C-250 COVER', 'KEY50-16', '1'),
(47, 1, 100, '700X700 C-250 COVER', '7C-CL', '2'),
(48, 1, 101, '550X550 D-400 FRAME', '55D-FL', '2'),
(49, 1, 102, '550X550 D-400 FRAME', '55D-FPL', '1'),
(50, 1, 103, '550X550 D-400 COVER', 'KEY50-16', '1'),
(51, 1, 104, '550X550 D-400 COVER', '55D-CL', '1'),
(52, 1, 105, '300X300 C-250 FRAME', '3C-FHL', '2'),
(53, 1, 106, '300X300 C-250 FRAME', '3C-FPL', '2'),
(54, 1, 107, '300X300 C-250 GRATE', '3C-GHL', '2'),
(55, 1, 108, '300X300 C-250 GRATE', '3C-GPL', '2'),
(56, 1, 109, '402X402 C-250 FRAME', '4C-FHL', '2'),
(57, 1, 110, '402X402 C-250 FRAME', '4C-FPL', '2'),
(58, 1, 111, '402X402 C-250 GRATE', '4C-GHL', '2'),
(59, 1, 112, '402X402 C-250 GRATE', '4C-GPL', '2'),
(60, 1, 113, '402X402 C-250 CONCAVE FRAME', '4CC-FHL', '2'),
(61, 1, 114, '402X402 C-250 CONCAVE FRAME', '4CC-FPL', '2'),
(62, 1, 115, '402X402 C-250 CONCAVE GRATE', '4CC-GHL', '2'),
(63, 1, 116, '402X402 C-250 CONCAVE GRATE', '4CC-GPL', '2');

-- --------------------------------------------------------

--
-- Table structure for table `vtiger_import_locks`
--

CREATE TABLE `vtiger_import_locks` (
  `vtiger_import_lock_id` int(11) NOT NULL,
  `userid` int(11) NOT NULL,
  `tabid` int(11) NOT NULL,
  `importid` int(11) NOT NULL,
  `locked_since` datetime DEFAULT NULL
) ENGINE=InnoDB DEFAULT CHARSET=utf8;

-- --------------------------------------------------------

--
-- Table structure for table `vtiger_import_locks_seq`
--

CREATE TABLE `vtiger_import_locks_seq` (
  `id` int(11) NOT NULL
) ENGINE=InnoDB DEFAULT CHARSET=utf8 COLLATE=utf8_unicode_ci;

--
-- Dumping data for table `vtiger_import_locks_seq`
--

INSERT INTO `vtiger_import_locks_seq` (`id`) VALUES
(9);

-- --------------------------------------------------------

--
-- Table structure for table `vtiger_import_maps`
--

CREATE TABLE `vtiger_import_maps` (
  `id` int(19) NOT NULL,
  `name` varchar(36) NOT NULL,
  `module` varchar(36) NOT NULL,
  `content` longblob,
  `has_header` int(1) NOT NULL DEFAULT '1',
  `deleted` int(1) NOT NULL DEFAULT '0',
  `date_entered` timestamp NOT NULL DEFAULT CURRENT_TIMESTAMP ON UPDATE CURRENT_TIMESTAMP,
  `date_modified` datetime DEFAULT NULL,
  `assigned_user_id` varchar(36) DEFAULT NULL,
  `is_published` varchar(3) NOT NULL DEFAULT 'no'
) ENGINE=InnoDB DEFAULT CHARSET=utf8;

--
-- Dumping data for table `vtiger_import_maps`
--

INSERT INTO `vtiger_import_maps` (`id`, `name`, `module`, `content`, `has_header`, `deleted`, `date_entered`, `date_modified`, `assigned_user_id`, `is_published`) VALUES
(1, 'item_list', 'Products', 0x3d646973636f6e74696e756564264974656d20436f64653d70726f64756374636f6465264974656d204e616d653d70726f647563746e616d6526554f4d3d7174795f7065725f756e6974262832293d61737369676e65645f757365725f6964, 1, 0, '2019-03-11 13:32:42', NULL, '1', 'no'),
(2, 'test_f', 'Products', 0x536c206e6f2e3d73657269616c5f6e6f264974656d20436f64653d70726f64756374636f6465264974656d204e616d653d70726f647563746e616d6526554f4d3d7573616765756e6974, 1, 0, '2019-03-11 13:47:27', NULL, '1', 'no'),
(3, 'new one last', 'Products', 0x4974656d20436f64653d70726f64756374636f6465264e616d653d70726f647563746e616d65265765696768743d7072645f776569676874, 1, 0, '2019-06-10 12:39:35', NULL, '1', 'no'),
(4, 'Core_type', 'Cork', 0x50726f64756374204e616d653d7072645f636f726b26436f726520547970653d636f72655f74797065265175616e746974793d636f726b5f717479, 1, 0, '2019-06-10 12:52:16', NULL, '1', 'no');

-- --------------------------------------------------------

--
-- Table structure for table `vtiger_import_queue`
--

CREATE TABLE `vtiger_import_queue` (
  `importid` int(11) NOT NULL,
  `userid` int(11) NOT NULL,
  `tabid` int(11) NOT NULL,
  `field_mapping` text,
  `default_values` text,
  `merge_type` int(11) DEFAULT NULL,
  `merge_fields` text,
  `status` int(11) DEFAULT '0',
  `lineitem_currency_id` int(5) DEFAULT NULL,
  `paging` int(1) DEFAULT '0'
) ENGINE=InnoDB DEFAULT CHARSET=utf8;

-- --------------------------------------------------------

--
-- Table structure for table `vtiger_import_queue_seq`
--

CREATE TABLE `vtiger_import_queue_seq` (
  `id` int(11) NOT NULL
) ENGINE=InnoDB DEFAULT CHARSET=utf8 COLLATE=utf8_unicode_ci;

--
-- Dumping data for table `vtiger_import_queue_seq`
--

INSERT INTO `vtiger_import_queue_seq` (`id`) VALUES
(10);

-- --------------------------------------------------------

--
-- Table structure for table `vtiger_industry`
--

CREATE TABLE `vtiger_industry` (
  `industryid` int(19) NOT NULL,
  `industry` varchar(200) NOT NULL,
  `presence` int(1) NOT NULL DEFAULT '1',
  `picklist_valueid` int(19) NOT NULL DEFAULT '0',
  `sortorderid` int(11) DEFAULT NULL,
  `color` varchar(10) DEFAULT NULL
) ENGINE=InnoDB DEFAULT CHARSET=utf8;

--
-- Dumping data for table `vtiger_industry`
--

INSERT INTO `vtiger_industry` (`industryid`, `industry`, `presence`, `picklist_valueid`, `sortorderid`, `color`) VALUES
(2, 'Apparel', 1, 61, 1, NULL),
(3, 'Banking', 1, 62, 2, NULL),
(4, 'Biotechnology', 1, 63, 3, NULL),
(5, 'Chemicals', 1, 64, 4, NULL),
(6, 'Communications', 1, 65, 5, NULL),
(7, 'Construction', 1, 66, 6, NULL),
(8, 'Consulting', 1, 67, 7, NULL),
(9, 'Education', 1, 68, 8, NULL),
(10, 'Electronics', 1, 69, 9, NULL),
(11, 'Energy', 1, 70, 10, NULL),
(12, 'Engineering', 1, 71, 11, NULL),
(13, 'Entertainment', 1, 72, 12, NULL),
(14, 'Environmental', 1, 73, 13, NULL),
(15, 'Finance', 1, 74, 14, NULL),
(16, 'Food & Beverage', 1, 75, 15, NULL),
(17, 'Government', 1, 76, 16, NULL),
(18, 'Healthcare', 1, 77, 17, NULL),
(19, 'Hospitality', 1, 78, 18, NULL),
(20, 'Insurance', 1, 79, 19, NULL),
(21, 'Machinery', 1, 80, 20, NULL),
(22, 'Manufacturing', 1, 81, 21, NULL),
(23, 'Media', 1, 82, 22, NULL),
(24, 'Not For Profit', 1, 83, 23, NULL),
(25, 'Recreation', 1, 84, 24, NULL),
(26, 'Retail', 1, 85, 25, NULL),
(27, 'Shipping', 1, 86, 26, NULL),
(28, 'Technology', 1, 87, 27, NULL),
(29, 'Telecommunications', 1, 88, 28, NULL),
(30, 'Transportation', 1, 89, 29, NULL),
(31, 'Utilities', 1, 90, 30, NULL),
(32, 'Other', 1, 91, 31, NULL);

-- --------------------------------------------------------

--
-- Table structure for table `vtiger_industry_seq`
--

CREATE TABLE `vtiger_industry_seq` (
  `id` int(11) NOT NULL
) ENGINE=InnoDB DEFAULT CHARSET=utf8;

--
-- Dumping data for table `vtiger_industry_seq`
--

INSERT INTO `vtiger_industry_seq` (`id`) VALUES
(32);

-- --------------------------------------------------------

--
-- Table structure for table `vtiger_invb_select_frm`
--

CREATE TABLE `vtiger_invb_select_frm` (
  `invb_select_frmid` int(11) NOT NULL,
  `invb_select_frm` varchar(200) NOT NULL,
  `presence` int(1) NOT NULL DEFAULT '1',
  `picklist_valueid` int(11) NOT NULL DEFAULT '0',
  `sortorderid` int(11) DEFAULT '0',
  `color` varchar(10) DEFAULT NULL
) ENGINE=InnoDB DEFAULT CHARSET=utf8;

--
-- Dumping data for table `vtiger_invb_select_frm`
--

INSERT INTO `vtiger_invb_select_frm` (`invb_select_frmid`, `invb_select_frm`, `presence`, `picklist_valueid`, `sortorderid`, `color`) VALUES
(1, 'InHand', 1, 306, 1, NULL),
(2, 'Molding', 1, 307, 2, NULL),
(3, 'Shot blasting', 1, 308, 3, '#ffffff'),
(4, 'Fettling & Grinding', 1, 309, 4, '#ffffff'),
(6, 'Painting', 1, 311, 6, '#ffffff'),
(7, 'Crating', 1, 312, 7, '#ffffff'),
(8, 'Warehouse', 1, 313, 8, '#ffffff');

-- --------------------------------------------------------

--
-- Table structure for table `vtiger_invb_select_frm_seq`
--

CREATE TABLE `vtiger_invb_select_frm_seq` (
  `id` int(11) NOT NULL
) ENGINE=InnoDB DEFAULT CHARSET=utf8 COLLATE=utf8_unicode_ci;

--
-- Dumping data for table `vtiger_invb_select_frm_seq`
--

INSERT INTO `vtiger_invb_select_frm_seq` (`id`) VALUES
(8);

-- --------------------------------------------------------

--
-- Table structure for table `vtiger_invb_select_to`
--

CREATE TABLE `vtiger_invb_select_to` (
  `invb_select_toid` int(11) NOT NULL,
  `invb_select_to` varchar(200) NOT NULL,
  `presence` int(1) NOT NULL DEFAULT '1',
  `picklist_valueid` int(11) NOT NULL DEFAULT '0',
  `sortorderid` int(11) DEFAULT '0',
  `color` varchar(10) DEFAULT NULL
) ENGINE=InnoDB DEFAULT CHARSET=utf8;

--
-- Dumping data for table `vtiger_invb_select_to`
--

INSERT INTO `vtiger_invb_select_to` (`invb_select_toid`, `invb_select_to`, `presence`, `picklist_valueid`, `sortorderid`, `color`) VALUES
(1, 'InHand', 1, 314, 1, NULL),
(2, 'Molding', 1, 315, 2, NULL),
(4, 'Fettling & Grinding', 1, 317, 4, '#ffffff'),
(6, 'Painting', 1, 319, 6, '#ffffff'),
(7, 'Crating', 1, 320, 7, '#ffffff'),
(8, 'Warehouse', 1, 321, 8, '#ffffff'),
(9, 'Shot blasting', 1, 323, 3, '#ffffff');

-- --------------------------------------------------------

--
-- Table structure for table `vtiger_invb_select_to_seq`
--

CREATE TABLE `vtiger_invb_select_to_seq` (
  `id` int(11) NOT NULL
) ENGINE=InnoDB DEFAULT CHARSET=utf8 COLLATE=utf8_unicode_ci;

--
-- Dumping data for table `vtiger_invb_select_to_seq`
--

INSERT INTO `vtiger_invb_select_to_seq` (`id`) VALUES
(7);

-- --------------------------------------------------------

--
-- Table structure for table `vtiger_inventorycharges`
--

CREATE TABLE `vtiger_inventorycharges` (
  `chargeid` int(5) NOT NULL,
  `name` varchar(100) NOT NULL,
  `format` varchar(10) DEFAULT NULL,
  `type` varchar(10) DEFAULT NULL,
  `value` decimal(12,5) DEFAULT NULL,
  `regions` text,
  `istaxable` int(1) NOT NULL DEFAULT '1',
  `taxes` varchar(1024) DEFAULT NULL,
  `deleted` int(1) NOT NULL DEFAULT '0'
) ENGINE=InnoDB DEFAULT CHARSET=utf8;

--
-- Dumping data for table `vtiger_inventorycharges`
--

INSERT INTO `vtiger_inventorycharges` (`chargeid`, `name`, `format`, `type`, `value`, `regions`, `istaxable`, `taxes`, `deleted`) VALUES
(1, 'Shipping & Handling', 'Flat', 'Fixed', '0.00000', '[]', 1, '[\"1\",\"2\",\"3\"]', 0);

-- --------------------------------------------------------

--
-- Table structure for table `vtiger_inventorychargesrel`
--

CREATE TABLE `vtiger_inventorychargesrel` (
  `recordid` int(19) NOT NULL,
  `charges` text
) ENGINE=InnoDB DEFAULT CHARSET=utf8;

--
-- Dumping data for table `vtiger_inventorychargesrel`
--

INSERT INTO `vtiger_inventorychargesrel` (`recordid`, `charges`) VALUES
(2256, '[]'),
(2257, '[]'),
(2261, '[]'),
(2244, '{\"1\":{\"value\":\"0\",\"taxes\":{\"1\":\"4.500\",\"2\":\"10.000\",\"3\":\"12.500\"}}}'),
(2450, '{\"1\":{\"value\":\"0\",\"taxes\":{\"1\":\"4.500\",\"2\":\"10.000\",\"3\":\"12.500\"}}}'),
(2451, '{\"1\":{\"value\":\"0\",\"taxes\":{\"1\":\"4.500\",\"2\":\"10.000\",\"3\":\"12.500\"}}}'),
(2452, '{\"1\":{\"value\":\"0\",\"taxes\":{\"1\":\"4.500\",\"2\":\"10.000\",\"3\":\"12.500\"}}}'),
(2460, '{\"1\":{\"value\":\"0\",\"taxes\":{\"1\":\"4.500\",\"2\":\"10.000\",\"3\":\"12.500\"}}}'),
(2461, '{\"1\":{\"value\":\"0\",\"taxes\":{\"1\":\"4.500\",\"2\":\"10.000\",\"3\":\"12.500\"}}}'),
(7, '{\"1\":{\"value\":\"0\",\"taxes\":{\"1\":\"4.500\",\"2\":\"10.000\",\"3\":\"12.500\"}}}'),
(2548, '{\"1\":{\"value\":\"0\",\"taxes\":{\"1\":\"4.500\",\"2\":\"10.000\",\"3\":\"12.500\"}}}');

-- --------------------------------------------------------

--
-- Table structure for table `vtiger_inventorynotification`
--

CREATE TABLE `vtiger_inventorynotification` (
  `notificationid` int(19) NOT NULL,
  `notificationname` varchar(200) DEFAULT NULL,
  `notificationsubject` varchar(200) DEFAULT NULL,
  `notificationbody` text,
  `label` varchar(50) DEFAULT NULL,
  `status` varchar(30) DEFAULT NULL
) ENGINE=InnoDB DEFAULT CHARSET=utf8;

--
-- Dumping data for table `vtiger_inventorynotification`
--

INSERT INTO `vtiger_inventorynotification` (`notificationid`, `notificationname`, `notificationsubject`, `notificationbody`, `label`, `status`) VALUES
(1, 'InvoiceNotification', '{PRODUCTNAME} Stock Level is Low', 'Dear {HANDLER},\n\nThe current stock of {PRODUCTNAME} in our warehouse is {CURRENTSTOCK}. Kindly procure required number of units as the stock level is below reorder level {REORDERLEVELVALUE}.\n\nPlease treat this information as Urgent as the invoice is already sent  to the customer.\n\nSeverity: Critical\n\nThanks,\n{CURRENTUSER} ', 'InvoiceNotificationDescription', NULL),
(2, 'QuoteNotification', 'Quote given for {PRODUCTNAME}', 'Dear {HANDLER},\n\nQuote is generated for {QUOTEQUANTITY} units of {PRODUCTNAME}. The current stock of {PRODUCTNAME} in our warehouse is {CURRENTSTOCK}.\n\nSeverity: Minor\n\nThanks,\n{CURRENTUSER} ', 'QuoteNotificationDescription', NULL),
(3, 'SalesOrderNotification', 'Sales Order generated for {PRODUCTNAME}', 'Dear {HANDLER},\n\nSalesOrder is generated for {SOQUANTITY} units of {PRODUCTNAME}. The current stock of {PRODUCTNAME} in our warehouse is {CURRENTSTOCK}.\n\nPlease treat this information  with priority as the sales order is already generated.\n\nSeverity: Major\n\nThanks,\n{CURRENTUSER} ', 'SalesOrderNotificationDescription', NULL);

-- --------------------------------------------------------

--
-- Table structure for table `vtiger_inventorynotification_seq`
--

CREATE TABLE `vtiger_inventorynotification_seq` (
  `id` int(11) NOT NULL
) ENGINE=InnoDB DEFAULT CHARSET=utf8;

--
-- Dumping data for table `vtiger_inventorynotification_seq`
--

INSERT INTO `vtiger_inventorynotification_seq` (`id`) VALUES
(3);

-- --------------------------------------------------------

--
-- Table structure for table `vtiger_inventoryproductrel`
--

CREATE TABLE `vtiger_inventoryproductrel` (
  `id` int(19) DEFAULT NULL,
  `productid` int(19) DEFAULT NULL,
  `sequence_no` int(4) DEFAULT NULL,
  `quantity` decimal(25,3) DEFAULT NULL,
  `listprice` decimal(27,8) DEFAULT NULL,
  `discount_percent` decimal(7,3) DEFAULT NULL,
  `discount_amount` decimal(27,8) DEFAULT NULL,
  `comment` text,
  `description` text,
  `incrementondel` int(11) NOT NULL DEFAULT '0',
  `lineitem_id` int(11) NOT NULL,
  `tax1` decimal(7,3) DEFAULT NULL,
  `tax2` decimal(7,3) DEFAULT NULL,
  `tax3` decimal(7,3) DEFAULT NULL,
  `image` varchar(2) DEFAULT NULL,
  `purchase_cost` decimal(27,8) DEFAULT NULL,
  `margin` decimal(27,8) DEFAULT NULL
) ENGINE=InnoDB DEFAULT CHARSET=utf8;

-- --------------------------------------------------------

--
-- Table structure for table `vtiger_inventoryproductrel_seq`
--

CREATE TABLE `vtiger_inventoryproductrel_seq` (
  `id` int(11) NOT NULL
) ENGINE=InnoDB DEFAULT CHARSET=utf8;

--
-- Dumping data for table `vtiger_inventoryproductrel_seq`
--

INSERT INTO `vtiger_inventoryproductrel_seq` (`id`) VALUES
(0);

-- --------------------------------------------------------

--
-- Table structure for table `vtiger_inventoryshippingrel`
--

CREATE TABLE `vtiger_inventoryshippingrel` (
  `id` int(19) DEFAULT NULL,
  `shtax1` decimal(7,3) DEFAULT NULL,
  `shtax2` decimal(7,3) DEFAULT NULL,
  `shtax3` decimal(7,3) DEFAULT NULL
) ENGINE=InnoDB DEFAULT CHARSET=utf8;

-- --------------------------------------------------------

--
-- Table structure for table `vtiger_inventorysubproductrel`
--

CREATE TABLE `vtiger_inventorysubproductrel` (
  `id` int(19) NOT NULL,
  `sequence_no` int(10) NOT NULL,
  `productid` int(19) NOT NULL,
  `quantity` int(19) DEFAULT '1'
) ENGINE=InnoDB DEFAULT CHARSET=utf8;

-- --------------------------------------------------------

--
-- Table structure for table `vtiger_inventorytaxinfo`
--

CREATE TABLE `vtiger_inventorytaxinfo` (
  `taxid` int(3) NOT NULL,
  `taxname` varchar(50) DEFAULT NULL,
  `taxlabel` varchar(50) DEFAULT NULL,
  `percentage` decimal(7,3) DEFAULT NULL,
  `deleted` int(1) DEFAULT NULL,
  `method` varchar(10) DEFAULT NULL,
  `type` varchar(10) DEFAULT NULL,
  `compoundon` varchar(400) DEFAULT NULL,
  `regions` text
) ENGINE=InnoDB DEFAULT CHARSET=utf8;

--
-- Dumping data for table `vtiger_inventorytaxinfo`
--

INSERT INTO `vtiger_inventorytaxinfo` (`taxid`, `taxname`, `taxlabel`, `percentage`, `deleted`, `method`, `type`, `compoundon`, `regions`) VALUES
(1, 'tax1', 'VAT', '4.500', 0, 'Simple', 'Fixed', '[]', '[]'),
(2, 'tax2', 'Sales', '10.000', 0, 'Simple', 'Fixed', '[]', '[]'),
(3, 'tax3', 'Service', '12.500', 0, 'Simple', 'Fixed', '[]', '[]');

-- --------------------------------------------------------

--
-- Table structure for table `vtiger_inventorytaxinfo_seq`
--

CREATE TABLE `vtiger_inventorytaxinfo_seq` (
  `id` int(11) NOT NULL
) ENGINE=InnoDB DEFAULT CHARSET=utf8;

--
-- Dumping data for table `vtiger_inventorytaxinfo_seq`
--

INSERT INTO `vtiger_inventorytaxinfo_seq` (`id`) VALUES
(3);

-- --------------------------------------------------------

--
-- Table structure for table `vtiger_inventory_tandc`
--

CREATE TABLE `vtiger_inventory_tandc` (
  `id` int(19) NOT NULL,
  `type` varchar(30) NOT NULL,
  `tandc` text
) ENGINE=InnoDB DEFAULT CHARSET=utf8;

--
-- Dumping data for table `vtiger_inventory_tandc`
--

INSERT INTO `vtiger_inventory_tandc` (`id`, `type`, `tandc`) VALUES
(2, 'Invoice', '\n - Unless otherwise agreed in writing by the supplier all invoices are payable within thirty (30) days of the date of invoice, in the currency of the invoice, drawn on a bank based in India or by such other method as is agreed in advance by the Supplier.\n\n - All prices are not inclusive of VAT which shall be payable in addition by the Customer at the applicable rate.'),
(3, 'Quotes', '\n - Unless otherwise agreed in writing by the supplier all invoices are payable within thirty (30) days of the date of invoice, in the currency of the invoice, drawn on a bank based in India or by such other method as is agreed in advance by the Supplier.\n\n - All prices are not inclusive of VAT which shall be payable in addition by the Customer at the applicable rate.'),
(4, 'PurchaseOrder', '\n - Unless otherwise agreed in writing by the supplier all invoices are payable within thirty (30) days of the date of invoice, in the currency of the invoice, drawn on a bank based in India or by such other method as is agreed in advance by the Supplier.\n\n - All prices are not inclusive of VAT which shall be payable in addition by the Customer at the applicable rate.'),
(5, 'SalesOrder', '\n - Unless otherwise agreed in writing by the supplier all invoices are payable within thirty (30) days of the date of invoice, in the currency of the invoice, drawn on a bank based in India or by such other method as is agreed in advance by the Supplier.\n\n - All prices are not inclusive of VAT which shall be payable in addition by the Customer at the applicable rate.');

-- --------------------------------------------------------

--
-- Table structure for table `vtiger_inventory_tandc_seq`
--

CREATE TABLE `vtiger_inventory_tandc_seq` (
  `id` int(11) NOT NULL
) ENGINE=InnoDB DEFAULT CHARSET=utf8;

--
-- Dumping data for table `vtiger_inventory_tandc_seq`
--

INSERT INTO `vtiger_inventory_tandc_seq` (`id`) VALUES
(5);

-- --------------------------------------------------------

--
-- Table structure for table `vtiger_invitees`
--

CREATE TABLE `vtiger_invitees` (
  `activityid` int(19) NOT NULL,
  `inviteeid` int(19) NOT NULL,
  `status` varchar(50) DEFAULT NULL
) ENGINE=InnoDB DEFAULT CHARSET=utf8;

-- --------------------------------------------------------

--
-- Table structure for table `vtiger_invoice`
--

CREATE TABLE `vtiger_invoice` (
  `invoiceid` int(19) NOT NULL DEFAULT '0',
  `subject` varchar(100) DEFAULT NULL,
  `salesorderid` int(19) DEFAULT NULL,
  `customerno` varchar(100) DEFAULT NULL,
  `contactid` int(19) DEFAULT NULL,
  `notes` varchar(100) DEFAULT NULL,
  `invoicedate` date DEFAULT NULL,
  `duedate` date DEFAULT NULL,
  `invoiceterms` varchar(100) DEFAULT NULL,
  `type` varchar(100) DEFAULT NULL,
  `adjustment` decimal(25,8) DEFAULT NULL,
  `salescommission` decimal(25,3) DEFAULT NULL,
  `exciseduty` decimal(25,3) DEFAULT NULL,
  `subtotal` decimal(25,8) DEFAULT NULL,
  `total` decimal(25,8) DEFAULT NULL,
  `taxtype` varchar(25) DEFAULT NULL,
  `discount_percent` decimal(25,3) DEFAULT NULL,
  `discount_amount` decimal(25,8) DEFAULT NULL,
  `s_h_amount` decimal(25,8) DEFAULT NULL,
  `shipping` varchar(100) DEFAULT NULL,
  `accountid` int(19) DEFAULT NULL,
  `terms_conditions` text,
  `purchaseorder` varchar(200) DEFAULT NULL,
  `invoicestatus` varchar(200) DEFAULT NULL,
  `invoice_no` varchar(100) DEFAULT NULL,
  `currency_id` int(19) NOT NULL DEFAULT '1',
  `conversion_rate` decimal(10,3) NOT NULL DEFAULT '1.000',
  `compound_taxes_info` text,
  `pre_tax_total` decimal(25,8) DEFAULT NULL,
  `received` decimal(25,8) DEFAULT NULL,
  `balance` decimal(25,8) DEFAULT NULL,
  `s_h_percent` decimal(25,8) DEFAULT NULL,
  `potential_id` varchar(100) DEFAULT NULL,
  `tags` varchar(1) DEFAULT NULL,
  `region_id` int(19) DEFAULT NULL
) ENGINE=InnoDB DEFAULT CHARSET=utf8;

-- --------------------------------------------------------

--
-- Table structure for table `vtiger_invoicebillads`
--

CREATE TABLE `vtiger_invoicebillads` (
  `invoicebilladdressid` int(19) NOT NULL DEFAULT '0',
  `bill_city` varchar(30) DEFAULT NULL,
  `bill_code` varchar(30) DEFAULT NULL,
  `bill_country` varchar(30) DEFAULT NULL,
  `bill_state` varchar(30) DEFAULT NULL,
  `bill_street` varchar(250) DEFAULT NULL,
  `bill_pobox` varchar(30) DEFAULT NULL
) ENGINE=InnoDB DEFAULT CHARSET=utf8;

-- --------------------------------------------------------

--
-- Table structure for table `vtiger_invoicecf`
--

CREATE TABLE `vtiger_invoicecf` (
  `invoiceid` int(19) NOT NULL DEFAULT '0'
) ENGINE=InnoDB DEFAULT CHARSET=utf8;

-- --------------------------------------------------------

--
-- Table structure for table `vtiger_invoiceshipads`
--

CREATE TABLE `vtiger_invoiceshipads` (
  `invoiceshipaddressid` int(19) NOT NULL DEFAULT '0',
  `ship_city` varchar(30) DEFAULT NULL,
  `ship_code` varchar(30) DEFAULT NULL,
  `ship_country` varchar(30) DEFAULT NULL,
  `ship_state` varchar(30) DEFAULT NULL,
  `ship_street` varchar(250) DEFAULT NULL,
  `ship_pobox` varchar(30) DEFAULT NULL
) ENGINE=InnoDB DEFAULT CHARSET=utf8;

-- --------------------------------------------------------

--
-- Table structure for table `vtiger_invoicestatus`
--

CREATE TABLE `vtiger_invoicestatus` (
  `invoicestatusid` int(19) NOT NULL,
  `invoicestatus` varchar(200) NOT NULL,
  `presence` int(1) NOT NULL DEFAULT '1',
  `picklist_valueid` int(19) NOT NULL DEFAULT '0',
  `sortorderid` int(11) DEFAULT NULL,
  `color` varchar(10) DEFAULT NULL
) ENGINE=InnoDB DEFAULT CHARSET=utf8;

--
-- Dumping data for table `vtiger_invoicestatus`
--

INSERT INTO `vtiger_invoicestatus` (`invoicestatusid`, `invoicestatus`, `presence`, `picklist_valueid`, `sortorderid`, `color`) VALUES
(1, 'AutoCreated', 0, 92, 0, NULL),
(2, 'Created', 0, 93, 1, NULL),
(3, 'Approved', 0, 94, 2, NULL),
(4, 'Sent', 0, 95, 3, NULL),
(5, 'Credit Invoice', 0, 96, 4, NULL),
(6, 'Paid', 0, 97, 5, NULL),
(7, 'Cancel', 1, 288, 1, NULL);

-- --------------------------------------------------------

--
-- Table structure for table `vtiger_invoicestatushistory`
--

CREATE TABLE `vtiger_invoicestatushistory` (
  `historyid` int(19) NOT NULL,
  `invoiceid` int(19) NOT NULL,
  `accountname` varchar(100) DEFAULT NULL,
  `total` decimal(10,0) DEFAULT NULL,
  `invoicestatus` varchar(200) DEFAULT NULL,
  `lastmodified` datetime DEFAULT NULL
) ENGINE=InnoDB DEFAULT CHARSET=utf8;

-- --------------------------------------------------------

--
-- Table structure for table `vtiger_invoicestatus_seq`
--

CREATE TABLE `vtiger_invoicestatus_seq` (
  `id` int(11) NOT NULL
) ENGINE=InnoDB DEFAULT CHARSET=utf8;

--
-- Dumping data for table `vtiger_invoicestatus_seq`
--

INSERT INTO `vtiger_invoicestatus_seq` (`id`) VALUES
(7);

-- --------------------------------------------------------

--
-- Table structure for table `vtiger_invoice_recurring_info`
--

CREATE TABLE `vtiger_invoice_recurring_info` (
  `salesorderid` int(11) NOT NULL DEFAULT '0',
  `recurring_frequency` varchar(200) DEFAULT NULL,
  `start_period` date DEFAULT NULL,
  `end_period` date DEFAULT NULL,
  `last_recurring_date` date DEFAULT NULL,
  `payment_duration` varchar(200) DEFAULT NULL,
  `invoice_status` varchar(200) DEFAULT NULL
) ENGINE=InnoDB DEFAULT CHARSET=utf8;

-- --------------------------------------------------------

--
-- Table structure for table `vtiger_language`
--

CREATE TABLE `vtiger_language` (
  `id` int(11) NOT NULL,
  `name` varchar(50) DEFAULT NULL,
  `prefix` varchar(10) DEFAULT NULL,
  `label` varchar(30) DEFAULT NULL,
  `lastupdated` datetime DEFAULT NULL,
  `sequence` int(11) DEFAULT NULL,
  `isdefault` int(1) DEFAULT NULL,
  `active` int(1) DEFAULT NULL
) ENGINE=InnoDB DEFAULT CHARSET=utf8;

--
-- Dumping data for table `vtiger_language`
--

INSERT INTO `vtiger_language` (`id`, `name`, `prefix`, `label`, `lastupdated`, `sequence`, `isdefault`, `active`) VALUES
(1, 'English', 'en_us', 'US English', '2019-03-04 10:23:09', NULL, 1, 1),
(2, 'Mexican Spanish', 'es_mx', 'ES Mexico', '2019-03-04 10:23:09', NULL, 0, 1),
(3, 'Dutch', 'nl_nl', 'NL-Dutch', '2019-03-04 10:23:09', NULL, 0, 1),
(4, 'Brazilian', 'pt_br', 'PT Brasil', '2019-03-04 10:23:09', NULL, 0, 1),
(5, 'Italian', 'it_it', 'IT Italian', '2019-03-04 10:23:09', NULL, 0, 1),
(6, 'Deutsch', 'de_de', 'DE Deutsch', '2019-03-04 10:23:09', NULL, 0, 1),
(7, 'Hungarian', 'hu_hu', 'HU Magyar', '2019-03-04 10:23:09', NULL, 0, 1),
(8, 'Russian', 'ru_ru', 'Russian', '2019-03-04 10:23:09', NULL, 0, 1),
(9, 'Spanish', 'es_es', 'ES Spanish', '2019-03-04 10:23:09', NULL, 0, 1),
(10, 'Swedish', 'sv_se', 'Swedish', '2019-03-04 10:23:09', NULL, 0, 1),
(11, 'Pack de langue franais', 'fr_fr', 'Pack de langue franais', '2019-03-04 10:23:09', NULL, 0, 1),
(12, 'Turkce', 'tr_tr', 'Turkce Dil Paketi', '2019-03-04 10:23:09', NULL, 0, 1),
(13, 'Romana', 'ro_ro', 'Romana', '2019-03-04 10:23:09', NULL, 0, 1),
(14, 'British English', 'en_gb', 'British English', '2019-03-04 10:23:09', NULL, 0, 1),
(15, 'Jzyk Polski', 'pl_pl', 'Jzyk Polski', '2019-03-04 10:23:09', NULL, 0, 1),
(16, 'Arabic', 'ar_ae', 'Arabic', '2019-03-04 10:23:09', NULL, 0, 1);

-- --------------------------------------------------------

--
-- Table structure for table `vtiger_language_seq`
--

CREATE TABLE `vtiger_language_seq` (
  `id` int(11) NOT NULL
) ENGINE=InnoDB DEFAULT CHARSET=utf8;

--
-- Dumping data for table `vtiger_language_seq`
--

INSERT INTO `vtiger_language_seq` (`id`) VALUES
(16);

-- --------------------------------------------------------

--
-- Table structure for table `vtiger_leadaddress`
--

CREATE TABLE `vtiger_leadaddress` (
  `leadaddressid` int(19) NOT NULL DEFAULT '0',
  `city` varchar(30) DEFAULT NULL,
  `code` varchar(30) DEFAULT NULL,
  `state` varchar(30) DEFAULT NULL,
  `pobox` varchar(30) DEFAULT NULL,
  `country` varchar(30) DEFAULT NULL,
  `phone` varchar(50) DEFAULT NULL,
  `mobile` varchar(50) DEFAULT NULL,
  `fax` varchar(50) DEFAULT NULL,
  `lane` varchar(250) DEFAULT NULL,
  `leadaddresstype` varchar(30) DEFAULT 'Billing'
) ENGINE=InnoDB DEFAULT CHARSET=utf8;

-- --------------------------------------------------------

--
-- Table structure for table `vtiger_leaddetails`
--

CREATE TABLE `vtiger_leaddetails` (
  `leadid` int(19) NOT NULL,
  `lead_no` varchar(100) NOT NULL,
  `email` varchar(100) DEFAULT NULL,
  `interest` varchar(50) DEFAULT NULL,
  `firstname` varchar(40) DEFAULT NULL,
  `salutation` varchar(200) DEFAULT NULL,
  `lastname` varchar(80) NOT NULL,
  `company` varchar(100) NOT NULL,
  `annualrevenue` decimal(25,8) DEFAULT NULL,
  `industry` varchar(200) DEFAULT NULL,
  `campaign` varchar(30) DEFAULT NULL,
  `rating` varchar(200) DEFAULT NULL,
  `leadstatus` varchar(200) DEFAULT NULL,
  `leadsource` varchar(200) DEFAULT NULL,
  `converted` int(1) DEFAULT '0',
  `designation` varchar(50) DEFAULT 'SalesMan',
  `licencekeystatus` varchar(50) DEFAULT NULL,
  `space` varchar(250) DEFAULT NULL,
  `comments` text,
  `priority` varchar(50) DEFAULT NULL,
  `demorequest` varchar(50) DEFAULT NULL,
  `partnercontact` varchar(50) DEFAULT NULL,
  `productversion` varchar(20) DEFAULT NULL,
  `product` varchar(50) DEFAULT NULL,
  `maildate` date DEFAULT NULL,
  `nextstepdate` date DEFAULT NULL,
  `fundingsituation` varchar(50) DEFAULT NULL,
  `purpose` varchar(50) DEFAULT NULL,
  `evaluationstatus` varchar(50) DEFAULT NULL,
  `transferdate` date DEFAULT NULL,
  `revenuetype` varchar(50) DEFAULT NULL,
  `noofemployees` int(50) DEFAULT NULL,
  `secondaryemail` varchar(100) DEFAULT NULL,
  `assignleadchk` int(1) DEFAULT '0',
  `emailoptout` varchar(3) DEFAULT NULL,
  `tags` varchar(1) DEFAULT NULL
) ENGINE=InnoDB DEFAULT CHARSET=utf8;

-- --------------------------------------------------------

--
-- Table structure for table `vtiger_leadscf`
--

CREATE TABLE `vtiger_leadscf` (
  `leadid` int(19) NOT NULL DEFAULT '0'
) ENGINE=InnoDB DEFAULT CHARSET=utf8;

-- --------------------------------------------------------

--
-- Table structure for table `vtiger_leadsource`
--

CREATE TABLE `vtiger_leadsource` (
  `leadsourceid` int(19) NOT NULL,
  `leadsource` varchar(200) NOT NULL,
  `presence` int(1) NOT NULL DEFAULT '1',
  `picklist_valueid` int(19) NOT NULL DEFAULT '0',
  `sortorderid` int(11) DEFAULT NULL,
  `color` varchar(10) DEFAULT NULL
) ENGINE=InnoDB DEFAULT CHARSET=utf8;

--
-- Dumping data for table `vtiger_leadsource`
--

INSERT INTO `vtiger_leadsource` (`leadsourceid`, `leadsource`, `presence`, `picklist_valueid`, `sortorderid`, `color`) VALUES
(2, 'Cold Call', 1, 99, 1, NULL),
(3, 'Existing Customer', 1, 100, 2, NULL),
(4, 'Self Generated', 1, 101, 3, NULL),
(5, 'Employee', 1, 102, 4, NULL),
(6, 'Partner', 1, 103, 5, NULL),
(7, 'Public Relations', 1, 104, 6, NULL),
(8, 'Direct Mail', 1, 105, 7, NULL),
(9, 'Conference', 1, 106, 8, NULL),
(10, 'Trade Show', 1, 107, 9, NULL),
(11, 'Web Site', 1, 108, 10, NULL),
(12, 'Word of mouth', 1, 109, 11, NULL),
(13, 'Other', 1, 110, 12, NULL);

-- --------------------------------------------------------

--
-- Table structure for table `vtiger_leadsource_seq`
--

CREATE TABLE `vtiger_leadsource_seq` (
  `id` int(11) NOT NULL
) ENGINE=InnoDB DEFAULT CHARSET=utf8;

--
-- Dumping data for table `vtiger_leadsource_seq`
--

INSERT INTO `vtiger_leadsource_seq` (`id`) VALUES
(13);

-- --------------------------------------------------------

--
-- Table structure for table `vtiger_leadstage`
--

CREATE TABLE `vtiger_leadstage` (
  `leadstageid` int(19) NOT NULL,
  `stage` varchar(200) NOT NULL,
  `sortorderid` int(19) NOT NULL DEFAULT '0',
  `presence` int(1) NOT NULL DEFAULT '1'
) ENGINE=InnoDB DEFAULT CHARSET=utf8;

-- --------------------------------------------------------

--
-- Table structure for table `vtiger_leadstatus`
--

CREATE TABLE `vtiger_leadstatus` (
  `leadstatusid` int(19) NOT NULL,
  `leadstatus` varchar(200) NOT NULL,
  `presence` int(1) NOT NULL DEFAULT '1',
  `picklist_valueid` int(19) NOT NULL DEFAULT '0',
  `sortorderid` int(11) DEFAULT NULL,
  `color` varchar(10) DEFAULT NULL
) ENGINE=InnoDB DEFAULT CHARSET=utf8;

--
-- Dumping data for table `vtiger_leadstatus`
--

INSERT INTO `vtiger_leadstatus` (`leadstatusid`, `leadstatus`, `presence`, `picklist_valueid`, `sortorderid`, `color`) VALUES
(2, 'Attempted to Contact', 1, 112, 1, NULL),
(3, 'Cold', 1, 113, 2, NULL),
(4, 'Contact in Future', 1, 114, 3, NULL),
(5, 'Contacted', 1, 115, 4, NULL),
(6, 'Hot', 1, 116, 5, NULL),
(7, 'Junk Lead', 1, 117, 6, NULL),
(8, 'Lost Lead', 1, 118, 7, NULL),
(9, 'Not Contacted', 1, 119, 8, NULL),
(10, 'Pre Qualified', 1, 120, 9, NULL),
(11, 'Qualified', 1, 121, 10, NULL),
(12, 'Warm', 1, 122, 11, NULL);

-- --------------------------------------------------------

--
-- Table structure for table `vtiger_leadstatus_seq`
--

CREATE TABLE `vtiger_leadstatus_seq` (
  `id` int(11) NOT NULL
) ENGINE=InnoDB DEFAULT CHARSET=utf8;

--
-- Dumping data for table `vtiger_leadstatus_seq`
--

INSERT INTO `vtiger_leadstatus_seq` (`id`) VALUES
(12);

-- --------------------------------------------------------

--
-- Table structure for table `vtiger_leadsubdetails`
--

CREATE TABLE `vtiger_leadsubdetails` (
  `leadsubscriptionid` int(19) NOT NULL DEFAULT '0',
  `website` varchar(255) DEFAULT NULL,
  `callornot` int(1) DEFAULT '0',
  `readornot` int(1) DEFAULT '0',
  `empct` int(10) DEFAULT '0'
) ENGINE=InnoDB DEFAULT CHARSET=utf8;

-- --------------------------------------------------------

--
-- Table structure for table `vtiger_lead_view`
--

CREATE TABLE `vtiger_lead_view` (
  `lead_viewid` int(19) NOT NULL,
  `lead_view` varchar(200) NOT NULL,
  `sortorderid` int(19) NOT NULL DEFAULT '0',
  `presence` int(1) NOT NULL DEFAULT '1'
) ENGINE=InnoDB DEFAULT CHARSET=utf8;

--
-- Dumping data for table `vtiger_lead_view`
--

INSERT INTO `vtiger_lead_view` (`lead_viewid`, `lead_view`, `sortorderid`, `presence`) VALUES
(1, 'Today', 0, 1),
(2, 'Last 2 Days', 1, 1),
(3, 'Last Week', 2, 1);

-- --------------------------------------------------------

--
-- Table structure for table `vtiger_lead_view_seq`
--

CREATE TABLE `vtiger_lead_view_seq` (
  `id` int(11) NOT NULL
) ENGINE=InnoDB DEFAULT CHARSET=utf8;

--
-- Dumping data for table `vtiger_lead_view_seq`
--

INSERT INTO `vtiger_lead_view_seq` (`id`) VALUES
(3);

-- --------------------------------------------------------

--
-- Table structure for table `vtiger_links`
--

CREATE TABLE `vtiger_links` (
  `linkid` int(11) NOT NULL,
  `tabid` int(11) DEFAULT NULL,
  `linktype` varchar(50) DEFAULT NULL,
  `linklabel` varchar(50) DEFAULT NULL,
  `linkurl` varchar(255) DEFAULT NULL,
  `linkicon` varchar(100) DEFAULT NULL,
  `sequence` int(11) DEFAULT NULL,
  `handler_path` varchar(128) DEFAULT NULL,
  `handler_class` varchar(50) DEFAULT NULL,
  `handler` varchar(50) DEFAULT NULL,
  `parent_link` int(19) DEFAULT NULL
) ENGINE=InnoDB DEFAULT CHARSET=utf8;

--
-- Dumping data for table `vtiger_links`
--

INSERT INTO `vtiger_links` (`linkid`, `tabid`, `linktype`, `linklabel`, `linkurl`, `linkicon`, `sequence`, `handler_path`, `handler_class`, `handler`, `parent_link`) VALUES
(2, 6, 'DETAILVIEW', 'LBL_SHOW_ACCOUNT_HIERARCHY', 'index.php?module=Accounts&action=AccountHierarchy&accountid=$RECORD$', '', 0, NULL, NULL, NULL, NULL),
(6, 39, 'HEADERSCRIPT', 'SMSNotifierCommonJS', 'modules/SMSNotifier/SMSNotifierCommon.js', '', 0, NULL, NULL, NULL, NULL),
(7, 7, 'LISTVIEWBASIC', 'Send SMS', 'SMSNotifierCommon.displaySelectWizard(this, \'$MODULE$\');', '', 0, NULL, NULL, NULL, NULL),
(8, 7, 'DETAILVIEW', 'Send SMS', 'javascript:SMSNotifierCommon.displaySelectWizard_DetailView(\'$MODULE$\', \'$RECORD$\');', '', 0, NULL, NULL, NULL, NULL),
(9, 4, 'LISTVIEWBASIC', 'Send SMS', 'SMSNotifierCommon.displaySelectWizard(this, \'$MODULE$\');', '', 0, NULL, NULL, NULL, NULL),
(10, 4, 'DETAILVIEW', 'Send SMS', 'javascript:SMSNotifierCommon.displaySelectWizard_DetailView(\'$MODULE$\', \'$RECORD$\');', '', 0, NULL, NULL, NULL, NULL),
(11, 6, 'LISTVIEWBASIC', 'Send SMS', 'SMSNotifierCommon.displaySelectWizard(this, \'$MODULE$\');', '', 0, NULL, NULL, NULL, NULL),
(12, 6, 'DETAILVIEW', 'Send SMS', 'javascript:SMSNotifierCommon.displaySelectWizard_DetailView(\'$MODULE$\', \'$RECORD$\');', '', 0, NULL, NULL, NULL, NULL),
(13, 7, 'DETAILVIEWWIDGET', 'DetailViewBlockCommentWidget', 'block://ModComments:modules/ModComments/ModComments.php', '', 0, NULL, NULL, NULL, NULL),
(14, 4, 'DETAILVIEWWIDGET', 'DetailViewBlockCommentWidget', 'block://ModComments:modules/ModComments/ModComments.php', '', 0, NULL, NULL, NULL, NULL),
(15, 6, 'DETAILVIEWWIDGET', 'DetailViewBlockCommentWidget', 'block://ModComments:modules/ModComments/ModComments.php', '', 0, NULL, NULL, NULL, NULL),
(16, 2, 'DETAILVIEWWIDGET', 'DetailViewBlockCommentWidget', 'block://ModComments:modules/ModComments/ModComments.php', '', 0, NULL, NULL, NULL, NULL),
(17, 41, 'HEADERSCRIPT', 'ModCommentsCommonHeaderScript', 'modules/ModComments/ModCommentsCommon.js', '', 0, NULL, NULL, NULL, NULL),
(23, 4, 'DETAILVIEWSIDEBARWIDGET', 'Google Map', 'module=Google&view=Map&mode=showMap&viewtype=detail', '', 0, NULL, NULL, NULL, NULL),
(24, 7, 'DETAILVIEWSIDEBARWIDGET', 'Google Map', 'module=Google&view=Map&mode=showMap&viewtype=detail', '', 0, NULL, NULL, NULL, NULL),
(25, 6, 'DETAILVIEWSIDEBARWIDGET', 'Google Map', 'module=Google&view=Map&mode=showMap&viewtype=detail', '', 0, NULL, NULL, NULL, NULL),
(26, 4, 'LISTVIEWSIDEBARWIDGET', 'Google Contacts', 'module=Google&view=List&sourcemodule=Contacts', '', 0, NULL, NULL, NULL, NULL),
(27, 9, 'LISTVIEWSIDEBARWIDGET', 'Google Calendar', 'module=Google&view=List&sourcemodule=Calendar', '', 0, NULL, NULL, NULL, NULL),
(28, 49, 'HEADERSCRIPT', 'ExtensionStoreCommonHeaderScript', 'modules/ExtensionStore/ExtensionStore.js', '', 0, NULL, NULL, NULL, NULL),
(30, 46, 'DETAILVIEWWIDGET', 'DetailViewBlockCommentWidget', 'block://ModComments:modules/ModComments/ModComments.php', '', 0, NULL, NULL, NULL, NULL),
(31, 47, 'DETAILVIEWBASIC', 'Add Project Task', 'index.php?module=ProjectTask&action=EditView&projectid=$RECORD$&return_module=Project&return_action=DetailView&return_id=$RECORD$', '', 0, 'modules/ProjectTask/ProjectTask.php', 'ProjectTask', 'isLinkPermitted', NULL),
(33, 47, 'DETAILVIEWWIDGET', 'DetailViewBlockCommentWidget', 'block://ModComments:modules/ModComments/ModComments.php', '', 0, NULL, NULL, NULL, NULL),
(34, 2, 'DASHBOARDWIDGET', 'History', 'index.php?module=Potentials&view=ShowWidget&name=History', '', 1, NULL, NULL, NULL, NULL),
(35, 2, 'DASHBOARDWIDGET', 'Upcoming Activities', 'index.php?module=Potentials&view=ShowWidget&name=CalendarActivities', '', 2, NULL, NULL, NULL, NULL),
(36, 2, 'DASHBOARDWIDGET', 'Funnel', 'index.php?module=Potentials&view=ShowWidget&name=GroupedBySalesStage', '', 3, NULL, NULL, NULL, NULL),
(37, 2, 'DASHBOARDWIDGET', 'Potentials by Stage', 'index.php?module=Potentials&view=ShowWidget&name=GroupedBySalesPerson', '', 4, NULL, NULL, NULL, NULL),
(38, 2, 'DASHBOARDWIDGET', 'Pipelined Amount', 'index.php?module=Potentials&view=ShowWidget&name=PipelinedAmountPerSalesPerson', '', 5, NULL, NULL, NULL, NULL),
(39, 2, 'DASHBOARDWIDGET', 'Total Revenue', 'index.php?module=Potentials&view=ShowWidget&name=TotalRevenuePerSalesPerson', '', 6, NULL, NULL, NULL, NULL),
(40, 2, 'DASHBOARDWIDGET', 'Top Potentials', 'index.php?module=Potentials&view=ShowWidget&name=TopPotentials', '', 7, NULL, NULL, NULL, NULL),
(41, 2, 'DASHBOARDWIDGET', 'Overdue Activities', 'index.php?module=Potentials&view=ShowWidget&name=OverdueActivities', '', 9, NULL, NULL, NULL, NULL),
(42, 6, 'DASHBOARDWIDGET', 'History', 'index.php?module=Accounts&view=ShowWidget&name=History', '', 1, NULL, NULL, NULL, NULL),
(43, 6, 'DASHBOARDWIDGET', 'Upcoming Activities', 'index.php?module=Accounts&view=ShowWidget&name=CalendarActivities', '', 2, NULL, NULL, NULL, NULL),
(44, 6, 'DASHBOARDWIDGET', 'Overdue Activities', 'index.php?module=Accounts&view=ShowWidget&name=OverdueActivities', '', 3, NULL, NULL, NULL, NULL),
(45, 4, 'DASHBOARDWIDGET', 'History', 'index.php?module=Contacts&view=ShowWidget&name=History', '', 1, NULL, NULL, NULL, NULL),
(46, 4, 'DASHBOARDWIDGET', 'Upcoming Activities', 'index.php?module=Contacts&view=ShowWidget&name=CalendarActivities', '', 2, NULL, NULL, NULL, NULL),
(47, 4, 'DASHBOARDWIDGET', 'Overdue Activities', 'index.php?module=Contacts&view=ShowWidget&name=OverdueActivities', '', 3, NULL, NULL, NULL, NULL),
(48, 7, 'DASHBOARDWIDGET', 'History', 'index.php?module=Leads&view=ShowWidget&name=History', '', 1, NULL, NULL, NULL, NULL),
(49, 7, 'DASHBOARDWIDGET', 'Upcoming Activities', 'index.php?module=Leads&view=ShowWidget&name=CalendarActivities', '', 2, NULL, NULL, NULL, NULL),
(50, 7, 'DASHBOARDWIDGET', 'Leads by Status', 'index.php?module=Leads&view=ShowWidget&name=LeadsByStatus', '', 4, NULL, NULL, NULL, NULL),
(51, 7, 'DASHBOARDWIDGET', 'Leads by Source', 'index.php?module=Leads&view=ShowWidget&name=LeadsBySource', '', 5, NULL, NULL, NULL, NULL),
(52, 7, 'DASHBOARDWIDGET', 'Leads by Industry', 'index.php?module=Leads&view=ShowWidget&name=LeadsByIndustry', '', 6, NULL, NULL, NULL, NULL),
(53, 7, 'DASHBOARDWIDGET', 'Overdue Activities', 'index.php?module=Leads&view=ShowWidget&name=OverdueActivities', '', 7, NULL, NULL, NULL, NULL),
(54, 13, 'DASHBOARDWIDGET', 'Tickets by Status', 'index.php?module=HelpDesk&view=ShowWidget&name=TicketsByStatus', '', 1, NULL, NULL, NULL, NULL),
(55, 13, 'DASHBOARDWIDGET', 'Open Tickets', 'index.php?module=HelpDesk&view=ShowWidget&name=OpenTickets', '', 2, NULL, NULL, NULL, NULL),
(56, 3, 'DASHBOARDWIDGET', 'History', 'index.php?module=Home&view=ShowWidget&name=History', '', 1, NULL, NULL, NULL, NULL),
(57, 3, 'DASHBOARDWIDGET', 'Upcoming Activities', 'index.php?module=Home&view=ShowWidget&name=CalendarActivities', '', 2, NULL, NULL, NULL, NULL),
(58, 3, 'DASHBOARDWIDGET', 'Funnel', 'index.php?module=Potentials&view=ShowWidget&name=GroupedBySalesStage', '', 3, NULL, NULL, NULL, NULL),
(59, 3, 'DASHBOARDWIDGET', 'Potentials by Stage', 'index.php?module=Potentials&view=ShowWidget&name=GroupedBySalesPerson', '', 4, NULL, NULL, NULL, NULL),
(60, 3, 'DASHBOARDWIDGET', 'Pipelined Amount', 'index.php?module=Potentials&view=ShowWidget&name=PipelinedAmountPerSalesPerson', '', 5, NULL, NULL, NULL, NULL),
(61, 3, 'DASHBOARDWIDGET', 'Total Revenue', 'index.php?module=Potentials&view=ShowWidget&name=TotalRevenuePerSalesPerson', '', 6, NULL, NULL, NULL, NULL),
(62, 3, 'DASHBOARDWIDGET', 'Top Potentials', 'index.php?module=Potentials&view=ShowWidget&name=TopPotentials', '', 7, NULL, NULL, NULL, NULL),
(63, 3, 'DASHBOARDWIDGET', 'Leads by Status', 'index.php?module=Leads&view=ShowWidget&name=LeadsByStatus', '', 10, NULL, NULL, NULL, NULL),
(64, 3, 'DASHBOARDWIDGET', 'Leads by Source', 'index.php?module=Leads&view=ShowWidget&name=LeadsBySource', '', 11, NULL, NULL, NULL, NULL),
(65, 3, 'DASHBOARDWIDGET', 'Leads by Industry', 'index.php?module=Leads&view=ShowWidget&name=LeadsByIndustry', '', 12, NULL, NULL, NULL, NULL),
(66, 3, 'DASHBOARDWIDGET', 'Overdue Activities', 'index.php?module=Home&view=ShowWidget&name=OverdueActivities', '', 13, NULL, NULL, NULL, NULL),
(67, 3, 'DASHBOARDWIDGET', 'Tickets by Status', 'index.php?module=HelpDesk&view=ShowWidget&name=TicketsByStatus', '', 13, NULL, NULL, NULL, NULL),
(68, 3, 'DASHBOARDWIDGET', 'Open Tickets', 'index.php?module=HelpDesk&view=ShowWidget&name=OpenTickets', '', 14, NULL, NULL, NULL, NULL),
(69, 13, 'DETAILVIEWWIDGET', 'DetailViewBlockCommentWidget', 'block://ModComments:modules/ModComments/ModComments.php', '', 0, NULL, NULL, NULL, NULL),
(70, 15, 'DETAILVIEWWIDGET', 'DetailViewBlockCommentWidget', 'block://ModComments:modules/ModComments/ModComments.php', '', 0, NULL, NULL, NULL, NULL),
(99, 3, 'DASHBOARDWIDGET', 'Key Metrics', 'index.php?module=Home&view=ShowWidget&name=KeyMetrics', '', 0, NULL, NULL, NULL, NULL),
(100, 3, 'DASHBOARDWIDGET', 'Mini List', 'index.php?module=Home&view=ShowWidget&name=MiniList', '', 0, NULL, NULL, NULL, NULL),
(101, 3, 'DASHBOARDWIDGET', 'Tag Cloud', 'index.php?module=Home&view=ShowWidget&name=TagCloud', '', 0, NULL, NULL, NULL, NULL),
(102, 2, 'DASHBOARDWIDGET', 'Funnel Amount', 'index.php?module=Potentials&view=ShowWidget&name=FunnelAmount', '', 10, NULL, NULL, NULL, NULL),
(103, 3, 'DASHBOARDWIDGET', 'Funnel Amount', 'index.php?module=Potentials&view=ShowWidget&name=FunnelAmount', '', 10, NULL, NULL, NULL, NULL),
(104, 3, 'DASHBOARDWIDGET', 'Notebook', 'index.php?module=Home&view=ShowWidget&name=Notebook', '', 0, NULL, NULL, NULL, NULL),
(105, 25, 'LISTVIEWBASIC', 'LBL_ADD_RECORD', '', '', 0, NULL, NULL, NULL, NULL),
(106, 25, 'LISTVIEWBASIC', 'LBL_DETAIL_REPORT', 'javascript:Reports_List_Js.addReport(\"index.php?module=Reports&view=Edit\")', '', 0, 'modules/Reports/models/Module.php', 'Reports_Module_Model', 'checkLinkAccess', 105),
(107, 25, 'LISTVIEWBASIC', 'LBL_CHARTS', 'javascript:Reports_List_Js.addReport(\"index.php?module=Reports&view=ChartEdit\")', '', 0, 'modules/Reports/models/Module.php', 'Reports_Module_Model', 'checkLinkAccess', 105),
(108, 25, 'LISTVIEWBASIC', 'LBL_ADD_FOLDER', 'javascript:Reports_List_Js.triggerAddFolder(\"index.php?module=Reports&view=EditFolder\")', '', 0, 'modules/Reports/models/Module.php', 'Reports_Module_Model', 'checkLinkAccess', NULL),
(109, 4, 'EXTENSIONLINK', 'Google', 'index.php?module=Contacts&view=Extension&extensionModule=Google&extensionView=Index', '', 0, NULL, NULL, NULL, NULL),
(110, 9, 'EXTENSIONLINK', 'Google', 'index.php?module=Calendar&view=Extension&extensionModule=Google&extensionView=Index', '', 0, NULL, NULL, NULL, NULL);

-- --------------------------------------------------------

--
-- Table structure for table `vtiger_links_seq`
--

CREATE TABLE `vtiger_links_seq` (
  `id` int(11) NOT NULL
) ENGINE=InnoDB DEFAULT CHARSET=utf8;

--
-- Dumping data for table `vtiger_links_seq`
--

INSERT INTO `vtiger_links_seq` (`id`) VALUES
(110);

-- --------------------------------------------------------

--
-- Table structure for table `vtiger_loginhistory`
--

CREATE TABLE `vtiger_loginhistory` (
  `login_id` int(11) NOT NULL,
  `user_name` varchar(255) DEFAULT NULL,
  `user_ip` varchar(25) NOT NULL,
  `logout_time` timestamp NOT NULL DEFAULT CURRENT_TIMESTAMP ON UPDATE CURRENT_TIMESTAMP,
  `login_time` datetime DEFAULT NULL,
  `status` varchar(25) DEFAULT NULL
) ENGINE=InnoDB DEFAULT CHARSET=utf8;

--
-- Dumping data for table `vtiger_loginhistory`
--

INSERT INTO `vtiger_loginhistory` (`login_id`, `user_name`, `user_ip`, `logout_time`, `login_time`, `status`) VALUES
(1, 'admin', '1.186.99.72', '2019-03-04 15:23:19', '2019-03-04 10:23:19', 'Signed in'),
(2, 'admin', '1.186.99.72', '2019-03-04 15:27:02', '2019-03-04 10:23:32', 'Signed off'),
(3, 'admin', '1.186.99.72', '2019-03-05 10:36:16', '2019-03-05 05:30:47', 'Signed off'),
(4, 'admin', '1.186.99.72', '2019-03-05 10:52:51', '2019-03-05 05:44:06', 'Signed off'),
(5, 'admin', '1.186.99.72', '2019-03-05 11:27:43', '2019-03-05 06:06:17', 'Signed off'),
(6, 'admin', '1.186.99.72', '2019-03-05 12:04:57', '2019-03-05 07:04:57', 'Signed in'),
(7, 'admin', '1.186.99.72', '2019-03-05 12:46:59', '2019-03-05 07:42:45', 'Signed off'),
(8, 'admin', '1.186.99.72', '2019-03-05 13:04:54', '2019-03-05 08:04:54', 'Signed in'),
(9, 'admin', '1.186.99.72', '2019-03-05 15:35:13', '2019-03-05 10:35:13', 'Signed in'),
(10, 'admin', '1.186.99.72', '2019-03-06 16:31:05', '2019-03-06 11:31:05', 'Signed in'),
(11, 'admin', '1.186.99.72', '2019-03-06 17:59:34', '2019-03-06 12:59:34', 'Signed in'),
(12, 'admin', '1.186.99.72', '2019-03-07 10:34:45', '2019-03-07 05:34:45', 'Signed in'),
(13, 'admin', '42.110.150.53', '2019-03-07 12:07:11', '2019-03-07 07:07:11', 'Signed in'),
(14, 'admin', '1.186.99.72', '2019-03-11 17:16:03', '2019-03-11 13:16:03', 'Signed in'),
(15, 'admin', '1.186.99.72', '2019-03-19 16:18:34', '2019-03-19 11:53:49', 'Signed off'),
(16, 'admin', '1.186.99.72', '2019-03-19 16:18:51', '2019-03-19 12:18:51', 'Signed in'),
(17, 'admin', '1.186.99.72', '2019-03-20 11:44:22', '2019-03-20 07:44:22', 'Signed in'),
(18, 'admin', '115.96.155.235', '2019-03-23 08:55:44', '2019-03-23 04:40:44', 'Signed off'),
(19, 'admin', '1.186.99.72', '2019-03-23 10:53:57', '2019-03-23 06:53:57', 'Signed in'),
(20, 'admin', '49.37.9.125', '2019-03-23 11:36:54', '2019-03-23 07:36:54', 'Signed in'),
(21, 'admin', '49.37.9.125', '2019-03-23 11:36:56', '2019-03-23 07:36:56', 'Signed in'),
(22, 'admin', '42.110.149.9', '2019-03-23 11:38:24', '2019-03-23 07:38:24', 'Signed in'),
(23, 'admin', '1.186.99.72', '2019-03-25 13:27:24', '2019-03-25 09:27:24', 'Signed in'),
(24, 'admin', '1.186.99.72', '2019-03-26 17:19:23', '2019-03-26 13:19:23', 'Signed in'),
(25, 'admin', '1.186.99.72', '2019-03-27 10:04:36', '2019-03-27 06:04:36', 'Signed in'),
(26, 'admin', '1.186.99.72', '2019-03-28 14:20:28', '2019-03-28 10:20:28', 'Signed in'),
(27, 'admin', '1.186.99.72', '2019-03-29 11:27:58', '2019-03-29 07:27:58', 'Signed in'),
(28, 'admin', '157.40.53.136', '2019-03-30 16:13:24', '2019-03-30 12:13:24', 'Signed in'),
(29, 'admin', '1.186.99.72', '2019-04-01 10:01:20', '2019-04-01 06:01:20', 'Signed in'),
(30, 'admin', '1.186.99.72', '2019-04-02 10:22:19', '2019-04-02 06:22:19', 'Signed in'),
(31, 'admin', '1.186.99.72', '2019-04-03 17:44:38', '2019-04-03 13:44:38', 'Signed in'),
(32, 'admin', '1.186.99.72', '2019-04-04 10:18:26', '2019-04-04 06:18:26', 'Signed in'),
(33, 'admin', '1.186.99.72', '2019-04-05 09:16:18', '2019-04-05 05:16:18', 'Signed in'),
(34, 'admin', '1.186.99.72', '2019-04-06 09:47:27', '2019-04-06 05:47:27', 'Signed in'),
(35, 'admin', '1.186.99.72', '2019-04-08 09:41:55', '2019-04-08 05:41:55', 'Signed in'),
(36, 'admin', '1.186.99.72', '2019-04-09 16:05:41', '2019-04-09 12:05:41', 'Signed in'),
(37, 'admin', '1.186.99.72', '2019-04-13 12:34:27', '2019-04-13 08:34:27', 'Signed in'),
(38, 'admin', '1.186.99.72', '2019-04-18 09:34:24', '2019-04-18 05:34:24', 'Signed in'),
(39, 'admin', '47.15.226.140', '2019-04-18 19:47:36', '2019-04-18 15:47:36', 'Signed in'),
(40, 'admin', '1.186.99.72', '2019-04-19 09:43:38', '2019-04-19 05:43:38', 'Signed in'),
(41, 'admin', '1.186.99.72', '2019-04-19 10:01:25', '2019-04-19 06:01:25', 'Signed in'),
(42, 'admin', '1.186.99.72', '2019-04-19 12:32:50', '2019-04-19 08:32:50', 'Signed in'),
(43, 'admin', '1.186.99.72', '2019-04-19 15:40:38', '2019-04-19 11:40:38', 'Signed in'),
(44, 'admin', '1.186.99.72', '2019-04-19 17:15:07', '2019-04-19 13:15:07', 'Signed in'),
(45, 'admin', '47.15.219.139', '2019-04-19 19:55:23', '2019-04-19 15:55:23', 'Signed in'),
(46, 'admin', '1.186.99.72', '2019-04-20 09:05:12', '2019-04-20 05:05:12', 'Signed in'),
(47, 'admin', '1.186.99.72', '2019-04-20 14:07:11', '2019-04-20 10:07:11', 'Signed in'),
(48, 'admin', '1.186.99.72', '2019-04-22 09:40:05', '2019-04-22 05:40:05', 'Signed in'),
(49, 'admin', '1.186.99.72', '2019-04-23 09:38:05', '2019-04-23 05:38:05', 'Signed in'),
(50, 'admin', '47.15.185.116', '2019-04-23 19:37:05', '2019-04-23 15:37:05', 'Signed in'),
(51, 'admin', '1.186.99.72', '2019-04-24 10:52:11', '2019-04-24 06:52:11', 'Signed in'),
(52, 'admin', '1.186.99.72', '2019-04-24 14:56:11', '2019-04-24 10:56:11', 'Signed in'),
(53, 'admin', '157.40.126.194', '2019-04-24 20:41:11', '2019-04-24 16:41:11', 'Signed in'),
(54, 'admin', '1.186.99.72', '2019-04-25 09:35:46', '2019-04-25 05:35:46', 'Signed in'),
(55, 'admin', '157.40.92.92', '2019-04-25 19:53:12', '2019-04-25 15:53:12', 'Signed in'),
(56, 'admin', '1.186.99.72', '2019-04-26 12:17:06', '2019-04-26 08:17:06', 'Signed in'),
(57, 'admin', '157.40.98.54', '2019-04-27 11:34:32', '2019-04-27 07:34:32', 'Signed in'),
(58, 'admin', '157.40.102.222', '2019-04-27 15:35:09', '2019-04-27 11:35:09', 'Signed in'),
(59, 'admin', '157.40.74.154', '2019-04-28 08:37:58', '2019-04-28 04:37:58', 'Signed in'),
(60, 'admin', '157.40.70.118', '2019-04-28 15:18:44', '2019-04-28 11:18:44', 'Signed in'),
(61, 'admin', '157.40.118.170', '2019-04-28 20:36:43', '2019-04-28 16:36:43', 'Signed in'),
(62, 'admin', '1.186.99.72', '2019-04-29 09:48:43', '2019-04-29 05:48:43', 'Signed in'),
(63, 'admin', '47.15.139.13', '2019-04-29 19:54:03', '2019-04-29 15:54:03', 'Signed in'),
(64, 'admin', '1.186.99.72', '2019-04-30 09:50:28', '2019-04-30 05:50:28', 'Signed in'),
(65, 'admin', '47.15.234.123', '2019-05-01 21:10:18', '2019-05-01 17:10:18', 'Signed in'),
(66, 'admin', '1.186.99.72', '2019-05-02 09:05:58', '2019-05-02 05:05:58', 'Signed in'),
(67, 'admin', '1.186.99.72', '2019-05-02 10:13:18', '2019-05-02 06:13:18', 'Signed in'),
(68, 'admin', '157.40.81.53', '2019-05-02 20:00:23', '2019-05-02 16:00:23', 'Signed in'),
(69, 'admin', '157.40.81.53', '2019-05-02 21:30:50', '2019-05-02 17:30:50', 'Signed in'),
(70, 'admin', '1.186.99.72', '2019-05-03 09:19:13', '2019-05-03 05:19:13', 'Signed in'),
(71, 'admin', '157.40.71.11', '2019-05-03 17:07:48', '2019-05-03 13:07:48', 'Signed in'),
(72, 'admin', '157.40.71.11', '2019-05-03 18:52:15', '2019-05-03 14:52:15', 'Signed in'),
(73, 'admin', '1.186.99.72', '2019-05-06 15:26:19', '2019-05-06 11:26:19', 'Signed in'),
(74, 'admin', '1.186.99.72', '2019-05-06 15:58:35', '2019-05-06 11:58:35', 'Signed in'),
(75, 'admin', '1.186.99.72', '2019-05-07 10:08:58', '2019-05-07 06:08:58', 'Signed in'),
(76, 'admin', '1.186.99.72', '2019-05-07 14:53:59', '2019-05-07 10:53:59', 'Signed in'),
(77, 'admin', '45.123.161.158', '2019-05-07 15:35:48', '2019-05-07 11:35:48', 'Signed in'),
(78, 'admin', '1.186.99.72', '2019-05-08 14:24:15', '2019-05-08 10:24:15', 'Signed in'),
(79, 'admin', '1.186.99.72', '2019-05-08 15:35:00', '2019-05-08 11:35:00', 'Signed in'),
(80, 'admin', '157.40.56.165', '2019-05-08 20:35:36', '2019-05-08 16:35:36', 'Signed in'),
(81, 'admin', '1.186.99.72', '2019-05-09 09:21:57', '2019-05-09 05:21:57', 'Signed in'),
(82, 'admin', '45.123.161.158', '2019-05-09 10:37:17', '2019-05-09 06:37:17', 'Signed in'),
(83, 'admin', '157.40.14.107', '2019-05-09 21:10:17', '2019-05-09 17:10:17', 'Signed in'),
(84, 'admin', '45.123.161.158', '2019-05-09 22:37:37', '2019-05-09 18:37:37', 'Signed in'),
(85, 'admin', '1.186.99.72', '2019-05-10 09:36:03', '2019-05-10 05:36:03', 'Signed in'),
(86, 'admin', '45.123.161.158', '2019-05-10 11:42:13', '2019-05-10 07:42:13', 'Signed in'),
(87, 'admin', '1.186.99.72', '2019-05-13 10:17:31', '2019-05-13 06:17:31', 'Signed in'),
(88, 'admin', '1.186.99.72', '2019-05-14 10:05:51', '2019-05-14 06:05:51', 'Signed in'),
(89, 'admin', '1.186.99.72', '2019-05-14 14:17:43', '2019-05-14 10:17:43', 'Signed in'),
(90, 'admin', '1.186.99.72', '2019-05-14 17:46:59', '2019-05-14 13:46:59', 'Signed in'),
(91, 'admin', '1.186.99.72', '2019-05-15 09:11:15', '2019-05-15 05:11:15', 'Signed in'),
(92, 'admin', '157.40.120.215', '2019-05-15 20:59:33', '2019-05-15 16:59:33', 'Signed in'),
(93, 'admin', '1.186.99.72', '2019-05-16 10:12:02', '2019-05-16 06:12:02', 'Signed in'),
(94, 'admin', '1.186.99.72', '2019-05-16 17:18:30', '2019-05-16 13:18:30', 'Signed in'),
(95, 'admin', '1.186.99.72', '2019-05-17 09:12:15', '2019-05-17 05:12:15', 'Signed in'),
(96, 'admin', '157.40.88.155', '2019-05-17 21:03:31', '2019-05-17 17:03:31', 'Signed in'),
(97, 'admin', '1.186.99.72', '2019-05-18 09:10:57', '2019-05-18 05:10:57', 'Signed in'),
(98, 'admin', '157.40.104.183', '2019-05-19 21:49:34', '2019-05-19 17:49:34', 'Signed in'),
(99, 'admin', '1.186.99.72', '2019-05-20 09:37:44', '2019-05-20 05:37:44', 'Signed in'),
(100, 'admin', '1.186.99.72', '2019-05-20 10:54:58', '2019-05-20 06:54:58', 'Signed in'),
(101, 'admin', '1.186.99.72', '2019-05-20 14:23:09', '2019-05-20 10:23:09', 'Signed in'),
(102, 'admin', '157.40.110.173', '2019-05-20 21:20:06', '2019-05-20 17:20:06', 'Signed in'),
(103, 'admin', '1.186.99.72', '2019-05-21 09:09:29', '2019-05-21 05:09:29', 'Signed in'),
(104, 'admin', '47.15.208.74', '2019-05-21 10:43:31', '2019-05-21 06:43:31', 'Signed in'),
(105, 'admin', '1.186.99.72', '2019-05-22 10:09:44', '2019-05-22 06:09:44', 'Signed in'),
(106, 'admin', '1.186.99.72', '2019-05-22 11:46:29', '2019-05-22 07:46:29', 'Signed in'),
(107, 'admin', '1.186.99.72', '2019-05-23 09:17:37', '2019-05-23 05:17:37', 'Signed in'),
(108, 'admin', '1.186.99.72', '2019-05-23 12:14:44', '2019-05-23 08:14:44', 'Signed in'),
(109, 'admin', '1.186.99.72', '2019-05-23 14:04:02', '2019-05-23 10:04:02', 'Signed in'),
(110, 'admin', '1.186.99.72', '2019-05-23 15:44:36', '2019-05-23 11:44:36', 'Signed in'),
(111, 'admin', '1.186.99.72', '2019-05-23 17:16:44', '2019-05-23 13:16:44', 'Signed in'),
(112, 'admin', '1.186.99.72', '2019-05-24 09:54:32', '2019-05-24 05:54:32', 'Signed in'),
(113, 'admin', '1.186.99.72', '2019-05-24 16:43:51', '2019-05-24 12:43:51', 'Signed in'),
(114, 'admin', '1.186.99.72', '2019-05-27 09:26:27', '2019-05-27 05:26:27', 'Signed in'),
(115, 'admin', '1.186.99.72', '2019-05-27 10:54:40', '2019-05-27 06:54:40', 'Signed in'),
(116, 'admin', '1.186.99.72', '2019-05-27 14:34:00', '2019-05-27 10:34:00', 'Signed in'),
(117, 'admin', '1.186.99.72', '2019-05-28 09:15:31', '2019-05-28 05:15:31', 'Signed in'),
(118, 'admin', '1.186.99.72', '2019-05-28 15:19:22', '2019-05-28 11:19:22', 'Signed in'),
(119, 'admin', '1.186.99.72', '2019-05-29 09:38:08', '2019-05-29 05:38:08', 'Signed in'),
(120, 'admin', '1.186.99.72', '2019-05-30 10:07:53', '2019-05-30 06:07:53', 'Signed in'),
(121, 'admin', '47.15.187.138', '2019-05-30 21:15:04', '2019-05-30 17:15:04', 'Signed in'),
(122, 'admin', '1.186.99.72', '2019-05-31 09:39:49', '2019-05-31 05:39:49', 'Signed in'),
(123, 'admin', '1.186.99.72', '2019-06-01 09:55:10', '2019-06-01 05:55:10', 'Signed in'),
(124, 'admin', '1.186.99.72', '2019-06-03 09:20:18', '2019-06-03 05:20:18', 'Signed in'),
(125, 'admin', '1.186.99.72', '2019-06-03 16:08:45', '2019-06-03 12:08:45', 'Signed in'),
(126, 'admin', '1.186.99.72', '2019-06-03 17:31:57', '2019-06-03 13:31:57', 'Signed in'),
(127, 'admin', '1.186.99.72', '2019-06-04 09:23:03', '2019-06-04 05:23:03', 'Signed in'),
(128, 'admin', '1.186.99.72', '2019-06-04 09:23:39', '2019-06-04 05:23:39', 'Signed in'),
(129, 'admin', '1.186.99.72', '2019-06-05 09:55:08', '2019-06-05 05:55:08', 'Signed in'),
(130, 'admin', '1.186.99.72', '2019-06-05 15:42:44', '2019-06-05 11:42:44', 'Signed in'),
(131, 'admin', '1.186.99.72', '2019-06-05 16:26:08', '2019-06-05 12:01:26', 'Signed off'),
(132, 'admin', '1.186.99.72', '2019-06-06 09:46:30', '2019-06-06 05:46:30', 'Signed in'),
(133, 'admin', '1.186.99.72', '2019-06-06 10:37:07', '2019-06-06 06:37:07', 'Signed in'),
(134, 'admin', '1.186.99.72', '2019-06-06 14:00:14', '2019-06-06 10:00:14', 'Signed in'),
(135, 'admin', '1.186.99.72', '2019-06-06 14:44:10', '2019-06-06 10:44:10', 'Signed in'),
(136, 'admin', '1.186.99.72', '2019-06-07 17:08:21', '2019-06-07 13:08:21', 'Signed in'),
(137, 'admin', '1.186.99.72', '2019-06-10 10:04:37', '2019-06-10 06:04:37', 'Signed in'),
(138, 'admin', '1.186.99.72', '2019-06-10 17:56:56', '2019-06-10 12:56:56', 'Signed in'),
(139, 'admin', '1.186.99.72', '2019-06-11 11:06:25', '2019-06-11 06:06:25', 'Signed in'),
(140, 'admin', '1.186.99.72', '2019-06-11 14:26:41', '2019-06-11 09:26:41', 'Signed in'),
(141, 'admin', '1.186.99.72', '2019-06-11 14:26:56', '2019-06-11 09:26:56', 'Signed in'),
(142, 'admin', '1.186.99.72', '2019-06-11 14:40:32', '2019-06-11 09:40:32', 'Signed in'),
(143, 'admin', '1.186.99.72', '2019-06-12 10:29:16', '2019-06-12 05:29:16', 'Signed in'),
(144, 'admin', '1.186.99.72', '2019-06-12 12:14:37', '2019-06-12 07:14:37', 'Signed in'),
(145, 'admin', '1.186.99.72', '2019-06-12 14:37:17', '2019-06-12 09:37:17', 'Signed in'),
(146, 'admin', '42.110.146.240', '2019-06-12 16:24:41', '2019-06-12 11:24:41', 'Signed in'),
(147, 'admin', '47.15.172.211', '2019-06-12 20:42:53', '2019-06-12 15:42:53', 'Signed in'),
(148, 'admin', '1.186.99.72', '2019-06-15 14:02:15', '2019-06-15 09:02:15', 'Signed in'),
(149, 'admin', '1.186.99.72', '2019-06-15 14:39:47', '2019-06-15 09:39:47', 'Signed in'),
(150, 'admin', '1.186.99.72', '2019-06-15 16:02:10', '2019-06-15 11:02:10', 'Signed in'),
(151, 'admin', '1.186.99.72', '2019-06-15 16:02:56', '2019-06-15 11:02:56', 'Signed in'),
(152, 'admin', '1.186.99.72', '2019-06-15 16:03:57', '2019-06-15 11:03:57', 'Signed in'),
(153, 'admin', '223.176.87.164', '2019-06-15 16:07:17', '2019-06-15 11:07:17', 'Signed in'),
(154, 'admin', '1.186.99.72', '2019-06-18 11:39:16', '2019-06-18 06:39:16', 'Signed in'),
(155, 'admin', '1.186.99.72', '2019-06-18 14:29:32', '2019-06-18 09:29:32', 'Signed in'),
(156, 'admin', '1.186.99.72', '2019-06-19 17:35:59', '2019-06-19 12:35:59', 'Signed in'),
(157, 'admin', '1.186.99.72', '2019-06-19 17:50:20', '2019-06-19 12:50:20', 'Signed in'),
(158, 'admin', '1.186.99.72', '2019-06-20 10:34:47', '2019-06-20 05:34:47', 'Signed in'),
(159, 'admin', '1.186.99.72', '2019-06-25 10:18:51', '2019-06-25 05:18:51', 'Signed in'),
(160, 'admin', '1.186.99.72', '2019-06-26 13:15:10', '2019-06-26 08:05:47', 'Signed off'),
(161, 'admin', '1.186.99.72', '2019-06-26 14:06:48', '2019-06-26 08:15:50', 'Signed off'),
(162, 'admin', '1.186.99.72', '2019-06-26 14:12:43', '2019-06-26 09:07:07', 'Signed off'),
(163, 'admin', '1.186.99.72', '2019-06-27 14:53:27', '2019-06-27 09:21:55', 'Signed off'),
(164, 'admin', '1.186.99.72', '2019-06-27 15:17:19', '2019-06-27 09:55:54', 'Signed off'),
(165, 'admin', '1.186.99.72', '2019-06-27 15:24:56', '2019-06-27 10:17:53', 'Signed off'),
(166, 'admin', '1.186.99.72', '2019-06-27 15:39:48', '2019-06-27 10:25:19', 'Signed off'),
(167, 'admin', '1.186.99.72', '2019-06-27 15:40:08', '2019-06-27 10:40:08', 'Signed in'),
(168, 'admin', '122.176.30.219', '2019-06-27 15:51:43', '2019-06-27 10:51:43', 'Signed in'),
(169, 'admin', '1.186.99.72', '2019-07-01 11:44:57', '2019-07-01 06:44:19', 'Signed off'),
(170, 'admin', '1.186.99.72', '2019-07-02 10:24:35', '2019-07-02 05:24:35', 'Signed in'),
(171, 'admin', '1.186.99.72', '2019-07-02 16:23:17', '2019-07-02 11:23:17', 'Signed in'),
(172, 'admin', '1.186.99.72', '2019-07-03 10:14:04', '2019-07-03 05:14:04', 'Signed in'),
(173, 'admin', '1.186.99.72', '2019-07-04 11:08:56', '2019-07-04 06:07:41', 'Signed off'),
(174, 'admin', '1.186.99.72', '2019-07-11 12:59:05', '2019-07-11 07:59:05', 'Signed in'),
(175, 'admin', '1.186.99.72', '2019-07-11 14:44:49', '2019-07-11 09:35:40', 'Signed off'),
(176, 'admin', '1.186.99.72', '2019-07-11 14:44:59', '2019-07-11 09:44:59', 'Signed in'),
(177, 'admin', '1.186.99.72', '2019-07-18 10:57:02', '2019-07-18 05:56:41', 'Signed off'),
(178, 'admin', '202.142.68.14', '2019-07-18 21:54:21', '2019-07-18 16:54:21', 'Signed in'),
(179, 'admin', '1.186.99.72', '2019-07-22 16:07:44', '2019-07-22 11:07:44', 'Signed in'),
(180, 'admin', '42.110.130.216', '2019-08-01 10:52:47', '2019-08-01 05:52:47', 'Signed in'),
(181, 'admin', '42.110.159.27', '2019-08-22 14:34:02', '2019-08-22 09:34:02', 'Signed in'),
(182, 'admin', '101.127.234.130', '2019-08-22 16:47:52', '2019-08-22 11:47:52', 'Signed in'),
(183, 'admin', '101.127.234.130', '2019-08-22 16:47:53', '2019-08-22 11:47:53', 'Signed in'),
(184, 'admin', '1.186.99.72', '2019-09-12 12:04:14', '2019-09-12 07:00:40', 'Signed off'),
(185, 'admin', '1.186.99.72', '2019-09-16 16:18:57', '2019-09-16 10:47:03', 'Signed off'),
(186, 'admin', '1.186.99.72', '2019-09-18 11:03:07', '2019-09-18 06:03:07', 'Signed in'),
(187, 'admin', '1.186.99.72', '2019-09-18 12:33:44', '2019-09-18 07:33:44', 'Signed in'),
(188, 'admin', '1.186.99.72', '2019-09-18 16:49:37', '2019-09-18 11:49:37', 'Signed in'),
(189, 'admin', '1.186.99.72', '2019-09-19 10:22:07', '2019-09-19 05:22:07', 'Signed in'),
(190, 'admin', '1.186.99.72', '2019-09-19 12:03:22', '2019-09-19 07:03:22', 'Signed in'),
(191, 'admin', '1.186.99.72', '2019-09-19 14:34:25', '2019-09-19 09:34:25', 'Signed in'),
(192, 'admin', '1.186.99.72', '2019-09-19 15:53:34', '2019-09-19 10:53:34', 'Signed in'),
(193, 'admin', '1.186.99.72', '2019-09-19 17:30:44', '2019-09-19 12:30:44', 'Signed in'),
(194, 'admin', '103.10.208.229', '2019-09-20 11:29:20', '2019-09-20 06:29:20', 'Signed in'),
(195, 'admin', '1.186.99.72', '2019-09-21 11:36:42', '2019-09-21 06:36:42', 'Signed in'),
(196, 'admin', '1.186.99.72', '2019-09-21 12:45:29', '2019-09-21 07:45:29', 'Signed in'),
(197, 'admin', '1.186.99.72', '2019-09-23 10:22:08', '2019-09-23 05:22:08', 'Signed in'),
(198, 'admin', '1.186.99.72', '2019-09-23 14:36:29', '2019-09-23 09:36:29', 'Signed in'),
(199, 'admin', '1.186.99.72', '2019-10-14 15:11:20', '2019-10-14 10:11:20', 'Signed in'),
(200, 'admin', '1.186.99.72', '2019-10-14 18:31:19', '2019-10-14 13:31:19', 'Signed in'),
(201, 'admin', '1.186.99.72', '2019-10-15 10:20:40', '2019-10-15 05:20:40', 'Signed in'),
(202, 'admin', '1.186.99.72', '2019-10-15 12:52:27', '2019-10-15 07:52:27', 'Signed in'),
(203, 'admin', '42.110.157.163', '2019-10-30 15:24:40', '2019-10-30 10:24:40', 'Signed in');

-- --------------------------------------------------------

--
-- Table structure for table `vtiger_mailer_queue`
--

CREATE TABLE `vtiger_mailer_queue` (
  `id` int(11) NOT NULL,
  `fromname` varchar(100) DEFAULT NULL,
  `fromemail` varchar(100) DEFAULT NULL,
  `mailer` varchar(10) DEFAULT NULL,
  `content_type` varchar(15) DEFAULT NULL,
  `subject` varchar(999) DEFAULT NULL,
  `body` text,
  `relcrmid` int(11) DEFAULT NULL,
  `failed` int(1) NOT NULL DEFAULT '0',
  `failreason` varchar(255) DEFAULT NULL
) ENGINE=InnoDB DEFAULT CHARSET=utf8;

-- --------------------------------------------------------

--
-- Table structure for table `vtiger_mailer_queueattachments`
--

CREATE TABLE `vtiger_mailer_queueattachments` (
  `id` int(11) DEFAULT NULL,
  `path` text,
  `name` varchar(100) DEFAULT NULL,
  `encoding` varchar(50) DEFAULT NULL,
  `type` varchar(100) DEFAULT NULL
) ENGINE=InnoDB DEFAULT CHARSET=utf8;

-- --------------------------------------------------------

--
-- Table structure for table `vtiger_mailer_queueinfo`
--

CREATE TABLE `vtiger_mailer_queueinfo` (
  `id` int(11) DEFAULT NULL,
  `name` varchar(100) DEFAULT NULL,
  `email` varchar(100) DEFAULT NULL,
  `type` varchar(7) DEFAULT NULL
) ENGINE=InnoDB DEFAULT CHARSET=utf8;

-- --------------------------------------------------------

--
-- Table structure for table `vtiger_mailmanager_mailattachments`
--

CREATE TABLE `vtiger_mailmanager_mailattachments` (
  `userid` int(11) DEFAULT NULL,
  `muid` int(11) DEFAULT NULL,
  `aname` varchar(100) DEFAULT NULL,
  `lastsavedtime` int(11) DEFAULT NULL,
  `attachid` int(19) NOT NULL,
  `path` varchar(200) NOT NULL,
  `cid` varchar(50) DEFAULT NULL
) ENGINE=InnoDB DEFAULT CHARSET=utf8;

-- --------------------------------------------------------

--
-- Table structure for table `vtiger_mailmanager_mailrecord`
--

CREATE TABLE `vtiger_mailmanager_mailrecord` (
  `userid` int(11) DEFAULT NULL,
  `mfrom` varchar(255) DEFAULT NULL,
  `mto` varchar(255) DEFAULT NULL,
  `mcc` varchar(500) DEFAULT NULL,
  `mbcc` varchar(500) DEFAULT NULL,
  `mdate` varchar(20) DEFAULT NULL,
  `msubject` varchar(500) DEFAULT NULL,
  `mbody` text,
  `mcharset` varchar(10) DEFAULT NULL,
  `misbodyhtml` int(1) DEFAULT NULL,
  `mplainmessage` int(1) DEFAULT NULL,
  `mhtmlmessage` int(1) DEFAULT NULL,
  `muniqueid` varchar(500) DEFAULT NULL,
  `mbodyparsed` int(1) DEFAULT NULL,
  `muid` int(11) DEFAULT NULL,
  `lastsavedtime` int(11) DEFAULT NULL,
  `mfolder` varchar(250) DEFAULT NULL
) ENGINE=InnoDB DEFAULT CHARSET=utf8;

-- --------------------------------------------------------

--
-- Table structure for table `vtiger_mailmanager_mailrel`
--

CREATE TABLE `vtiger_mailmanager_mailrel` (
  `mailuid` varchar(999) DEFAULT NULL,
  `crmid` int(11) DEFAULT NULL,
  `emailid` int(11) DEFAULT NULL
) ENGINE=InnoDB DEFAULT CHARSET=utf8;

-- --------------------------------------------------------

--
-- Table structure for table `vtiger_mailscanner`
--

CREATE TABLE `vtiger_mailscanner` (
  `scannerid` int(11) NOT NULL,
  `scannername` varchar(30) DEFAULT NULL,
  `server` varchar(100) DEFAULT NULL,
  `protocol` varchar(10) DEFAULT NULL,
  `username` varchar(255) DEFAULT NULL,
  `password` varchar(255) DEFAULT NULL,
  `ssltype` varchar(10) DEFAULT NULL,
  `sslmethod` varchar(30) DEFAULT NULL,
  `connecturl` varchar(255) DEFAULT NULL,
  `searchfor` varchar(10) DEFAULT NULL,
  `markas` varchar(10) DEFAULT NULL,
  `isvalid` int(1) DEFAULT NULL,
  `scanfrom` varchar(10) DEFAULT 'ALL',
  `time_zone` varchar(10) DEFAULT NULL
) ENGINE=InnoDB DEFAULT CHARSET=utf8;

-- --------------------------------------------------------

--
-- Table structure for table `vtiger_mailscanner_actions`
--

CREATE TABLE `vtiger_mailscanner_actions` (
  `actionid` int(11) NOT NULL,
  `scannerid` int(11) DEFAULT NULL,
  `actiontype` varchar(10) DEFAULT NULL,
  `module` varchar(30) DEFAULT NULL,
  `lookup` varchar(30) DEFAULT NULL,
  `sequence` int(11) DEFAULT NULL
) ENGINE=InnoDB DEFAULT CHARSET=utf8;

-- --------------------------------------------------------

--
-- Table structure for table `vtiger_mailscanner_folders`
--

CREATE TABLE `vtiger_mailscanner_folders` (
  `folderid` int(11) NOT NULL,
  `scannerid` int(11) DEFAULT NULL,
  `foldername` varchar(255) DEFAULT NULL,
  `lastscan` varchar(30) DEFAULT NULL,
  `rescan` int(1) DEFAULT NULL,
  `enabled` int(1) DEFAULT NULL
) ENGINE=InnoDB DEFAULT CHARSET=utf8;

-- --------------------------------------------------------

--
-- Table structure for table `vtiger_mailscanner_ids`
--

CREATE TABLE `vtiger_mailscanner_ids` (
  `scannerid` int(11) DEFAULT NULL,
  `messageid` varchar(512) DEFAULT NULL,
  `crmid` int(11) DEFAULT NULL,
  `refids` text
) ENGINE=InnoDB DEFAULT CHARSET=utf8;

-- --------------------------------------------------------

--
-- Table structure for table `vtiger_mailscanner_ruleactions`
--

CREATE TABLE `vtiger_mailscanner_ruleactions` (
  `ruleid` int(11) DEFAULT NULL,
  `actionid` int(11) DEFAULT NULL
) ENGINE=InnoDB DEFAULT CHARSET=utf8;

-- --------------------------------------------------------

--
-- Table structure for table `vtiger_mailscanner_rules`
--

CREATE TABLE `vtiger_mailscanner_rules` (
  `ruleid` int(11) NOT NULL,
  `scannerid` int(11) DEFAULT NULL,
  `fromaddress` varchar(255) DEFAULT NULL,
  `toaddress` varchar(255) DEFAULT NULL,
  `subjectop` varchar(20) DEFAULT NULL,
  `subject` varchar(255) DEFAULT NULL,
  `bodyop` varchar(20) DEFAULT NULL,
  `body` varchar(255) DEFAULT NULL,
  `matchusing` varchar(5) DEFAULT NULL,
  `sequence` int(11) DEFAULT NULL,
  `assigned_to` int(10) DEFAULT NULL,
  `cc` varchar(255) DEFAULT NULL,
  `bcc` varchar(255) DEFAULT NULL
) ENGINE=InnoDB DEFAULT CHARSET=utf8;

-- --------------------------------------------------------

--
-- Table structure for table `vtiger_mail_accounts`
--

CREATE TABLE `vtiger_mail_accounts` (
  `account_id` int(11) NOT NULL,
  `user_id` int(11) NOT NULL,
  `display_name` varchar(50) DEFAULT NULL,
  `mail_id` varchar(50) DEFAULT NULL,
  `account_name` varchar(50) DEFAULT NULL,
  `mail_protocol` varchar(20) DEFAULT NULL,
  `mail_username` varchar(50) NOT NULL,
  `mail_password` text,
  `mail_servername` varchar(50) DEFAULT NULL,
  `box_refresh` int(10) DEFAULT NULL,
  `mails_per_page` int(10) DEFAULT NULL,
  `ssltype` varchar(50) DEFAULT NULL,
  `sslmeth` varchar(50) DEFAULT NULL,
  `int_mailer` int(1) DEFAULT '0',
  `status` varchar(10) DEFAULT NULL,
  `set_default` int(2) DEFAULT NULL,
  `sent_folder` varchar(50) DEFAULT NULL
) ENGINE=InnoDB DEFAULT CHARSET=utf8;

-- --------------------------------------------------------

--
-- Table structure for table `vtiger_manufacturer`
--

CREATE TABLE `vtiger_manufacturer` (
  `manufacturerid` int(19) NOT NULL,
  `manufacturer` varchar(200) NOT NULL,
  `presence` int(1) NOT NULL DEFAULT '1',
  `picklist_valueid` int(19) NOT NULL DEFAULT '0',
  `sortorderid` int(11) DEFAULT NULL,
  `color` varchar(10) DEFAULT NULL
) ENGINE=InnoDB DEFAULT CHARSET=utf8;

--
-- Dumping data for table `vtiger_manufacturer`
--

INSERT INTO `vtiger_manufacturer` (`manufacturerid`, `manufacturer`, `presence`, `picklist_valueid`, `sortorderid`, `color`) VALUES
(2, 'AltvetPet Inc.', 1, 124, 1, NULL),
(3, 'LexPon Inc.', 1, 125, 2, NULL),
(4, 'MetBeat Corp', 1, 126, 3, NULL);

-- --------------------------------------------------------

--
-- Table structure for table `vtiger_manufacturer_seq`
--

CREATE TABLE `vtiger_manufacturer_seq` (
  `id` int(11) NOT NULL
) ENGINE=InnoDB DEFAULT CHARSET=utf8;

--
-- Dumping data for table `vtiger_manufacturer_seq`
--

INSERT INTO `vtiger_manufacturer_seq` (`id`) VALUES
(4);

-- --------------------------------------------------------

--
-- Table structure for table `vtiger_mobile_alerts`
--

CREATE TABLE `vtiger_mobile_alerts` (
  `id` int(11) NOT NULL,
  `handler_path` varchar(500) DEFAULT NULL,
  `handler_class` varchar(50) DEFAULT NULL,
  `sequence` int(11) DEFAULT NULL,
  `deleted` int(11) NOT NULL DEFAULT '0'
) ENGINE=InnoDB DEFAULT CHARSET=utf8;

--
-- Dumping data for table `vtiger_mobile_alerts`
--

INSERT INTO `vtiger_mobile_alerts` (`id`, `handler_path`, `handler_class`, `sequence`, `deleted`) VALUES
(1, 'modules/Mobile/api/ws/models/alerts/IdleTicketsOfMine.php', 'Mobile_WS_AlertModel_IdleTicketsOfMine', NULL, 0),
(2, 'modules/Mobile/api/ws/models/alerts/NewTicketOfMine.php', 'Mobile_WS_AlertModel_NewTicketOfMine', NULL, 0),
(3, 'modules/Mobile/api/ws/models/alerts/PendingTicketsOfMine.php', 'Mobile_WS_AlertModel_PendingTicketsOfMine', NULL, 0),
(4, 'modules/Mobile/api/ws/models/alerts/PotentialsDueIn5Days.php', 'Mobile_WS_AlertModel_PotentialsDueIn5Days', NULL, 0),
(5, 'modules/Mobile/api/ws/models/alerts/EventsOfMineToday.php', 'Mobile_WS_AlertModel_EventsOfMineToday', NULL, 0),
(6, 'modules/Mobile/api/ws/models/alerts/ProjectTasksOfMine.php', 'Mobile_WS_AlertModel_ProjectTasksOfMine', NULL, 0),
(7, 'modules/Mobile/api/ws/models/alerts/Projects.php', 'Mobile_WS_AlertModel_Projects', NULL, 0);

-- --------------------------------------------------------

--
-- Table structure for table `vtiger_modcomments`
--

CREATE TABLE `vtiger_modcomments` (
  `modcommentsid` int(11) DEFAULT NULL,
  `commentcontent` text,
  `related_to` int(19) DEFAULT NULL,
  `parent_comments` int(19) DEFAULT NULL,
  `customer` int(19) DEFAULT NULL,
  `userid` int(19) DEFAULT NULL,
  `reasontoedit` varchar(100) DEFAULT NULL,
  `is_private` int(1) DEFAULT '0',
  `filename` varchar(255) DEFAULT NULL,
  `related_email_id` int(11) DEFAULT NULL
) ENGINE=InnoDB DEFAULT CHARSET=utf8;

-- --------------------------------------------------------

--
-- Table structure for table `vtiger_modcommentscf`
--

CREATE TABLE `vtiger_modcommentscf` (
  `modcommentsid` int(11) NOT NULL
) ENGINE=InnoDB DEFAULT CHARSET=utf8;

-- --------------------------------------------------------

--
-- Table structure for table `vtiger_modentity_num`
--

CREATE TABLE `vtiger_modentity_num` (
  `num_id` int(19) NOT NULL,
  `semodule` varchar(100) DEFAULT NULL,
  `prefix` varchar(50) NOT NULL DEFAULT '',
  `start_id` varchar(50) NOT NULL,
  `cur_id` varchar(50) NOT NULL,
  `active` varchar(2) NOT NULL
) ENGINE=InnoDB DEFAULT CHARSET=utf8;

--
-- Dumping data for table `vtiger_modentity_num`
--

INSERT INTO `vtiger_modentity_num` (`num_id`, `semodule`, `prefix`, `start_id`, `cur_id`, `active`) VALUES
(1, 'Leads', 'LEA', '1', '1', '1'),
(2, 'Accounts', 'ACC', '1', '4', '1'),
(3, 'Campaigns', 'CAM', '1', '1', '1'),
(4, 'Contacts', 'CON', '1', '5', '1'),
(5, 'Potentials', 'POT', '1', '1', '1'),
(6, 'HelpDesk', 'TT', '1', '1', '1'),
(7, 'Quotes', 'QUO', '1', '1', '1'),
(8, 'SalesOrder', 'SO', '1', '8', '1'),
(9, 'PurchaseOrder', 'PO', '1', '1', '1'),
(10, 'Invoice', 'INV', '1', '2', '1'),
(11, 'Products', 'PRO', '1', '2256', '1'),
(12, 'Vendors', 'VEN', '1', '1', '1'),
(13, 'PriceBooks', 'PB', '1', '1', '1'),
(14, 'Faq', 'FAQ', '1', '1', '1'),
(15, 'Documents', 'DOC', '1', '1', '1'),
(16, 'Services', 'SER', '1', '1', '1'),
(17, 'ServiceContracts', 'SERCON', '1', '1', '1'),
(18, 'Assets', 'ASSET', '1', '1', '1'),
(19, 'ProjectMilestone', 'PM', '1', '1', '1'),
(20, 'ProjectTask', 'PT', '1', '1', '1'),
(21, 'Project', 'PROJ', '1', '1', '1'),
(22, 'Batch', 'B00001', '1', '57', '0'),
(23, 'HeatRun', 'HR', '00001', '00004', '1'),
(24, 'BatchInventory', 'PM', '00001', '17', '0'),
(25, 'BatchInventory', 'PM-', '00001', '00151', '1'),
(26, 'BatchMovement', 'BM-', '00001', '00036', '1'),
(27, 'Batch', 'B-00057', '57', '57', '0'),
(28, 'Batch', 'B-0001', '57', '61', '1'),
(29, 'Rejection', 'RNOT-', '0001', '0055', '0'),
(30, 'Rejection', 'R-', '0001', '0006', '1'),
(31, 'Dispatch', 'D-', '0001', '0001', '0'),
(32, 'Dispatch', 'DP-', '0001', '0025', '1');

-- --------------------------------------------------------

--
-- Table structure for table `vtiger_modentity_num_seq`
--

CREATE TABLE `vtiger_modentity_num_seq` (
  `id` int(11) NOT NULL
) ENGINE=InnoDB DEFAULT CHARSET=utf8;

--
-- Dumping data for table `vtiger_modentity_num_seq`
--

INSERT INTO `vtiger_modentity_num_seq` (`id`) VALUES
(32);

-- --------------------------------------------------------

--
-- Table structure for table `vtiger_modtracker_basic`
--

CREATE TABLE `vtiger_modtracker_basic` (
  `id` int(20) NOT NULL,
  `crmid` int(20) DEFAULT NULL,
  `module` varchar(50) DEFAULT NULL,
  `whodid` int(20) DEFAULT NULL,
  `changedon` datetime DEFAULT NULL,
  `status` int(1) DEFAULT '0'
) ENGINE=InnoDB DEFAULT CHARSET=utf8;

--
-- Dumping data for table `vtiger_modtracker_basic`
--

INSERT INTO `vtiger_modtracker_basic` (`id`, `crmid`, `module`, `whodid`, `changedon`, `status`) VALUES
(1, 2, 'Products', 1, '2019-03-05 08:08:18', 2),
(2, 2, 'Products', 1, '2019-03-05 08:16:33', 0),
(3, 3, 'Products', 1, '2019-03-05 08:20:36', 2),
(4, 4, 'Products', 1, '2019-03-06 13:05:53', 2),
(5, 6, 'Accounts', 1, '2019-03-06 13:06:49', 2),
(6, 7, 'SalesOrder', 1, '2019-03-06 13:08:20', 2),
(7, 11, 'Products', 1, '2019-03-06 13:14:05', 2),
(8, 11, 'Products', 1, '2019-03-11 13:16:47', 1),
(9, 4, 'Products', 1, '2019-03-11 13:16:48', 1),
(10, 3, 'Products', 1, '2019-03-11 13:16:48', 1),
(11, 2, 'Products', 1, '2019-03-11 13:16:48', 1),
(12, 28, 'Products', 1, '2019-03-11 13:43:07', 1),
(13, 29, 'Products', 1, '2019-03-11 13:43:07', 1),
(14, 30, 'Products', 1, '2019-03-11 13:43:07', 1),
(15, 31, 'Products', 1, '2019-03-11 13:43:07', 1),
(16, 35, 'Products', 1, '2019-03-11 13:49:53', 1),
(17, 34, 'Products', 1, '2019-03-11 13:49:53', 1),
(18, 33, 'Products', 1, '2019-03-11 13:49:53', 1),
(19, 32, 'Products', 1, '2019-03-11 13:49:53', 1),
(20, 2237, 'Contacts', 1, '2019-03-25 13:13:58', 2),
(21, 2238, 'Contacts', 1, '2019-03-25 13:15:37', 2),
(22, 2239, 'Contacts', 1, '2019-03-26 13:22:46', 2),
(23, 6, 'Accounts', 1, '2019-03-26 13:28:10', 0),
(24, 6, 'Accounts', 1, '2019-03-26 13:28:27', 0),
(25, 2240, 'Accounts', 1, '2019-03-26 13:30:22', 2),
(26, 2240, 'Accounts', 1, '2019-03-26 13:31:08', 0),
(27, 6, 'Accounts', 1, '2019-03-26 13:31:34', 0),
(28, 2238, 'Contacts', 1, '2019-03-26 13:32:39', 0),
(29, 2238, 'Contacts', 1, '2019-03-26 13:33:05', 0),
(30, 2242, 'Products', 1, '2019-03-27 08:46:41', 2),
(31, 2243, 'Products', 1, '2019-03-27 08:47:04', 2),
(32, 7, 'SalesOrder', 1, '2019-03-27 08:47:41', 0),
(33, 2244, 'SalesOrder', 1, '2019-03-27 08:48:36', 2),
(34, 2244, 'SalesOrder', 1, '2019-03-27 08:48:52', 0),
(35, 2244, 'SalesOrder', 1, '2019-05-10 10:44:31', 0),
(36, 2244, 'SalesOrder', 1, '2019-05-10 10:45:39', 0),
(37, 2450, 'SalesOrder', 1, '2019-05-10 10:47:36', 2),
(38, 2451, 'SalesOrder', 1, '2019-05-14 10:18:08', 2),
(39, 2452, 'SalesOrder', 1, '2019-05-14 11:03:26', 2),
(40, 2452, 'SalesOrder', 1, '2019-05-15 19:44:48', 0),
(41, 2452, 'SalesOrder', 1, '2019-05-16 13:28:23', 0),
(42, 2460, 'SalesOrder', 1, '2019-05-16 13:32:12', 2),
(43, 2452, 'SalesOrder', 1, '2019-05-16 13:32:30', 1),
(44, 2460, 'SalesOrder', 1, '2019-05-16 13:32:56', 1),
(45, 2461, 'SalesOrder', 1, '2019-05-16 13:33:23', 2),
(46, 7, 'SalesOrder', 1, '2019-05-18 13:21:07', 0),
(47, 2243, 'Products', 1, '2019-05-24 08:36:08', 0),
(48, 2243, 'Products', 1, '2019-05-24 08:36:21', 0),
(49, 2243, 'Products', 1, '2019-05-24 08:36:29', 0),
(50, 2243, 'Products', 1, '2019-05-24 08:39:19', 0),
(51, 2243, 'Products', 1, '2019-05-24 08:42:45', 0),
(52, 2548, 'Invoice', 1, '2019-06-01 13:26:00', 2),
(53, 2548, 'Invoice', 1, '2019-06-01 13:26:18', 4),
(54, 2549, 'ModComments', 1, '2019-06-01 13:26:18', 2),
(55, 2575, 'Products', 1, '2019-06-10 11:47:39', 2),
(56, 0, 'Products', 1, '2019-06-10 12:10:26', 2),
(57, 3, 'Products', 1, '2019-06-10 12:18:21', 0),
(58, 3, 'Products', 1, '2019-06-10 12:18:52', 0),
(59, 124, 'Contacts', 1, '2019-07-11 09:39:37', 2),
(60, 125, 'Accounts', 1, '2019-07-11 09:41:51', 2),
(61, 125, 'Accounts', 1, '2019-07-11 09:42:37', 0),
(62, 125, 'Accounts', 1, '2019-07-11 09:42:55', 0),
(63, 124, 'Contacts', 1, '2019-07-11 09:43:28', 0),
(64, 124, 'Contacts', 1, '2019-07-11 09:43:50', 0);

-- --------------------------------------------------------

--
-- Table structure for table `vtiger_modtracker_basic_seq`
--

CREATE TABLE `vtiger_modtracker_basic_seq` (
  `id` int(11) NOT NULL
) ENGINE=InnoDB DEFAULT CHARSET=utf8 COLLATE=utf8_unicode_ci;

--
-- Dumping data for table `vtiger_modtracker_basic_seq`
--

INSERT INTO `vtiger_modtracker_basic_seq` (`id`) VALUES
(64);

-- --------------------------------------------------------

--
-- Table structure for table `vtiger_modtracker_detail`
--

CREATE TABLE `vtiger_modtracker_detail` (
  `id` int(11) DEFAULT NULL,
  `fieldname` varchar(100) DEFAULT NULL,
  `prevalue` text,
  `postvalue` text
) ENGINE=InnoDB DEFAULT CHARSET=utf8;

--
-- Dumping data for table `vtiger_modtracker_detail`
--

INSERT INTO `vtiger_modtracker_detail` (`id`, `fieldname`, `prevalue`, `postvalue`) VALUES
(1, 'label', NULL, 'Product Name'),
(1, 'productname', NULL, 'Product Name'),
(1, 'product_no', NULL, 'PRO1'),
(1, 'productcode', NULL, 'Part Number'),
(1, 'discontinued', NULL, '1'),
(1, 'manufacturer', NULL, 'AltvetPet Inc.'),
(1, 'sales_end_date', NULL, '2019-04-30'),
(1, 'start_date', NULL, '2019-03-05'),
(1, 'expiry_date', NULL, '2020-10-01'),
(1, 'website', NULL, 'www.website.com'),
(1, 'mfr_part_no', NULL, 'Mfr PartNo'),
(1, 'vendor_part_no', NULL, 'Vendor Part No'),
(1, 'serial_no', NULL, 'Serial No'),
(1, 'productsheet', NULL, 'Product Sheet'),
(1, 'glacct', NULL, '301-Sales-Hardware'),
(1, 'createdtime', NULL, '2019-03-05 08:08:18'),
(1, 'modifiedby', NULL, '1'),
(1, 'unit_price', NULL, '100.00000000'),
(1, 'commissionrate', NULL, '5.000'),
(1, 'usageunit', NULL, 'Sheet'),
(1, 'qty_per_unit', NULL, '500.00'),
(1, 'qtyinstock', NULL, '450.000'),
(1, 'reorderlevel', NULL, '100'),
(1, 'assigned_user_id', NULL, '1'),
(1, 'qtyindemand', NULL, '900'),
(1, 'description', NULL, 'Description'),
(1, 'purchase_cost', NULL, '0.00000000'),
(1, 'source', NULL, 'CRM'),
(1, 'record_id', NULL, '2'),
(1, 'record_module', NULL, 'Products'),
(2, 'usageunit', 'Box', 'PCS'),
(3, 'label', NULL, 'demo test'),
(3, 'productname', NULL, 'demo test'),
(3, 'product_no', NULL, 'PRO2'),
(3, 'discontinued', NULL, '1'),
(3, 'createdtime', NULL, '2019-03-05 08:20:36'),
(3, 'modifiedby', NULL, '1'),
(3, 'unit_price', NULL, '0.00000000'),
(3, 'commissionrate', NULL, '0.000'),
(3, 'qty_per_unit', NULL, '0.00'),
(3, 'qtyinstock', NULL, '0.000'),
(3, 'assigned_user_id', NULL, '1'),
(3, 'purchase_cost', NULL, '0.00000000'),
(3, 'source', NULL, 'CRM'),
(3, 'record_id', NULL, '3'),
(3, 'record_module', NULL, 'Products'),
(4, 'label', NULL, 'Product Name'),
(4, 'productname', NULL, 'Product Name'),
(4, 'product_no', NULL, 'PRO3'),
(4, 'discontinued', NULL, '1'),
(4, 'createdtime', NULL, '2019-03-06 13:05:53'),
(4, 'modifiedby', NULL, '1'),
(4, 'unit_price', NULL, '500.00000000'),
(4, 'commissionrate', NULL, '0.000'),
(4, 'qty_per_unit', NULL, '0.00'),
(4, 'qtyinstock', NULL, '500.000'),
(4, 'assigned_user_id', NULL, '1'),
(4, 'purchase_cost', NULL, '0.00000000'),
(4, 'source', NULL, 'CRM'),
(4, 'record_id', NULL, '4'),
(4, 'record_module', NULL, 'Products'),
(5, 'label', NULL, 'Organization Name12'),
(5, 'accountname', NULL, 'Organization Name12'),
(5, 'account_no', NULL, 'ACC1'),
(5, 'annual_revenue', NULL, '0.00000000'),
(5, 'assigned_user_id', NULL, '1'),
(5, 'createdtime', NULL, '2019-03-06 13:06:49'),
(5, 'modifiedby', NULL, '1'),
(5, 'source', NULL, 'CRM'),
(5, 'record_id', NULL, '6'),
(5, 'record_module', NULL, 'Accounts'),
(6, 'label', NULL, 'Subject _100'),
(6, 'salesorder_no', NULL, 'SO1'),
(6, 'subject', NULL, 'Subject _100'),
(6, 'sostatus', NULL, 'Created'),
(6, 'txtAdjustment', NULL, '0.00000000'),
(6, 'salescommission', NULL, '0.000'),
(6, 'exciseduty', NULL, '0.000'),
(6, 'hdnGrandTotal', NULL, '7620.00000000'),
(6, 'hdnSubTotal', NULL, '6000.00000000'),
(6, 'hdnTaxType', NULL, 'group'),
(6, 'hdnS_H_Amount', NULL, '0.00000000'),
(6, 'account_id', NULL, '6'),
(6, 'assigned_user_id', NULL, '1'),
(6, 'createdtime', NULL, '2019-03-06 13:08:20'),
(6, 'modifiedby', NULL, '1'),
(6, 'currency_id', NULL, '1'),
(6, 'conversion_rate', NULL, '1.000'),
(6, 'bill_street', NULL, 'Billing Address'),
(6, 'ship_street', NULL, 'Shipping Address'),
(6, 'bill_city', NULL, 'Billing City'),
(6, 'ship_city', NULL, 'Shipping City'),
(6, 'bill_state', NULL, 'Billing State'),
(6, 'ship_state', NULL, 'Shipping State'),
(6, 'bill_code', NULL, 'Billing Postal Code'),
(6, 'ship_code', NULL, 'Shipping Postal Code'),
(6, 'bill_country', NULL, 'Billing Country'),
(6, 'ship_country', NULL, 'Shipping Country'),
(6, 'bill_pobox', NULL, 'Billing PO Box'),
(6, 'ship_pobox', NULL, 'Shipping PO Box'),
(6, 'description', NULL, 'Description  demo'),
(6, 'terms_conditions', NULL, '- Unless otherwise agreed in writing by the supplier all invoices are payable within thirty (30) days of the date of invoice, in the currency of the invoice, drawn on a bank based in India or by such other method as is agreed in advance by the Supplier.\n\n - All prices are not inclusive of VAT which shall be payable in addition by the Customer at the applicable rate.'),
(6, 'productid', NULL, '4'),
(6, 'quantity', NULL, '10.000'),
(6, 'listprice', NULL, '500.00000000'),
(6, 'tax1', NULL, '4.500'),
(6, 'tax2', NULL, '10.000'),
(6, 'tax3', NULL, '12.500'),
(6, 'pre_tax_total', NULL, '6000.00000000'),
(6, 'source', NULL, 'CRM'),
(6, 'record_id', NULL, '7'),
(6, 'record_module', NULL, 'SalesOrder'),
(7, 'label', NULL, 'Sheets'),
(7, 'productname', NULL, 'Sheets'),
(7, 'product_no', NULL, 'PRO4'),
(7, 'discontinued', NULL, '1'),
(7, 'createdtime', NULL, '2019-03-06 13:14:05'),
(7, 'modifiedby', NULL, '1'),
(7, 'unit_price', NULL, '50.00000000'),
(7, 'commissionrate', NULL, '0.000'),
(7, 'qty_per_unit', NULL, '0.00'),
(7, 'qtyinstock', NULL, '50000.000'),
(7, 'assigned_user_id', NULL, '1'),
(7, 'purchase_cost', NULL, '0.00000000'),
(7, 'source', NULL, 'CRM'),
(7, 'record_id', NULL, '11'),
(7, 'record_module', NULL, 'Products'),
(20, 'label', NULL, 'Biraj Sharma'),
(20, 'salutationtype', NULL, 'Mr.'),
(20, 'firstname', NULL, 'Biraj'),
(20, 'contact_no', NULL, 'CON1'),
(20, 'lastname', NULL, 'Sharma'),
(20, 'mobile', NULL, '9073322336'),
(20, 'account_id', NULL, '6'),
(20, 'leadsource', NULL, 'Self Generated'),
(20, 'birthday', NULL, '1988-02-07'),
(20, 'email', NULL, 'biraj.sharma@jhunsinfotech.com'),
(20, 'secondaryemail', NULL, 'b.rajsharma@hotmail.com'),
(20, 'assigned_user_id', NULL, '1'),
(20, 'reference', NULL, '1'),
(20, 'createdtime', NULL, '2019-03-25 13:13:58'),
(20, 'modifiedby', NULL, '1'),
(20, 'portal', NULL, '1'),
(20, 'support_start_date', NULL, '2019-03-25'),
(20, 'support_end_date', NULL, '2020-03-25'),
(20, 'mailingstreet', NULL, 'Fatak Road'),
(20, 'otherstreet', NULL, 'Fatak Road'),
(20, 'mailingcity', NULL, 'Sambalpur'),
(20, 'othercity', NULL, 'Sambalpur'),
(20, 'mailingstate', NULL, 'Odisha'),
(20, 'otherstate', NULL, 'Odisha'),
(20, 'mailingzip', NULL, '768001'),
(20, 'otherzip', NULL, '768001'),
(20, 'mailingcountry', NULL, 'India'),
(20, 'othercountry', NULL, 'India'),
(20, 'mailingpobox', NULL, 'Ainthapali'),
(20, 'otherpobox', NULL, 'Ainthapali'),
(20, 'description', NULL, 'Desc. demo test by admin'),
(20, 'source', NULL, 'CRM'),
(20, 'record_id', NULL, '2237'),
(20, 'record_module', NULL, 'Contacts'),
(21, 'label', NULL, 'Biraj at personal Sharma'),
(21, 'salutationtype', NULL, 'Mr.'),
(21, 'firstname', NULL, 'Biraj at personal'),
(21, 'contact_no', NULL, 'CON2'),
(21, 'lastname', NULL, 'Sharma'),
(21, 'mobile', NULL, '9073322336'),
(21, 'account_id', NULL, '6'),
(21, 'leadsource', NULL, 'Self Generated'),
(21, 'birthday', NULL, '1988-02-07'),
(21, 'email', NULL, 'b.rajsharma@hotmail.com'),
(21, 'assigned_user_id', NULL, '1'),
(21, 'reference', NULL, '1'),
(21, 'createdtime', NULL, '2019-03-25 13:15:37'),
(21, 'modifiedby', NULL, '1'),
(21, 'portal', NULL, '1'),
(21, 'support_start_date', NULL, '2019-03-25'),
(21, 'support_end_date', NULL, '2020-03-25'),
(21, 'mailingstreet', NULL, 'Fatak Road'),
(21, 'otherstreet', NULL, 'Fatak Road'),
(21, 'mailingcity', NULL, 'Sambalpur'),
(21, 'othercity', NULL, 'Sambalpur'),
(21, 'mailingstate', NULL, 'Odisha'),
(21, 'otherstate', NULL, 'Odisha'),
(21, 'mailingzip', NULL, '768001'),
(21, 'otherzip', NULL, '768001'),
(21, 'mailingcountry', NULL, 'India'),
(21, 'othercountry', NULL, 'India'),
(21, 'mailingpobox', NULL, 'Ainthapali'),
(21, 'otherpobox', NULL, 'Ainthapali'),
(21, 'description', NULL, 'Desc. demo test by admin in other mail'),
(21, 'source', NULL, 'CRM'),
(21, 'record_id', NULL, '2238'),
(21, 'record_module', NULL, 'Contacts'),
(22, 'label', NULL, 'Ajay Jhunjhunwala'),
(22, 'salutationtype', NULL, 'Mr.'),
(22, 'firstname', NULL, 'Ajay'),
(22, 'contact_no', NULL, 'CON3'),
(22, 'lastname', NULL, 'Jhunjhunwala'),
(22, 'account_id', NULL, '6'),
(22, 'leadsource', NULL, 'Word of mouth'),
(22, 'email', NULL, 'ajayjhunjhunwala@hotmail.com'),
(22, 'assigned_user_id', NULL, '1'),
(22, 'reference', NULL, '1'),
(22, 'createdtime', NULL, '2019-03-26 13:22:46'),
(22, 'modifiedby', NULL, '1'),
(22, 'portal', NULL, '1'),
(22, 'support_start_date', NULL, '2019-03-26'),
(22, 'support_end_date', NULL, '2020-03-26'),
(22, 'mailingstreet', NULL, 'Suite No. 909 - 910,\nKrishna Building'),
(22, 'otherstreet', NULL, 'Suite No. 909 - 910,\nKrishna Building'),
(22, 'mailingcity', NULL, 'Kolkata'),
(22, 'othercity', NULL, 'Kolkata'),
(22, 'mailingstate', NULL, 'Westbengal'),
(22, 'otherstate', NULL, 'Westbengal'),
(22, 'mailingzip', NULL, '700 017'),
(22, 'otherzip', NULL, '700 017'),
(22, 'mailingcountry', NULL, 'India'),
(22, 'othercountry', NULL, 'India'),
(22, 'description', NULL, 'demo test for customer portal'),
(22, 'source', NULL, 'CRM'),
(22, 'record_id', NULL, '2239'),
(22, 'record_module', NULL, 'Contacts'),
(23, 'label', 'Organization Name12', 'Jhuns Infotech'),
(23, 'accountname', 'Organization Name12', 'Jhuns Infotech'),
(23, 'website', '', 'http://jhunsinfotech.com'),
(23, 'rating', '', 'Active'),
(23, 'annual_revenue', '0.00000000', '3600000.00000000'),
(23, 'notify_owner', '0', '1'),
(23, 'bill_street', '', 'Krishna Building'),
(23, 'ship_street', '', 'Krishna Building'),
(23, 'bill_city', '', 'Kolkata'),
(23, 'ship_city', '', 'Kolkata'),
(23, 'bill_state', '', 'Westbengal'),
(23, 'ship_state', '', 'Westbengal'),
(23, 'bill_code', '', '700 017'),
(23, 'ship_code', '', '700 017'),
(23, 'bill_country', '', 'India'),
(23, 'ship_country', '', 'India'),
(23, 'description', '', 'Demo test for organisation'),
(24, 'employees', '0', '1400'),
(25, 'label', NULL, 'Jhuns'),
(25, 'accountname', NULL, 'Jhuns'),
(25, 'account_no', NULL, 'ACC2'),
(25, 'website', NULL, 'http://jhunsinfotech.com'),
(25, 'employees', NULL, '9100'),
(25, 'rating', NULL, 'Active'),
(25, 'industry', NULL, 'Electronics'),
(25, 'accounttype', NULL, 'Analyst'),
(25, 'annual_revenue', NULL, '6000000.00000000'),
(25, 'notify_owner', NULL, '1'),
(25, 'assigned_user_id', NULL, '1'),
(25, 'createdtime', NULL, '2019-03-26 13:30:22'),
(25, 'modifiedby', NULL, '1'),
(25, 'bill_street', NULL, 'Krishna Building'),
(25, 'ship_street', NULL, 'Krishna Building'),
(25, 'bill_city', NULL, 'Kolkata'),
(25, 'ship_city', NULL, 'Kolkata'),
(25, 'bill_state', NULL, 'Westbengal'),
(25, 'ship_state', NULL, 'Westbengal'),
(25, 'bill_code', NULL, '700 017'),
(25, 'ship_code', NULL, '700 017'),
(25, 'bill_country', NULL, 'India'),
(25, 'ship_country', NULL, 'India'),
(25, 'description', NULL, 'Second Demo test for organization'),
(25, 'source', NULL, 'CRM'),
(25, 'record_id', NULL, '2240'),
(25, 'record_module', NULL, 'Accounts'),
(26, 'phone', '', '+91 33 2290 1201'),
(27, 'phone', '', '+91 33 2290 1201'),
(28, 'label', 'Biraj at personal Sharma', 'demo Sharma'),
(28, 'firstname', 'Biraj at personal', 'demo'),
(29, 'portal', '1', '0'),
(30, 'label', NULL, 'demo prd'),
(30, 'productname', NULL, 'demo prd'),
(30, 'product_no', NULL, 'PRO2197'),
(30, 'productcode', NULL, 'F1T0000009-SIFPL'),
(30, 'discontinued', NULL, '1'),
(30, 'manufacturer', NULL, 'AltvetPet Inc.'),
(30, 'productcategory', NULL, 'Hardware'),
(30, 'sales_end_date', NULL, '2019-07-30'),
(30, 'start_date', NULL, '2019-03-27'),
(30, 'expiry_date', NULL, '2021-11-23'),
(30, 'serial_no', NULL, '0000025001'),
(30, 'glacct', NULL, '301-Sales-Hardware'),
(30, 'createdtime', NULL, '2019-03-27 08:46:41'),
(30, 'modifiedby', NULL, '1'),
(30, 'unit_price', NULL, '200.00000000'),
(30, 'commissionrate', NULL, '5.000'),
(30, 'usageunit', NULL, 'PCS'),
(30, 'qty_per_unit', NULL, '1000.00'),
(30, 'qtyinstock', NULL, '50000.000'),
(30, 'assigned_user_id', NULL, '1'),
(30, 'description', NULL, 'demo test'),
(30, 'purchase_cost', NULL, '500.00000000'),
(30, 'source', NULL, 'CRM'),
(30, 'record_id', NULL, '2242'),
(30, 'record_module', NULL, 'Products'),
(31, 'label', NULL, 'Demo product'),
(31, 'productname', NULL, 'Demo product'),
(31, 'product_no', NULL, 'PRO2198'),
(31, 'productcode', NULL, 'F1T0000009-SIFPL'),
(31, 'discontinued', NULL, '1'),
(31, 'manufacturer', NULL, 'AltvetPet Inc.'),
(31, 'productcategory', NULL, 'Hardware'),
(31, 'sales_end_date', NULL, '2019-07-30'),
(31, 'start_date', NULL, '2019-03-27'),
(31, 'expiry_date', NULL, '2021-11-23'),
(31, 'serial_no', NULL, '0000025001'),
(31, 'glacct', NULL, '301-Sales-Hardware'),
(31, 'createdtime', NULL, '2019-03-27 08:47:04'),
(31, 'modifiedby', NULL, '1'),
(31, 'unit_price', NULL, '200.00000000'),
(31, 'commissionrate', NULL, '5.000'),
(31, 'usageunit', NULL, 'PCS'),
(31, 'qty_per_unit', NULL, '1000.00'),
(31, 'qtyinstock', NULL, '50000.000'),
(31, 'assigned_user_id', NULL, '1'),
(31, 'description', NULL, 'demo test'),
(31, 'purchase_cost', NULL, '500.00000000'),
(31, 'source', NULL, 'CRM'),
(31, 'record_id', NULL, '2243'),
(31, 'record_module', NULL, 'Products'),
(32, 'label', 'Subject _100', 'SO1'),
(32, 'subject', 'Subject _100', 'Demo test at sales'),
(32, 'contact_id', '0', '2239'),
(32, 'carrier', '', 'FedEx'),
(32, 'salescommission', '0.000', '50.000'),
(32, 'exciseduty', '0.000', '20.000'),
(32, 'hdnGrandTotal', '7620.00000000', '1778.00000000'),
(32, 'hdnSubTotal', '6000.00000000', '1400.00000000'),
(32, 'bill_street', 'Billing Address', 'Suite No. 909 - 910,\nKrishna Building'),
(32, 'ship_street', 'Shipping Address', 'Suite No. 909 - 910,\nKrishna Building'),
(32, 'bill_city', 'Billing City', 'Kolkata'),
(32, 'ship_city', 'Shipping City', 'Kolkata'),
(32, 'bill_state', 'Billing State', 'Westbengal'),
(32, 'ship_state', 'Shipping State', 'Westbengal'),
(32, 'bill_code', 'Billing Postal Code', '700 017'),
(32, 'ship_code', 'Shipping Postal Code', '700 017'),
(32, 'bill_country', 'Billing Country', 'India'),
(32, 'ship_country', 'Shipping Country', 'India'),
(32, 'bill_pobox', 'Billing PO Box', ''),
(32, 'ship_pobox', 'Shipping PO Box', ''),
(32, 'productid', '4', '2243'),
(32, 'quantity', '10.000', '2.000'),
(32, 'listprice', '500.00000000', '200.00000000'),
(32, 'comment', '', 'demo test'),
(32, 'pre_tax_total', '6000.00000000', '1400.00000000'),
(33, 'label', NULL, 'SO2'),
(33, 'salesorder_no', NULL, 'SO2'),
(33, 'subject', NULL, 'Demo Test Sales'),
(33, 'contact_id', NULL, '2239'),
(33, 'carrier', NULL, 'FedEx'),
(33, 'sostatus', NULL, 'Created'),
(33, 'txtAdjustment', NULL, '0.00000000'),
(33, 'salescommission', NULL, '50.000'),
(33, 'exciseduty', NULL, '20.000'),
(33, 'hdnGrandTotal', NULL, '1778.00000000'),
(33, 'hdnSubTotal', NULL, '1400.00000000'),
(33, 'hdnTaxType', NULL, 'group'),
(33, 'hdnS_H_Amount', NULL, '0.00000000'),
(33, 'account_id', NULL, '6'),
(33, 'assigned_user_id', NULL, '1'),
(33, 'createdtime', NULL, '2019-03-27 08:48:36'),
(33, 'modifiedby', NULL, '1'),
(33, 'currency_id', NULL, '1'),
(33, 'conversion_rate', NULL, '1.000'),
(33, 'bill_street', NULL, 'Suite No. 909 - 910,\nKrishna Building'),
(33, 'ship_street', NULL, 'Suite No. 909 - 910,\nKrishna Building'),
(33, 'bill_city', NULL, 'Kolkata'),
(33, 'ship_city', NULL, 'Kolkata'),
(33, 'bill_state', NULL, 'Westbengal'),
(33, 'ship_state', NULL, 'Westbengal'),
(33, 'bill_code', NULL, '700 017'),
(33, 'ship_code', NULL, '700 017'),
(33, 'bill_country', NULL, 'India'),
(33, 'ship_country', NULL, 'India'),
(33, 'description', NULL, 'Description  demo'),
(33, 'terms_conditions', NULL, '- Unless otherwise agreed in writing by the supplier all invoices are payable within thirty (30) days of the date of invoice, in the currency of the invoice, drawn on a bank based in India or by such other method as is agreed in advance by the Supplier.\n\n - All prices are not inclusive of VAT which shall be payable in addition by the Customer at the applicable rate.'),
(33, 'productid', NULL, '2243'),
(33, 'quantity', NULL, '2.000'),
(33, 'listprice', NULL, '200.00000000'),
(33, 'comment', NULL, 'demo test'),
(33, 'tax1', NULL, '4.500'),
(33, 'tax2', NULL, '10.000'),
(33, 'tax3', NULL, '12.500'),
(33, 'pre_tax_total', NULL, '1400.00000000'),
(33, 'source', NULL, 'CRM'),
(33, 'record_id', NULL, '2244'),
(33, 'record_module', NULL, 'SalesOrder'),
(34, 'contact_id', '2239', '2237'),
(34, 'bill_street', 'Suite No. 909 - 910,\nKrishna Building', 'Fatak Road'),
(34, 'ship_street', 'Suite No. 909 - 910,\nKrishna Building', 'Fatak Road'),
(34, 'bill_city', 'Kolkata', 'Sambalpur'),
(34, 'ship_city', 'Kolkata', 'Sambalpur'),
(34, 'bill_state', 'Westbengal', 'Odisha'),
(34, 'ship_state', 'Westbengal', 'Odisha'),
(34, 'bill_code', '700 017', '768001'),
(34, 'ship_code', '700 017', '768001'),
(34, 'bill_pobox', '', 'Ainthapali'),
(34, 'ship_pobox', '', 'Ainthapali'),
(35, 'subject', 'Demo Test Sales', 'Demo'),
(36, 'hdnGrandTotal', '1778.00000000', '0.00000000'),
(36, 'hdnSubTotal', '1400.00000000', '0.00000000'),
(36, 'productid', '2243', '2212'),
(36, 'quantity', '2.000', '20.000'),
(36, 'listprice', '200.00000000', '0.00000000'),
(36, 'comment', 'demo test', ''),
(36, 'pre_tax_total', '1400.00000000', '0.00000000'),
(37, 'label', NULL, 'SO3'),
(37, 'salesorder_no', NULL, 'SO3'),
(37, 'subject', NULL, 'jhuns Test'),
(37, 'contact_id', NULL, '2239'),
(37, 'carrier', NULL, 'FedEx'),
(37, 'sostatus', NULL, 'Created'),
(37, 'txtAdjustment', NULL, '0.00000000'),
(37, 'salescommission', NULL, '50.000'),
(37, 'exciseduty', NULL, '20.000'),
(37, 'hdnGrandTotal', NULL, '0.00000000'),
(37, 'hdnSubTotal', NULL, '0.00000000'),
(37, 'hdnTaxType', NULL, 'group'),
(37, 'hdnS_H_Amount', NULL, '0.00000000'),
(37, 'account_id', NULL, '6'),
(37, 'assigned_user_id', NULL, '1'),
(37, 'createdtime', NULL, '2019-05-10 10:47:36'),
(37, 'modifiedby', NULL, '1'),
(37, 'currency_id', NULL, '1'),
(37, 'conversion_rate', NULL, '1.000'),
(37, 'bill_street', NULL, 'Suite No. 909 - 910,\nKrishna Building'),
(37, 'ship_street', NULL, 'Suite No. 909 - 910,\nKrishna Building'),
(37, 'bill_city', NULL, 'Kolkata'),
(37, 'ship_city', NULL, 'Kolkata'),
(37, 'bill_state', NULL, 'Westbengal'),
(37, 'ship_state', NULL, 'Westbengal'),
(37, 'bill_code', NULL, '700 017'),
(37, 'ship_code', NULL, '700 017'),
(37, 'bill_country', NULL, 'India'),
(37, 'ship_country', NULL, 'India'),
(37, 'description', NULL, 'Description  demo'),
(37, 'terms_conditions', NULL, '- Unless otherwise agreed in writing by the supplier all invoices are payable within thirty (30) days of the date of invoice, in the currency of the invoice, drawn on a bank based in India or by such other method as is agreed in advance by the Supplier.\n\n - All prices are not inclusive of VAT which shall be payable in addition by the Customer at the applicable rate.'),
(37, 'productid', NULL, '2216'),
(37, 'quantity', NULL, '2.000'),
(37, 'listprice', NULL, '0.00000000'),
(37, 'tax1', NULL, '4.500'),
(37, 'tax2', NULL, '10.000'),
(37, 'tax3', NULL, '12.500'),
(37, 'pre_tax_total', NULL, '0.00000000'),
(37, 'source', NULL, 'CRM'),
(37, 'record_id', NULL, '2450'),
(37, 'record_module', NULL, 'SalesOrder'),
(38, 'label', NULL, 'SO4'),
(38, 'salesorder_no', NULL, 'SO4'),
(38, 'subject', NULL, 'Sales order test'),
(38, 'contact_id', NULL, '2239'),
(38, 'carrier', NULL, 'FedEx'),
(38, 'sostatus', NULL, 'Created'),
(38, 'txtAdjustment', NULL, '0.00000000'),
(38, 'salescommission', NULL, '50.000'),
(38, 'exciseduty', NULL, '20.000'),
(38, 'hdnGrandTotal', NULL, '52070.00000000'),
(38, 'hdnSubTotal', NULL, '41000.00000000'),
(38, 'hdnTaxType', NULL, 'group'),
(38, 'hdnS_H_Amount', NULL, '0.00000000'),
(38, 'account_id', NULL, '6'),
(38, 'assigned_user_id', NULL, '1'),
(38, 'createdtime', NULL, '2019-05-14 10:18:08'),
(38, 'modifiedby', NULL, '1'),
(38, 'currency_id', NULL, '1'),
(38, 'conversion_rate', NULL, '1.000'),
(38, 'bill_street', NULL, 'Krishna Building'),
(38, 'ship_street', NULL, 'Suite No. 909 - 910,\nKrishna Building'),
(38, 'bill_city', NULL, 'Kolkata'),
(38, 'ship_city', NULL, 'Kolkata'),
(38, 'bill_state', NULL, 'Westbengal'),
(38, 'ship_state', NULL, 'Westbengal'),
(38, 'bill_code', NULL, '700 017'),
(38, 'ship_code', NULL, '700 017'),
(38, 'bill_country', NULL, 'India'),
(38, 'ship_country', NULL, 'India'),
(38, 'description', NULL, 'Description  demo'),
(38, 'terms_conditions', NULL, '- Unless otherwise agreed in writing by the supplier all invoices are payable within thirty (30) days of the date of invoice, in the currency of the invoice, drawn on a bank based in India or by such other method as is agreed in advance by the Supplier.\n\n - All prices are not inclusive of VAT which shall be payable in addition by the Customer at the applicable rate.'),
(38, 'productid', NULL, '2243'),
(38, 'quantity', NULL, '20.000'),
(38, 'listprice', NULL, '200.00000000'),
(38, 'comment', NULL, 'demo test'),
(38, 'tax1', NULL, '4.500'),
(38, 'tax2', NULL, '10.000'),
(38, 'tax3', NULL, '12.500'),
(38, 'pre_tax_total', NULL, '41000.00000000'),
(38, 'source', NULL, 'CRM'),
(38, 'record_id', NULL, '2451'),
(38, 'record_module', NULL, 'SalesOrder'),
(39, 'label', NULL, 'SO5'),
(39, 'salesorder_no', NULL, 'SO5'),
(39, 'subject', NULL, 'sif test'),
(39, 'contact_id', NULL, '2239'),
(39, 'carrier', NULL, 'FedEx'),
(39, 'sostatus', NULL, 'Created'),
(39, 'txtAdjustment', NULL, '0.00000000'),
(39, 'salescommission', NULL, '50.000'),
(39, 'exciseduty', NULL, '20.000'),
(39, 'hdnGrandTotal', NULL, '28000.00000000'),
(39, 'hdnSubTotal', NULL, '28000.00000000'),
(39, 'hdnTaxType', NULL, 'individual'),
(39, 'hdnS_H_Amount', NULL, '0.00000000'),
(39, 'account_id', NULL, '6'),
(39, 'assigned_user_id', NULL, '1'),
(39, 'createdtime', NULL, '2019-05-14 11:03:26'),
(39, 'modifiedby', NULL, '1'),
(39, 'currency_id', NULL, '1'),
(39, 'conversion_rate', NULL, '1.000'),
(39, 'bill_street', NULL, 'Suite No. 909 - 910,\nKrishna Building'),
(39, 'ship_street', NULL, 'Suite No. 909 - 910,\nKrishna Building'),
(39, 'bill_city', NULL, 'Kolkata'),
(39, 'ship_city', NULL, 'Kolkata'),
(39, 'bill_state', NULL, 'Westbengal'),
(39, 'ship_state', NULL, 'Westbengal'),
(39, 'bill_code', NULL, '700 017'),
(39, 'ship_code', NULL, '700 017'),
(39, 'bill_country', NULL, 'India'),
(39, 'ship_country', NULL, 'India'),
(39, 'description', NULL, 'Description  demo'),
(39, 'terms_conditions', NULL, '- Unless otherwise agreed in writing by the supplier all invoices are payable within thirty (30) days of the date of invoice, in the currency of the invoice, drawn on a bank based in India or by such other method as is agreed in advance by the Supplier.\n\n - All prices are not inclusive of VAT which shall be payable in addition by the Customer at the applicable rate.'),
(39, 'productid', NULL, '2163'),
(39, 'quantity', NULL, '140.000'),
(39, 'listprice', NULL, '200.00000000'),
(39, 'pre_tax_total', NULL, '28000.00000000'),
(39, 'source', NULL, 'CRM'),
(39, 'record_id', NULL, '2452'),
(39, 'record_module', NULL, 'SalesOrder'),
(40, 'hdnGrandTotal', '28000.00000000', '0.00000000'),
(40, 'hdnSubTotal', '28000.00000000', '0.00000000'),
(40, 'productid', '2163', '2204'),
(40, 'quantity', '140.000', '100.000'),
(40, 'listprice', '200.00000000', '0.00000000'),
(40, 'pre_tax_total', '28000.00000000', '0.00000000'),
(41, 'subject', 'sif test', 'Test SIF'),
(41, 'duedate', '', '2019-07-30'),
(41, 'pending', '', '12'),
(41, 'sostatus', 'Created', 'Approved'),
(42, 'label', NULL, 'SO6'),
(42, 'salesorder_no', NULL, 'SO6'),
(42, 'subject', NULL, 'Test SIF'),
(42, 'contact_id', NULL, '2239'),
(42, 'duedate', NULL, '2019-07-30'),
(42, 'carrier', NULL, 'FedEx'),
(42, 'pending', NULL, '12'),
(42, 'sostatus', NULL, 'Approved'),
(42, 'txtAdjustment', NULL, '0.00000000'),
(42, 'salescommission', NULL, '50.000'),
(42, 'exciseduty', NULL, '20.000'),
(42, 'hdnGrandTotal', NULL, '0.00000000'),
(42, 'hdnSubTotal', NULL, '0.00000000'),
(42, 'hdnTaxType', NULL, 'individual'),
(42, 'hdnS_H_Amount', NULL, '0.00000000'),
(42, 'account_id', NULL, '6'),
(42, 'assigned_user_id', NULL, '1'),
(42, 'createdtime', NULL, '2019-05-16 13:32:12'),
(42, 'modifiedby', NULL, '1'),
(42, 'currency_id', NULL, '1'),
(42, 'conversion_rate', NULL, '1.000'),
(42, 'bill_street', NULL, 'Suite No. 909 - 910,\nKrishna Building'),
(42, 'ship_street', NULL, 'Suite No. 909 - 910,\nKrishna Building'),
(42, 'bill_city', NULL, 'Kolkata'),
(42, 'ship_city', NULL, 'Kolkata'),
(42, 'bill_state', NULL, 'Westbengal'),
(42, 'ship_state', NULL, 'Westbengal'),
(42, 'bill_code', NULL, '700 017'),
(42, 'ship_code', NULL, '700 017'),
(42, 'bill_country', NULL, 'India'),
(42, 'ship_country', NULL, 'India'),
(42, 'description', NULL, 'Description  demo'),
(42, 'terms_conditions', NULL, '- Unless otherwise agreed in writing by the supplier all invoices are payable within thirty (30) days of the date of invoice, in the currency of the invoice, drawn on a bank based in India or by such other method as is agreed in advance by the Supplier.\n\n - All prices are not inclusive of VAT which shall be payable in addition by the Customer at the applicable rate.'),
(42, 'productid', NULL, '2204'),
(42, 'quantity', NULL, '100.000'),
(42, 'listprice', NULL, '0.00000000'),
(42, 'pre_tax_total', NULL, '0.00000000'),
(42, 'source', NULL, 'CRM'),
(42, 'record_id', NULL, '2460'),
(42, 'record_module', NULL, 'SalesOrder'),
(45, 'label', NULL, 'SO7'),
(45, 'salesorder_no', NULL, 'SO7'),
(45, 'subject', NULL, 'Sif test admin'),
(45, 'contact_id', NULL, '2239'),
(45, 'carrier', NULL, 'FedEx'),
(45, 'sostatus', NULL, 'Created'),
(45, 'txtAdjustment', NULL, '0.00000000'),
(45, 'salescommission', NULL, '50.000'),
(45, 'exciseduty', NULL, '20.000'),
(45, 'hdnGrandTotal', NULL, '52070.00000000'),
(45, 'hdnSubTotal', NULL, '41000.00000000'),
(45, 'hdnTaxType', NULL, 'group'),
(45, 'hdnS_H_Amount', NULL, '0.00000000'),
(45, 'account_id', NULL, '6'),
(45, 'assigned_user_id', NULL, '1'),
(45, 'createdtime', NULL, '2019-05-16 13:33:23'),
(45, 'modifiedby', NULL, '1'),
(45, 'currency_id', NULL, '1'),
(45, 'conversion_rate', NULL, '1.000'),
(45, 'bill_street', NULL, 'Krishna Building'),
(45, 'ship_street', NULL, 'Suite No. 909 - 910,\nKrishna Building'),
(45, 'bill_city', NULL, 'Kolkata'),
(45, 'ship_city', NULL, 'Kolkata'),
(45, 'bill_state', NULL, 'Westbengal'),
(45, 'ship_state', NULL, 'Westbengal'),
(45, 'bill_code', NULL, '700 017'),
(45, 'ship_code', NULL, '700 017'),
(45, 'bill_country', NULL, 'India'),
(45, 'ship_country', NULL, 'India'),
(45, 'description', NULL, 'Description  demo'),
(45, 'terms_conditions', NULL, '- Unless otherwise agreed in writing by the supplier all invoices are payable within thirty (30) days of the date of invoice, in the currency of the invoice, drawn on a bank based in India or by such other method as is agreed in advance by the Supplier.\n\n - All prices are not inclusive of VAT which shall be payable in addition by the Customer at the applicable rate.'),
(45, 'productid', NULL, '2243'),
(45, 'quantity', NULL, '20.000'),
(45, 'listprice', NULL, '200.00000000'),
(45, 'comment', NULL, 'demo test'),
(45, 'tax1', NULL, '4.500'),
(45, 'tax2', NULL, '10.000'),
(45, 'tax3', NULL, '12.500'),
(45, 'pre_tax_total', NULL, '41000.00000000'),
(45, 'source', NULL, 'CRM'),
(45, 'record_id', NULL, '2461'),
(45, 'record_module', NULL, 'SalesOrder'),
(46, 'hdnGrandTotal', '1778.00000000', '508.00000000'),
(46, 'hdnSubTotal', '1400.00000000', '400.00000000'),
(46, 'pre_tax_total', '1400.00000000', '400.00000000'),
(47, 'prd_weight', '', '500.960'),
(48, 'prd_weight', '500.960', '500.966'),
(49, 'prd_weight', '500.966', '500.960'),
(50, 'prd_weight', '500.960', '500.966'),
(51, 'prd_weight', '500.97', '500.59'),
(52, 'label', NULL, 'Invoice test'),
(52, 'subject', NULL, 'Invoice test'),
(52, 'salesorder_id', NULL, '7'),
(52, 'contact_id', NULL, '2237'),
(52, 'invoicedate', NULL, '2019-06-01'),
(52, 'duedate', NULL, '2019-06-30'),
(52, 'txtAdjustment', NULL, '3250.00000000'),
(52, 'salescommission', NULL, '0.000'),
(52, 'exciseduty', NULL, '0.000'),
(52, 'hdnSubTotal', NULL, '31750.00000000'),
(52, 'hdnGrandTotal', NULL, '35000.00000000'),
(52, 'hdnTaxType', NULL, 'individual'),
(52, 'hdnS_H_Amount', NULL, '0.00000000'),
(52, 'account_id', NULL, '6'),
(52, 'invoicestatus', NULL, 'Created'),
(52, 'assigned_user_id', NULL, '1'),
(52, 'createdtime', NULL, '2019-06-01 13:26:00'),
(52, 'modifiedby', NULL, '1'),
(52, 'currency_id', NULL, '1'),
(52, 'conversion_rate', NULL, '1.000'),
(52, 'bill_street', NULL, 'Fatak Road'),
(52, 'ship_street', NULL, 'Fatak Road'),
(52, 'bill_city', NULL, 'Sambalpur'),
(52, 'ship_city', NULL, 'Sambalpur'),
(52, 'bill_state', NULL, 'Odisha'),
(52, 'ship_state', NULL, 'Odisha'),
(52, 'bill_code', NULL, '768001'),
(52, 'ship_code', NULL, '768001'),
(52, 'bill_country', NULL, 'India'),
(52, 'ship_country', NULL, 'India'),
(52, 'bill_pobox', NULL, 'Ainthapali'),
(52, 'ship_pobox', NULL, 'Ainthapali'),
(52, 'description', NULL, 'test Description'),
(52, 'terms_conditions', NULL, '- Unless otherwise agreed in writing by the supplier all invoices are payable within thirty (30) days of the date of invoice, in the currency of the invoice, drawn on a bank based in India or by such other method as is agreed in advance by the Supplier.\n\n - All prices are not inclusive of VAT which shall be payable in addition by the Customer at the applicable rate.'),
(52, 'invoice_no', NULL, 'INV1'),
(52, 'productid', NULL, '2243'),
(52, 'quantity', NULL, '50.000'),
(52, 'listprice', NULL, '500.00000000'),
(52, 'comment', NULL, 'demo test'),
(52, 'tax1', NULL, '4.500'),
(52, 'tax2', NULL, '10.000'),
(52, 'tax3', NULL, '12.500'),
(52, 'pre_tax_total', NULL, '25000.00000000'),
(52, 'received', NULL, '30000.00000000'),
(52, 'balance', NULL, '5000.00000000'),
(52, 'hdnS_H_Percent', NULL, '0.00000000'),
(52, 'source', NULL, 'CRM'),
(52, 'record_id', NULL, '2548'),
(52, 'record_module', NULL, 'Invoice'),
(54, 'label', NULL, 'testing by admin'),
(54, 'commentcontent', NULL, 'testing by admin'),
(54, 'assigned_user_id', NULL, '1'),
(54, 'createdtime', NULL, '2019-06-01 13:26:18'),
(54, 'related_to', NULL, '2548'),
(54, 'creator', NULL, '1'),
(54, 'source', NULL, 'CRM'),
(54, 'userid', NULL, '1'),
(54, 'record_id', NULL, '2549'),
(54, 'record_module', NULL, 'ModComments'),
(55, 'label', NULL, 'Product Name'),
(55, 'productname', NULL, 'Product Name'),
(55, 'product_no', NULL, 'PRO2199'),
(55, 'discontinued', NULL, '1'),
(55, 'createdtime', NULL, '2019-06-10 11:47:39'),
(55, 'modifiedby', NULL, '1'),
(55, 'unit_price', NULL, '0.00000000'),
(55, 'assigned_user_id', NULL, '1'),
(55, 'source', NULL, 'CRM'),
(55, 'prd_weight', NULL, '0.00'),
(55, 'record_id', NULL, '2575'),
(55, 'record_module', NULL, 'Products'),
(56, 'label', NULL, 'Product Name'),
(56, 'productname', NULL, 'Product Name'),
(56, 'product_no', NULL, 'PRO2200'),
(56, 'discontinued', NULL, '1'),
(56, 'createdtime', NULL, '2019-06-10 12:10:26'),
(56, 'modifiedby', NULL, '1'),
(56, 'unit_price', NULL, '0.00000000'),
(56, 'assigned_user_id', NULL, '1'),
(56, 'source', NULL, 'CRM'),
(56, 'prd_weight', NULL, '0.00'),
(56, 'record_module', NULL, 'Products'),
(57, 'label', NULL, 'Product Name'),
(57, 'productname', NULL, 'Product Name'),
(57, 'product_no', NULL, 'PRO2201'),
(57, 'discontinued', NULL, '1'),
(57, 'createdtime', NULL, '2019-06-10 12:18:21'),
(57, 'modifiedby', NULL, '1'),
(57, 'unit_price', NULL, '0.00000000'),
(57, 'assigned_user_id', NULL, '1'),
(57, 'source', NULL, 'CRM'),
(57, 'prd_weight', NULL, '0.00'),
(57, 'record_id', NULL, '3'),
(57, 'record_module', NULL, 'Products'),
(58, 'label', 'Product Name', 'Product Name123'),
(58, 'productname', 'Product Name', 'Product Name123'),
(59, 'label', NULL, 'demo last test'),
(59, 'salutationtype', NULL, 'Mr.'),
(59, 'firstname', NULL, 'demo'),
(59, 'contact_no', NULL, 'CON4'),
(59, 'lastname', NULL, 'last test'),
(59, 'email', NULL, 'pv@masspl.com'),
(59, 'assigned_user_id', NULL, '1'),
(59, 'createdtime', NULL, '2019-07-11 09:39:37'),
(59, 'modifiedby', NULL, '1'),
(59, 'support_start_date', NULL, '2019-07-11'),
(59, 'support_end_date', NULL, '2020-07-11'),
(59, 'source', NULL, 'CRM'),
(59, 'record_id', NULL, '124'),
(59, 'record_module', NULL, 'Contacts'),
(60, 'label', NULL, 'Organization Name'),
(60, 'accountname', NULL, 'Organization Name'),
(60, 'account_no', NULL, 'ACC3'),
(60, 'website', NULL, 'www.website.com'),
(60, 'industry', NULL, 'Electronics'),
(60, 'siccode', NULL, '0012-SIC'),
(60, 'accounttype', NULL, 'Integrator'),
(60, 'annual_revenue', NULL, '990.00000000'),
(60, 'assigned_user_id', NULL, '1'),
(60, 'createdtime', NULL, '2019-07-11 09:41:51'),
(60, 'modifiedby', NULL, '1'),
(60, 'bill_street', NULL, 'krishna building'),
(60, 'source', NULL, 'CRM'),
(60, 'record_id', NULL, '125'),
(60, 'record_module', NULL, 'Accounts'),
(61, 'bill_city', '', 'Billing City'),
(61, 'description', '', 'demo test account'),
(62, 'phone', '', '9073322336'),
(63, 'account_id', '0', '125'),
(63, 'title', '', 'Title'),
(63, 'mailingstreet', '', 'krishna building'),
(63, 'mailingcity', '', 'Billing City'),
(64, 'phone', '', '9000000000');

-- --------------------------------------------------------

--
-- Table structure for table `vtiger_modtracker_relations`
--

CREATE TABLE `vtiger_modtracker_relations` (
  `id` int(19) NOT NULL,
  `targetmodule` varchar(100) NOT NULL,
  `targetid` int(19) NOT NULL,
  `changedon` datetime DEFAULT NULL
) ENGINE=InnoDB DEFAULT CHARSET=utf8;

--
-- Dumping data for table `vtiger_modtracker_relations`
--

INSERT INTO `vtiger_modtracker_relations` (`id`, `targetmodule`, `targetid`, `changedon`) VALUES
(53, 'ModComments', 2549, '2019-06-01 13:26:18');

-- --------------------------------------------------------

--
-- Table structure for table `vtiger_modtracker_tabs`
--

CREATE TABLE `vtiger_modtracker_tabs` (
  `tabid` int(11) NOT NULL,
  `visible` int(11) DEFAULT '0'
) ENGINE=InnoDB DEFAULT CHARSET=utf8;

--
-- Dumping data for table `vtiger_modtracker_tabs`
--

INSERT INTO `vtiger_modtracker_tabs` (`tabid`, `visible`) VALUES
(2, 1),
(4, 1),
(6, 1),
(7, 1),
(8, 1),
(9, 1),
(10, 1),
(13, 1),
(14, 1),
(15, 1),
(16, 1),
(18, 1),
(19, 1),
(20, 1),
(21, 1),
(22, 1),
(23, 1),
(26, 1),
(28, 1),
(30, 1),
(33, 1),
(37, 1),
(39, 1),
(40, 1),
(41, 1),
(45, 1),
(46, 1),
(47, 1);

-- --------------------------------------------------------

--
-- Table structure for table `vtiger_module_dashboard_widgets`
--

CREATE TABLE `vtiger_module_dashboard_widgets` (
  `id` int(19) NOT NULL,
  `linkid` int(19) DEFAULT NULL,
  `userid` int(19) DEFAULT NULL,
  `filterid` int(19) DEFAULT NULL,
  `title` varchar(100) DEFAULT NULL,
  `data` text,
  `position` varchar(50) DEFAULT NULL,
  `reportid` int(19) DEFAULT NULL,
  `dashboardtabid` int(11) DEFAULT NULL,
  `size` varchar(50) DEFAULT NULL
) ENGINE=InnoDB DEFAULT CHARSET=utf8;

--
-- Dumping data for table `vtiger_module_dashboard_widgets`
--

INSERT INTO `vtiger_module_dashboard_widgets` (`id`, `linkid`, `userid`, `filterid`, `title`, `data`, `position`, `reportid`, `dashboardtabid`, `size`) VALUES
(1, 100, 1, 50, NULL, '{\"module\":\"Batch\",\"fields\":[\"batch_name\",\"batch_date\"]}', '{\"row\":\"2\",\"col\":\"1\"}', NULL, 1, NULL),
(2, 100, 1, 53, NULL, '{\"module\":\"BatchMovement\",\"fields\":[\"batch_mov_name\",\"batch_mov_date\"]}', '{\"row\":\"3\",\"col\":\"1\"}', NULL, 1, NULL),
(3, 100, 1, 51, NULL, '{\"module\":\"BatchInventory\",\"fields\":[\"prd_mov_name\",\"invbatch_date\"]}', '{\"row\":\"4\",\"col\":\"1\"}', NULL, 1, NULL),
(4, 60, 1, NULL, NULL, 'null', '{\"row\":\"7\",\"col\":\"1\"}', NULL, 1, NULL),
(5, 61, 1, NULL, NULL, 'null', '{\"row\":\"6\",\"col\":\"1\"}', NULL, 1, NULL),
(7, 57, 1, NULL, NULL, 'null', '{\"row\":\"1\",\"col\":\"1\"}', NULL, 2, NULL),
(8, 100, 1, 52, NULL, '{\"module\":\"HeatRun\",\"fields\":[\"heatrun_name\",\"heatrun_date\"]}', '{\"row\":\"5\",\"col\":\"1\"}', NULL, 1, NULL),
(9, 100, 1, 26, NULL, '{\"module\":\"SalesOrder\",\"fields\":[\"subject\",\"hdnGrandTotal\"]}', '{\"row\":\"1\",\"col\":\"1\"}', NULL, 1, NULL);

-- --------------------------------------------------------

--
-- Table structure for table `vtiger_movementrel`
--

CREATE TABLE `vtiger_movementrel` (
  `id` int(19) DEFAULT NULL,
  `itemid` int(19) DEFAULT NULL,
  `sequence_no` int(4) DEFAULT NULL,
  `quantity` decimal(25,3) DEFAULT NULL,
  `select_frm` varchar(100) NOT NULL,
  `select_to` varchar(100) NOT NULL,
  `lineitem_id` int(11) NOT NULL,
  `lineItem_type` varchar(100) NOT NULL
) ENGINE=InnoDB DEFAULT CHARSET=utf8;

--
-- Dumping data for table `vtiger_movementrel`
--

INSERT INTO `vtiger_movementrel` (`id`, `itemid`, `sequence_no`, `quantity`, `select_frm`, `select_to`, `lineitem_id`, `lineItem_type`) VALUES
(118, 52, 1, '20.000', 'Shot blasting', 'Warehouse', 2, 'Products'),
(118, 25, 2, '10.000', 'Fettling Grinding', 'Warehouse', 3, 'Products'),
(118, 50, 3, '5.000', 'Shot blasting', 'Warehouse', 4, 'Products'),
(119, 25, 1, '2.000', 'Warehouse', 'Dispatch', 7, 'Products'),
(121, 120, 1, '5.000', 'Starts', 'Molding', 8, 'Batch'),
(121, 120, 2, '5.000', 'Molding', 'Shot blasting', 9, 'Batch'),
(122, 120, 1, '5.000', 'Starts', 'Molding', 10, 'Batch'),
(123, 53, 1, '5.000', 'Shot blasting', 'Fettling Grinding', 11, 'Products');

-- --------------------------------------------------------

--
-- Table structure for table `vtiger_notebook_contents`
--

CREATE TABLE `vtiger_notebook_contents` (
  `userid` int(19) NOT NULL,
  `notebookid` int(19) NOT NULL,
  `contents` text
) ENGINE=InnoDB DEFAULT CHARSET=utf8;

-- --------------------------------------------------------

--
-- Table structure for table `vtiger_notes`
--

CREATE TABLE `vtiger_notes` (
  `notesid` int(19) NOT NULL DEFAULT '0',
  `note_no` varchar(100) NOT NULL,
  `title` varchar(50) NOT NULL,
  `filename` varchar(200) DEFAULT NULL,
  `notecontent` text,
  `folderid` int(19) NOT NULL DEFAULT '1',
  `filetype` varchar(50) DEFAULT NULL,
  `filelocationtype` varchar(5) DEFAULT NULL,
  `filedownloadcount` int(19) DEFAULT NULL,
  `filestatus` int(19) DEFAULT NULL,
  `filesize` int(19) NOT NULL DEFAULT '0',
  `fileversion` varchar(50) DEFAULT NULL,
  `tags` varchar(1) DEFAULT NULL
) ENGINE=InnoDB DEFAULT CHARSET=utf8;

-- --------------------------------------------------------

--
-- Table structure for table `vtiger_notescf`
--

CREATE TABLE `vtiger_notescf` (
  `notesid` int(19) NOT NULL DEFAULT '0'
) ENGINE=InnoDB DEFAULT CHARSET=utf8;

-- --------------------------------------------------------

--
-- Table structure for table `vtiger_notificationscheduler`
--

CREATE TABLE `vtiger_notificationscheduler` (
  `schedulednotificationid` int(19) NOT NULL,
  `schedulednotificationname` varchar(200) DEFAULT NULL,
  `active` int(1) DEFAULT NULL,
  `notificationsubject` varchar(200) DEFAULT NULL,
  `notificationbody` text,
  `label` varchar(50) DEFAULT NULL,
  `type` varchar(10) DEFAULT NULL
) ENGINE=InnoDB DEFAULT CHARSET=utf8;

--
-- Dumping data for table `vtiger_notificationscheduler`
--

INSERT INTO `vtiger_notificationscheduler` (`schedulednotificationid`, `schedulednotificationname`, `active`, `notificationsubject`, `notificationbody`, `label`, `type`) VALUES
(1, 'LBL_TASK_NOTIFICATION_DESCRITPION', 1, 'Task Delay Notification', 'Tasks delayed beyond 24 hrs ', 'LBL_TASK_NOTIFICATION', NULL),
(2, 'LBL_BIG_DEAL_DESCRIPTION', 1, 'Big Deal notification', 'Success! A big deal has been won! ', 'LBL_BIG_DEAL', NULL),
(3, 'LBL_TICKETS_DESCRIPTION', 1, 'Pending Tickets notification', 'Ticket pending please ', 'LBL_PENDING_TICKETS', NULL),
(4, 'LBL_MANY_TICKETS_DESCRIPTION', 1, 'Too many tickets Notification', 'Too many tickets pending against this entity ', 'LBL_MANY_TICKETS', NULL),
(5, 'LBL_START_DESCRIPTION', 1, 'Support Start Notification', '10', 'LBL_START_NOTIFICATION', 'select'),
(6, 'LBL_SUPPORT_DESCRIPTION', 1, 'Support ending please', '11', 'LBL_SUPPORT_NOTICIATION', 'select'),
(7, 'LBL_SUPPORT_DESCRIPTION_MONTH', 1, 'Support ending please', '12', 'LBL_SUPPORT_NOTICIATION_MONTH', 'select'),
(8, 'LBL_ACTIVITY_REMINDER_DESCRIPTION', 1, 'Activity Reminder Notification', 'This is a reminder notification for the Activity', 'LBL_ACTIVITY_NOTIFICATION', NULL);

-- --------------------------------------------------------

--
-- Table structure for table `vtiger_notificationscheduler_seq`
--

CREATE TABLE `vtiger_notificationscheduler_seq` (
  `id` int(11) NOT NULL
) ENGINE=InnoDB DEFAULT CHARSET=utf8;

--
-- Dumping data for table `vtiger_notificationscheduler_seq`
--

INSERT INTO `vtiger_notificationscheduler_seq` (`id`) VALUES
(8);

-- --------------------------------------------------------

--
-- Table structure for table `vtiger_no_of_currency_decimals`
--

CREATE TABLE `vtiger_no_of_currency_decimals` (
  `no_of_currency_decimalsid` int(11) NOT NULL,
  `no_of_currency_decimals` varchar(200) NOT NULL,
  `sortorderid` int(11) DEFAULT NULL,
  `presence` int(11) NOT NULL DEFAULT '1'
) ENGINE=InnoDB DEFAULT CHARSET=utf8;

--
-- Dumping data for table `vtiger_no_of_currency_decimals`
--

INSERT INTO `vtiger_no_of_currency_decimals` (`no_of_currency_decimalsid`, `no_of_currency_decimals`, `sortorderid`, `presence`) VALUES
(2, '2', 2, 1),
(3, '3', 3, 1),
(4, '4', 4, 1),
(5, '5', 5, 1),
(6, '0', 0, 1),
(7, '1', 1, 1);

-- --------------------------------------------------------

--
-- Table structure for table `vtiger_no_of_currency_decimals_seq`
--

CREATE TABLE `vtiger_no_of_currency_decimals_seq` (
  `id` int(11) NOT NULL
) ENGINE=InnoDB DEFAULT CHARSET=utf8;

--
-- Dumping data for table `vtiger_no_of_currency_decimals_seq`
--

INSERT INTO `vtiger_no_of_currency_decimals_seq` (`id`) VALUES
(7);

-- --------------------------------------------------------

--
-- Table structure for table `vtiger_opportunitystage`
--

CREATE TABLE `vtiger_opportunitystage` (
  `potstageid` int(19) NOT NULL,
  `stage` varchar(200) NOT NULL,
  `sortorderid` int(19) NOT NULL DEFAULT '0',
  `presence` int(1) NOT NULL DEFAULT '1',
  `probability` decimal(3,2) DEFAULT '0.00'
) ENGINE=InnoDB DEFAULT CHARSET=utf8;

-- --------------------------------------------------------

--
-- Table structure for table `vtiger_opportunity_type`
--

CREATE TABLE `vtiger_opportunity_type` (
  `opptypeid` int(19) NOT NULL,
  `opportunity_type` varchar(200) NOT NULL,
  `presence` int(1) NOT NULL DEFAULT '1',
  `picklist_valueid` int(19) NOT NULL DEFAULT '0',
  `sortorderid` int(11) DEFAULT NULL,
  `color` varchar(10) DEFAULT NULL
) ENGINE=InnoDB DEFAULT CHARSET=utf8;

--
-- Dumping data for table `vtiger_opportunity_type`
--

INSERT INTO `vtiger_opportunity_type` (`opptypeid`, `opportunity_type`, `presence`, `picklist_valueid`, `sortorderid`, `color`) VALUES
(2, 'Existing Business', 1, 128, 1, NULL),
(3, 'New Business', 1, 129, 2, NULL);

-- --------------------------------------------------------

--
-- Table structure for table `vtiger_opportunity_type_seq`
--

CREATE TABLE `vtiger_opportunity_type_seq` (
  `id` int(11) NOT NULL
) ENGINE=InnoDB DEFAULT CHARSET=utf8;

--
-- Dumping data for table `vtiger_opportunity_type_seq`
--

INSERT INTO `vtiger_opportunity_type_seq` (`id`) VALUES
(3);

-- --------------------------------------------------------

--
-- Table structure for table `vtiger_organizationdetails`
--

CREATE TABLE `vtiger_organizationdetails` (
  `organization_id` int(11) NOT NULL,
  `organizationname` varchar(60) DEFAULT NULL,
  `address` varchar(150) DEFAULT NULL,
  `city` varchar(100) DEFAULT NULL,
  `state` varchar(100) DEFAULT NULL,
  `country` varchar(100) DEFAULT NULL,
  `code` varchar(30) DEFAULT NULL,
  `phone` varchar(30) DEFAULT NULL,
  `fax` varchar(30) DEFAULT NULL,
  `website` varchar(100) DEFAULT NULL,
  `logoname` varchar(50) DEFAULT NULL,
  `logo` text,
  `vatid` varchar(100) DEFAULT NULL
) ENGINE=InnoDB DEFAULT CHARSET=utf8;

--
-- Dumping data for table `vtiger_organizationdetails`
--

INSERT INTO `vtiger_organizationdetails` (`organization_id`, `organizationname`, `address`, `city`, `state`, `country`, `code`, `phone`, `fax`, `website`, `logoname`, `logo`, `vatid`) VALUES
(1, 'Super Iron Foundry', '7, Rabindra Sarani', 'Kolkata', 'West Bengal', 'India', ' 700071', '+91 33 4060 3050', '+ 91 33 2225 0198', 'www.superironfoundry.com', 'sif_image_new.png', NULL, '');

-- --------------------------------------------------------

--
-- Table structure for table `vtiger_organizationdetails_seq`
--

CREATE TABLE `vtiger_organizationdetails_seq` (
  `id` int(11) NOT NULL
) ENGINE=InnoDB DEFAULT CHARSET=utf8;

--
-- Dumping data for table `vtiger_organizationdetails_seq`
--

INSERT INTO `vtiger_organizationdetails_seq` (`id`) VALUES
(1);

-- --------------------------------------------------------

--
-- Table structure for table `vtiger_org_share_action2tab`
--

CREATE TABLE `vtiger_org_share_action2tab` (
  `share_action_id` int(19) NOT NULL,
  `tabid` int(19) NOT NULL
) ENGINE=InnoDB DEFAULT CHARSET=utf8;

--
-- Dumping data for table `vtiger_org_share_action2tab`
--

INSERT INTO `vtiger_org_share_action2tab` (`share_action_id`, `tabid`) VALUES
(0, 2),
(1, 2),
(2, 2),
(3, 2),
(0, 4),
(1, 4),
(2, 4),
(3, 4),
(0, 6),
(1, 6),
(2, 6),
(3, 6),
(0, 7),
(1, 7),
(2, 7),
(3, 7),
(0, 8),
(1, 8),
(2, 8),
(3, 8),
(0, 9),
(1, 9),
(2, 9),
(3, 9),
(0, 10),
(1, 10),
(2, 10),
(3, 10),
(0, 13),
(1, 13),
(2, 13),
(3, 13),
(0, 14),
(1, 14),
(2, 14),
(3, 14),
(0, 16),
(1, 16),
(2, 16),
(3, 16),
(0, 18),
(1, 18),
(2, 18),
(3, 18),
(0, 20),
(1, 20),
(2, 20),
(3, 20),
(0, 21),
(1, 21),
(2, 21),
(3, 21),
(0, 22),
(1, 22),
(2, 22),
(3, 22),
(0, 23),
(1, 23),
(2, 23),
(3, 23),
(0, 26),
(1, 26),
(2, 26),
(3, 26),
(0, 30),
(1, 30),
(2, 30),
(3, 30),
(0, 33),
(1, 33),
(2, 33),
(3, 33),
(0, 37),
(1, 37),
(2, 37),
(3, 37),
(0, 39),
(1, 39),
(2, 39),
(3, 39),
(0, 40),
(1, 40),
(2, 40),
(3, 40),
(0, 41),
(1, 41),
(2, 41),
(3, 41),
(0, 45),
(1, 45),
(2, 45),
(3, 45),
(0, 46),
(1, 46),
(2, 46),
(3, 46),
(0, 47),
(1, 47),
(2, 47),
(3, 47),
(0, 50),
(1, 50),
(2, 50),
(3, 50),
(0, 51),
(1, 51),
(2, 51),
(3, 51),
(0, 52),
(1, 52),
(2, 52),
(3, 52),
(0, 53),
(1, 53),
(2, 53),
(3, 53),
(0, 54),
(1, 54),
(2, 54),
(3, 54),
(0, 55),
(1, 55),
(2, 55),
(3, 55),
(0, 56),
(1, 56),
(2, 56),
(3, 56);

-- --------------------------------------------------------

--
-- Table structure for table `vtiger_org_share_action_mapping`
--

CREATE TABLE `vtiger_org_share_action_mapping` (
  `share_action_id` int(19) NOT NULL,
  `share_action_name` varchar(200) DEFAULT NULL
) ENGINE=InnoDB DEFAULT CHARSET=utf8;

--
-- Dumping data for table `vtiger_org_share_action_mapping`
--

INSERT INTO `vtiger_org_share_action_mapping` (`share_action_id`, `share_action_name`) VALUES
(0, 'Public: Read Only'),
(1, 'Public: Read, Create/Edit'),
(2, 'Public: Read, Create/Edit, Delete'),
(3, 'Private'),
(4, 'Hide Details'),
(5, 'Hide Details and Add Events'),
(6, 'Show Details'),
(7, 'Show Details and Add Events');

-- --------------------------------------------------------

--
-- Table structure for table `vtiger_othereventduration`
--

CREATE TABLE `vtiger_othereventduration` (
  `othereventdurationid` int(11) NOT NULL,
  `othereventduration` varchar(200) NOT NULL,
  `sortorderid` int(11) DEFAULT NULL,
  `presence` int(11) NOT NULL DEFAULT '1'
) ENGINE=InnoDB DEFAULT CHARSET=utf8;

--
-- Dumping data for table `vtiger_othereventduration`
--

INSERT INTO `vtiger_othereventduration` (`othereventdurationid`, `othereventduration`, `sortorderid`, `presence`) VALUES
(1, '5', 0, 1),
(2, '10', 1, 1),
(3, '30', 2, 1),
(4, '60', 3, 1),
(5, '120', 4, 1);

-- --------------------------------------------------------

--
-- Table structure for table `vtiger_othereventduration_seq`
--

CREATE TABLE `vtiger_othereventduration_seq` (
  `id` int(11) NOT NULL
) ENGINE=InnoDB DEFAULT CHARSET=utf8;

--
-- Dumping data for table `vtiger_othereventduration_seq`
--

INSERT INTO `vtiger_othereventduration_seq` (`id`) VALUES
(5);

-- --------------------------------------------------------

--
-- Table structure for table `vtiger_parenttab`
--

CREATE TABLE `vtiger_parenttab` (
  `parenttabid` int(19) NOT NULL,
  `parenttab_label` varchar(100) NOT NULL,
  `sequence` int(10) NOT NULL,
  `visible` int(2) NOT NULL DEFAULT '0'
) ENGINE=InnoDB DEFAULT CHARSET=utf8;

--
-- Dumping data for table `vtiger_parenttab`
--

INSERT INTO `vtiger_parenttab` (`parenttabid`, `parenttab_label`, `sequence`, `visible`) VALUES
(1, 'My Home Page', 1, 0),
(2, 'Marketing', 2, 0),
(3, 'Sales', 3, 0),
(4, 'Support', 4, 0),
(5, 'Analytics', 5, 0),
(6, 'Inventory', 6, 0),
(7, 'Tools', 7, 0),
(8, 'Settings', 8, 0);

-- --------------------------------------------------------

--
-- Table structure for table `vtiger_parenttabrel`
--

CREATE TABLE `vtiger_parenttabrel` (
  `parenttabid` int(19) NOT NULL,
  `tabid` int(19) NOT NULL,
  `sequence` int(3) NOT NULL
) ENGINE=InnoDB DEFAULT CHARSET=utf8;

--
-- Dumping data for table `vtiger_parenttabrel`
--

INSERT INTO `vtiger_parenttabrel` (`parenttabid`, `tabid`, `sequence`) VALUES
(1, 9, 2),
(1, 28, 4),
(1, 3, 1),
(3, 7, 1),
(3, 6, 2),
(3, 4, 3),
(3, 2, 4),
(3, 20, 5),
(3, 22, 6),
(3, 23, 7),
(3, 19, 8),
(3, 8, 9),
(4, 13, 1),
(4, 15, 2),
(4, 6, 3),
(4, 4, 4),
(4, 8, 5),
(5, 1, 2),
(5, 25, 1),
(6, 14, 1),
(6, 18, 2),
(6, 19, 3),
(6, 21, 4),
(6, 22, 5),
(6, 20, 6),
(6, 23, 7),
(7, 24, 1),
(7, 27, 2),
(7, 8, 3),
(2, 26, 1),
(2, 6, 2),
(2, 4, 3),
(2, 28, 4),
(4, 28, 7),
(2, 7, 5),
(2, 9, 6),
(4, 9, 8),
(2, 8, 8),
(3, 9, 11),
(7, 30, 4),
(7, 30, 5),
(6, 33, 8),
(6, 33, 9),
(7, 34, 6),
(7, 34, 7),
(4, 37, 9),
(4, 37, 10),
(3, 39, 12),
(3, 39, 13),
(6, 40, 10),
(6, 40, 11),
(7, 42, 8),
(7, 42, 9),
(7, 44, 10),
(7, 44, 11),
(4, 45, 11),
(4, 45, 12),
(4, 46, 13),
(4, 46, 14),
(4, 47, 15),
(4, 47, 16),
(8, 49, 1),
(8, 49, 2),
(7, 24, 12),
(7, 27, 13),
(7, 44, 14),
(7, 42, 15),
(7, 50, 16),
(7, 51, 17),
(7, 52, 18),
(7, 53, 19),
(7, 54, 20),
(7, 55, 21),
(7, 56, 22);

-- --------------------------------------------------------

--
-- Table structure for table `vtiger_payment_duration`
--

CREATE TABLE `vtiger_payment_duration` (
  `payment_duration_id` int(11) DEFAULT NULL,
  `payment_duration` varchar(200) DEFAULT NULL,
  `sortorderid` int(11) DEFAULT NULL,
  `presence` int(11) DEFAULT NULL,
  `color` varchar(10) DEFAULT NULL
) ENGINE=InnoDB DEFAULT CHARSET=utf8;

--
-- Dumping data for table `vtiger_payment_duration`
--

INSERT INTO `vtiger_payment_duration` (`payment_duration_id`, `payment_duration`, `sortorderid`, `presence`, `color`) VALUES
(1, 'Net 30 days', 0, 1, NULL),
(2, 'Net 45 days', 1, 1, NULL),
(3, 'Net 60 days', 2, 1, NULL);

-- --------------------------------------------------------

--
-- Table structure for table `vtiger_payment_duration_seq`
--

CREATE TABLE `vtiger_payment_duration_seq` (
  `id` int(11) NOT NULL
) ENGINE=InnoDB DEFAULT CHARSET=utf8;

--
-- Dumping data for table `vtiger_payment_duration_seq`
--

INSERT INTO `vtiger_payment_duration_seq` (`id`) VALUES
(3);

-- --------------------------------------------------------

--
-- Table structure for table `vtiger_pbxmanager`
--

CREATE TABLE `vtiger_pbxmanager` (
  `pbxmanagerid` int(20) NOT NULL,
  `direction` varchar(10) DEFAULT NULL,
  `callstatus` varchar(20) DEFAULT NULL,
  `starttime` datetime DEFAULT NULL,
  `endtime` datetime DEFAULT NULL,
  `totalduration` int(11) DEFAULT NULL,
  `billduration` int(11) DEFAULT NULL,
  `recordingurl` varchar(200) DEFAULT NULL,
  `sourceuuid` varchar(100) DEFAULT NULL,
  `gateway` varchar(20) DEFAULT NULL,
  `customer` varchar(100) DEFAULT NULL,
  `user` varchar(100) DEFAULT NULL,
  `customernumber` varchar(100) DEFAULT NULL,
  `customertype` varchar(100) DEFAULT NULL,
  `tags` varchar(1) DEFAULT NULL
) ENGINE=InnoDB DEFAULT CHARSET=utf8;

-- --------------------------------------------------------

--
-- Table structure for table `vtiger_pbxmanagercf`
--

CREATE TABLE `vtiger_pbxmanagercf` (
  `pbxmanagerid` int(11) NOT NULL
) ENGINE=InnoDB DEFAULT CHARSET=utf8;

-- --------------------------------------------------------

--
-- Table structure for table `vtiger_pbxmanager_gateway`
--

CREATE TABLE `vtiger_pbxmanager_gateway` (
  `id` int(11) NOT NULL,
  `gateway` varchar(20) DEFAULT NULL,
  `parameters` text
) ENGINE=InnoDB DEFAULT CHARSET=utf8;

-- --------------------------------------------------------

--
-- Table structure for table `vtiger_pbxmanager_phonelookup`
--

CREATE TABLE `vtiger_pbxmanager_phonelookup` (
  `crmid` int(20) DEFAULT NULL,
  `setype` varchar(30) DEFAULT NULL,
  `fnumber` varchar(100) DEFAULT NULL,
  `rnumber` varchar(100) DEFAULT NULL,
  `fieldname` varchar(50) DEFAULT NULL
) ENGINE=InnoDB DEFAULT CHARSET=utf8;

-- --------------------------------------------------------

--
-- Table structure for table `vtiger_picklist`
--

CREATE TABLE `vtiger_picklist` (
  `picklistid` int(11) NOT NULL,
  `name` varchar(200) NOT NULL
) ENGINE=InnoDB DEFAULT CHARSET=utf8;

--
-- Dumping data for table `vtiger_picklist`
--

INSERT INTO `vtiger_picklist` (`picklistid`, `name`) VALUES
(1, 'accounttype'),
(2, 'activitytype'),
(37, 'assetstatus'),
(52, 'batch_furnace'),
(51, 'batch_machine'),
(3, 'campaignstatus'),
(4, 'campaigntype'),
(5, 'carrier'),
(55, 'cf_904'),
(35, 'contract_priority'),
(34, 'contract_status'),
(36, 'contract_type'),
(59, 'core_type'),
(58, 'cork_type'),
(48, 'defaultactivitytype'),
(47, 'defaulteventstatus'),
(6, 'eventstatus'),
(7, 'expectedresponse'),
(8, 'faqcategories'),
(9, 'faqstatus'),
(10, 'glacct'),
(53, 'heatrun_furnace'),
(54, 'heat_number'),
(11, 'industry'),
(49, 'invb_select_frm'),
(50, 'invb_select_to'),
(12, 'invoicestatus'),
(13, 'leadsource'),
(14, 'leadstatus'),
(15, 'manufacturer'),
(16, 'opportunity_type'),
(17, 'postatus'),
(18, 'productcategory'),
(45, 'progress'),
(38, 'projectmilestonetype'),
(44, 'projectpriority'),
(42, 'projectstatus'),
(40, 'projecttaskpriority'),
(41, 'projecttaskprogress'),
(46, 'projecttaskstatus'),
(39, 'projecttasktype'),
(43, 'projecttype'),
(19, 'quotestage'),
(20, 'rating'),
(21, 'sales_stage'),
(22, 'salutationtype'),
(32, 'servicecategory'),
(31, 'service_usageunit'),
(23, 'sostatus'),
(24, 'taskpriority'),
(25, 'taskstatus'),
(26, 'ticketcategories'),
(27, 'ticketpriorities'),
(28, 'ticketseverities'),
(29, 'ticketstatus'),
(33, 'tracking_unit'),
(30, 'usageunit'),
(57, 'vtiger_select_frm'),
(56, 'vtiger_select_to');

-- --------------------------------------------------------

--
-- Table structure for table `vtiger_picklistvalues_seq`
--

CREATE TABLE `vtiger_picklistvalues_seq` (
  `id` int(11) NOT NULL
) ENGINE=InnoDB DEFAULT CHARSET=utf8;

--
-- Dumping data for table `vtiger_picklistvalues_seq`
--

INSERT INTO `vtiger_picklistvalues_seq` (`id`) VALUES
(410);

-- --------------------------------------------------------

--
-- Table structure for table `vtiger_picklist_dependency`
--

CREATE TABLE `vtiger_picklist_dependency` (
  `id` int(11) NOT NULL,
  `tabid` int(19) NOT NULL,
  `sourcefield` varchar(255) DEFAULT NULL,
  `targetfield` varchar(255) DEFAULT NULL,
  `sourcevalue` varchar(100) DEFAULT NULL,
  `targetvalues` text,
  `criteria` text
) ENGINE=InnoDB DEFAULT CHARSET=utf8;

-- --------------------------------------------------------

--
-- Table structure for table `vtiger_picklist_seq`
--

CREATE TABLE `vtiger_picklist_seq` (
  `id` int(11) NOT NULL
) ENGINE=InnoDB DEFAULT CHARSET=utf8;

--
-- Dumping data for table `vtiger_picklist_seq`
--

INSERT INTO `vtiger_picklist_seq` (`id`) VALUES
(59);

-- --------------------------------------------------------

--
-- Table structure for table `vtiger_picklist_transitions`
--

CREATE TABLE `vtiger_picklist_transitions` (
  `fieldname` varchar(255) NOT NULL,
  `module` varchar(100) NOT NULL,
  `transition_data` varchar(1000) NOT NULL
) ENGINE=InnoDB DEFAULT CHARSET=utf8;

-- --------------------------------------------------------

--
-- Table structure for table `vtiger_pobillads`
--

CREATE TABLE `vtiger_pobillads` (
  `pobilladdressid` int(19) NOT NULL DEFAULT '0',
  `bill_city` varchar(30) DEFAULT NULL,
  `bill_code` varchar(30) DEFAULT NULL,
  `bill_country` varchar(30) DEFAULT NULL,
  `bill_state` varchar(30) DEFAULT NULL,
  `bill_street` varchar(250) DEFAULT NULL,
  `bill_pobox` varchar(30) DEFAULT NULL
) ENGINE=InnoDB DEFAULT CHARSET=utf8;

-- --------------------------------------------------------

--
-- Table structure for table `vtiger_portal`
--

CREATE TABLE `vtiger_portal` (
  `portalid` int(19) NOT NULL,
  `portalname` varchar(200) NOT NULL,
  `portalurl` varchar(255) NOT NULL,
  `sequence` int(3) NOT NULL,
  `setdefault` int(3) NOT NULL DEFAULT '0',
  `createdtime` datetime DEFAULT NULL
) ENGINE=InnoDB DEFAULT CHARSET=utf8;

-- --------------------------------------------------------

--
-- Table structure for table `vtiger_portalinfo`
--

CREATE TABLE `vtiger_portalinfo` (
  `id` int(11) NOT NULL,
  `user_name` varchar(50) DEFAULT NULL,
  `user_password` varchar(255) DEFAULT NULL,
  `type` varchar(5) DEFAULT NULL,
  `cryptmode` varchar(20) DEFAULT NULL,
  `last_login_time` datetime DEFAULT NULL,
  `login_time` datetime DEFAULT NULL,
  `logout_time` datetime DEFAULT NULL,
  `isactive` int(1) DEFAULT NULL
) ENGINE=InnoDB DEFAULT CHARSET=utf8;

-- --------------------------------------------------------

--
-- Table structure for table `vtiger_poshipads`
--

CREATE TABLE `vtiger_poshipads` (
  `poshipaddressid` int(19) NOT NULL DEFAULT '0',
  `ship_city` varchar(30) DEFAULT NULL,
  `ship_code` varchar(30) DEFAULT NULL,
  `ship_country` varchar(30) DEFAULT NULL,
  `ship_state` varchar(30) DEFAULT NULL,
  `ship_street` varchar(250) DEFAULT NULL,
  `ship_pobox` varchar(30) DEFAULT NULL
) ENGINE=InnoDB DEFAULT CHARSET=utf8;

-- --------------------------------------------------------

--
-- Table structure for table `vtiger_postatus`
--

CREATE TABLE `vtiger_postatus` (
  `postatusid` int(19) NOT NULL,
  `postatus` varchar(200) NOT NULL,
  `presence` int(1) NOT NULL DEFAULT '1',
  `picklist_valueid` int(19) NOT NULL DEFAULT '0',
  `sortorderid` int(11) DEFAULT NULL,
  `color` varchar(10) DEFAULT NULL
) ENGINE=InnoDB DEFAULT CHARSET=utf8;

--
-- Dumping data for table `vtiger_postatus`
--

INSERT INTO `vtiger_postatus` (`postatusid`, `postatus`, `presence`, `picklist_valueid`, `sortorderid`, `color`) VALUES
(1, 'Created', 0, 130, 0, NULL),
(2, 'Approved', 0, 131, 1, NULL),
(3, 'Delivered', 0, 132, 2, NULL),
(4, 'Cancelled', 0, 133, 3, NULL),
(5, 'Received Shipment', 0, 134, 4, NULL);

-- --------------------------------------------------------

--
-- Table structure for table `vtiger_postatushistory`
--

CREATE TABLE `vtiger_postatushistory` (
  `historyid` int(19) NOT NULL,
  `purchaseorderid` int(19) NOT NULL,
  `vendorname` varchar(100) DEFAULT NULL,
  `total` decimal(10,0) DEFAULT NULL,
  `postatus` varchar(200) DEFAULT NULL,
  `lastmodified` datetime DEFAULT NULL
) ENGINE=InnoDB DEFAULT CHARSET=utf8;

-- --------------------------------------------------------

--
-- Table structure for table `vtiger_postatus_seq`
--

CREATE TABLE `vtiger_postatus_seq` (
  `id` int(11) NOT NULL
) ENGINE=InnoDB DEFAULT CHARSET=utf8;

--
-- Dumping data for table `vtiger_postatus_seq`
--

INSERT INTO `vtiger_postatus_seq` (`id`) VALUES
(5);

-- --------------------------------------------------------

--
-- Table structure for table `vtiger_potential`
--

CREATE TABLE `vtiger_potential` (
  `potentialid` int(19) NOT NULL DEFAULT '0',
  `potential_no` varchar(100) NOT NULL,
  `related_to` int(19) DEFAULT NULL,
  `potentialname` varchar(120) NOT NULL,
  `amount` decimal(25,8) DEFAULT NULL,
  `currency` varchar(20) DEFAULT NULL,
  `closingdate` date DEFAULT NULL,
  `typeofrevenue` varchar(50) DEFAULT NULL,
  `nextstep` varchar(100) DEFAULT NULL,
  `private` int(1) DEFAULT '0',
  `probability` decimal(7,3) DEFAULT '0.000',
  `campaignid` int(19) DEFAULT NULL,
  `sales_stage` varchar(200) DEFAULT NULL,
  `potentialtype` varchar(200) DEFAULT NULL,
  `leadsource` varchar(200) DEFAULT NULL,
  `productid` int(50) DEFAULT NULL,
  `productversion` varchar(50) DEFAULT NULL,
  `quotationref` varchar(50) DEFAULT NULL,
  `partnercontact` varchar(50) DEFAULT NULL,
  `remarks` varchar(50) DEFAULT NULL,
  `runtimefee` int(19) DEFAULT '0',
  `followupdate` date DEFAULT NULL,
  `evaluationstatus` varchar(50) DEFAULT NULL,
  `description` text,
  `forecastcategory` int(19) DEFAULT '0',
  `outcomeanalysis` int(19) DEFAULT '0',
  `forecast_amount` decimal(25,8) DEFAULT NULL,
  `isconvertedfromlead` varchar(3) DEFAULT '0',
  `contact_id` int(19) DEFAULT NULL,
  `tags` varchar(1) DEFAULT NULL,
  `converted` int(1) NOT NULL DEFAULT '0'
) ENGINE=InnoDB DEFAULT CHARSET=utf8;

-- --------------------------------------------------------

--
-- Table structure for table `vtiger_potentialscf`
--

CREATE TABLE `vtiger_potentialscf` (
  `potentialid` int(19) NOT NULL DEFAULT '0'
) ENGINE=InnoDB DEFAULT CHARSET=utf8;

-- --------------------------------------------------------

--
-- Table structure for table `vtiger_potstagehistory`
--

CREATE TABLE `vtiger_potstagehistory` (
  `historyid` int(19) NOT NULL,
  `potentialid` int(19) NOT NULL,
  `amount` decimal(10,0) DEFAULT NULL,
  `stage` varchar(100) DEFAULT NULL,
  `probability` decimal(7,3) DEFAULT NULL,
  `expectedrevenue` decimal(10,0) DEFAULT NULL,
  `closedate` date DEFAULT NULL,
  `lastmodified` datetime DEFAULT NULL
) ENGINE=InnoDB DEFAULT CHARSET=utf8;

-- --------------------------------------------------------

--
-- Table structure for table `vtiger_pricebook`
--

CREATE TABLE `vtiger_pricebook` (
  `pricebookid` int(19) NOT NULL DEFAULT '0',
  `pricebook_no` varchar(100) NOT NULL,
  `bookname` varchar(100) DEFAULT NULL,
  `active` int(1) DEFAULT NULL,
  `currency_id` int(19) NOT NULL DEFAULT '1',
  `tags` varchar(1) DEFAULT NULL
) ENGINE=InnoDB DEFAULT CHARSET=utf8;

-- --------------------------------------------------------

--
-- Table structure for table `vtiger_pricebookcf`
--

CREATE TABLE `vtiger_pricebookcf` (
  `pricebookid` int(19) NOT NULL DEFAULT '0'
) ENGINE=InnoDB DEFAULT CHARSET=utf8;

-- --------------------------------------------------------

--
-- Table structure for table `vtiger_pricebookproductrel`
--

CREATE TABLE `vtiger_pricebookproductrel` (
  `pricebookid` int(19) NOT NULL,
  `productid` int(19) NOT NULL,
  `listprice` decimal(27,8) DEFAULT NULL,
  `usedcurrency` int(11) NOT NULL DEFAULT '1'
) ENGINE=InnoDB DEFAULT CHARSET=utf8;

-- --------------------------------------------------------

--
-- Table structure for table `vtiger_priority`
--

CREATE TABLE `vtiger_priority` (
  `priorityid` int(19) NOT NULL,
  `priority` varchar(200) NOT NULL,
  `sortorderid` int(19) NOT NULL DEFAULT '0',
  `presence` int(1) NOT NULL DEFAULT '1'
) ENGINE=InnoDB DEFAULT CHARSET=utf8;

-- --------------------------------------------------------

--
-- Table structure for table `vtiger_productcategory`
--

CREATE TABLE `vtiger_productcategory` (
  `productcategoryid` int(19) NOT NULL,
  `productcategory` varchar(200) NOT NULL,
  `presence` int(1) NOT NULL DEFAULT '1',
  `picklist_valueid` int(19) NOT NULL DEFAULT '0',
  `sortorderid` int(11) DEFAULT NULL,
  `color` varchar(10) DEFAULT NULL
) ENGINE=InnoDB DEFAULT CHARSET=utf8;

--
-- Dumping data for table `vtiger_productcategory`
--

INSERT INTO `vtiger_productcategory` (`productcategoryid`, `productcategory`, `presence`, `picklist_valueid`, `sortorderid`, `color`) VALUES
(2, 'Hardware', 1, 136, 1, NULL),
(3, 'Software', 1, 137, 2, NULL),
(4, 'CRM Applications', 1, 138, 3, NULL);

-- --------------------------------------------------------

--
-- Table structure for table `vtiger_productcategory_seq`
--

CREATE TABLE `vtiger_productcategory_seq` (
  `id` int(11) NOT NULL
) ENGINE=InnoDB DEFAULT CHARSET=utf8;

--
-- Dumping data for table `vtiger_productcategory_seq`
--

INSERT INTO `vtiger_productcategory_seq` (`id`) VALUES
(4);

-- --------------------------------------------------------

--
-- Table structure for table `vtiger_productcf`
--

CREATE TABLE `vtiger_productcf` (
  `productid` int(19) NOT NULL DEFAULT '0'
) ENGINE=InnoDB DEFAULT CHARSET=utf8;

--
-- Dumping data for table `vtiger_productcf`
--

INSERT INTO `vtiger_productcf` (`productid`) VALUES
(2),
(3),
(4),
(5),
(6),
(7),
(8),
(9),
(10),
(11),
(12),
(13),
(14),
(15),
(16),
(17),
(18),
(19),
(20),
(21),
(22),
(23),
(24),
(25),
(26),
(27),
(28),
(29),
(30),
(31),
(32),
(33),
(34),
(35),
(36),
(37),
(38),
(39),
(40),
(41),
(42),
(43),
(44),
(45),
(46),
(47),
(48),
(49),
(50),
(51),
(52),
(53);

-- --------------------------------------------------------

--
-- Table structure for table `vtiger_productcurrencyrel`
--

CREATE TABLE `vtiger_productcurrencyrel` (
  `productid` int(11) NOT NULL,
  `currencyid` int(11) NOT NULL,
  `converted_price` decimal(28,8) DEFAULT NULL,
  `actual_price` decimal(28,8) DEFAULT NULL
) ENGINE=InnoDB DEFAULT CHARSET=utf8;

--
-- Dumping data for table `vtiger_productcurrencyrel`
--

INSERT INTO `vtiger_productcurrencyrel` (`productid`, `currencyid`, `converted_price`, `actual_price`) VALUES
(2, 1, '100.00000000', '0.00000000'),
(28, 1, '0.00000000', '0.00000000'),
(29, 1, '0.00000000', '0.00000000'),
(30, 1, '0.00000000', '0.00000000'),
(31, 1, '0.00000000', '0.00000000'),
(32, 1, '0.00000000', '0.00000000'),
(33, 1, '0.00000000', '0.00000000'),
(34, 1, '0.00000000', '0.00000000'),
(35, 1, '0.00000000', '0.00000000'),
(36, 1, '0.00000000', '0.00000000'),
(37, 1, '0.00000000', '0.00000000'),
(38, 1, '0.00000000', '0.00000000'),
(39, 1, '0.00000000', '0.00000000'),
(40, 1, '0.00000000', '0.00000000'),
(41, 1, '0.00000000', '0.00000000'),
(42, 1, '0.00000000', '0.00000000'),
(43, 1, '0.00000000', '0.00000000'),
(44, 1, '0.00000000', '0.00000000'),
(45, 1, '0.00000000', '0.00000000'),
(46, 1, '0.00000000', '0.00000000'),
(47, 1, '0.00000000', '0.00000000'),
(48, 1, '0.00000000', '0.00000000'),
(49, 1, '0.00000000', '0.00000000'),
(50, 1, '0.00000000', '0.00000000'),
(51, 1, '0.00000000', '0.00000000'),
(52, 1, '0.00000000', '0.00000000'),
(53, 1, '0.00000000', '0.00000000'),
(54, 1, '0.00000000', '0.00000000'),
(55, 1, '0.00000000', '0.00000000'),
(56, 1, '0.00000000', '0.00000000'),
(57, 1, '0.00000000', '0.00000000'),
(58, 1, '0.00000000', '0.00000000'),
(59, 1, '0.00000000', '0.00000000'),
(60, 1, '0.00000000', '0.00000000'),
(61, 1, '0.00000000', '0.00000000'),
(62, 1, '0.00000000', '0.00000000'),
(63, 1, '0.00000000', '0.00000000'),
(64, 1, '0.00000000', '0.00000000'),
(65, 1, '0.00000000', '0.00000000'),
(66, 1, '0.00000000', '0.00000000'),
(67, 1, '0.00000000', '0.00000000'),
(68, 1, '0.00000000', '0.00000000'),
(69, 1, '0.00000000', '0.00000000'),
(70, 1, '0.00000000', '0.00000000'),
(71, 1, '0.00000000', '0.00000000'),
(72, 1, '0.00000000', '0.00000000'),
(73, 1, '0.00000000', '0.00000000'),
(74, 1, '0.00000000', '0.00000000'),
(75, 1, '0.00000000', '0.00000000'),
(76, 1, '0.00000000', '0.00000000'),
(77, 1, '0.00000000', '0.00000000'),
(78, 1, '0.00000000', '0.00000000'),
(79, 1, '0.00000000', '0.00000000'),
(80, 1, '0.00000000', '0.00000000'),
(81, 1, '0.00000000', '0.00000000'),
(82, 1, '0.00000000', '0.00000000'),
(83, 1, '0.00000000', '0.00000000'),
(84, 1, '0.00000000', '0.00000000'),
(85, 1, '0.00000000', '0.00000000'),
(86, 1, '0.00000000', '0.00000000'),
(87, 1, '0.00000000', '0.00000000'),
(88, 1, '0.00000000', '0.00000000'),
(89, 1, '0.00000000', '0.00000000'),
(90, 1, '0.00000000', '0.00000000'),
(91, 1, '0.00000000', '0.00000000'),
(92, 1, '0.00000000', '0.00000000'),
(93, 1, '0.00000000', '0.00000000'),
(94, 1, '0.00000000', '0.00000000'),
(95, 1, '0.00000000', '0.00000000'),
(96, 1, '0.00000000', '0.00000000'),
(97, 1, '0.00000000', '0.00000000'),
(98, 1, '0.00000000', '0.00000000'),
(99, 1, '0.00000000', '0.00000000'),
(100, 1, '0.00000000', '0.00000000'),
(101, 1, '0.00000000', '0.00000000'),
(102, 1, '0.00000000', '0.00000000'),
(103, 1, '0.00000000', '0.00000000'),
(104, 1, '0.00000000', '0.00000000'),
(105, 1, '0.00000000', '0.00000000'),
(106, 1, '0.00000000', '0.00000000'),
(107, 1, '0.00000000', '0.00000000'),
(108, 1, '0.00000000', '0.00000000'),
(109, 1, '0.00000000', '0.00000000'),
(110, 1, '0.00000000', '0.00000000'),
(111, 1, '0.00000000', '0.00000000'),
(112, 1, '0.00000000', '0.00000000'),
(113, 1, '0.00000000', '0.00000000'),
(114, 1, '0.00000000', '0.00000000'),
(115, 1, '0.00000000', '0.00000000'),
(116, 1, '0.00000000', '0.00000000'),
(117, 1, '0.00000000', '0.00000000'),
(118, 1, '0.00000000', '0.00000000'),
(119, 1, '0.00000000', '0.00000000'),
(120, 1, '0.00000000', '0.00000000'),
(121, 1, '0.00000000', '0.00000000'),
(122, 1, '0.00000000', '0.00000000'),
(123, 1, '0.00000000', '0.00000000'),
(124, 1, '0.00000000', '0.00000000'),
(125, 1, '0.00000000', '0.00000000'),
(126, 1, '0.00000000', '0.00000000'),
(127, 1, '0.00000000', '0.00000000'),
(128, 1, '0.00000000', '0.00000000'),
(129, 1, '0.00000000', '0.00000000'),
(130, 1, '0.00000000', '0.00000000'),
(131, 1, '0.00000000', '0.00000000'),
(132, 1, '0.00000000', '0.00000000'),
(133, 1, '0.00000000', '0.00000000'),
(134, 1, '0.00000000', '0.00000000'),
(135, 1, '0.00000000', '0.00000000'),
(136, 1, '0.00000000', '0.00000000'),
(137, 1, '0.00000000', '0.00000000'),
(138, 1, '0.00000000', '0.00000000'),
(139, 1, '0.00000000', '0.00000000'),
(140, 1, '0.00000000', '0.00000000'),
(141, 1, '0.00000000', '0.00000000'),
(142, 1, '0.00000000', '0.00000000'),
(143, 1, '0.00000000', '0.00000000'),
(144, 1, '0.00000000', '0.00000000'),
(145, 1, '0.00000000', '0.00000000'),
(146, 1, '0.00000000', '0.00000000'),
(147, 1, '0.00000000', '0.00000000'),
(148, 1, '0.00000000', '0.00000000'),
(149, 1, '0.00000000', '0.00000000'),
(150, 1, '0.00000000', '0.00000000'),
(151, 1, '0.00000000', '0.00000000'),
(152, 1, '0.00000000', '0.00000000'),
(153, 1, '0.00000000', '0.00000000'),
(154, 1, '0.00000000', '0.00000000'),
(155, 1, '0.00000000', '0.00000000'),
(156, 1, '0.00000000', '0.00000000'),
(157, 1, '0.00000000', '0.00000000'),
(158, 1, '0.00000000', '0.00000000'),
(159, 1, '0.00000000', '0.00000000'),
(160, 1, '0.00000000', '0.00000000'),
(161, 1, '0.00000000', '0.00000000'),
(162, 1, '0.00000000', '0.00000000'),
(163, 1, '0.00000000', '0.00000000'),
(164, 1, '0.00000000', '0.00000000'),
(165, 1, '0.00000000', '0.00000000'),
(166, 1, '0.00000000', '0.00000000'),
(167, 1, '0.00000000', '0.00000000'),
(168, 1, '0.00000000', '0.00000000'),
(169, 1, '0.00000000', '0.00000000'),
(170, 1, '0.00000000', '0.00000000'),
(171, 1, '0.00000000', '0.00000000'),
(172, 1, '0.00000000', '0.00000000'),
(173, 1, '0.00000000', '0.00000000'),
(174, 1, '0.00000000', '0.00000000'),
(175, 1, '0.00000000', '0.00000000'),
(176, 1, '0.00000000', '0.00000000'),
(177, 1, '0.00000000', '0.00000000'),
(178, 1, '0.00000000', '0.00000000'),
(179, 1, '0.00000000', '0.00000000'),
(180, 1, '0.00000000', '0.00000000'),
(181, 1, '0.00000000', '0.00000000'),
(182, 1, '0.00000000', '0.00000000'),
(183, 1, '0.00000000', '0.00000000'),
(184, 1, '0.00000000', '0.00000000'),
(185, 1, '0.00000000', '0.00000000'),
(186, 1, '0.00000000', '0.00000000'),
(187, 1, '0.00000000', '0.00000000'),
(188, 1, '0.00000000', '0.00000000'),
(189, 1, '0.00000000', '0.00000000'),
(190, 1, '0.00000000', '0.00000000'),
(191, 1, '0.00000000', '0.00000000'),
(192, 1, '0.00000000', '0.00000000'),
(193, 1, '0.00000000', '0.00000000'),
(194, 1, '0.00000000', '0.00000000'),
(195, 1, '0.00000000', '0.00000000'),
(196, 1, '0.00000000', '0.00000000'),
(197, 1, '0.00000000', '0.00000000'),
(198, 1, '0.00000000', '0.00000000'),
(199, 1, '0.00000000', '0.00000000'),
(200, 1, '0.00000000', '0.00000000'),
(201, 1, '0.00000000', '0.00000000'),
(202, 1, '0.00000000', '0.00000000'),
(203, 1, '0.00000000', '0.00000000'),
(204, 1, '0.00000000', '0.00000000'),
(205, 1, '0.00000000', '0.00000000'),
(206, 1, '0.00000000', '0.00000000'),
(207, 1, '0.00000000', '0.00000000'),
(208, 1, '0.00000000', '0.00000000'),
(209, 1, '0.00000000', '0.00000000'),
(210, 1, '0.00000000', '0.00000000'),
(211, 1, '0.00000000', '0.00000000'),
(212, 1, '0.00000000', '0.00000000'),
(213, 1, '0.00000000', '0.00000000'),
(214, 1, '0.00000000', '0.00000000'),
(215, 1, '0.00000000', '0.00000000'),
(216, 1, '0.00000000', '0.00000000'),
(217, 1, '0.00000000', '0.00000000'),
(218, 1, '0.00000000', '0.00000000'),
(219, 1, '0.00000000', '0.00000000'),
(220, 1, '0.00000000', '0.00000000'),
(221, 1, '0.00000000', '0.00000000'),
(222, 1, '0.00000000', '0.00000000'),
(223, 1, '0.00000000', '0.00000000'),
(224, 1, '0.00000000', '0.00000000'),
(225, 1, '0.00000000', '0.00000000'),
(226, 1, '0.00000000', '0.00000000'),
(227, 1, '0.00000000', '0.00000000'),
(228, 1, '0.00000000', '0.00000000'),
(229, 1, '0.00000000', '0.00000000'),
(230, 1, '0.00000000', '0.00000000'),
(231, 1, '0.00000000', '0.00000000'),
(232, 1, '0.00000000', '0.00000000'),
(233, 1, '0.00000000', '0.00000000'),
(234, 1, '0.00000000', '0.00000000'),
(235, 1, '0.00000000', '0.00000000'),
(236, 1, '0.00000000', '0.00000000'),
(237, 1, '0.00000000', '0.00000000'),
(238, 1, '0.00000000', '0.00000000'),
(239, 1, '0.00000000', '0.00000000'),
(240, 1, '0.00000000', '0.00000000'),
(241, 1, '0.00000000', '0.00000000'),
(242, 1, '0.00000000', '0.00000000'),
(243, 1, '0.00000000', '0.00000000'),
(244, 1, '0.00000000', '0.00000000'),
(245, 1, '0.00000000', '0.00000000'),
(246, 1, '0.00000000', '0.00000000'),
(247, 1, '0.00000000', '0.00000000'),
(248, 1, '0.00000000', '0.00000000'),
(249, 1, '0.00000000', '0.00000000'),
(250, 1, '0.00000000', '0.00000000'),
(251, 1, '0.00000000', '0.00000000'),
(252, 1, '0.00000000', '0.00000000'),
(253, 1, '0.00000000', '0.00000000'),
(254, 1, '0.00000000', '0.00000000'),
(255, 1, '0.00000000', '0.00000000'),
(256, 1, '0.00000000', '0.00000000'),
(257, 1, '0.00000000', '0.00000000'),
(258, 1, '0.00000000', '0.00000000'),
(259, 1, '0.00000000', '0.00000000'),
(260, 1, '0.00000000', '0.00000000'),
(261, 1, '0.00000000', '0.00000000'),
(262, 1, '0.00000000', '0.00000000'),
(263, 1, '0.00000000', '0.00000000'),
(264, 1, '0.00000000', '0.00000000'),
(265, 1, '0.00000000', '0.00000000'),
(266, 1, '0.00000000', '0.00000000'),
(267, 1, '0.00000000', '0.00000000'),
(268, 1, '0.00000000', '0.00000000'),
(269, 1, '0.00000000', '0.00000000'),
(270, 1, '0.00000000', '0.00000000'),
(271, 1, '0.00000000', '0.00000000'),
(272, 1, '0.00000000', '0.00000000'),
(273, 1, '0.00000000', '0.00000000'),
(274, 1, '0.00000000', '0.00000000'),
(275, 1, '0.00000000', '0.00000000'),
(276, 1, '0.00000000', '0.00000000'),
(277, 1, '0.00000000', '0.00000000'),
(278, 1, '0.00000000', '0.00000000'),
(279, 1, '0.00000000', '0.00000000'),
(280, 1, '0.00000000', '0.00000000'),
(281, 1, '0.00000000', '0.00000000'),
(282, 1, '0.00000000', '0.00000000'),
(283, 1, '0.00000000', '0.00000000'),
(284, 1, '0.00000000', '0.00000000'),
(285, 1, '0.00000000', '0.00000000'),
(286, 1, '0.00000000', '0.00000000'),
(287, 1, '0.00000000', '0.00000000'),
(288, 1, '0.00000000', '0.00000000'),
(289, 1, '0.00000000', '0.00000000'),
(290, 1, '0.00000000', '0.00000000'),
(291, 1, '0.00000000', '0.00000000'),
(292, 1, '0.00000000', '0.00000000'),
(293, 1, '0.00000000', '0.00000000'),
(294, 1, '0.00000000', '0.00000000'),
(295, 1, '0.00000000', '0.00000000'),
(296, 1, '0.00000000', '0.00000000'),
(297, 1, '0.00000000', '0.00000000'),
(298, 1, '0.00000000', '0.00000000'),
(299, 1, '0.00000000', '0.00000000'),
(300, 1, '0.00000000', '0.00000000'),
(301, 1, '0.00000000', '0.00000000'),
(302, 1, '0.00000000', '0.00000000'),
(303, 1, '0.00000000', '0.00000000'),
(304, 1, '0.00000000', '0.00000000'),
(305, 1, '0.00000000', '0.00000000'),
(306, 1, '0.00000000', '0.00000000'),
(307, 1, '0.00000000', '0.00000000'),
(308, 1, '0.00000000', '0.00000000'),
(309, 1, '0.00000000', '0.00000000'),
(310, 1, '0.00000000', '0.00000000'),
(311, 1, '0.00000000', '0.00000000'),
(312, 1, '0.00000000', '0.00000000'),
(313, 1, '0.00000000', '0.00000000'),
(314, 1, '0.00000000', '0.00000000'),
(315, 1, '0.00000000', '0.00000000'),
(316, 1, '0.00000000', '0.00000000'),
(317, 1, '0.00000000', '0.00000000'),
(318, 1, '0.00000000', '0.00000000'),
(319, 1, '0.00000000', '0.00000000'),
(320, 1, '0.00000000', '0.00000000'),
(321, 1, '0.00000000', '0.00000000'),
(322, 1, '0.00000000', '0.00000000'),
(323, 1, '0.00000000', '0.00000000'),
(324, 1, '0.00000000', '0.00000000'),
(325, 1, '0.00000000', '0.00000000'),
(326, 1, '0.00000000', '0.00000000'),
(327, 1, '0.00000000', '0.00000000'),
(328, 1, '0.00000000', '0.00000000'),
(329, 1, '0.00000000', '0.00000000'),
(330, 1, '0.00000000', '0.00000000'),
(331, 1, '0.00000000', '0.00000000'),
(332, 1, '0.00000000', '0.00000000'),
(333, 1, '0.00000000', '0.00000000'),
(334, 1, '0.00000000', '0.00000000'),
(335, 1, '0.00000000', '0.00000000'),
(336, 1, '0.00000000', '0.00000000'),
(337, 1, '0.00000000', '0.00000000'),
(338, 1, '0.00000000', '0.00000000'),
(339, 1, '0.00000000', '0.00000000'),
(340, 1, '0.00000000', '0.00000000'),
(341, 1, '0.00000000', '0.00000000'),
(342, 1, '0.00000000', '0.00000000'),
(343, 1, '0.00000000', '0.00000000'),
(344, 1, '0.00000000', '0.00000000'),
(345, 1, '0.00000000', '0.00000000'),
(346, 1, '0.00000000', '0.00000000'),
(347, 1, '0.00000000', '0.00000000'),
(348, 1, '0.00000000', '0.00000000'),
(349, 1, '0.00000000', '0.00000000'),
(350, 1, '0.00000000', '0.00000000'),
(351, 1, '0.00000000', '0.00000000'),
(352, 1, '0.00000000', '0.00000000'),
(353, 1, '0.00000000', '0.00000000'),
(354, 1, '0.00000000', '0.00000000'),
(355, 1, '0.00000000', '0.00000000'),
(356, 1, '0.00000000', '0.00000000'),
(357, 1, '0.00000000', '0.00000000'),
(358, 1, '0.00000000', '0.00000000'),
(359, 1, '0.00000000', '0.00000000'),
(360, 1, '0.00000000', '0.00000000'),
(361, 1, '0.00000000', '0.00000000'),
(362, 1, '0.00000000', '0.00000000'),
(363, 1, '0.00000000', '0.00000000'),
(364, 1, '0.00000000', '0.00000000'),
(365, 1, '0.00000000', '0.00000000'),
(366, 1, '0.00000000', '0.00000000'),
(367, 1, '0.00000000', '0.00000000'),
(368, 1, '0.00000000', '0.00000000'),
(369, 1, '0.00000000', '0.00000000'),
(370, 1, '0.00000000', '0.00000000'),
(371, 1, '0.00000000', '0.00000000'),
(372, 1, '0.00000000', '0.00000000'),
(373, 1, '0.00000000', '0.00000000'),
(374, 1, '0.00000000', '0.00000000'),
(375, 1, '0.00000000', '0.00000000'),
(376, 1, '0.00000000', '0.00000000'),
(377, 1, '0.00000000', '0.00000000'),
(378, 1, '0.00000000', '0.00000000'),
(379, 1, '0.00000000', '0.00000000'),
(380, 1, '0.00000000', '0.00000000'),
(381, 1, '0.00000000', '0.00000000'),
(382, 1, '0.00000000', '0.00000000'),
(383, 1, '0.00000000', '0.00000000'),
(384, 1, '0.00000000', '0.00000000'),
(385, 1, '0.00000000', '0.00000000'),
(386, 1, '0.00000000', '0.00000000'),
(387, 1, '0.00000000', '0.00000000'),
(388, 1, '0.00000000', '0.00000000'),
(389, 1, '0.00000000', '0.00000000'),
(390, 1, '0.00000000', '0.00000000'),
(391, 1, '0.00000000', '0.00000000'),
(392, 1, '0.00000000', '0.00000000'),
(393, 1, '0.00000000', '0.00000000'),
(394, 1, '0.00000000', '0.00000000'),
(395, 1, '0.00000000', '0.00000000'),
(396, 1, '0.00000000', '0.00000000'),
(397, 1, '0.00000000', '0.00000000'),
(398, 1, '0.00000000', '0.00000000'),
(399, 1, '0.00000000', '0.00000000'),
(400, 1, '0.00000000', '0.00000000'),
(401, 1, '0.00000000', '0.00000000'),
(402, 1, '0.00000000', '0.00000000'),
(403, 1, '0.00000000', '0.00000000'),
(404, 1, '0.00000000', '0.00000000'),
(405, 1, '0.00000000', '0.00000000'),
(406, 1, '0.00000000', '0.00000000'),
(407, 1, '0.00000000', '0.00000000'),
(408, 1, '0.00000000', '0.00000000'),
(409, 1, '0.00000000', '0.00000000'),
(410, 1, '0.00000000', '0.00000000'),
(411, 1, '0.00000000', '0.00000000'),
(412, 1, '0.00000000', '0.00000000'),
(413, 1, '0.00000000', '0.00000000'),
(414, 1, '0.00000000', '0.00000000'),
(415, 1, '0.00000000', '0.00000000'),
(416, 1, '0.00000000', '0.00000000'),
(417, 1, '0.00000000', '0.00000000'),
(418, 1, '0.00000000', '0.00000000'),
(419, 1, '0.00000000', '0.00000000'),
(420, 1, '0.00000000', '0.00000000'),
(421, 1, '0.00000000', '0.00000000'),
(422, 1, '0.00000000', '0.00000000'),
(423, 1, '0.00000000', '0.00000000'),
(424, 1, '0.00000000', '0.00000000'),
(425, 1, '0.00000000', '0.00000000'),
(426, 1, '0.00000000', '0.00000000'),
(427, 1, '0.00000000', '0.00000000'),
(428, 1, '0.00000000', '0.00000000'),
(429, 1, '0.00000000', '0.00000000'),
(430, 1, '0.00000000', '0.00000000'),
(431, 1, '0.00000000', '0.00000000'),
(432, 1, '0.00000000', '0.00000000'),
(433, 1, '0.00000000', '0.00000000'),
(434, 1, '0.00000000', '0.00000000'),
(435, 1, '0.00000000', '0.00000000'),
(436, 1, '0.00000000', '0.00000000'),
(437, 1, '0.00000000', '0.00000000'),
(438, 1, '0.00000000', '0.00000000'),
(439, 1, '0.00000000', '0.00000000'),
(440, 1, '0.00000000', '0.00000000'),
(441, 1, '0.00000000', '0.00000000'),
(442, 1, '0.00000000', '0.00000000'),
(443, 1, '0.00000000', '0.00000000'),
(444, 1, '0.00000000', '0.00000000'),
(445, 1, '0.00000000', '0.00000000'),
(446, 1, '0.00000000', '0.00000000'),
(447, 1, '0.00000000', '0.00000000'),
(448, 1, '0.00000000', '0.00000000'),
(449, 1, '0.00000000', '0.00000000'),
(450, 1, '0.00000000', '0.00000000'),
(451, 1, '0.00000000', '0.00000000'),
(452, 1, '0.00000000', '0.00000000'),
(453, 1, '0.00000000', '0.00000000'),
(454, 1, '0.00000000', '0.00000000'),
(455, 1, '0.00000000', '0.00000000'),
(456, 1, '0.00000000', '0.00000000'),
(457, 1, '0.00000000', '0.00000000'),
(458, 1, '0.00000000', '0.00000000'),
(459, 1, '0.00000000', '0.00000000'),
(460, 1, '0.00000000', '0.00000000'),
(461, 1, '0.00000000', '0.00000000'),
(462, 1, '0.00000000', '0.00000000'),
(463, 1, '0.00000000', '0.00000000'),
(464, 1, '0.00000000', '0.00000000'),
(465, 1, '0.00000000', '0.00000000'),
(466, 1, '0.00000000', '0.00000000'),
(467, 1, '0.00000000', '0.00000000'),
(468, 1, '0.00000000', '0.00000000'),
(469, 1, '0.00000000', '0.00000000'),
(470, 1, '0.00000000', '0.00000000'),
(471, 1, '0.00000000', '0.00000000'),
(472, 1, '0.00000000', '0.00000000'),
(473, 1, '0.00000000', '0.00000000'),
(474, 1, '0.00000000', '0.00000000'),
(475, 1, '0.00000000', '0.00000000'),
(476, 1, '0.00000000', '0.00000000'),
(477, 1, '0.00000000', '0.00000000'),
(478, 1, '0.00000000', '0.00000000'),
(479, 1, '0.00000000', '0.00000000'),
(480, 1, '0.00000000', '0.00000000'),
(481, 1, '0.00000000', '0.00000000'),
(482, 1, '0.00000000', '0.00000000'),
(483, 1, '0.00000000', '0.00000000'),
(484, 1, '0.00000000', '0.00000000'),
(485, 1, '0.00000000', '0.00000000'),
(486, 1, '0.00000000', '0.00000000'),
(487, 1, '0.00000000', '0.00000000'),
(488, 1, '0.00000000', '0.00000000'),
(489, 1, '0.00000000', '0.00000000'),
(490, 1, '0.00000000', '0.00000000'),
(491, 1, '0.00000000', '0.00000000'),
(492, 1, '0.00000000', '0.00000000'),
(493, 1, '0.00000000', '0.00000000'),
(494, 1, '0.00000000', '0.00000000'),
(495, 1, '0.00000000', '0.00000000'),
(496, 1, '0.00000000', '0.00000000'),
(497, 1, '0.00000000', '0.00000000'),
(498, 1, '0.00000000', '0.00000000'),
(499, 1, '0.00000000', '0.00000000'),
(500, 1, '0.00000000', '0.00000000'),
(501, 1, '0.00000000', '0.00000000'),
(502, 1, '0.00000000', '0.00000000'),
(503, 1, '0.00000000', '0.00000000'),
(504, 1, '0.00000000', '0.00000000'),
(505, 1, '0.00000000', '0.00000000'),
(506, 1, '0.00000000', '0.00000000'),
(507, 1, '0.00000000', '0.00000000'),
(508, 1, '0.00000000', '0.00000000'),
(509, 1, '0.00000000', '0.00000000'),
(510, 1, '0.00000000', '0.00000000'),
(511, 1, '0.00000000', '0.00000000'),
(512, 1, '0.00000000', '0.00000000'),
(513, 1, '0.00000000', '0.00000000'),
(514, 1, '0.00000000', '0.00000000'),
(515, 1, '0.00000000', '0.00000000'),
(516, 1, '0.00000000', '0.00000000'),
(517, 1, '0.00000000', '0.00000000'),
(518, 1, '0.00000000', '0.00000000'),
(519, 1, '0.00000000', '0.00000000'),
(520, 1, '0.00000000', '0.00000000'),
(521, 1, '0.00000000', '0.00000000'),
(522, 1, '0.00000000', '0.00000000'),
(523, 1, '0.00000000', '0.00000000'),
(524, 1, '0.00000000', '0.00000000'),
(525, 1, '0.00000000', '0.00000000'),
(526, 1, '0.00000000', '0.00000000'),
(527, 1, '0.00000000', '0.00000000'),
(528, 1, '0.00000000', '0.00000000'),
(529, 1, '0.00000000', '0.00000000'),
(530, 1, '0.00000000', '0.00000000'),
(531, 1, '0.00000000', '0.00000000'),
(532, 1, '0.00000000', '0.00000000'),
(533, 1, '0.00000000', '0.00000000'),
(534, 1, '0.00000000', '0.00000000'),
(535, 1, '0.00000000', '0.00000000'),
(536, 1, '0.00000000', '0.00000000'),
(537, 1, '0.00000000', '0.00000000'),
(538, 1, '0.00000000', '0.00000000'),
(539, 1, '0.00000000', '0.00000000'),
(540, 1, '0.00000000', '0.00000000'),
(541, 1, '0.00000000', '0.00000000'),
(542, 1, '0.00000000', '0.00000000'),
(543, 1, '0.00000000', '0.00000000'),
(544, 1, '0.00000000', '0.00000000'),
(545, 1, '0.00000000', '0.00000000'),
(546, 1, '0.00000000', '0.00000000'),
(547, 1, '0.00000000', '0.00000000'),
(548, 1, '0.00000000', '0.00000000'),
(549, 1, '0.00000000', '0.00000000'),
(550, 1, '0.00000000', '0.00000000'),
(551, 1, '0.00000000', '0.00000000'),
(552, 1, '0.00000000', '0.00000000'),
(553, 1, '0.00000000', '0.00000000'),
(554, 1, '0.00000000', '0.00000000'),
(555, 1, '0.00000000', '0.00000000'),
(556, 1, '0.00000000', '0.00000000'),
(557, 1, '0.00000000', '0.00000000'),
(558, 1, '0.00000000', '0.00000000'),
(559, 1, '0.00000000', '0.00000000'),
(560, 1, '0.00000000', '0.00000000'),
(561, 1, '0.00000000', '0.00000000'),
(562, 1, '0.00000000', '0.00000000'),
(563, 1, '0.00000000', '0.00000000'),
(564, 1, '0.00000000', '0.00000000'),
(565, 1, '0.00000000', '0.00000000'),
(566, 1, '0.00000000', '0.00000000'),
(567, 1, '0.00000000', '0.00000000'),
(568, 1, '0.00000000', '0.00000000'),
(569, 1, '0.00000000', '0.00000000'),
(570, 1, '0.00000000', '0.00000000'),
(571, 1, '0.00000000', '0.00000000'),
(572, 1, '0.00000000', '0.00000000'),
(573, 1, '0.00000000', '0.00000000'),
(574, 1, '0.00000000', '0.00000000'),
(575, 1, '0.00000000', '0.00000000'),
(576, 1, '0.00000000', '0.00000000'),
(577, 1, '0.00000000', '0.00000000'),
(578, 1, '0.00000000', '0.00000000'),
(579, 1, '0.00000000', '0.00000000'),
(580, 1, '0.00000000', '0.00000000'),
(581, 1, '0.00000000', '0.00000000'),
(582, 1, '0.00000000', '0.00000000'),
(583, 1, '0.00000000', '0.00000000'),
(584, 1, '0.00000000', '0.00000000'),
(585, 1, '0.00000000', '0.00000000'),
(586, 1, '0.00000000', '0.00000000'),
(587, 1, '0.00000000', '0.00000000'),
(588, 1, '0.00000000', '0.00000000'),
(589, 1, '0.00000000', '0.00000000'),
(590, 1, '0.00000000', '0.00000000'),
(591, 1, '0.00000000', '0.00000000'),
(592, 1, '0.00000000', '0.00000000'),
(593, 1, '0.00000000', '0.00000000'),
(594, 1, '0.00000000', '0.00000000'),
(595, 1, '0.00000000', '0.00000000'),
(596, 1, '0.00000000', '0.00000000'),
(597, 1, '0.00000000', '0.00000000'),
(598, 1, '0.00000000', '0.00000000'),
(599, 1, '0.00000000', '0.00000000'),
(600, 1, '0.00000000', '0.00000000'),
(601, 1, '0.00000000', '0.00000000'),
(602, 1, '0.00000000', '0.00000000'),
(603, 1, '0.00000000', '0.00000000'),
(604, 1, '0.00000000', '0.00000000'),
(605, 1, '0.00000000', '0.00000000'),
(606, 1, '0.00000000', '0.00000000'),
(607, 1, '0.00000000', '0.00000000'),
(608, 1, '0.00000000', '0.00000000'),
(609, 1, '0.00000000', '0.00000000'),
(610, 1, '0.00000000', '0.00000000'),
(611, 1, '0.00000000', '0.00000000'),
(612, 1, '0.00000000', '0.00000000'),
(613, 1, '0.00000000', '0.00000000'),
(614, 1, '0.00000000', '0.00000000'),
(615, 1, '0.00000000', '0.00000000'),
(616, 1, '0.00000000', '0.00000000'),
(617, 1, '0.00000000', '0.00000000'),
(618, 1, '0.00000000', '0.00000000'),
(619, 1, '0.00000000', '0.00000000'),
(620, 1, '0.00000000', '0.00000000'),
(621, 1, '0.00000000', '0.00000000'),
(622, 1, '0.00000000', '0.00000000'),
(623, 1, '0.00000000', '0.00000000'),
(624, 1, '0.00000000', '0.00000000'),
(625, 1, '0.00000000', '0.00000000'),
(626, 1, '0.00000000', '0.00000000'),
(627, 1, '0.00000000', '0.00000000'),
(628, 1, '0.00000000', '0.00000000'),
(629, 1, '0.00000000', '0.00000000'),
(630, 1, '0.00000000', '0.00000000'),
(631, 1, '0.00000000', '0.00000000'),
(632, 1, '0.00000000', '0.00000000'),
(633, 1, '0.00000000', '0.00000000'),
(634, 1, '0.00000000', '0.00000000'),
(635, 1, '0.00000000', '0.00000000'),
(636, 1, '0.00000000', '0.00000000'),
(637, 1, '0.00000000', '0.00000000'),
(638, 1, '0.00000000', '0.00000000'),
(639, 1, '0.00000000', '0.00000000'),
(640, 1, '0.00000000', '0.00000000'),
(641, 1, '0.00000000', '0.00000000'),
(642, 1, '0.00000000', '0.00000000'),
(643, 1, '0.00000000', '0.00000000'),
(644, 1, '0.00000000', '0.00000000'),
(645, 1, '0.00000000', '0.00000000'),
(646, 1, '0.00000000', '0.00000000'),
(647, 1, '0.00000000', '0.00000000'),
(648, 1, '0.00000000', '0.00000000'),
(649, 1, '0.00000000', '0.00000000'),
(650, 1, '0.00000000', '0.00000000'),
(651, 1, '0.00000000', '0.00000000'),
(652, 1, '0.00000000', '0.00000000'),
(653, 1, '0.00000000', '0.00000000'),
(654, 1, '0.00000000', '0.00000000'),
(655, 1, '0.00000000', '0.00000000'),
(656, 1, '0.00000000', '0.00000000'),
(657, 1, '0.00000000', '0.00000000'),
(658, 1, '0.00000000', '0.00000000'),
(659, 1, '0.00000000', '0.00000000'),
(660, 1, '0.00000000', '0.00000000'),
(661, 1, '0.00000000', '0.00000000'),
(662, 1, '0.00000000', '0.00000000'),
(663, 1, '0.00000000', '0.00000000'),
(664, 1, '0.00000000', '0.00000000'),
(665, 1, '0.00000000', '0.00000000'),
(666, 1, '0.00000000', '0.00000000'),
(667, 1, '0.00000000', '0.00000000'),
(668, 1, '0.00000000', '0.00000000'),
(669, 1, '0.00000000', '0.00000000'),
(670, 1, '0.00000000', '0.00000000'),
(671, 1, '0.00000000', '0.00000000'),
(672, 1, '0.00000000', '0.00000000'),
(673, 1, '0.00000000', '0.00000000'),
(674, 1, '0.00000000', '0.00000000'),
(675, 1, '0.00000000', '0.00000000'),
(676, 1, '0.00000000', '0.00000000'),
(677, 1, '0.00000000', '0.00000000'),
(678, 1, '0.00000000', '0.00000000'),
(679, 1, '0.00000000', '0.00000000'),
(680, 1, '0.00000000', '0.00000000'),
(681, 1, '0.00000000', '0.00000000'),
(682, 1, '0.00000000', '0.00000000'),
(683, 1, '0.00000000', '0.00000000'),
(684, 1, '0.00000000', '0.00000000'),
(685, 1, '0.00000000', '0.00000000'),
(686, 1, '0.00000000', '0.00000000'),
(687, 1, '0.00000000', '0.00000000'),
(688, 1, '0.00000000', '0.00000000'),
(689, 1, '0.00000000', '0.00000000'),
(690, 1, '0.00000000', '0.00000000'),
(691, 1, '0.00000000', '0.00000000'),
(692, 1, '0.00000000', '0.00000000'),
(693, 1, '0.00000000', '0.00000000'),
(694, 1, '0.00000000', '0.00000000'),
(695, 1, '0.00000000', '0.00000000'),
(696, 1, '0.00000000', '0.00000000'),
(697, 1, '0.00000000', '0.00000000'),
(698, 1, '0.00000000', '0.00000000'),
(699, 1, '0.00000000', '0.00000000'),
(700, 1, '0.00000000', '0.00000000'),
(701, 1, '0.00000000', '0.00000000'),
(702, 1, '0.00000000', '0.00000000'),
(703, 1, '0.00000000', '0.00000000'),
(704, 1, '0.00000000', '0.00000000'),
(705, 1, '0.00000000', '0.00000000'),
(706, 1, '0.00000000', '0.00000000'),
(707, 1, '0.00000000', '0.00000000'),
(708, 1, '0.00000000', '0.00000000'),
(709, 1, '0.00000000', '0.00000000'),
(710, 1, '0.00000000', '0.00000000'),
(711, 1, '0.00000000', '0.00000000'),
(712, 1, '0.00000000', '0.00000000'),
(713, 1, '0.00000000', '0.00000000'),
(714, 1, '0.00000000', '0.00000000'),
(715, 1, '0.00000000', '0.00000000'),
(716, 1, '0.00000000', '0.00000000'),
(717, 1, '0.00000000', '0.00000000'),
(718, 1, '0.00000000', '0.00000000'),
(719, 1, '0.00000000', '0.00000000'),
(720, 1, '0.00000000', '0.00000000'),
(721, 1, '0.00000000', '0.00000000'),
(722, 1, '0.00000000', '0.00000000'),
(723, 1, '0.00000000', '0.00000000'),
(724, 1, '0.00000000', '0.00000000'),
(725, 1, '0.00000000', '0.00000000'),
(726, 1, '0.00000000', '0.00000000'),
(727, 1, '0.00000000', '0.00000000'),
(728, 1, '0.00000000', '0.00000000'),
(729, 1, '0.00000000', '0.00000000'),
(730, 1, '0.00000000', '0.00000000'),
(731, 1, '0.00000000', '0.00000000'),
(732, 1, '0.00000000', '0.00000000'),
(733, 1, '0.00000000', '0.00000000'),
(734, 1, '0.00000000', '0.00000000'),
(735, 1, '0.00000000', '0.00000000'),
(736, 1, '0.00000000', '0.00000000'),
(737, 1, '0.00000000', '0.00000000'),
(738, 1, '0.00000000', '0.00000000'),
(739, 1, '0.00000000', '0.00000000'),
(740, 1, '0.00000000', '0.00000000'),
(741, 1, '0.00000000', '0.00000000'),
(742, 1, '0.00000000', '0.00000000'),
(743, 1, '0.00000000', '0.00000000'),
(744, 1, '0.00000000', '0.00000000'),
(745, 1, '0.00000000', '0.00000000'),
(746, 1, '0.00000000', '0.00000000'),
(747, 1, '0.00000000', '0.00000000'),
(748, 1, '0.00000000', '0.00000000'),
(749, 1, '0.00000000', '0.00000000'),
(750, 1, '0.00000000', '0.00000000'),
(751, 1, '0.00000000', '0.00000000'),
(752, 1, '0.00000000', '0.00000000'),
(753, 1, '0.00000000', '0.00000000'),
(754, 1, '0.00000000', '0.00000000'),
(755, 1, '0.00000000', '0.00000000'),
(756, 1, '0.00000000', '0.00000000'),
(757, 1, '0.00000000', '0.00000000'),
(758, 1, '0.00000000', '0.00000000'),
(759, 1, '0.00000000', '0.00000000'),
(760, 1, '0.00000000', '0.00000000'),
(761, 1, '0.00000000', '0.00000000'),
(762, 1, '0.00000000', '0.00000000'),
(763, 1, '0.00000000', '0.00000000'),
(764, 1, '0.00000000', '0.00000000'),
(765, 1, '0.00000000', '0.00000000'),
(766, 1, '0.00000000', '0.00000000'),
(767, 1, '0.00000000', '0.00000000'),
(768, 1, '0.00000000', '0.00000000'),
(769, 1, '0.00000000', '0.00000000'),
(770, 1, '0.00000000', '0.00000000'),
(771, 1, '0.00000000', '0.00000000'),
(772, 1, '0.00000000', '0.00000000'),
(773, 1, '0.00000000', '0.00000000'),
(774, 1, '0.00000000', '0.00000000'),
(775, 1, '0.00000000', '0.00000000'),
(776, 1, '0.00000000', '0.00000000'),
(777, 1, '0.00000000', '0.00000000'),
(778, 1, '0.00000000', '0.00000000'),
(779, 1, '0.00000000', '0.00000000'),
(780, 1, '0.00000000', '0.00000000'),
(781, 1, '0.00000000', '0.00000000'),
(782, 1, '0.00000000', '0.00000000'),
(783, 1, '0.00000000', '0.00000000'),
(784, 1, '0.00000000', '0.00000000'),
(785, 1, '0.00000000', '0.00000000'),
(786, 1, '0.00000000', '0.00000000'),
(787, 1, '0.00000000', '0.00000000'),
(788, 1, '0.00000000', '0.00000000'),
(789, 1, '0.00000000', '0.00000000'),
(790, 1, '0.00000000', '0.00000000'),
(791, 1, '0.00000000', '0.00000000'),
(792, 1, '0.00000000', '0.00000000'),
(793, 1, '0.00000000', '0.00000000'),
(794, 1, '0.00000000', '0.00000000'),
(795, 1, '0.00000000', '0.00000000'),
(796, 1, '0.00000000', '0.00000000'),
(797, 1, '0.00000000', '0.00000000'),
(798, 1, '0.00000000', '0.00000000'),
(799, 1, '0.00000000', '0.00000000'),
(800, 1, '0.00000000', '0.00000000'),
(801, 1, '0.00000000', '0.00000000'),
(802, 1, '0.00000000', '0.00000000'),
(803, 1, '0.00000000', '0.00000000'),
(804, 1, '0.00000000', '0.00000000'),
(805, 1, '0.00000000', '0.00000000'),
(806, 1, '0.00000000', '0.00000000'),
(807, 1, '0.00000000', '0.00000000'),
(808, 1, '0.00000000', '0.00000000'),
(809, 1, '0.00000000', '0.00000000'),
(810, 1, '0.00000000', '0.00000000'),
(811, 1, '0.00000000', '0.00000000'),
(812, 1, '0.00000000', '0.00000000'),
(813, 1, '0.00000000', '0.00000000'),
(814, 1, '0.00000000', '0.00000000'),
(815, 1, '0.00000000', '0.00000000'),
(816, 1, '0.00000000', '0.00000000'),
(817, 1, '0.00000000', '0.00000000'),
(818, 1, '0.00000000', '0.00000000'),
(819, 1, '0.00000000', '0.00000000'),
(820, 1, '0.00000000', '0.00000000'),
(821, 1, '0.00000000', '0.00000000'),
(822, 1, '0.00000000', '0.00000000'),
(823, 1, '0.00000000', '0.00000000'),
(824, 1, '0.00000000', '0.00000000'),
(825, 1, '0.00000000', '0.00000000'),
(826, 1, '0.00000000', '0.00000000'),
(827, 1, '0.00000000', '0.00000000'),
(828, 1, '0.00000000', '0.00000000'),
(829, 1, '0.00000000', '0.00000000'),
(830, 1, '0.00000000', '0.00000000'),
(831, 1, '0.00000000', '0.00000000'),
(832, 1, '0.00000000', '0.00000000'),
(833, 1, '0.00000000', '0.00000000'),
(834, 1, '0.00000000', '0.00000000'),
(835, 1, '0.00000000', '0.00000000'),
(836, 1, '0.00000000', '0.00000000'),
(837, 1, '0.00000000', '0.00000000'),
(838, 1, '0.00000000', '0.00000000'),
(839, 1, '0.00000000', '0.00000000'),
(840, 1, '0.00000000', '0.00000000'),
(841, 1, '0.00000000', '0.00000000'),
(842, 1, '0.00000000', '0.00000000'),
(843, 1, '0.00000000', '0.00000000'),
(844, 1, '0.00000000', '0.00000000'),
(845, 1, '0.00000000', '0.00000000'),
(846, 1, '0.00000000', '0.00000000'),
(847, 1, '0.00000000', '0.00000000'),
(848, 1, '0.00000000', '0.00000000'),
(849, 1, '0.00000000', '0.00000000'),
(850, 1, '0.00000000', '0.00000000'),
(851, 1, '0.00000000', '0.00000000'),
(852, 1, '0.00000000', '0.00000000'),
(853, 1, '0.00000000', '0.00000000'),
(854, 1, '0.00000000', '0.00000000'),
(855, 1, '0.00000000', '0.00000000'),
(856, 1, '0.00000000', '0.00000000'),
(857, 1, '0.00000000', '0.00000000'),
(858, 1, '0.00000000', '0.00000000'),
(859, 1, '0.00000000', '0.00000000'),
(860, 1, '0.00000000', '0.00000000'),
(861, 1, '0.00000000', '0.00000000'),
(862, 1, '0.00000000', '0.00000000'),
(863, 1, '0.00000000', '0.00000000'),
(864, 1, '0.00000000', '0.00000000'),
(865, 1, '0.00000000', '0.00000000'),
(866, 1, '0.00000000', '0.00000000'),
(867, 1, '0.00000000', '0.00000000'),
(868, 1, '0.00000000', '0.00000000'),
(869, 1, '0.00000000', '0.00000000'),
(870, 1, '0.00000000', '0.00000000'),
(871, 1, '0.00000000', '0.00000000'),
(872, 1, '0.00000000', '0.00000000'),
(873, 1, '0.00000000', '0.00000000'),
(874, 1, '0.00000000', '0.00000000'),
(875, 1, '0.00000000', '0.00000000'),
(876, 1, '0.00000000', '0.00000000'),
(877, 1, '0.00000000', '0.00000000'),
(878, 1, '0.00000000', '0.00000000'),
(879, 1, '0.00000000', '0.00000000'),
(880, 1, '0.00000000', '0.00000000'),
(881, 1, '0.00000000', '0.00000000'),
(882, 1, '0.00000000', '0.00000000'),
(883, 1, '0.00000000', '0.00000000'),
(884, 1, '0.00000000', '0.00000000'),
(885, 1, '0.00000000', '0.00000000'),
(886, 1, '0.00000000', '0.00000000'),
(887, 1, '0.00000000', '0.00000000'),
(888, 1, '0.00000000', '0.00000000'),
(889, 1, '0.00000000', '0.00000000'),
(890, 1, '0.00000000', '0.00000000'),
(891, 1, '0.00000000', '0.00000000'),
(892, 1, '0.00000000', '0.00000000'),
(893, 1, '0.00000000', '0.00000000'),
(894, 1, '0.00000000', '0.00000000'),
(895, 1, '0.00000000', '0.00000000'),
(896, 1, '0.00000000', '0.00000000'),
(897, 1, '0.00000000', '0.00000000'),
(898, 1, '0.00000000', '0.00000000'),
(899, 1, '0.00000000', '0.00000000'),
(900, 1, '0.00000000', '0.00000000'),
(901, 1, '0.00000000', '0.00000000'),
(902, 1, '0.00000000', '0.00000000'),
(903, 1, '0.00000000', '0.00000000'),
(904, 1, '0.00000000', '0.00000000'),
(905, 1, '0.00000000', '0.00000000'),
(906, 1, '0.00000000', '0.00000000'),
(907, 1, '0.00000000', '0.00000000'),
(908, 1, '0.00000000', '0.00000000'),
(909, 1, '0.00000000', '0.00000000'),
(910, 1, '0.00000000', '0.00000000'),
(911, 1, '0.00000000', '0.00000000'),
(912, 1, '0.00000000', '0.00000000'),
(913, 1, '0.00000000', '0.00000000'),
(914, 1, '0.00000000', '0.00000000'),
(915, 1, '0.00000000', '0.00000000'),
(916, 1, '0.00000000', '0.00000000'),
(917, 1, '0.00000000', '0.00000000'),
(918, 1, '0.00000000', '0.00000000'),
(919, 1, '0.00000000', '0.00000000'),
(920, 1, '0.00000000', '0.00000000'),
(921, 1, '0.00000000', '0.00000000'),
(922, 1, '0.00000000', '0.00000000'),
(923, 1, '0.00000000', '0.00000000'),
(924, 1, '0.00000000', '0.00000000'),
(925, 1, '0.00000000', '0.00000000'),
(926, 1, '0.00000000', '0.00000000'),
(927, 1, '0.00000000', '0.00000000'),
(928, 1, '0.00000000', '0.00000000'),
(929, 1, '0.00000000', '0.00000000'),
(930, 1, '0.00000000', '0.00000000'),
(931, 1, '0.00000000', '0.00000000'),
(932, 1, '0.00000000', '0.00000000'),
(933, 1, '0.00000000', '0.00000000'),
(934, 1, '0.00000000', '0.00000000'),
(935, 1, '0.00000000', '0.00000000'),
(936, 1, '0.00000000', '0.00000000'),
(937, 1, '0.00000000', '0.00000000'),
(938, 1, '0.00000000', '0.00000000'),
(939, 1, '0.00000000', '0.00000000'),
(940, 1, '0.00000000', '0.00000000'),
(941, 1, '0.00000000', '0.00000000'),
(942, 1, '0.00000000', '0.00000000'),
(943, 1, '0.00000000', '0.00000000'),
(944, 1, '0.00000000', '0.00000000'),
(945, 1, '0.00000000', '0.00000000'),
(946, 1, '0.00000000', '0.00000000'),
(947, 1, '0.00000000', '0.00000000'),
(948, 1, '0.00000000', '0.00000000'),
(949, 1, '0.00000000', '0.00000000'),
(950, 1, '0.00000000', '0.00000000'),
(951, 1, '0.00000000', '0.00000000'),
(952, 1, '0.00000000', '0.00000000'),
(953, 1, '0.00000000', '0.00000000'),
(954, 1, '0.00000000', '0.00000000'),
(955, 1, '0.00000000', '0.00000000'),
(956, 1, '0.00000000', '0.00000000'),
(957, 1, '0.00000000', '0.00000000'),
(958, 1, '0.00000000', '0.00000000'),
(959, 1, '0.00000000', '0.00000000'),
(960, 1, '0.00000000', '0.00000000'),
(961, 1, '0.00000000', '0.00000000'),
(962, 1, '0.00000000', '0.00000000'),
(963, 1, '0.00000000', '0.00000000'),
(964, 1, '0.00000000', '0.00000000'),
(965, 1, '0.00000000', '0.00000000'),
(966, 1, '0.00000000', '0.00000000'),
(967, 1, '0.00000000', '0.00000000'),
(968, 1, '0.00000000', '0.00000000'),
(969, 1, '0.00000000', '0.00000000'),
(970, 1, '0.00000000', '0.00000000'),
(971, 1, '0.00000000', '0.00000000'),
(972, 1, '0.00000000', '0.00000000'),
(973, 1, '0.00000000', '0.00000000'),
(974, 1, '0.00000000', '0.00000000'),
(975, 1, '0.00000000', '0.00000000'),
(976, 1, '0.00000000', '0.00000000'),
(977, 1, '0.00000000', '0.00000000'),
(978, 1, '0.00000000', '0.00000000'),
(979, 1, '0.00000000', '0.00000000'),
(980, 1, '0.00000000', '0.00000000'),
(981, 1, '0.00000000', '0.00000000'),
(982, 1, '0.00000000', '0.00000000'),
(983, 1, '0.00000000', '0.00000000'),
(984, 1, '0.00000000', '0.00000000'),
(985, 1, '0.00000000', '0.00000000'),
(986, 1, '0.00000000', '0.00000000'),
(987, 1, '0.00000000', '0.00000000'),
(988, 1, '0.00000000', '0.00000000'),
(989, 1, '0.00000000', '0.00000000'),
(990, 1, '0.00000000', '0.00000000'),
(991, 1, '0.00000000', '0.00000000'),
(992, 1, '0.00000000', '0.00000000'),
(993, 1, '0.00000000', '0.00000000'),
(994, 1, '0.00000000', '0.00000000'),
(995, 1, '0.00000000', '0.00000000'),
(996, 1, '0.00000000', '0.00000000'),
(997, 1, '0.00000000', '0.00000000'),
(998, 1, '0.00000000', '0.00000000'),
(999, 1, '0.00000000', '0.00000000'),
(1000, 1, '0.00000000', '0.00000000'),
(1001, 1, '0.00000000', '0.00000000'),
(1002, 1, '0.00000000', '0.00000000'),
(1003, 1, '0.00000000', '0.00000000'),
(1004, 1, '0.00000000', '0.00000000'),
(1005, 1, '0.00000000', '0.00000000'),
(1006, 1, '0.00000000', '0.00000000'),
(1007, 1, '0.00000000', '0.00000000'),
(1008, 1, '0.00000000', '0.00000000'),
(1009, 1, '0.00000000', '0.00000000'),
(1010, 1, '0.00000000', '0.00000000'),
(1011, 1, '0.00000000', '0.00000000'),
(1012, 1, '0.00000000', '0.00000000'),
(1013, 1, '0.00000000', '0.00000000'),
(1014, 1, '0.00000000', '0.00000000'),
(1015, 1, '0.00000000', '0.00000000'),
(1016, 1, '0.00000000', '0.00000000'),
(1017, 1, '0.00000000', '0.00000000'),
(1018, 1, '0.00000000', '0.00000000'),
(1019, 1, '0.00000000', '0.00000000'),
(1020, 1, '0.00000000', '0.00000000'),
(1021, 1, '0.00000000', '0.00000000'),
(1022, 1, '0.00000000', '0.00000000'),
(1023, 1, '0.00000000', '0.00000000'),
(1024, 1, '0.00000000', '0.00000000'),
(1025, 1, '0.00000000', '0.00000000'),
(1026, 1, '0.00000000', '0.00000000'),
(1027, 1, '0.00000000', '0.00000000'),
(1028, 1, '0.00000000', '0.00000000'),
(1029, 1, '0.00000000', '0.00000000'),
(1030, 1, '0.00000000', '0.00000000'),
(1031, 1, '0.00000000', '0.00000000'),
(1032, 1, '0.00000000', '0.00000000'),
(1033, 1, '0.00000000', '0.00000000'),
(1034, 1, '0.00000000', '0.00000000'),
(1035, 1, '0.00000000', '0.00000000'),
(1036, 1, '0.00000000', '0.00000000'),
(1037, 1, '0.00000000', '0.00000000'),
(1038, 1, '0.00000000', '0.00000000'),
(1039, 1, '0.00000000', '0.00000000'),
(1040, 1, '0.00000000', '0.00000000'),
(1041, 1, '0.00000000', '0.00000000'),
(1042, 1, '0.00000000', '0.00000000'),
(1043, 1, '0.00000000', '0.00000000'),
(1044, 1, '0.00000000', '0.00000000'),
(1045, 1, '0.00000000', '0.00000000'),
(1046, 1, '0.00000000', '0.00000000'),
(1047, 1, '0.00000000', '0.00000000'),
(1048, 1, '0.00000000', '0.00000000'),
(1049, 1, '0.00000000', '0.00000000'),
(1050, 1, '0.00000000', '0.00000000'),
(1051, 1, '0.00000000', '0.00000000'),
(1052, 1, '0.00000000', '0.00000000'),
(1053, 1, '0.00000000', '0.00000000'),
(1054, 1, '0.00000000', '0.00000000'),
(1055, 1, '0.00000000', '0.00000000'),
(1056, 1, '0.00000000', '0.00000000'),
(1057, 1, '0.00000000', '0.00000000'),
(1058, 1, '0.00000000', '0.00000000'),
(1059, 1, '0.00000000', '0.00000000'),
(1060, 1, '0.00000000', '0.00000000'),
(1061, 1, '0.00000000', '0.00000000'),
(1062, 1, '0.00000000', '0.00000000'),
(1063, 1, '0.00000000', '0.00000000'),
(1064, 1, '0.00000000', '0.00000000'),
(1065, 1, '0.00000000', '0.00000000'),
(1066, 1, '0.00000000', '0.00000000'),
(1067, 1, '0.00000000', '0.00000000'),
(1068, 1, '0.00000000', '0.00000000'),
(1069, 1, '0.00000000', '0.00000000'),
(1070, 1, '0.00000000', '0.00000000'),
(1071, 1, '0.00000000', '0.00000000'),
(1072, 1, '0.00000000', '0.00000000'),
(1073, 1, '0.00000000', '0.00000000'),
(1074, 1, '0.00000000', '0.00000000'),
(1075, 1, '0.00000000', '0.00000000'),
(1076, 1, '0.00000000', '0.00000000'),
(1077, 1, '0.00000000', '0.00000000'),
(1078, 1, '0.00000000', '0.00000000'),
(1079, 1, '0.00000000', '0.00000000'),
(1080, 1, '0.00000000', '0.00000000'),
(1081, 1, '0.00000000', '0.00000000'),
(1082, 1, '0.00000000', '0.00000000'),
(1083, 1, '0.00000000', '0.00000000'),
(1084, 1, '0.00000000', '0.00000000'),
(1085, 1, '0.00000000', '0.00000000'),
(1086, 1, '0.00000000', '0.00000000'),
(1087, 1, '0.00000000', '0.00000000'),
(1088, 1, '0.00000000', '0.00000000'),
(1089, 1, '0.00000000', '0.00000000'),
(1090, 1, '0.00000000', '0.00000000'),
(1091, 1, '0.00000000', '0.00000000'),
(1092, 1, '0.00000000', '0.00000000'),
(1093, 1, '0.00000000', '0.00000000'),
(1094, 1, '0.00000000', '0.00000000'),
(1095, 1, '0.00000000', '0.00000000'),
(1096, 1, '0.00000000', '0.00000000'),
(1097, 1, '0.00000000', '0.00000000'),
(1098, 1, '0.00000000', '0.00000000'),
(1099, 1, '0.00000000', '0.00000000'),
(1100, 1, '0.00000000', '0.00000000'),
(1101, 1, '0.00000000', '0.00000000'),
(1102, 1, '0.00000000', '0.00000000'),
(1103, 1, '0.00000000', '0.00000000'),
(1104, 1, '0.00000000', '0.00000000'),
(1105, 1, '0.00000000', '0.00000000'),
(1106, 1, '0.00000000', '0.00000000'),
(1107, 1, '0.00000000', '0.00000000'),
(1108, 1, '0.00000000', '0.00000000'),
(1109, 1, '0.00000000', '0.00000000'),
(1110, 1, '0.00000000', '0.00000000'),
(1111, 1, '0.00000000', '0.00000000'),
(1112, 1, '0.00000000', '0.00000000'),
(1113, 1, '0.00000000', '0.00000000'),
(1114, 1, '0.00000000', '0.00000000'),
(1115, 1, '0.00000000', '0.00000000'),
(1116, 1, '0.00000000', '0.00000000'),
(1117, 1, '0.00000000', '0.00000000'),
(1118, 1, '0.00000000', '0.00000000'),
(1119, 1, '0.00000000', '0.00000000'),
(1120, 1, '0.00000000', '0.00000000'),
(1121, 1, '0.00000000', '0.00000000'),
(1122, 1, '0.00000000', '0.00000000'),
(1123, 1, '0.00000000', '0.00000000'),
(1124, 1, '0.00000000', '0.00000000'),
(1125, 1, '0.00000000', '0.00000000'),
(1126, 1, '0.00000000', '0.00000000'),
(1127, 1, '0.00000000', '0.00000000'),
(1128, 1, '0.00000000', '0.00000000'),
(1129, 1, '0.00000000', '0.00000000'),
(1130, 1, '0.00000000', '0.00000000'),
(1131, 1, '0.00000000', '0.00000000'),
(1132, 1, '0.00000000', '0.00000000'),
(1133, 1, '0.00000000', '0.00000000'),
(1134, 1, '0.00000000', '0.00000000'),
(1135, 1, '0.00000000', '0.00000000'),
(1136, 1, '0.00000000', '0.00000000'),
(1137, 1, '0.00000000', '0.00000000'),
(1138, 1, '0.00000000', '0.00000000'),
(1139, 1, '0.00000000', '0.00000000'),
(1140, 1, '0.00000000', '0.00000000'),
(1141, 1, '0.00000000', '0.00000000'),
(1142, 1, '0.00000000', '0.00000000'),
(1143, 1, '0.00000000', '0.00000000'),
(1144, 1, '0.00000000', '0.00000000'),
(1145, 1, '0.00000000', '0.00000000'),
(1146, 1, '0.00000000', '0.00000000'),
(1147, 1, '0.00000000', '0.00000000'),
(1148, 1, '0.00000000', '0.00000000'),
(1149, 1, '0.00000000', '0.00000000'),
(1150, 1, '0.00000000', '0.00000000'),
(1151, 1, '0.00000000', '0.00000000'),
(1152, 1, '0.00000000', '0.00000000'),
(1153, 1, '0.00000000', '0.00000000'),
(1154, 1, '0.00000000', '0.00000000'),
(1155, 1, '0.00000000', '0.00000000'),
(1156, 1, '0.00000000', '0.00000000'),
(1157, 1, '0.00000000', '0.00000000'),
(1158, 1, '0.00000000', '0.00000000'),
(1159, 1, '0.00000000', '0.00000000'),
(1160, 1, '0.00000000', '0.00000000'),
(1161, 1, '0.00000000', '0.00000000'),
(1162, 1, '0.00000000', '0.00000000'),
(1163, 1, '0.00000000', '0.00000000'),
(1164, 1, '0.00000000', '0.00000000'),
(1165, 1, '0.00000000', '0.00000000'),
(1166, 1, '0.00000000', '0.00000000'),
(1167, 1, '0.00000000', '0.00000000'),
(1168, 1, '0.00000000', '0.00000000'),
(1169, 1, '0.00000000', '0.00000000'),
(1170, 1, '0.00000000', '0.00000000'),
(1171, 1, '0.00000000', '0.00000000'),
(1172, 1, '0.00000000', '0.00000000'),
(1173, 1, '0.00000000', '0.00000000'),
(1174, 1, '0.00000000', '0.00000000'),
(1175, 1, '0.00000000', '0.00000000'),
(1176, 1, '0.00000000', '0.00000000'),
(1177, 1, '0.00000000', '0.00000000'),
(1178, 1, '0.00000000', '0.00000000'),
(1179, 1, '0.00000000', '0.00000000'),
(1180, 1, '0.00000000', '0.00000000'),
(1181, 1, '0.00000000', '0.00000000'),
(1182, 1, '0.00000000', '0.00000000'),
(1183, 1, '0.00000000', '0.00000000'),
(1184, 1, '0.00000000', '0.00000000'),
(1185, 1, '0.00000000', '0.00000000'),
(1186, 1, '0.00000000', '0.00000000'),
(1187, 1, '0.00000000', '0.00000000'),
(1188, 1, '0.00000000', '0.00000000'),
(1189, 1, '0.00000000', '0.00000000'),
(1190, 1, '0.00000000', '0.00000000'),
(1191, 1, '0.00000000', '0.00000000'),
(1192, 1, '0.00000000', '0.00000000'),
(1193, 1, '0.00000000', '0.00000000'),
(1194, 1, '0.00000000', '0.00000000'),
(1195, 1, '0.00000000', '0.00000000'),
(1196, 1, '0.00000000', '0.00000000'),
(1197, 1, '0.00000000', '0.00000000'),
(1198, 1, '0.00000000', '0.00000000'),
(1199, 1, '0.00000000', '0.00000000'),
(1200, 1, '0.00000000', '0.00000000'),
(1201, 1, '0.00000000', '0.00000000'),
(1202, 1, '0.00000000', '0.00000000'),
(1203, 1, '0.00000000', '0.00000000'),
(1204, 1, '0.00000000', '0.00000000'),
(1205, 1, '0.00000000', '0.00000000'),
(1206, 1, '0.00000000', '0.00000000'),
(1207, 1, '0.00000000', '0.00000000'),
(1208, 1, '0.00000000', '0.00000000'),
(1209, 1, '0.00000000', '0.00000000'),
(1210, 1, '0.00000000', '0.00000000'),
(1211, 1, '0.00000000', '0.00000000'),
(1212, 1, '0.00000000', '0.00000000'),
(1213, 1, '0.00000000', '0.00000000'),
(1214, 1, '0.00000000', '0.00000000'),
(1215, 1, '0.00000000', '0.00000000'),
(1216, 1, '0.00000000', '0.00000000'),
(1217, 1, '0.00000000', '0.00000000'),
(1218, 1, '0.00000000', '0.00000000'),
(1219, 1, '0.00000000', '0.00000000'),
(1220, 1, '0.00000000', '0.00000000'),
(1221, 1, '0.00000000', '0.00000000'),
(1222, 1, '0.00000000', '0.00000000'),
(1223, 1, '0.00000000', '0.00000000'),
(1224, 1, '0.00000000', '0.00000000'),
(1225, 1, '0.00000000', '0.00000000'),
(1226, 1, '0.00000000', '0.00000000'),
(1227, 1, '0.00000000', '0.00000000'),
(1228, 1, '0.00000000', '0.00000000'),
(1229, 1, '0.00000000', '0.00000000'),
(1230, 1, '0.00000000', '0.00000000'),
(1231, 1, '0.00000000', '0.00000000'),
(1232, 1, '0.00000000', '0.00000000'),
(1233, 1, '0.00000000', '0.00000000'),
(1234, 1, '0.00000000', '0.00000000'),
(1235, 1, '0.00000000', '0.00000000'),
(1236, 1, '0.00000000', '0.00000000'),
(1237, 1, '0.00000000', '0.00000000'),
(1238, 1, '0.00000000', '0.00000000'),
(1239, 1, '0.00000000', '0.00000000'),
(1240, 1, '0.00000000', '0.00000000'),
(1241, 1, '0.00000000', '0.00000000'),
(1242, 1, '0.00000000', '0.00000000'),
(1243, 1, '0.00000000', '0.00000000'),
(1244, 1, '0.00000000', '0.00000000'),
(1245, 1, '0.00000000', '0.00000000'),
(1246, 1, '0.00000000', '0.00000000'),
(1247, 1, '0.00000000', '0.00000000'),
(1248, 1, '0.00000000', '0.00000000'),
(1249, 1, '0.00000000', '0.00000000'),
(1250, 1, '0.00000000', '0.00000000'),
(1251, 1, '0.00000000', '0.00000000'),
(1252, 1, '0.00000000', '0.00000000'),
(1253, 1, '0.00000000', '0.00000000'),
(1254, 1, '0.00000000', '0.00000000'),
(1255, 1, '0.00000000', '0.00000000'),
(1256, 1, '0.00000000', '0.00000000'),
(1257, 1, '0.00000000', '0.00000000'),
(1258, 1, '0.00000000', '0.00000000'),
(1259, 1, '0.00000000', '0.00000000'),
(1260, 1, '0.00000000', '0.00000000'),
(1261, 1, '0.00000000', '0.00000000'),
(1262, 1, '0.00000000', '0.00000000'),
(1263, 1, '0.00000000', '0.00000000'),
(1264, 1, '0.00000000', '0.00000000'),
(1265, 1, '0.00000000', '0.00000000'),
(1266, 1, '0.00000000', '0.00000000'),
(1267, 1, '0.00000000', '0.00000000'),
(1268, 1, '0.00000000', '0.00000000'),
(1269, 1, '0.00000000', '0.00000000'),
(1270, 1, '0.00000000', '0.00000000'),
(1271, 1, '0.00000000', '0.00000000'),
(1272, 1, '0.00000000', '0.00000000'),
(1273, 1, '0.00000000', '0.00000000'),
(1274, 1, '0.00000000', '0.00000000'),
(1275, 1, '0.00000000', '0.00000000'),
(1276, 1, '0.00000000', '0.00000000'),
(1277, 1, '0.00000000', '0.00000000'),
(1278, 1, '0.00000000', '0.00000000'),
(1279, 1, '0.00000000', '0.00000000'),
(1280, 1, '0.00000000', '0.00000000'),
(1281, 1, '0.00000000', '0.00000000'),
(1282, 1, '0.00000000', '0.00000000'),
(1283, 1, '0.00000000', '0.00000000'),
(1284, 1, '0.00000000', '0.00000000'),
(1285, 1, '0.00000000', '0.00000000'),
(1286, 1, '0.00000000', '0.00000000'),
(1287, 1, '0.00000000', '0.00000000'),
(1288, 1, '0.00000000', '0.00000000'),
(1289, 1, '0.00000000', '0.00000000'),
(1290, 1, '0.00000000', '0.00000000'),
(1291, 1, '0.00000000', '0.00000000'),
(1292, 1, '0.00000000', '0.00000000'),
(1293, 1, '0.00000000', '0.00000000'),
(1294, 1, '0.00000000', '0.00000000'),
(1295, 1, '0.00000000', '0.00000000'),
(1296, 1, '0.00000000', '0.00000000'),
(1297, 1, '0.00000000', '0.00000000'),
(1298, 1, '0.00000000', '0.00000000'),
(1299, 1, '0.00000000', '0.00000000'),
(1300, 1, '0.00000000', '0.00000000'),
(1301, 1, '0.00000000', '0.00000000'),
(1302, 1, '0.00000000', '0.00000000'),
(1303, 1, '0.00000000', '0.00000000'),
(1304, 1, '0.00000000', '0.00000000'),
(1305, 1, '0.00000000', '0.00000000'),
(1306, 1, '0.00000000', '0.00000000'),
(1307, 1, '0.00000000', '0.00000000'),
(1308, 1, '0.00000000', '0.00000000'),
(1309, 1, '0.00000000', '0.00000000'),
(1310, 1, '0.00000000', '0.00000000'),
(1311, 1, '0.00000000', '0.00000000'),
(1312, 1, '0.00000000', '0.00000000'),
(1313, 1, '0.00000000', '0.00000000'),
(1314, 1, '0.00000000', '0.00000000'),
(1315, 1, '0.00000000', '0.00000000'),
(1316, 1, '0.00000000', '0.00000000'),
(1317, 1, '0.00000000', '0.00000000'),
(1318, 1, '0.00000000', '0.00000000'),
(1319, 1, '0.00000000', '0.00000000'),
(1320, 1, '0.00000000', '0.00000000'),
(1321, 1, '0.00000000', '0.00000000'),
(1322, 1, '0.00000000', '0.00000000'),
(1323, 1, '0.00000000', '0.00000000'),
(1324, 1, '0.00000000', '0.00000000'),
(1325, 1, '0.00000000', '0.00000000'),
(1326, 1, '0.00000000', '0.00000000'),
(1327, 1, '0.00000000', '0.00000000'),
(1328, 1, '0.00000000', '0.00000000'),
(1329, 1, '0.00000000', '0.00000000'),
(1330, 1, '0.00000000', '0.00000000'),
(1331, 1, '0.00000000', '0.00000000'),
(1332, 1, '0.00000000', '0.00000000'),
(1333, 1, '0.00000000', '0.00000000'),
(1334, 1, '0.00000000', '0.00000000'),
(1335, 1, '0.00000000', '0.00000000'),
(1336, 1, '0.00000000', '0.00000000'),
(1337, 1, '0.00000000', '0.00000000'),
(1338, 1, '0.00000000', '0.00000000'),
(1339, 1, '0.00000000', '0.00000000'),
(1340, 1, '0.00000000', '0.00000000'),
(1341, 1, '0.00000000', '0.00000000'),
(1342, 1, '0.00000000', '0.00000000'),
(1343, 1, '0.00000000', '0.00000000'),
(1344, 1, '0.00000000', '0.00000000'),
(1345, 1, '0.00000000', '0.00000000'),
(1346, 1, '0.00000000', '0.00000000'),
(1347, 1, '0.00000000', '0.00000000'),
(1348, 1, '0.00000000', '0.00000000'),
(1349, 1, '0.00000000', '0.00000000'),
(1350, 1, '0.00000000', '0.00000000'),
(1351, 1, '0.00000000', '0.00000000'),
(1352, 1, '0.00000000', '0.00000000'),
(1353, 1, '0.00000000', '0.00000000'),
(1354, 1, '0.00000000', '0.00000000'),
(1355, 1, '0.00000000', '0.00000000'),
(1356, 1, '0.00000000', '0.00000000'),
(1357, 1, '0.00000000', '0.00000000'),
(1358, 1, '0.00000000', '0.00000000'),
(1359, 1, '0.00000000', '0.00000000'),
(1360, 1, '0.00000000', '0.00000000'),
(1361, 1, '0.00000000', '0.00000000'),
(1362, 1, '0.00000000', '0.00000000'),
(1363, 1, '0.00000000', '0.00000000'),
(1364, 1, '0.00000000', '0.00000000'),
(1365, 1, '0.00000000', '0.00000000'),
(1366, 1, '0.00000000', '0.00000000'),
(1367, 1, '0.00000000', '0.00000000'),
(1368, 1, '0.00000000', '0.00000000'),
(1369, 1, '0.00000000', '0.00000000'),
(1370, 1, '0.00000000', '0.00000000'),
(1371, 1, '0.00000000', '0.00000000'),
(1372, 1, '0.00000000', '0.00000000'),
(1373, 1, '0.00000000', '0.00000000'),
(1374, 1, '0.00000000', '0.00000000'),
(1375, 1, '0.00000000', '0.00000000'),
(1376, 1, '0.00000000', '0.00000000'),
(1377, 1, '0.00000000', '0.00000000'),
(1378, 1, '0.00000000', '0.00000000'),
(1379, 1, '0.00000000', '0.00000000'),
(1380, 1, '0.00000000', '0.00000000'),
(1381, 1, '0.00000000', '0.00000000'),
(1382, 1, '0.00000000', '0.00000000'),
(1383, 1, '0.00000000', '0.00000000'),
(1384, 1, '0.00000000', '0.00000000'),
(1385, 1, '0.00000000', '0.00000000'),
(1386, 1, '0.00000000', '0.00000000'),
(1387, 1, '0.00000000', '0.00000000'),
(1388, 1, '0.00000000', '0.00000000'),
(1389, 1, '0.00000000', '0.00000000'),
(1390, 1, '0.00000000', '0.00000000'),
(1391, 1, '0.00000000', '0.00000000'),
(1392, 1, '0.00000000', '0.00000000'),
(1393, 1, '0.00000000', '0.00000000'),
(1394, 1, '0.00000000', '0.00000000'),
(1395, 1, '0.00000000', '0.00000000'),
(1396, 1, '0.00000000', '0.00000000'),
(1397, 1, '0.00000000', '0.00000000'),
(1398, 1, '0.00000000', '0.00000000'),
(1399, 1, '0.00000000', '0.00000000'),
(1400, 1, '0.00000000', '0.00000000'),
(1401, 1, '0.00000000', '0.00000000'),
(1402, 1, '0.00000000', '0.00000000');
INSERT INTO `vtiger_productcurrencyrel` (`productid`, `currencyid`, `converted_price`, `actual_price`) VALUES
(1403, 1, '0.00000000', '0.00000000'),
(1404, 1, '0.00000000', '0.00000000'),
(1405, 1, '0.00000000', '0.00000000'),
(1406, 1, '0.00000000', '0.00000000'),
(1407, 1, '0.00000000', '0.00000000'),
(1408, 1, '0.00000000', '0.00000000'),
(1409, 1, '0.00000000', '0.00000000'),
(1410, 1, '0.00000000', '0.00000000'),
(1411, 1, '0.00000000', '0.00000000'),
(1412, 1, '0.00000000', '0.00000000'),
(1413, 1, '0.00000000', '0.00000000'),
(1414, 1, '0.00000000', '0.00000000'),
(1415, 1, '0.00000000', '0.00000000'),
(1416, 1, '0.00000000', '0.00000000'),
(1417, 1, '0.00000000', '0.00000000'),
(1418, 1, '0.00000000', '0.00000000'),
(1419, 1, '0.00000000', '0.00000000'),
(1420, 1, '0.00000000', '0.00000000'),
(1421, 1, '0.00000000', '0.00000000'),
(1422, 1, '0.00000000', '0.00000000'),
(1423, 1, '0.00000000', '0.00000000'),
(1424, 1, '0.00000000', '0.00000000'),
(1425, 1, '0.00000000', '0.00000000'),
(1426, 1, '0.00000000', '0.00000000'),
(1427, 1, '0.00000000', '0.00000000'),
(1428, 1, '0.00000000', '0.00000000'),
(1429, 1, '0.00000000', '0.00000000'),
(1430, 1, '0.00000000', '0.00000000'),
(1431, 1, '0.00000000', '0.00000000'),
(1432, 1, '0.00000000', '0.00000000'),
(1433, 1, '0.00000000', '0.00000000'),
(1434, 1, '0.00000000', '0.00000000'),
(1435, 1, '0.00000000', '0.00000000'),
(1436, 1, '0.00000000', '0.00000000'),
(1437, 1, '0.00000000', '0.00000000'),
(1438, 1, '0.00000000', '0.00000000'),
(1439, 1, '0.00000000', '0.00000000'),
(1440, 1, '0.00000000', '0.00000000'),
(1441, 1, '0.00000000', '0.00000000'),
(1442, 1, '0.00000000', '0.00000000'),
(1443, 1, '0.00000000', '0.00000000'),
(1444, 1, '0.00000000', '0.00000000'),
(1445, 1, '0.00000000', '0.00000000'),
(1446, 1, '0.00000000', '0.00000000'),
(1447, 1, '0.00000000', '0.00000000'),
(1448, 1, '0.00000000', '0.00000000'),
(1449, 1, '0.00000000', '0.00000000'),
(1450, 1, '0.00000000', '0.00000000'),
(1451, 1, '0.00000000', '0.00000000'),
(1452, 1, '0.00000000', '0.00000000'),
(1453, 1, '0.00000000', '0.00000000'),
(1454, 1, '0.00000000', '0.00000000'),
(1455, 1, '0.00000000', '0.00000000'),
(1456, 1, '0.00000000', '0.00000000'),
(1457, 1, '0.00000000', '0.00000000'),
(1458, 1, '0.00000000', '0.00000000'),
(1459, 1, '0.00000000', '0.00000000'),
(1460, 1, '0.00000000', '0.00000000'),
(1461, 1, '0.00000000', '0.00000000'),
(1462, 1, '0.00000000', '0.00000000'),
(1463, 1, '0.00000000', '0.00000000'),
(1464, 1, '0.00000000', '0.00000000'),
(1465, 1, '0.00000000', '0.00000000'),
(1466, 1, '0.00000000', '0.00000000'),
(1467, 1, '0.00000000', '0.00000000'),
(1468, 1, '0.00000000', '0.00000000'),
(1469, 1, '0.00000000', '0.00000000'),
(1470, 1, '0.00000000', '0.00000000'),
(1471, 1, '0.00000000', '0.00000000'),
(1472, 1, '0.00000000', '0.00000000'),
(1473, 1, '0.00000000', '0.00000000'),
(1474, 1, '0.00000000', '0.00000000'),
(1475, 1, '0.00000000', '0.00000000'),
(1476, 1, '0.00000000', '0.00000000'),
(1477, 1, '0.00000000', '0.00000000'),
(1478, 1, '0.00000000', '0.00000000'),
(1479, 1, '0.00000000', '0.00000000'),
(1480, 1, '0.00000000', '0.00000000'),
(1481, 1, '0.00000000', '0.00000000'),
(1482, 1, '0.00000000', '0.00000000'),
(1483, 1, '0.00000000', '0.00000000'),
(1484, 1, '0.00000000', '0.00000000'),
(1485, 1, '0.00000000', '0.00000000'),
(1486, 1, '0.00000000', '0.00000000'),
(1487, 1, '0.00000000', '0.00000000'),
(1488, 1, '0.00000000', '0.00000000'),
(1489, 1, '0.00000000', '0.00000000'),
(1490, 1, '0.00000000', '0.00000000'),
(1491, 1, '0.00000000', '0.00000000'),
(1492, 1, '0.00000000', '0.00000000'),
(1493, 1, '0.00000000', '0.00000000'),
(1494, 1, '0.00000000', '0.00000000'),
(1495, 1, '0.00000000', '0.00000000'),
(1496, 1, '0.00000000', '0.00000000'),
(1497, 1, '0.00000000', '0.00000000'),
(1498, 1, '0.00000000', '0.00000000'),
(1499, 1, '0.00000000', '0.00000000'),
(1500, 1, '0.00000000', '0.00000000'),
(1501, 1, '0.00000000', '0.00000000'),
(1502, 1, '0.00000000', '0.00000000'),
(1503, 1, '0.00000000', '0.00000000'),
(1504, 1, '0.00000000', '0.00000000'),
(1505, 1, '0.00000000', '0.00000000'),
(1506, 1, '0.00000000', '0.00000000'),
(1507, 1, '0.00000000', '0.00000000'),
(1508, 1, '0.00000000', '0.00000000'),
(1509, 1, '0.00000000', '0.00000000'),
(1510, 1, '0.00000000', '0.00000000'),
(1511, 1, '0.00000000', '0.00000000'),
(1512, 1, '0.00000000', '0.00000000'),
(1513, 1, '0.00000000', '0.00000000'),
(1514, 1, '0.00000000', '0.00000000'),
(1515, 1, '0.00000000', '0.00000000'),
(1516, 1, '0.00000000', '0.00000000'),
(1517, 1, '0.00000000', '0.00000000'),
(1518, 1, '0.00000000', '0.00000000'),
(1519, 1, '0.00000000', '0.00000000'),
(1520, 1, '0.00000000', '0.00000000'),
(1521, 1, '0.00000000', '0.00000000'),
(1522, 1, '0.00000000', '0.00000000'),
(1523, 1, '0.00000000', '0.00000000'),
(1524, 1, '0.00000000', '0.00000000'),
(1525, 1, '0.00000000', '0.00000000'),
(1526, 1, '0.00000000', '0.00000000'),
(1527, 1, '0.00000000', '0.00000000'),
(1528, 1, '0.00000000', '0.00000000'),
(1529, 1, '0.00000000', '0.00000000'),
(1530, 1, '0.00000000', '0.00000000'),
(1531, 1, '0.00000000', '0.00000000'),
(1532, 1, '0.00000000', '0.00000000'),
(1533, 1, '0.00000000', '0.00000000'),
(1534, 1, '0.00000000', '0.00000000'),
(1535, 1, '0.00000000', '0.00000000'),
(1536, 1, '0.00000000', '0.00000000'),
(1537, 1, '0.00000000', '0.00000000'),
(1538, 1, '0.00000000', '0.00000000'),
(1539, 1, '0.00000000', '0.00000000'),
(1540, 1, '0.00000000', '0.00000000'),
(1541, 1, '0.00000000', '0.00000000'),
(1542, 1, '0.00000000', '0.00000000'),
(1543, 1, '0.00000000', '0.00000000'),
(1544, 1, '0.00000000', '0.00000000'),
(1545, 1, '0.00000000', '0.00000000'),
(1546, 1, '0.00000000', '0.00000000'),
(1547, 1, '0.00000000', '0.00000000'),
(1548, 1, '0.00000000', '0.00000000'),
(1549, 1, '0.00000000', '0.00000000'),
(1550, 1, '0.00000000', '0.00000000'),
(1551, 1, '0.00000000', '0.00000000'),
(1552, 1, '0.00000000', '0.00000000'),
(1553, 1, '0.00000000', '0.00000000'),
(1554, 1, '0.00000000', '0.00000000'),
(1555, 1, '0.00000000', '0.00000000'),
(1556, 1, '0.00000000', '0.00000000'),
(1557, 1, '0.00000000', '0.00000000'),
(1558, 1, '0.00000000', '0.00000000'),
(1559, 1, '0.00000000', '0.00000000'),
(1560, 1, '0.00000000', '0.00000000'),
(1561, 1, '0.00000000', '0.00000000'),
(1562, 1, '0.00000000', '0.00000000'),
(1563, 1, '0.00000000', '0.00000000'),
(1564, 1, '0.00000000', '0.00000000'),
(1565, 1, '0.00000000', '0.00000000'),
(1566, 1, '0.00000000', '0.00000000'),
(1567, 1, '0.00000000', '0.00000000'),
(1568, 1, '0.00000000', '0.00000000'),
(1569, 1, '0.00000000', '0.00000000'),
(1570, 1, '0.00000000', '0.00000000'),
(1571, 1, '0.00000000', '0.00000000'),
(1572, 1, '0.00000000', '0.00000000'),
(1573, 1, '0.00000000', '0.00000000'),
(1574, 1, '0.00000000', '0.00000000'),
(1575, 1, '0.00000000', '0.00000000'),
(1576, 1, '0.00000000', '0.00000000'),
(1577, 1, '0.00000000', '0.00000000'),
(1578, 1, '0.00000000', '0.00000000'),
(1579, 1, '0.00000000', '0.00000000'),
(1580, 1, '0.00000000', '0.00000000'),
(1581, 1, '0.00000000', '0.00000000'),
(1582, 1, '0.00000000', '0.00000000'),
(1583, 1, '0.00000000', '0.00000000'),
(1584, 1, '0.00000000', '0.00000000'),
(1585, 1, '0.00000000', '0.00000000'),
(1586, 1, '0.00000000', '0.00000000'),
(1587, 1, '0.00000000', '0.00000000'),
(1588, 1, '0.00000000', '0.00000000'),
(1589, 1, '0.00000000', '0.00000000'),
(1590, 1, '0.00000000', '0.00000000'),
(1591, 1, '0.00000000', '0.00000000'),
(1592, 1, '0.00000000', '0.00000000'),
(1593, 1, '0.00000000', '0.00000000'),
(1594, 1, '0.00000000', '0.00000000'),
(1595, 1, '0.00000000', '0.00000000'),
(1596, 1, '0.00000000', '0.00000000'),
(1597, 1, '0.00000000', '0.00000000'),
(1598, 1, '0.00000000', '0.00000000'),
(1599, 1, '0.00000000', '0.00000000'),
(1600, 1, '0.00000000', '0.00000000'),
(1601, 1, '0.00000000', '0.00000000'),
(1602, 1, '0.00000000', '0.00000000'),
(1603, 1, '0.00000000', '0.00000000'),
(1604, 1, '0.00000000', '0.00000000'),
(1605, 1, '0.00000000', '0.00000000'),
(1606, 1, '0.00000000', '0.00000000'),
(1607, 1, '0.00000000', '0.00000000'),
(1608, 1, '0.00000000', '0.00000000'),
(1609, 1, '0.00000000', '0.00000000'),
(1610, 1, '0.00000000', '0.00000000'),
(1611, 1, '0.00000000', '0.00000000'),
(1612, 1, '0.00000000', '0.00000000'),
(1613, 1, '0.00000000', '0.00000000'),
(1614, 1, '0.00000000', '0.00000000'),
(1615, 1, '0.00000000', '0.00000000'),
(1616, 1, '0.00000000', '0.00000000'),
(1617, 1, '0.00000000', '0.00000000'),
(1618, 1, '0.00000000', '0.00000000'),
(1619, 1, '0.00000000', '0.00000000'),
(1620, 1, '0.00000000', '0.00000000'),
(1621, 1, '0.00000000', '0.00000000'),
(1622, 1, '0.00000000', '0.00000000'),
(1623, 1, '0.00000000', '0.00000000'),
(1624, 1, '0.00000000', '0.00000000'),
(1625, 1, '0.00000000', '0.00000000'),
(1626, 1, '0.00000000', '0.00000000'),
(1627, 1, '0.00000000', '0.00000000'),
(1628, 1, '0.00000000', '0.00000000'),
(1629, 1, '0.00000000', '0.00000000'),
(1630, 1, '0.00000000', '0.00000000'),
(1631, 1, '0.00000000', '0.00000000'),
(1632, 1, '0.00000000', '0.00000000'),
(1633, 1, '0.00000000', '0.00000000'),
(1634, 1, '0.00000000', '0.00000000'),
(1635, 1, '0.00000000', '0.00000000'),
(1636, 1, '0.00000000', '0.00000000'),
(1637, 1, '0.00000000', '0.00000000'),
(1638, 1, '0.00000000', '0.00000000'),
(1639, 1, '0.00000000', '0.00000000'),
(1640, 1, '0.00000000', '0.00000000'),
(1641, 1, '0.00000000', '0.00000000'),
(1642, 1, '0.00000000', '0.00000000'),
(1643, 1, '0.00000000', '0.00000000'),
(1644, 1, '0.00000000', '0.00000000'),
(1645, 1, '0.00000000', '0.00000000'),
(1646, 1, '0.00000000', '0.00000000'),
(1647, 1, '0.00000000', '0.00000000'),
(1648, 1, '0.00000000', '0.00000000'),
(1649, 1, '0.00000000', '0.00000000'),
(1650, 1, '0.00000000', '0.00000000'),
(1651, 1, '0.00000000', '0.00000000'),
(1652, 1, '0.00000000', '0.00000000'),
(1653, 1, '0.00000000', '0.00000000'),
(1654, 1, '0.00000000', '0.00000000'),
(1655, 1, '0.00000000', '0.00000000'),
(1656, 1, '0.00000000', '0.00000000'),
(1657, 1, '0.00000000', '0.00000000'),
(1658, 1, '0.00000000', '0.00000000'),
(1659, 1, '0.00000000', '0.00000000'),
(1660, 1, '0.00000000', '0.00000000'),
(1661, 1, '0.00000000', '0.00000000'),
(1662, 1, '0.00000000', '0.00000000'),
(1663, 1, '0.00000000', '0.00000000'),
(1664, 1, '0.00000000', '0.00000000'),
(1665, 1, '0.00000000', '0.00000000'),
(1666, 1, '0.00000000', '0.00000000'),
(1667, 1, '0.00000000', '0.00000000'),
(1668, 1, '0.00000000', '0.00000000'),
(1669, 1, '0.00000000', '0.00000000'),
(1670, 1, '0.00000000', '0.00000000'),
(1671, 1, '0.00000000', '0.00000000'),
(1672, 1, '0.00000000', '0.00000000'),
(1673, 1, '0.00000000', '0.00000000'),
(1674, 1, '0.00000000', '0.00000000'),
(1675, 1, '0.00000000', '0.00000000'),
(1676, 1, '0.00000000', '0.00000000'),
(1677, 1, '0.00000000', '0.00000000'),
(1678, 1, '0.00000000', '0.00000000'),
(1679, 1, '0.00000000', '0.00000000'),
(1680, 1, '0.00000000', '0.00000000'),
(1681, 1, '0.00000000', '0.00000000'),
(1682, 1, '0.00000000', '0.00000000'),
(1683, 1, '0.00000000', '0.00000000'),
(1684, 1, '0.00000000', '0.00000000'),
(1685, 1, '0.00000000', '0.00000000'),
(1686, 1, '0.00000000', '0.00000000'),
(1687, 1, '0.00000000', '0.00000000'),
(1688, 1, '0.00000000', '0.00000000'),
(1689, 1, '0.00000000', '0.00000000'),
(1690, 1, '0.00000000', '0.00000000'),
(1691, 1, '0.00000000', '0.00000000'),
(1692, 1, '0.00000000', '0.00000000'),
(1693, 1, '0.00000000', '0.00000000'),
(1694, 1, '0.00000000', '0.00000000'),
(1695, 1, '0.00000000', '0.00000000'),
(1696, 1, '0.00000000', '0.00000000'),
(1697, 1, '0.00000000', '0.00000000'),
(1698, 1, '0.00000000', '0.00000000'),
(1699, 1, '0.00000000', '0.00000000'),
(1700, 1, '0.00000000', '0.00000000'),
(1701, 1, '0.00000000', '0.00000000'),
(1702, 1, '0.00000000', '0.00000000'),
(1703, 1, '0.00000000', '0.00000000'),
(1704, 1, '0.00000000', '0.00000000'),
(1705, 1, '0.00000000', '0.00000000'),
(1706, 1, '0.00000000', '0.00000000'),
(1707, 1, '0.00000000', '0.00000000'),
(1708, 1, '0.00000000', '0.00000000'),
(1709, 1, '0.00000000', '0.00000000'),
(1710, 1, '0.00000000', '0.00000000'),
(1711, 1, '0.00000000', '0.00000000'),
(1712, 1, '0.00000000', '0.00000000'),
(1713, 1, '0.00000000', '0.00000000'),
(1714, 1, '0.00000000', '0.00000000'),
(1715, 1, '0.00000000', '0.00000000'),
(1716, 1, '0.00000000', '0.00000000'),
(1717, 1, '0.00000000', '0.00000000'),
(1718, 1, '0.00000000', '0.00000000'),
(1719, 1, '0.00000000', '0.00000000'),
(1720, 1, '0.00000000', '0.00000000'),
(1721, 1, '0.00000000', '0.00000000'),
(1722, 1, '0.00000000', '0.00000000'),
(1723, 1, '0.00000000', '0.00000000'),
(1724, 1, '0.00000000', '0.00000000'),
(1725, 1, '0.00000000', '0.00000000'),
(1726, 1, '0.00000000', '0.00000000'),
(1727, 1, '0.00000000', '0.00000000'),
(1728, 1, '0.00000000', '0.00000000'),
(1729, 1, '0.00000000', '0.00000000'),
(1730, 1, '0.00000000', '0.00000000'),
(1731, 1, '0.00000000', '0.00000000'),
(1732, 1, '0.00000000', '0.00000000'),
(1733, 1, '0.00000000', '0.00000000'),
(1734, 1, '0.00000000', '0.00000000'),
(1735, 1, '0.00000000', '0.00000000'),
(1736, 1, '0.00000000', '0.00000000'),
(1737, 1, '0.00000000', '0.00000000'),
(1738, 1, '0.00000000', '0.00000000'),
(1739, 1, '0.00000000', '0.00000000'),
(1740, 1, '0.00000000', '0.00000000'),
(1741, 1, '0.00000000', '0.00000000'),
(1742, 1, '0.00000000', '0.00000000'),
(1743, 1, '0.00000000', '0.00000000'),
(1744, 1, '0.00000000', '0.00000000'),
(1745, 1, '0.00000000', '0.00000000'),
(1746, 1, '0.00000000', '0.00000000'),
(1747, 1, '0.00000000', '0.00000000'),
(1748, 1, '0.00000000', '0.00000000'),
(1749, 1, '0.00000000', '0.00000000'),
(1750, 1, '0.00000000', '0.00000000'),
(1751, 1, '0.00000000', '0.00000000'),
(1752, 1, '0.00000000', '0.00000000'),
(1753, 1, '0.00000000', '0.00000000'),
(1754, 1, '0.00000000', '0.00000000'),
(1755, 1, '0.00000000', '0.00000000'),
(1756, 1, '0.00000000', '0.00000000'),
(1757, 1, '0.00000000', '0.00000000'),
(1758, 1, '0.00000000', '0.00000000'),
(1759, 1, '0.00000000', '0.00000000'),
(1760, 1, '0.00000000', '0.00000000'),
(1761, 1, '0.00000000', '0.00000000'),
(1762, 1, '0.00000000', '0.00000000'),
(1763, 1, '0.00000000', '0.00000000'),
(1764, 1, '0.00000000', '0.00000000'),
(1765, 1, '0.00000000', '0.00000000'),
(1766, 1, '0.00000000', '0.00000000'),
(1767, 1, '0.00000000', '0.00000000'),
(1768, 1, '0.00000000', '0.00000000'),
(1769, 1, '0.00000000', '0.00000000'),
(1770, 1, '0.00000000', '0.00000000'),
(1771, 1, '0.00000000', '0.00000000'),
(1772, 1, '0.00000000', '0.00000000'),
(1773, 1, '0.00000000', '0.00000000'),
(1774, 1, '0.00000000', '0.00000000'),
(1775, 1, '0.00000000', '0.00000000'),
(1776, 1, '0.00000000', '0.00000000'),
(1777, 1, '0.00000000', '0.00000000'),
(1778, 1, '0.00000000', '0.00000000'),
(1779, 1, '0.00000000', '0.00000000'),
(1780, 1, '0.00000000', '0.00000000'),
(1781, 1, '0.00000000', '0.00000000'),
(1782, 1, '0.00000000', '0.00000000'),
(1783, 1, '0.00000000', '0.00000000'),
(1784, 1, '0.00000000', '0.00000000'),
(1785, 1, '0.00000000', '0.00000000'),
(1786, 1, '0.00000000', '0.00000000'),
(1787, 1, '0.00000000', '0.00000000'),
(1788, 1, '0.00000000', '0.00000000'),
(1789, 1, '0.00000000', '0.00000000'),
(1790, 1, '0.00000000', '0.00000000'),
(1791, 1, '0.00000000', '0.00000000'),
(1792, 1, '0.00000000', '0.00000000'),
(1793, 1, '0.00000000', '0.00000000'),
(1794, 1, '0.00000000', '0.00000000'),
(1795, 1, '0.00000000', '0.00000000'),
(1796, 1, '0.00000000', '0.00000000'),
(1797, 1, '0.00000000', '0.00000000'),
(1798, 1, '0.00000000', '0.00000000'),
(1799, 1, '0.00000000', '0.00000000'),
(1800, 1, '0.00000000', '0.00000000'),
(1801, 1, '0.00000000', '0.00000000'),
(1802, 1, '0.00000000', '0.00000000'),
(1803, 1, '0.00000000', '0.00000000'),
(1804, 1, '0.00000000', '0.00000000'),
(1805, 1, '0.00000000', '0.00000000'),
(1806, 1, '0.00000000', '0.00000000'),
(1807, 1, '0.00000000', '0.00000000'),
(1808, 1, '0.00000000', '0.00000000'),
(1809, 1, '0.00000000', '0.00000000'),
(1810, 1, '0.00000000', '0.00000000'),
(1811, 1, '0.00000000', '0.00000000'),
(1812, 1, '0.00000000', '0.00000000'),
(1813, 1, '0.00000000', '0.00000000'),
(1814, 1, '0.00000000', '0.00000000'),
(1815, 1, '0.00000000', '0.00000000'),
(1816, 1, '0.00000000', '0.00000000'),
(1817, 1, '0.00000000', '0.00000000'),
(1818, 1, '0.00000000', '0.00000000'),
(1819, 1, '0.00000000', '0.00000000'),
(1820, 1, '0.00000000', '0.00000000'),
(1821, 1, '0.00000000', '0.00000000'),
(1822, 1, '0.00000000', '0.00000000'),
(1823, 1, '0.00000000', '0.00000000'),
(1824, 1, '0.00000000', '0.00000000'),
(1825, 1, '0.00000000', '0.00000000'),
(1826, 1, '0.00000000', '0.00000000'),
(1827, 1, '0.00000000', '0.00000000'),
(1828, 1, '0.00000000', '0.00000000'),
(1829, 1, '0.00000000', '0.00000000'),
(1830, 1, '0.00000000', '0.00000000'),
(1831, 1, '0.00000000', '0.00000000'),
(1832, 1, '0.00000000', '0.00000000'),
(1833, 1, '0.00000000', '0.00000000'),
(1834, 1, '0.00000000', '0.00000000'),
(1835, 1, '0.00000000', '0.00000000'),
(1836, 1, '0.00000000', '0.00000000'),
(1837, 1, '0.00000000', '0.00000000'),
(1838, 1, '0.00000000', '0.00000000'),
(1839, 1, '0.00000000', '0.00000000'),
(1840, 1, '0.00000000', '0.00000000'),
(1841, 1, '0.00000000', '0.00000000'),
(1842, 1, '0.00000000', '0.00000000'),
(1843, 1, '0.00000000', '0.00000000'),
(1844, 1, '0.00000000', '0.00000000'),
(1845, 1, '0.00000000', '0.00000000'),
(1846, 1, '0.00000000', '0.00000000'),
(1847, 1, '0.00000000', '0.00000000'),
(1848, 1, '0.00000000', '0.00000000'),
(1849, 1, '0.00000000', '0.00000000'),
(1850, 1, '0.00000000', '0.00000000'),
(1851, 1, '0.00000000', '0.00000000'),
(1852, 1, '0.00000000', '0.00000000'),
(1853, 1, '0.00000000', '0.00000000'),
(1854, 1, '0.00000000', '0.00000000'),
(1855, 1, '0.00000000', '0.00000000'),
(1856, 1, '0.00000000', '0.00000000'),
(1857, 1, '0.00000000', '0.00000000'),
(1858, 1, '0.00000000', '0.00000000'),
(1859, 1, '0.00000000', '0.00000000'),
(1860, 1, '0.00000000', '0.00000000'),
(1861, 1, '0.00000000', '0.00000000'),
(1862, 1, '0.00000000', '0.00000000'),
(1863, 1, '0.00000000', '0.00000000'),
(1864, 1, '0.00000000', '0.00000000'),
(1865, 1, '0.00000000', '0.00000000'),
(1866, 1, '0.00000000', '0.00000000'),
(1867, 1, '0.00000000', '0.00000000'),
(1868, 1, '0.00000000', '0.00000000'),
(1869, 1, '0.00000000', '0.00000000'),
(1870, 1, '0.00000000', '0.00000000'),
(1871, 1, '0.00000000', '0.00000000'),
(1872, 1, '0.00000000', '0.00000000'),
(1873, 1, '0.00000000', '0.00000000'),
(1874, 1, '0.00000000', '0.00000000'),
(1875, 1, '0.00000000', '0.00000000'),
(1876, 1, '0.00000000', '0.00000000'),
(1877, 1, '0.00000000', '0.00000000'),
(1878, 1, '0.00000000', '0.00000000'),
(1879, 1, '0.00000000', '0.00000000'),
(1880, 1, '0.00000000', '0.00000000'),
(1881, 1, '0.00000000', '0.00000000'),
(1882, 1, '0.00000000', '0.00000000'),
(1883, 1, '0.00000000', '0.00000000'),
(1884, 1, '0.00000000', '0.00000000'),
(1885, 1, '0.00000000', '0.00000000'),
(1886, 1, '0.00000000', '0.00000000'),
(1887, 1, '0.00000000', '0.00000000'),
(1888, 1, '0.00000000', '0.00000000'),
(1889, 1, '0.00000000', '0.00000000'),
(1890, 1, '0.00000000', '0.00000000'),
(1891, 1, '0.00000000', '0.00000000'),
(1892, 1, '0.00000000', '0.00000000'),
(1893, 1, '0.00000000', '0.00000000'),
(1894, 1, '0.00000000', '0.00000000'),
(1895, 1, '0.00000000', '0.00000000'),
(1896, 1, '0.00000000', '0.00000000'),
(1897, 1, '0.00000000', '0.00000000'),
(1898, 1, '0.00000000', '0.00000000'),
(1899, 1, '0.00000000', '0.00000000'),
(1900, 1, '0.00000000', '0.00000000'),
(1901, 1, '0.00000000', '0.00000000'),
(1902, 1, '0.00000000', '0.00000000'),
(1903, 1, '0.00000000', '0.00000000'),
(1904, 1, '0.00000000', '0.00000000'),
(1905, 1, '0.00000000', '0.00000000'),
(1906, 1, '0.00000000', '0.00000000'),
(1907, 1, '0.00000000', '0.00000000'),
(1908, 1, '0.00000000', '0.00000000'),
(1909, 1, '0.00000000', '0.00000000'),
(1910, 1, '0.00000000', '0.00000000'),
(1911, 1, '0.00000000', '0.00000000'),
(1912, 1, '0.00000000', '0.00000000'),
(1913, 1, '0.00000000', '0.00000000'),
(1914, 1, '0.00000000', '0.00000000'),
(1915, 1, '0.00000000', '0.00000000'),
(1916, 1, '0.00000000', '0.00000000'),
(1917, 1, '0.00000000', '0.00000000'),
(1918, 1, '0.00000000', '0.00000000'),
(1919, 1, '0.00000000', '0.00000000'),
(1920, 1, '0.00000000', '0.00000000'),
(1921, 1, '0.00000000', '0.00000000'),
(1922, 1, '0.00000000', '0.00000000'),
(1923, 1, '0.00000000', '0.00000000'),
(1924, 1, '0.00000000', '0.00000000'),
(1925, 1, '0.00000000', '0.00000000'),
(1926, 1, '0.00000000', '0.00000000'),
(1927, 1, '0.00000000', '0.00000000'),
(1928, 1, '0.00000000', '0.00000000'),
(1929, 1, '0.00000000', '0.00000000'),
(1930, 1, '0.00000000', '0.00000000'),
(1931, 1, '0.00000000', '0.00000000'),
(1932, 1, '0.00000000', '0.00000000'),
(1933, 1, '0.00000000', '0.00000000'),
(1934, 1, '0.00000000', '0.00000000'),
(1935, 1, '0.00000000', '0.00000000'),
(1936, 1, '0.00000000', '0.00000000'),
(1937, 1, '0.00000000', '0.00000000'),
(1938, 1, '0.00000000', '0.00000000'),
(1939, 1, '0.00000000', '0.00000000'),
(1940, 1, '0.00000000', '0.00000000'),
(1941, 1, '0.00000000', '0.00000000'),
(1942, 1, '0.00000000', '0.00000000'),
(1943, 1, '0.00000000', '0.00000000'),
(1944, 1, '0.00000000', '0.00000000'),
(1945, 1, '0.00000000', '0.00000000'),
(1946, 1, '0.00000000', '0.00000000'),
(1947, 1, '0.00000000', '0.00000000'),
(1948, 1, '0.00000000', '0.00000000'),
(1949, 1, '0.00000000', '0.00000000'),
(1950, 1, '0.00000000', '0.00000000'),
(1951, 1, '0.00000000', '0.00000000'),
(1952, 1, '0.00000000', '0.00000000'),
(1953, 1, '0.00000000', '0.00000000'),
(1954, 1, '0.00000000', '0.00000000'),
(1955, 1, '0.00000000', '0.00000000'),
(1956, 1, '0.00000000', '0.00000000'),
(1957, 1, '0.00000000', '0.00000000'),
(1958, 1, '0.00000000', '0.00000000'),
(1959, 1, '0.00000000', '0.00000000'),
(1960, 1, '0.00000000', '0.00000000'),
(1961, 1, '0.00000000', '0.00000000'),
(1962, 1, '0.00000000', '0.00000000'),
(1963, 1, '0.00000000', '0.00000000'),
(1964, 1, '0.00000000', '0.00000000'),
(1965, 1, '0.00000000', '0.00000000'),
(1966, 1, '0.00000000', '0.00000000'),
(1967, 1, '0.00000000', '0.00000000'),
(1968, 1, '0.00000000', '0.00000000'),
(1969, 1, '0.00000000', '0.00000000'),
(1970, 1, '0.00000000', '0.00000000'),
(1971, 1, '0.00000000', '0.00000000'),
(1972, 1, '0.00000000', '0.00000000'),
(1973, 1, '0.00000000', '0.00000000'),
(1974, 1, '0.00000000', '0.00000000'),
(1975, 1, '0.00000000', '0.00000000'),
(1976, 1, '0.00000000', '0.00000000'),
(1977, 1, '0.00000000', '0.00000000'),
(1978, 1, '0.00000000', '0.00000000'),
(1979, 1, '0.00000000', '0.00000000'),
(1980, 1, '0.00000000', '0.00000000'),
(1981, 1, '0.00000000', '0.00000000'),
(1982, 1, '0.00000000', '0.00000000'),
(1983, 1, '0.00000000', '0.00000000'),
(1984, 1, '0.00000000', '0.00000000'),
(1985, 1, '0.00000000', '0.00000000'),
(1986, 1, '0.00000000', '0.00000000'),
(1987, 1, '0.00000000', '0.00000000'),
(1988, 1, '0.00000000', '0.00000000'),
(1989, 1, '0.00000000', '0.00000000'),
(1990, 1, '0.00000000', '0.00000000'),
(1991, 1, '0.00000000', '0.00000000'),
(1992, 1, '0.00000000', '0.00000000'),
(1993, 1, '0.00000000', '0.00000000'),
(1994, 1, '0.00000000', '0.00000000'),
(1995, 1, '0.00000000', '0.00000000'),
(1996, 1, '0.00000000', '0.00000000'),
(1997, 1, '0.00000000', '0.00000000'),
(1998, 1, '0.00000000', '0.00000000'),
(1999, 1, '0.00000000', '0.00000000'),
(2000, 1, '0.00000000', '0.00000000'),
(2001, 1, '0.00000000', '0.00000000'),
(2002, 1, '0.00000000', '0.00000000'),
(2003, 1, '0.00000000', '0.00000000'),
(2004, 1, '0.00000000', '0.00000000'),
(2005, 1, '0.00000000', '0.00000000'),
(2006, 1, '0.00000000', '0.00000000'),
(2007, 1, '0.00000000', '0.00000000'),
(2008, 1, '0.00000000', '0.00000000'),
(2009, 1, '0.00000000', '0.00000000'),
(2010, 1, '0.00000000', '0.00000000'),
(2011, 1, '0.00000000', '0.00000000'),
(2012, 1, '0.00000000', '0.00000000'),
(2013, 1, '0.00000000', '0.00000000'),
(2014, 1, '0.00000000', '0.00000000'),
(2015, 1, '0.00000000', '0.00000000'),
(2016, 1, '0.00000000', '0.00000000'),
(2017, 1, '0.00000000', '0.00000000'),
(2018, 1, '0.00000000', '0.00000000'),
(2019, 1, '0.00000000', '0.00000000'),
(2020, 1, '0.00000000', '0.00000000'),
(2021, 1, '0.00000000', '0.00000000'),
(2022, 1, '0.00000000', '0.00000000'),
(2023, 1, '0.00000000', '0.00000000'),
(2024, 1, '0.00000000', '0.00000000'),
(2025, 1, '0.00000000', '0.00000000'),
(2026, 1, '0.00000000', '0.00000000'),
(2027, 1, '0.00000000', '0.00000000'),
(2028, 1, '0.00000000', '0.00000000'),
(2029, 1, '0.00000000', '0.00000000'),
(2030, 1, '0.00000000', '0.00000000'),
(2031, 1, '0.00000000', '0.00000000'),
(2032, 1, '0.00000000', '0.00000000'),
(2033, 1, '0.00000000', '0.00000000'),
(2034, 1, '0.00000000', '0.00000000'),
(2035, 1, '0.00000000', '0.00000000'),
(2036, 1, '0.00000000', '0.00000000'),
(2037, 1, '0.00000000', '0.00000000'),
(2038, 1, '0.00000000', '0.00000000'),
(2039, 1, '0.00000000', '0.00000000'),
(2040, 1, '0.00000000', '0.00000000'),
(2041, 1, '0.00000000', '0.00000000'),
(2042, 1, '0.00000000', '0.00000000'),
(2043, 1, '0.00000000', '0.00000000'),
(2044, 1, '0.00000000', '0.00000000'),
(2045, 1, '0.00000000', '0.00000000'),
(2046, 1, '0.00000000', '0.00000000'),
(2047, 1, '0.00000000', '0.00000000'),
(2048, 1, '0.00000000', '0.00000000'),
(2049, 1, '0.00000000', '0.00000000'),
(2050, 1, '0.00000000', '0.00000000'),
(2051, 1, '0.00000000', '0.00000000'),
(2052, 1, '0.00000000', '0.00000000'),
(2053, 1, '0.00000000', '0.00000000'),
(2054, 1, '0.00000000', '0.00000000'),
(2055, 1, '0.00000000', '0.00000000'),
(2056, 1, '0.00000000', '0.00000000'),
(2057, 1, '0.00000000', '0.00000000'),
(2058, 1, '0.00000000', '0.00000000'),
(2059, 1, '0.00000000', '0.00000000'),
(2060, 1, '0.00000000', '0.00000000'),
(2061, 1, '0.00000000', '0.00000000'),
(2062, 1, '0.00000000', '0.00000000'),
(2063, 1, '0.00000000', '0.00000000'),
(2064, 1, '0.00000000', '0.00000000'),
(2065, 1, '0.00000000', '0.00000000'),
(2066, 1, '0.00000000', '0.00000000'),
(2067, 1, '0.00000000', '0.00000000'),
(2068, 1, '0.00000000', '0.00000000'),
(2069, 1, '0.00000000', '0.00000000'),
(2070, 1, '0.00000000', '0.00000000'),
(2071, 1, '0.00000000', '0.00000000'),
(2072, 1, '0.00000000', '0.00000000'),
(2073, 1, '0.00000000', '0.00000000'),
(2074, 1, '0.00000000', '0.00000000'),
(2075, 1, '0.00000000', '0.00000000'),
(2076, 1, '0.00000000', '0.00000000'),
(2077, 1, '0.00000000', '0.00000000'),
(2078, 1, '0.00000000', '0.00000000'),
(2079, 1, '0.00000000', '0.00000000'),
(2080, 1, '0.00000000', '0.00000000'),
(2081, 1, '0.00000000', '0.00000000'),
(2082, 1, '0.00000000', '0.00000000'),
(2083, 1, '0.00000000', '0.00000000'),
(2084, 1, '0.00000000', '0.00000000'),
(2085, 1, '0.00000000', '0.00000000'),
(2086, 1, '0.00000000', '0.00000000'),
(2087, 1, '0.00000000', '0.00000000'),
(2088, 1, '0.00000000', '0.00000000'),
(2089, 1, '0.00000000', '0.00000000'),
(2090, 1, '0.00000000', '0.00000000'),
(2091, 1, '0.00000000', '0.00000000'),
(2092, 1, '0.00000000', '0.00000000'),
(2093, 1, '0.00000000', '0.00000000'),
(2094, 1, '0.00000000', '0.00000000'),
(2095, 1, '0.00000000', '0.00000000'),
(2096, 1, '0.00000000', '0.00000000'),
(2097, 1, '0.00000000', '0.00000000'),
(2098, 1, '0.00000000', '0.00000000'),
(2099, 1, '0.00000000', '0.00000000'),
(2100, 1, '0.00000000', '0.00000000'),
(2101, 1, '0.00000000', '0.00000000'),
(2102, 1, '0.00000000', '0.00000000'),
(2103, 1, '0.00000000', '0.00000000'),
(2104, 1, '0.00000000', '0.00000000'),
(2105, 1, '0.00000000', '0.00000000'),
(2106, 1, '0.00000000', '0.00000000'),
(2107, 1, '0.00000000', '0.00000000'),
(2108, 1, '0.00000000', '0.00000000'),
(2109, 1, '0.00000000', '0.00000000'),
(2110, 1, '0.00000000', '0.00000000'),
(2111, 1, '0.00000000', '0.00000000'),
(2112, 1, '0.00000000', '0.00000000'),
(2113, 1, '0.00000000', '0.00000000'),
(2114, 1, '0.00000000', '0.00000000'),
(2115, 1, '0.00000000', '0.00000000'),
(2116, 1, '0.00000000', '0.00000000'),
(2117, 1, '0.00000000', '0.00000000'),
(2118, 1, '0.00000000', '0.00000000'),
(2119, 1, '0.00000000', '0.00000000'),
(2120, 1, '0.00000000', '0.00000000'),
(2121, 1, '0.00000000', '0.00000000'),
(2122, 1, '0.00000000', '0.00000000'),
(2123, 1, '0.00000000', '0.00000000'),
(2124, 1, '0.00000000', '0.00000000'),
(2125, 1, '0.00000000', '0.00000000'),
(2126, 1, '0.00000000', '0.00000000'),
(2127, 1, '0.00000000', '0.00000000'),
(2128, 1, '0.00000000', '0.00000000'),
(2129, 1, '0.00000000', '0.00000000'),
(2130, 1, '0.00000000', '0.00000000'),
(2131, 1, '0.00000000', '0.00000000'),
(2132, 1, '0.00000000', '0.00000000'),
(2133, 1, '0.00000000', '0.00000000'),
(2134, 1, '0.00000000', '0.00000000'),
(2135, 1, '0.00000000', '0.00000000'),
(2136, 1, '0.00000000', '0.00000000'),
(2137, 1, '0.00000000', '0.00000000'),
(2138, 1, '0.00000000', '0.00000000'),
(2139, 1, '0.00000000', '0.00000000'),
(2140, 1, '0.00000000', '0.00000000'),
(2141, 1, '0.00000000', '0.00000000'),
(2142, 1, '0.00000000', '0.00000000'),
(2143, 1, '0.00000000', '0.00000000'),
(2144, 1, '0.00000000', '0.00000000'),
(2145, 1, '0.00000000', '0.00000000'),
(2146, 1, '0.00000000', '0.00000000'),
(2147, 1, '0.00000000', '0.00000000'),
(2148, 1, '0.00000000', '0.00000000'),
(2149, 1, '0.00000000', '0.00000000'),
(2150, 1, '0.00000000', '0.00000000'),
(2151, 1, '0.00000000', '0.00000000'),
(2152, 1, '0.00000000', '0.00000000'),
(2153, 1, '0.00000000', '0.00000000'),
(2154, 1, '0.00000000', '0.00000000'),
(2155, 1, '0.00000000', '0.00000000'),
(2156, 1, '0.00000000', '0.00000000'),
(2157, 1, '0.00000000', '0.00000000'),
(2158, 1, '0.00000000', '0.00000000'),
(2159, 1, '0.00000000', '0.00000000'),
(2160, 1, '0.00000000', '0.00000000'),
(2161, 1, '0.00000000', '0.00000000'),
(2162, 1, '0.00000000', '0.00000000'),
(2163, 1, '0.00000000', '0.00000000'),
(2164, 1, '0.00000000', '0.00000000'),
(2165, 1, '0.00000000', '0.00000000'),
(2166, 1, '0.00000000', '0.00000000'),
(2167, 1, '0.00000000', '0.00000000'),
(2168, 1, '0.00000000', '0.00000000'),
(2169, 1, '0.00000000', '0.00000000'),
(2170, 1, '0.00000000', '0.00000000'),
(2171, 1, '0.00000000', '0.00000000'),
(2172, 1, '0.00000000', '0.00000000'),
(2173, 1, '0.00000000', '0.00000000'),
(2174, 1, '0.00000000', '0.00000000'),
(2175, 1, '0.00000000', '0.00000000'),
(2176, 1, '0.00000000', '0.00000000'),
(2177, 1, '0.00000000', '0.00000000'),
(2178, 1, '0.00000000', '0.00000000'),
(2179, 1, '0.00000000', '0.00000000'),
(2180, 1, '0.00000000', '0.00000000'),
(2181, 1, '0.00000000', '0.00000000'),
(2182, 1, '0.00000000', '0.00000000'),
(2183, 1, '0.00000000', '0.00000000'),
(2184, 1, '0.00000000', '0.00000000'),
(2185, 1, '0.00000000', '0.00000000'),
(2186, 1, '0.00000000', '0.00000000'),
(2187, 1, '0.00000000', '0.00000000'),
(2188, 1, '0.00000000', '0.00000000'),
(2189, 1, '0.00000000', '0.00000000'),
(2190, 1, '0.00000000', '0.00000000'),
(2191, 1, '0.00000000', '0.00000000'),
(2192, 1, '0.00000000', '0.00000000'),
(2193, 1, '0.00000000', '0.00000000'),
(2194, 1, '0.00000000', '0.00000000'),
(2195, 1, '0.00000000', '0.00000000'),
(2196, 1, '0.00000000', '0.00000000'),
(2197, 1, '0.00000000', '0.00000000'),
(2198, 1, '0.00000000', '0.00000000'),
(2199, 1, '0.00000000', '0.00000000'),
(2200, 1, '0.00000000', '0.00000000'),
(2201, 1, '0.00000000', '0.00000000'),
(2202, 1, '0.00000000', '0.00000000'),
(2203, 1, '0.00000000', '0.00000000'),
(2204, 1, '0.00000000', '0.00000000'),
(2205, 1, '0.00000000', '0.00000000'),
(2206, 1, '0.00000000', '0.00000000'),
(2207, 1, '0.00000000', '0.00000000'),
(2208, 1, '0.00000000', '0.00000000'),
(2209, 1, '0.00000000', '0.00000000'),
(2210, 1, '0.00000000', '0.00000000'),
(2211, 1, '0.00000000', '0.00000000'),
(2212, 1, '0.00000000', '0.00000000'),
(2213, 1, '0.00000000', '0.00000000'),
(2214, 1, '0.00000000', '0.00000000'),
(2215, 1, '0.00000000', '0.00000000'),
(2216, 1, '0.00000000', '0.00000000'),
(2217, 1, '0.00000000', '0.00000000'),
(2218, 1, '0.00000000', '0.00000000'),
(2219, 1, '0.00000000', '0.00000000'),
(2242, 1, '200.00000000', '200.00000000'),
(2243, 1, '200.00000000', '200.00000000'),
(2575, 1, '0.00000000', '0.00000000'),
(0, 1, '0.00000000', '0.00000000'),
(3, 1, '0.00000000', '0.00000000'),
(2, 1, '0.00000000', '0.00000000'),
(3, 1, '0.00000000', '0.00000000'),
(2, 1, '0.00000000', '0.00000000'),
(3, 1, '0.00000000', '0.00000000'),
(4, 1, '0.00000000', '0.00000000'),
(5, 1, '0.00000000', '0.00000000'),
(6, 1, '0.00000000', '0.00000000'),
(7, 1, '0.00000000', '0.00000000'),
(8, 1, '0.00000000', '0.00000000'),
(9, 1, '0.00000000', '0.00000000'),
(10, 1, '0.00000000', '0.00000000'),
(11, 1, '0.00000000', '0.00000000'),
(12, 1, '0.00000000', '0.00000000'),
(13, 1, '0.00000000', '0.00000000'),
(14, 1, '0.00000000', '0.00000000'),
(15, 1, '0.00000000', '0.00000000'),
(16, 1, '0.00000000', '0.00000000'),
(17, 1, '0.00000000', '0.00000000'),
(18, 1, '0.00000000', '0.00000000'),
(19, 1, '0.00000000', '0.00000000'),
(20, 1, '0.00000000', '0.00000000'),
(21, 1, '0.00000000', '0.00000000'),
(22, 1, '0.00000000', '0.00000000'),
(23, 1, '0.00000000', '0.00000000'),
(24, 1, '0.00000000', '0.00000000'),
(25, 1, '0.00000000', '0.00000000'),
(26, 1, '0.00000000', '0.00000000'),
(27, 1, '0.00000000', '0.00000000'),
(28, 1, '0.00000000', '0.00000000'),
(29, 1, '0.00000000', '0.00000000'),
(30, 1, '0.00000000', '0.00000000'),
(31, 1, '0.00000000', '0.00000000'),
(32, 1, '0.00000000', '0.00000000'),
(33, 1, '0.00000000', '0.00000000'),
(34, 1, '0.00000000', '0.00000000'),
(35, 1, '0.00000000', '0.00000000'),
(36, 1, '0.00000000', '0.00000000'),
(37, 1, '0.00000000', '0.00000000'),
(38, 1, '0.00000000', '0.00000000'),
(39, 1, '0.00000000', '0.00000000'),
(40, 1, '0.00000000', '0.00000000'),
(41, 1, '0.00000000', '0.00000000'),
(42, 1, '0.00000000', '0.00000000'),
(43, 1, '0.00000000', '0.00000000'),
(44, 1, '0.00000000', '0.00000000'),
(45, 1, '0.00000000', '0.00000000'),
(46, 1, '0.00000000', '0.00000000'),
(47, 1, '0.00000000', '0.00000000'),
(48, 1, '0.00000000', '0.00000000'),
(49, 1, '0.00000000', '0.00000000'),
(50, 1, '0.00000000', '0.00000000'),
(51, 1, '0.00000000', '0.00000000'),
(52, 1, '0.00000000', '0.00000000'),
(53, 1, '0.00000000', '0.00000000');

-- --------------------------------------------------------

--
-- Table structure for table `vtiger_products`
--

CREATE TABLE `vtiger_products` (
  `productid` int(11) NOT NULL,
  `product_no` varchar(100) NOT NULL,
  `productname` varchar(100) DEFAULT NULL,
  `productcode` varchar(40) DEFAULT NULL,
  `productcategory` varchar(200) DEFAULT NULL,
  `manufacturer` varchar(200) DEFAULT NULL,
  `qty_per_unit` decimal(11,2) DEFAULT '0.00',
  `unit_price` decimal(25,8) DEFAULT NULL,
  `weight` decimal(11,3) DEFAULT NULL,
  `pack_size` int(11) DEFAULT NULL,
  `sales_start_date` date DEFAULT NULL,
  `sales_end_date` date DEFAULT NULL,
  `start_date` date DEFAULT NULL,
  `expiry_date` date DEFAULT NULL,
  `cost_factor` int(11) DEFAULT NULL,
  `commissionrate` decimal(7,3) DEFAULT NULL,
  `commissionmethod` varchar(50) DEFAULT NULL,
  `discontinued` int(1) NOT NULL DEFAULT '0',
  `usageunit` varchar(200) DEFAULT NULL,
  `reorderlevel` int(11) DEFAULT NULL,
  `website` varchar(100) DEFAULT NULL,
  `taxclass` varchar(200) DEFAULT NULL,
  `mfr_part_no` varchar(200) DEFAULT NULL,
  `vendor_part_no` varchar(200) DEFAULT NULL,
  `serialno` varchar(200) DEFAULT NULL,
  `qtyinstock` decimal(25,3) DEFAULT NULL,
  `productsheet` varchar(200) DEFAULT NULL,
  `qtyindemand` int(11) DEFAULT NULL,
  `glacct` varchar(200) DEFAULT NULL,
  `vendor_id` int(11) DEFAULT NULL,
  `imagename` text,
  `currency_id` int(19) NOT NULL DEFAULT '1',
  `is_subproducts_viewable` int(1) DEFAULT '1',
  `purchase_cost` decimal(27,8) DEFAULT NULL,
  `tags` varchar(1) DEFAULT NULL,
  `prd_weight` decimal(11,2) DEFAULT NULL
) ENGINE=InnoDB DEFAULT CHARSET=utf8;

--
-- Dumping data for table `vtiger_products`
--

INSERT INTO `vtiger_products` (`productid`, `product_no`, `productname`, `productcode`, `productcategory`, `manufacturer`, `qty_per_unit`, `unit_price`, `weight`, `pack_size`, `sales_start_date`, `sales_end_date`, `start_date`, `expiry_date`, `cost_factor`, `commissionrate`, `commissionmethod`, `discontinued`, `usageunit`, `reorderlevel`, `website`, `taxclass`, `mfr_part_no`, `vendor_part_no`, `serialno`, `qtyinstock`, `productsheet`, `qtyindemand`, `glacct`, `vendor_id`, `imagename`, `currency_id`, `is_subproducts_viewable`, `purchase_cost`, `tags`, `prd_weight`) VALUES
(2, 'PRO2204', '300X300 B-125 FRAME', 'LEO30B ERM', '', '', '0.00', '0.00000000', NULL, NULL, NULL, NULL, NULL, NULL, NULL, NULL, NULL, 1, '', NULL, '', '', '', '', '', NULL, '', NULL, '', 0, '', 1, 1, NULL, '', '2.00'),
(3, 'PRO2205', '300X300 B-125 COVER', 'LEO30B ERM', '', '', '0.00', '0.00000000', NULL, NULL, NULL, NULL, NULL, NULL, NULL, NULL, NULL, 1, '', NULL, '', '', '', '', '', NULL, '', NULL, '', 0, '', 1, 1, NULL, '', '3.30'),
(4, 'PRO2206', '400X400 B-125 FRAME', 'LEO40B ERM', '', '', '0.00', '0.00000000', NULL, NULL, NULL, NULL, NULL, NULL, NULL, NULL, NULL, 1, '', NULL, '', '', '', '', '', NULL, '', NULL, '', 0, '', 1, 1, NULL, '', '3.00'),
(5, 'PRO2207', '400X400 B-125 COVER', 'LEO40B ERM', '', '', '0.00', '0.00000000', NULL, NULL, NULL, NULL, NULL, NULL, NULL, NULL, NULL, 1, '', NULL, '', '', '', '', '', NULL, '', NULL, '', 0, '', 1, 1, NULL, '', '5.50'),
(6, 'PRO2208', '500X500 B-125 FRAME', 'LEO50B ERM', '', '', '0.00', '0.00000000', NULL, NULL, NULL, NULL, NULL, NULL, NULL, NULL, NULL, 1, '', NULL, '', '', '', '', '', NULL, '', NULL, '', 0, '', 1, 1, NULL, '', '3.50'),
(7, 'PRO2209', '500X500 B-125 COVER', 'LEO50B ERM', '', '', '0.00', '0.00000000', NULL, NULL, NULL, NULL, NULL, NULL, NULL, NULL, NULL, 1, '', NULL, '', '', '', '', '', NULL, '', NULL, '', 0, '', 1, 1, NULL, '', '10.00'),
(8, 'PRO2210', '600X600 B-125 FRAME', 'LEO60B ERM', '', '', '0.00', '0.00000000', NULL, NULL, NULL, NULL, NULL, NULL, NULL, NULL, NULL, 1, '', NULL, '', '', '', '', '', NULL, '', NULL, '', 0, '', 1, 1, NULL, '', '5.00'),
(9, 'PRO2211', '600X600 B-125 COVER', 'LEO60B ERM', '', '', '0.00', '0.00000000', NULL, NULL, NULL, NULL, NULL, NULL, NULL, NULL, NULL, 1, '', NULL, '', '', '', '', '', NULL, '', NULL, '', 0, '', 1, 1, NULL, '', '15.50'),
(10, 'PRO2212', '300X300 C-250 FRAME', 'LEO30C ERM', '', '', '0.00', '0.00000000', NULL, NULL, NULL, NULL, NULL, NULL, NULL, NULL, NULL, 1, '', NULL, '', '', '', '', '', NULL, '', NULL, '', 0, '', 1, 1, NULL, '', '2.00'),
(11, 'PRO2213', '300X300 C-250 COVER', 'LEO30C ERM', '', '', '0.00', '0.00000000', NULL, NULL, NULL, NULL, NULL, NULL, NULL, NULL, NULL, 1, '', NULL, '', '', '', '', '', NULL, '', NULL, '', 0, '', 1, 1, NULL, '', '4.50'),
(12, 'PRO2214', '400X400 C-250 FRAME', 'LEO40C ERM', '', '', '0.00', '0.00000000', NULL, NULL, NULL, NULL, NULL, NULL, NULL, NULL, NULL, 1, '', NULL, '', '', '', '', '', NULL, '', NULL, '', 0, '', 1, 1, NULL, '', '3.10'),
(13, 'PRO2215', '400X400 C-250 COVER', 'LEO40C ERM', '', '', '0.00', '0.00000000', NULL, NULL, NULL, NULL, NULL, NULL, NULL, NULL, NULL, 1, '', NULL, '', '', '', '', '', NULL, '', NULL, '', 0, '', 1, 1, NULL, '', '7.90'),
(14, 'PRO2216', '500X500 C-250 FRAME', 'LEO50C ERM', '', '', '0.00', '0.00000000', NULL, NULL, NULL, NULL, NULL, NULL, NULL, NULL, NULL, 1, '', NULL, '', '', '', '', '', NULL, '', NULL, '', 0, '', 1, 1, NULL, '', '5.00'),
(15, 'PRO2217', '500X500 C-250 COVER', 'LEO50C ERM', '', '', '0.00', '0.00000000', NULL, NULL, NULL, NULL, NULL, NULL, NULL, NULL, NULL, 1, '', NULL, '', '', '', '', '', NULL, '', NULL, '', 0, '', 1, 1, NULL, '', '12.50'),
(16, 'PRO2218', '550X550 C-250 FRAME', 'LEO55C ERM', '', '', '0.00', '0.00000000', NULL, NULL, NULL, NULL, NULL, NULL, NULL, NULL, NULL, 1, '', NULL, '', '', '', '', '', NULL, '', NULL, '', 0, '', 1, 1, NULL, '', '5.90'),
(17, 'PRO2219', '550X550 C-250 COVER', 'LEO55C ERM', '', '', '0.00', '0.00000000', NULL, NULL, NULL, NULL, NULL, NULL, NULL, NULL, NULL, 1, '', NULL, '', '', '', '', '', NULL, '', NULL, '', 0, '', 1, 1, NULL, '', '17.30'),
(18, 'PRO2220', '600X600 C-250 FRAME', 'LEO60C ERM', '', '', '0.00', '0.00000000', NULL, NULL, NULL, NULL, NULL, NULL, NULL, NULL, NULL, 1, '', NULL, '', '', '', '', '', NULL, '', NULL, '', 0, '', 1, 1, NULL, '', '6.30'),
(19, 'PRO2221', '600X600 C-250 COVER', 'LEO60C ERM', '', '', '0.00', '0.00000000', NULL, NULL, NULL, NULL, NULL, NULL, NULL, NULL, NULL, 1, '', NULL, '', '', '', '', '', NULL, '', NULL, '', 0, '', 1, 1, NULL, '', '20.10'),
(20, 'PRO2222', '700X700 C-250 FRAME', 'LEO70C ERM', '', '', '0.00', '0.00000000', NULL, NULL, NULL, NULL, NULL, NULL, NULL, NULL, NULL, 1, '', NULL, '', '', '', '', '', NULL, '', NULL, '', 0, '', 1, 1, NULL, '', '8.10'),
(21, 'PRO2223', '700X700 C-250 COVER', 'LEO70C ERM', '', '', '0.00', '0.00000000', NULL, NULL, NULL, NULL, NULL, NULL, NULL, NULL, NULL, 1, '', NULL, '', '', '', '', '', NULL, '', NULL, '', 0, '', 1, 1, NULL, '', '30.70'),
(22, 'PRO2224', '550X550 D-400 FRAME', 'LEO55D ERM', '', '', '0.00', '0.00000000', NULL, NULL, NULL, NULL, NULL, NULL, NULL, NULL, NULL, 1, '', NULL, '', '', '', '', '', NULL, '', NULL, '', 0, '', 1, 1, NULL, '', '10.50'),
(23, 'PRO2225', '550X550 D-400 COVER', 'LEO55D ERM', '', '', '0.00', '0.00000000', NULL, NULL, NULL, NULL, NULL, NULL, NULL, NULL, NULL, 1, '', NULL, '', '', '', '', '', NULL, '', NULL, '', 0, '', 1, 1, NULL, '', '22.50'),
(24, 'PRO2226', '300X300 C-250 FRAME', 'MIC30C SP', '', '', '0.00', '0.00000000', NULL, NULL, NULL, NULL, NULL, NULL, NULL, NULL, NULL, 1, '', NULL, '', '', '', '', '', NULL, '', NULL, '', 0, '', 1, 1, NULL, '', '2.70'),
(25, 'PRO2227', '300X300 C-250 GRATE', 'MIC30C SP', '', '', '0.00', '0.00000000', NULL, NULL, NULL, NULL, NULL, NULL, NULL, NULL, NULL, 1, '', NULL, '', '', '', '', '', NULL, '', NULL, '', 0, '', 1, 1, NULL, '', '3.10'),
(26, 'PRO2228', '402X402 C-250 FRAME', 'MIC40C SP', '', '', '0.00', '0.00000000', NULL, NULL, NULL, NULL, NULL, NULL, NULL, NULL, NULL, 1, '', NULL, '', '', '', '', '', NULL, '', NULL, '', 0, '', 1, 1, NULL, '', '4.30'),
(27, 'PRO2229', '402X402 C-250 GRATE', 'MIC40C SP', '', '', '0.00', '0.00000000', NULL, NULL, NULL, NULL, NULL, NULL, NULL, NULL, NULL, 1, '', NULL, '', '', '', '', '', NULL, '', NULL, '', 0, '', 1, 1, NULL, '', '7.70'),
(28, 'PRO2230', '402X402 C-250 CONCAVE FRAME', 'MIC40C-C-SP', '', '', '0.00', '0.00000000', NULL, NULL, NULL, NULL, NULL, NULL, NULL, NULL, NULL, 1, '', NULL, '', '', '', '', '', NULL, '', NULL, '', 0, '', 1, 1, NULL, '', '4.70'),
(29, 'PRO2231', '402X402 C-250 CONCAVE GRATE', 'MIC40C-C-SP', '', '', '0.00', '0.00000000', NULL, NULL, NULL, NULL, NULL, NULL, NULL, NULL, NULL, 1, '', NULL, '', '', '', '', '', NULL, '', NULL, '', 0, '', 1, 1, NULL, '', '7.80'),
(30, 'PRO2232', '500X500 C-250 FRAME', 'MIC50C SP', '', '', '0.00', '0.00000000', NULL, NULL, NULL, NULL, NULL, NULL, NULL, NULL, NULL, 1, '', NULL, '', '', '', '', '', NULL, '', NULL, '', 0, '', 1, 1, NULL, '', '6.00'),
(31, 'PRO2233', 'TH30 COVER', '', '', '', '0.00', '0.00000000', NULL, NULL, NULL, NULL, NULL, NULL, NULL, NULL, NULL, 1, '', NULL, '', '', '', '', '', NULL, '', NULL, '', 0, '', 1, 1, NULL, '', '5.00'),
(32, 'PRO2234', 'TH30 FRAME', '', '', '', '0.00', '0.00000000', NULL, NULL, NULL, NULL, NULL, NULL, NULL, NULL, NULL, 1, '', NULL, '', '', '', '', '', NULL, '', NULL, '', 0, '', 1, 1, NULL, '', '2.50'),
(33, 'PRO2235', 'TH40 COVER', '', '', '', '0.00', '0.00000000', NULL, NULL, NULL, NULL, NULL, NULL, NULL, NULL, NULL, 1, '', NULL, '', '', '', '', '', NULL, '', NULL, '', 0, '', 1, 1, NULL, '', '7.50'),
(34, 'PRO2236', 'TH40 FRAME', '', '', '', '0.00', '0.00000000', NULL, NULL, NULL, NULL, NULL, NULL, NULL, NULL, NULL, 1, '', NULL, '', '', '', '', '', NULL, '', NULL, '', 0, '', 1, 1, NULL, '', '3.00'),
(35, 'PRO2237', 'TH50 COVER', '', '', '', '0.00', '0.00000000', NULL, NULL, NULL, NULL, NULL, NULL, NULL, NULL, NULL, 1, '', NULL, '', '', '', '', '', NULL, '', NULL, '', 0, '', 1, 1, NULL, '', '12.00'),
(36, 'PRO2238', 'TH50 FRAME', '', '', '', '0.00', '0.00000000', NULL, NULL, NULL, NULL, NULL, NULL, NULL, NULL, NULL, 1, '', NULL, '', '', '', '', '', NULL, '', NULL, '', 0, '', 1, 1, NULL, '', '4.00'),
(37, 'PRO2239', 'TH60 COVER', '', '', '', '0.00', '0.00000000', NULL, NULL, NULL, NULL, NULL, NULL, NULL, NULL, NULL, 1, '', NULL, '', '', '', '', '', NULL, '', NULL, '', 0, '', 1, 1, NULL, '', '18.00'),
(38, 'PRO2240', 'TH60 FRAME', '', '', '', '0.00', '0.00000000', NULL, NULL, NULL, NULL, NULL, NULL, NULL, NULL, NULL, 1, '', NULL, '', '', '', '', '', NULL, '', NULL, '', 0, '', 1, 1, NULL, '', '5.50'),
(39, 'PRO2241', 'TH40LC COVER', '', '', '', '0.00', '0.00000000', NULL, NULL, NULL, NULL, NULL, NULL, NULL, NULL, NULL, 1, '', NULL, '', '', '', '', '', NULL, '', NULL, '', 0, '', 1, 1, NULL, '', '5.00'),
(40, 'PRO2242', 'TH40LC FRAME', '', '', '', '0.00', '0.00000000', NULL, NULL, NULL, NULL, NULL, NULL, NULL, NULL, NULL, 1, '', NULL, '', '', '', '', '', NULL, '', NULL, '', 0, '', 1, 1, NULL, '', '2.50'),
(41, 'PRO2243', 'TH50LC COVER', '', '', '', '0.00', '0.00000000', NULL, NULL, NULL, NULL, NULL, NULL, NULL, NULL, NULL, 1, '', NULL, '', '', '', '', '', NULL, '', NULL, '', 0, '', 1, 1, NULL, '', '9.00'),
(42, 'PRO2244', 'TH50LC FRAME', '', '', '', '0.00', '0.00000000', NULL, NULL, NULL, NULL, NULL, NULL, NULL, NULL, NULL, 1, '', NULL, '', '', '', '', '', NULL, '', NULL, '', 0, '', 1, 1, NULL, '', '4.00'),
(43, 'PRO2245', 'TH60LC COVER', '', '', '', '0.00', '0.00000000', NULL, NULL, NULL, NULL, NULL, NULL, NULL, NULL, NULL, 1, '', NULL, '', '', '', '', '', NULL, '', NULL, '', 0, '', 1, 1, NULL, '', '15.00'),
(44, 'PRO2246', 'TH60LC FRAME', '', '', '', '0.00', '0.00000000', NULL, NULL, NULL, NULL, NULL, NULL, NULL, NULL, NULL, 1, '', NULL, '', '', '', '', '', NULL, '', NULL, '', 0, '', 1, 1, NULL, '', '4.00'),
(45, 'PRO2247', 'R0199RN4 GRATE', '', '', '', '0.00', '0.00000000', NULL, NULL, NULL, NULL, NULL, NULL, NULL, NULL, NULL, 1, '', NULL, '', '', '', '', '', NULL, '', NULL, '', 0, '', 1, 1, NULL, '', '47.00'),
(46, 'PRO2248', 'T2061NAN COVER', '', '', '', '0.00', '0.00000000', NULL, NULL, NULL, NULL, NULL, NULL, NULL, NULL, NULL, 1, '', NULL, '', '', '', '', '', NULL, '', NULL, '', 0, '', 1, 1, NULL, '', '26.50'),
(47, 'PRO2249', 'T2061NAN FRAME', '', '', '', '0.00', '0.00000000', NULL, NULL, NULL, NULL, NULL, NULL, NULL, NULL, NULL, 1, '', NULL, '', '', '', '', '', NULL, '', NULL, '', 0, '', 1, 1, NULL, '', '16.00'),
(48, 'PRO2250', 'TH42EADUC COVER', '', '', '', '0.00', '0.00000000', NULL, NULL, NULL, NULL, NULL, NULL, NULL, NULL, NULL, 1, '', NULL, '', '', '', '', '', NULL, '', NULL, '', 0, '', 1, 1, NULL, '', '7.00'),
(49, 'PRO2251', 'TH42EADUC FRAME', '', '', '', '0.00', '0.00000000', NULL, NULL, NULL, NULL, NULL, NULL, NULL, NULL, NULL, 1, '', NULL, '', '', '', '', '', NULL, '', NULL, '', 0, '', 1, 1, NULL, '', '4.00'),
(50, 'PRO2252', 'RM25 GRATE', '', '', '', '0.00', '0.00000000', NULL, NULL, NULL, NULL, NULL, NULL, NULL, NULL, NULL, 1, '', NULL, '', '', '', '', '', NULL, '', NULL, '', 0, '', 1, 1, NULL, '', '14.00'),
(51, 'PRO2253', 'RM40 GRATE', '', '', '', '0.00', '0.00000000', NULL, NULL, NULL, NULL, NULL, NULL, NULL, NULL, NULL, 1, '', NULL, '', '', '', '', '', NULL, '', NULL, '', 0, '', 1, 1, NULL, '', '25.50'),
(52, 'PRO2254', 'RM50 GRATE', '', '', '', '0.00', '0.00000000', NULL, NULL, NULL, NULL, NULL, NULL, NULL, NULL, NULL, 1, '', NULL, '', '', '', '', '', NULL, '', NULL, '', 0, '', 1, 1, NULL, '', '34.00'),
(53, 'PRO2255', 'RM60 GRATE', '', '', '', '0.00', '0.00000000', NULL, NULL, NULL, NULL, NULL, NULL, NULL, NULL, NULL, 1, '', NULL, '', '', '', '', '', NULL, '', NULL, '', 0, '', 1, 1, NULL, '', '42.00');

-- --------------------------------------------------------

--
-- Table structure for table `vtiger_producttaxrel`
--

CREATE TABLE `vtiger_producttaxrel` (
  `productid` int(11) NOT NULL,
  `taxid` int(3) NOT NULL,
  `taxpercentage` decimal(7,3) DEFAULT NULL,
  `regions` text
) ENGINE=InnoDB DEFAULT CHARSET=utf8;

-- --------------------------------------------------------

--
-- Table structure for table `vtiger_profile`
--

CREATE TABLE `vtiger_profile` (
  `profileid` int(10) NOT NULL,
  `profilename` varchar(50) NOT NULL,
  `description` text,
  `directly_related_to_role` int(1) DEFAULT '0'
) ENGINE=InnoDB DEFAULT CHARSET=utf8;

--
-- Dumping data for table `vtiger_profile`
--

INSERT INTO `vtiger_profile` (`profileid`, `profilename`, `description`, `directly_related_to_role`) VALUES
(1, 'Administrator', 'Admin Profile', 0),
(2, 'Sales Profile', 'Profile Related to Sales', 0),
(3, 'Support Profile', 'Profile Related to Support', 0),
(4, 'Guest Profile', 'Guest Profile for Test Users', 0);

-- --------------------------------------------------------

--
-- Table structure for table `vtiger_profile2field`
--

CREATE TABLE `vtiger_profile2field` (
  `profileid` int(11) NOT NULL,
  `tabid` int(10) DEFAULT NULL,
  `fieldid` int(19) NOT NULL,
  `visible` int(19) DEFAULT NULL,
  `readonly` int(19) DEFAULT NULL
) ENGINE=InnoDB DEFAULT CHARSET=utf8;

--
-- Dumping data for table `vtiger_profile2field`
--

INSERT INTO `vtiger_profile2field` (`profileid`, `tabid`, `fieldid`, `visible`, `readonly`) VALUES
(1, 6, 1, 0, 0),
(1, 6, 2, 0, 0),
(1, 6, 3, 0, 0),
(1, 6, 4, 0, 0),
(1, 6, 5, 0, 0),
(1, 6, 6, 0, 0),
(1, 6, 7, 0, 0),
(1, 6, 8, 0, 0),
(1, 6, 9, 0, 0),
(1, 6, 10, 0, 0),
(1, 6, 11, 0, 0),
(1, 6, 12, 0, 0),
(1, 6, 13, 0, 0),
(1, 6, 14, 0, 0),
(1, 6, 15, 0, 0),
(1, 6, 16, 0, 0),
(1, 6, 17, 0, 0),
(1, 6, 18, 0, 0),
(1, 6, 19, 0, 0),
(1, 6, 20, 0, 0),
(1, 6, 21, 0, 0),
(1, 6, 22, 0, 0),
(1, 6, 23, 0, 0),
(1, 6, 24, 0, 0),
(1, 6, 25, 0, 0),
(1, 6, 26, 0, 0),
(1, 6, 27, 0, 0),
(1, 6, 28, 0, 0),
(1, 6, 29, 0, 0),
(1, 6, 30, 0, 0),
(1, 6, 31, 0, 0),
(1, 6, 32, 0, 0),
(1, 6, 33, 0, 0),
(1, 6, 34, 0, 0),
(1, 6, 35, 0, 0),
(1, 6, 36, 0, 0),
(1, 7, 37, 0, 0),
(1, 7, 38, 0, 0),
(1, 7, 39, 0, 0),
(1, 7, 40, 0, 0),
(1, 7, 41, 0, 0),
(1, 7, 42, 0, 0),
(1, 7, 43, 0, 0),
(1, 7, 44, 0, 0),
(1, 7, 45, 0, 0),
(1, 7, 46, 0, 0),
(1, 7, 47, 0, 0),
(1, 7, 48, 0, 0),
(1, 7, 49, 0, 0),
(1, 7, 50, 0, 0),
(1, 7, 51, 0, 0),
(1, 7, 52, 0, 0),
(1, 7, 53, 0, 0),
(1, 7, 54, 0, 0),
(1, 7, 55, 0, 0),
(1, 7, 56, 0, 0),
(1, 7, 57, 0, 0),
(1, 7, 58, 0, 0),
(1, 7, 59, 0, 0),
(1, 7, 60, 0, 0),
(1, 7, 61, 0, 0),
(1, 7, 62, 0, 0),
(1, 7, 63, 0, 0),
(1, 7, 64, 0, 0),
(1, 7, 65, 0, 0),
(1, 4, 66, 0, 0),
(1, 4, 67, 0, 0),
(1, 4, 68, 0, 0),
(1, 4, 69, 0, 0),
(1, 4, 70, 0, 0),
(1, 4, 71, 0, 0),
(1, 4, 72, 0, 0),
(1, 4, 73, 0, 0),
(1, 4, 74, 0, 0),
(1, 4, 75, 0, 0),
(1, 4, 76, 0, 0),
(1, 4, 77, 0, 0),
(1, 4, 78, 0, 0),
(1, 4, 79, 0, 0),
(1, 4, 80, 0, 0),
(1, 4, 81, 0, 0),
(1, 4, 82, 0, 0),
(1, 4, 83, 0, 0),
(1, 4, 84, 0, 0),
(1, 4, 85, 0, 0),
(1, 4, 86, 0, 0),
(1, 4, 87, 0, 0),
(1, 4, 88, 0, 0),
(1, 4, 89, 0, 0),
(1, 4, 90, 0, 0),
(1, 4, 91, 0, 0),
(1, 4, 92, 0, 0),
(1, 4, 93, 0, 0),
(1, 4, 94, 0, 0),
(1, 4, 95, 0, 0),
(1, 4, 96, 0, 0),
(1, 4, 97, 0, 0),
(1, 4, 98, 0, 0),
(1, 4, 99, 0, 0),
(1, 4, 100, 0, 0),
(1, 4, 101, 0, 0),
(1, 4, 102, 0, 0),
(1, 4, 103, 0, 0),
(1, 4, 104, 0, 0),
(1, 4, 105, 0, 0),
(1, 4, 106, 0, 0),
(1, 4, 107, 0, 0),
(1, 4, 108, 0, 0),
(1, 4, 109, 0, 0),
(1, 2, 110, 0, 0),
(1, 2, 111, 0, 0),
(1, 2, 112, 0, 0),
(1, 2, 113, 0, 0),
(1, 2, 114, 0, 0),
(1, 2, 115, 0, 0),
(1, 2, 116, 0, 0),
(1, 2, 117, 0, 0),
(1, 2, 118, 0, 0),
(1, 2, 119, 0, 0),
(1, 2, 120, 0, 0),
(1, 2, 121, 0, 0),
(1, 2, 122, 0, 0),
(1, 2, 123, 0, 0),
(1, 2, 124, 0, 0),
(1, 2, 125, 0, 0),
(1, 26, 126, 0, 0),
(1, 26, 127, 0, 0),
(1, 26, 128, 0, 0),
(1, 26, 129, 0, 0),
(1, 26, 130, 0, 0),
(1, 26, 131, 0, 0),
(1, 26, 132, 0, 0),
(1, 26, 133, 0, 0),
(1, 26, 134, 0, 0),
(1, 26, 135, 0, 0),
(1, 26, 136, 0, 0),
(1, 26, 137, 0, 0),
(1, 26, 138, 0, 0),
(1, 26, 139, 0, 0),
(1, 26, 140, 0, 0),
(1, 26, 141, 0, 0),
(1, 26, 142, 0, 0),
(1, 26, 143, 0, 0),
(1, 26, 144, 0, 0),
(1, 26, 145, 0, 0),
(1, 26, 146, 0, 0),
(1, 26, 147, 0, 0),
(1, 26, 148, 0, 0),
(1, 26, 149, 0, 0),
(1, 26, 150, 0, 0),
(1, 4, 151, 0, 0),
(1, 6, 152, 0, 0),
(1, 7, 153, 0, 0),
(1, 26, 154, 0, 0),
(1, 13, 155, 0, 0),
(1, 13, 156, 0, 0),
(1, 13, 157, 0, 0),
(1, 13, 158, 0, 0),
(1, 13, 159, 0, 0),
(1, 13, 160, 0, 0),
(1, 13, 161, 0, 0),
(1, 13, 162, 0, 0),
(1, 13, 163, 0, 0),
(1, 13, 164, 0, 0),
(1, 13, 165, 0, 0),
(1, 13, 166, 0, 0),
(1, 13, 167, 0, 0),
(1, 13, 168, 0, 0),
(1, 13, 169, 0, 0),
(1, 13, 170, 0, 0),
(1, 13, 171, 0, 0),
(1, 13, 172, 0, 0),
(1, 13, 173, 0, 0),
(1, 14, 174, 0, 0),
(1, 14, 175, 0, 0),
(1, 14, 176, 0, 0),
(1, 14, 177, 0, 0),
(1, 14, 178, 0, 0),
(1, 14, 179, 0, 0),
(1, 14, 180, 0, 0),
(1, 14, 181, 0, 0),
(1, 14, 182, 0, 0),
(1, 14, 183, 0, 0),
(1, 14, 184, 0, 0),
(1, 14, 185, 0, 0),
(1, 14, 186, 0, 0),
(1, 14, 187, 0, 0),
(1, 14, 188, 0, 0),
(1, 14, 189, 0, 0),
(1, 14, 190, 0, 0),
(1, 14, 191, 0, 0),
(1, 14, 192, 0, 0),
(1, 14, 193, 0, 0),
(1, 14, 194, 0, 0),
(1, 14, 195, 0, 0),
(1, 14, 196, 0, 0),
(1, 14, 197, 0, 0),
(1, 14, 198, 0, 0),
(1, 14, 199, 0, 0),
(1, 14, 200, 0, 0),
(1, 14, 201, 0, 0),
(1, 14, 202, 0, 0),
(1, 14, 203, 0, 0),
(1, 14, 204, 0, 0),
(1, 8, 205, 0, 0),
(1, 8, 206, 0, 0),
(1, 8, 207, 0, 0),
(1, 8, 208, 0, 0),
(1, 8, 209, 0, 0),
(1, 8, 210, 0, 0),
(1, 8, 211, 0, 0),
(1, 8, 212, 0, 0),
(1, 8, 213, 0, 0),
(1, 8, 214, 0, 0),
(1, 8, 215, 0, 0),
(1, 8, 216, 0, 0),
(1, 8, 217, 0, 0),
(1, 8, 218, 0, 0),
(1, 8, 219, 0, 0),
(1, 10, 220, 0, 0),
(1, 10, 221, 0, 0),
(1, 10, 222, 0, 0),
(1, 10, 223, 0, 0),
(1, 10, 224, 0, 0),
(1, 10, 225, 0, 0),
(1, 10, 226, 0, 0),
(1, 10, 227, 0, 0),
(1, 10, 228, 0, 0),
(1, 10, 229, 0, 0),
(1, 10, 230, 0, 0),
(1, 10, 231, 0, 0),
(1, 9, 232, 0, 0),
(1, 9, 233, 0, 0),
(1, 9, 234, 0, 0),
(1, 9, 235, 0, 0),
(1, 9, 236, 0, 0),
(1, 9, 237, 0, 0),
(1, 9, 238, 0, 0),
(1, 9, 239, 0, 0),
(1, 9, 240, 0, 0),
(1, 9, 241, 0, 0),
(1, 9, 242, 0, 0),
(1, 9, 243, 0, 0),
(1, 9, 244, 0, 0),
(1, 9, 245, 0, 0),
(1, 9, 246, 0, 0),
(1, 9, 247, 0, 0),
(1, 9, 248, 0, 0),
(1, 9, 249, 0, 0),
(1, 9, 250, 0, 0),
(1, 9, 251, 0, 0),
(1, 9, 252, 0, 0),
(1, 9, 253, 0, 0),
(1, 9, 254, 0, 0),
(1, 9, 255, 0, 0),
(1, 16, 256, 0, 0),
(1, 16, 257, 0, 0),
(1, 16, 258, 0, 0),
(1, 16, 259, 0, 0),
(1, 16, 260, 0, 0),
(1, 16, 261, 0, 0),
(1, 16, 262, 0, 0),
(1, 16, 263, 0, 0),
(1, 16, 264, 0, 0),
(1, 16, 265, 0, 0),
(1, 16, 266, 0, 0),
(1, 16, 267, 0, 0),
(1, 16, 268, 0, 0),
(1, 16, 269, 0, 0),
(1, 16, 270, 0, 0),
(1, 16, 271, 0, 0),
(1, 16, 272, 0, 0),
(1, 16, 273, 0, 0),
(1, 16, 274, 0, 0),
(1, 16, 275, 0, 0),
(1, 16, 276, 0, 0),
(1, 16, 277, 0, 0),
(1, 16, 278, 0, 0),
(1, 15, 279, 0, 0),
(1, 15, 280, 0, 0),
(1, 15, 281, 0, 0),
(1, 15, 282, 0, 0),
(1, 15, 283, 0, 0),
(1, 15, 284, 0, 0),
(1, 15, 285, 0, 0),
(1, 15, 286, 0, 0),
(1, 15, 287, 0, 0),
(1, 15, 288, 0, 0),
(1, 18, 289, 0, 0),
(1, 18, 290, 0, 0),
(1, 18, 291, 0, 0),
(1, 18, 292, 0, 0),
(1, 18, 293, 0, 0),
(1, 18, 294, 0, 0),
(1, 18, 295, 0, 0),
(1, 18, 296, 0, 0),
(1, 18, 297, 0, 0),
(1, 18, 298, 0, 0),
(1, 18, 299, 0, 0),
(1, 18, 300, 0, 0),
(1, 18, 301, 0, 0),
(1, 18, 302, 0, 0),
(1, 18, 303, 0, 0),
(1, 18, 304, 0, 0),
(1, 18, 305, 0, 0),
(1, 19, 306, 0, 0),
(1, 19, 307, 0, 0),
(1, 19, 308, 0, 0),
(1, 19, 309, 0, 0),
(1, 19, 310, 0, 0),
(1, 19, 311, 0, 0),
(1, 19, 312, 0, 0),
(1, 19, 313, 0, 0),
(1, 20, 314, 0, 0),
(1, 20, 315, 0, 0),
(1, 20, 316, 0, 0),
(1, 20, 317, 0, 0),
(1, 20, 318, 0, 0),
(1, 20, 319, 0, 0),
(1, 20, 320, 0, 0),
(1, 20, 321, 0, 0),
(1, 20, 322, 0, 0),
(1, 20, 323, 0, 0),
(1, 20, 324, 0, 0),
(1, 20, 325, 0, 0),
(1, 20, 326, 0, 0),
(1, 20, 327, 0, 0),
(1, 20, 328, 0, 0),
(1, 20, 329, 0, 0),
(1, 20, 330, 0, 0),
(1, 20, 331, 0, 0),
(1, 20, 332, 0, 0),
(1, 20, 333, 0, 0),
(1, 20, 334, 0, 0),
(1, 20, 335, 0, 0),
(1, 20, 336, 0, 0),
(1, 20, 337, 0, 0),
(1, 20, 338, 0, 0),
(1, 20, 339, 0, 0),
(1, 20, 340, 0, 0),
(1, 20, 341, 0, 0),
(1, 20, 342, 0, 0),
(1, 20, 343, 0, 0),
(1, 20, 344, 0, 0),
(1, 20, 345, 0, 0),
(1, 20, 346, 0, 0),
(1, 20, 347, 0, 0),
(1, 20, 348, 0, 0),
(1, 20, 349, 0, 0),
(1, 20, 350, 0, 0),
(1, 21, 351, 0, 0),
(1, 21, 352, 0, 0),
(1, 21, 353, 0, 0),
(1, 21, 354, 0, 0),
(1, 21, 355, 0, 0),
(1, 21, 356, 0, 0),
(1, 21, 357, 0, 0),
(1, 21, 358, 0, 0),
(1, 21, 359, 0, 0),
(1, 21, 360, 0, 0),
(1, 21, 361, 0, 0),
(1, 21, 362, 0, 0),
(1, 21, 363, 0, 0),
(1, 21, 364, 0, 0),
(1, 21, 365, 0, 0),
(1, 21, 366, 0, 0),
(1, 21, 367, 0, 0),
(1, 21, 368, 0, 0),
(1, 21, 369, 0, 0),
(1, 21, 370, 0, 0),
(1, 21, 371, 0, 0),
(1, 21, 372, 0, 0),
(1, 21, 373, 0, 0),
(1, 21, 374, 0, 0),
(1, 21, 375, 0, 0),
(1, 21, 376, 0, 0),
(1, 21, 377, 0, 0),
(1, 21, 378, 0, 0),
(1, 21, 379, 0, 0),
(1, 21, 380, 0, 0),
(1, 21, 381, 0, 0),
(1, 21, 382, 0, 0),
(1, 21, 383, 0, 0),
(1, 21, 384, 0, 0),
(1, 21, 385, 0, 0),
(1, 21, 386, 0, 0),
(1, 21, 387, 0, 0),
(1, 21, 388, 0, 0),
(1, 22, 389, 0, 0),
(1, 22, 390, 0, 0),
(1, 22, 391, 0, 0),
(1, 22, 392, 0, 0),
(1, 22, 393, 0, 0),
(1, 22, 394, 0, 0),
(1, 22, 395, 0, 0),
(1, 22, 396, 0, 0),
(1, 22, 397, 0, 0),
(1, 22, 398, 0, 0),
(1, 22, 399, 0, 0),
(1, 22, 400, 0, 0),
(1, 22, 401, 0, 0),
(1, 22, 402, 0, 0),
(1, 22, 403, 0, 0),
(1, 22, 404, 0, 0),
(1, 22, 405, 0, 0),
(1, 22, 406, 0, 0),
(1, 22, 407, 0, 0),
(1, 22, 408, 0, 0),
(1, 22, 409, 0, 0),
(1, 22, 410, 0, 0),
(1, 22, 411, 0, 0),
(1, 22, 412, 0, 0),
(1, 22, 413, 0, 0),
(1, 22, 414, 0, 0),
(1, 22, 415, 0, 0),
(1, 22, 416, 0, 0),
(1, 22, 417, 0, 0),
(1, 22, 418, 0, 0),
(1, 22, 419, 0, 0),
(1, 22, 420, 0, 0),
(1, 22, 421, 0, 0),
(1, 22, 422, 0, 0),
(1, 22, 423, 0, 0),
(1, 22, 424, 0, 0),
(1, 22, 425, 0, 0),
(1, 22, 426, 0, 0),
(1, 22, 427, 0, 0),
(1, 22, 428, 0, 0),
(1, 22, 429, 0, 0),
(1, 22, 430, 0, 0),
(1, 22, 431, 0, 0),
(1, 22, 432, 0, 0),
(1, 22, 433, 0, 0),
(1, 22, 434, 0, 0),
(1, 22, 435, 0, 0),
(1, 23, 436, 0, 0),
(1, 23, 437, 0, 0),
(1, 23, 438, 0, 0),
(1, 23, 439, 0, 0),
(1, 23, 440, 0, 0),
(1, 23, 441, 0, 0),
(1, 23, 442, 0, 0),
(1, 23, 443, 0, 0),
(1, 23, 444, 0, 0),
(1, 23, 445, 0, 0),
(1, 23, 446, 0, 0),
(1, 23, 447, 0, 0),
(1, 23, 448, 0, 0),
(1, 23, 449, 0, 0),
(1, 23, 450, 0, 0),
(1, 23, 451, 0, 0),
(1, 23, 452, 0, 0),
(1, 23, 453, 0, 0),
(1, 23, 454, 0, 0),
(1, 23, 455, 0, 0),
(1, 23, 456, 0, 0),
(1, 23, 457, 0, 0),
(1, 23, 458, 0, 0),
(1, 23, 459, 0, 0),
(1, 23, 460, 0, 0),
(1, 23, 461, 0, 0),
(1, 23, 462, 0, 0),
(1, 23, 463, 0, 0),
(1, 23, 464, 0, 0),
(1, 23, 465, 0, 0),
(1, 23, 466, 0, 0),
(1, 23, 467, 0, 0),
(1, 23, 468, 0, 0),
(1, 23, 469, 0, 0),
(1, 23, 470, 0, 0),
(1, 23, 471, 0, 0),
(1, 23, 472, 0, 0),
(1, 23, 473, 0, 0),
(1, 23, 474, 0, 0),
(1, 29, 475, 0, 0),
(1, 29, 479, 0, 0),
(1, 29, 480, 0, 0),
(1, 29, 482, 0, 0),
(1, 29, 489, 0, 0),
(1, 29, 490, 0, 0),
(1, 29, 491, 0, 0),
(1, 29, 492, 0, 0),
(1, 29, 493, 0, 0),
(1, 29, 495, 0, 0),
(1, 29, 496, 0, 0),
(1, 29, 497, 0, 0),
(1, 29, 498, 0, 0),
(1, 29, 499, 0, 0),
(1, 29, 504, 0, 0),
(1, 29, 505, 0, 0),
(1, 29, 506, 0, 0),
(1, 29, 507, 0, 0),
(1, 29, 515, 0, 0),
(1, 10, 520, 0, 0),
(1, 10, 521, 0, 0),
(1, 10, 522, 0, 0),
(1, 10, 523, 0, 0),
(1, 10, 524, 0, 0),
(1, 10, 525, 0, 0),
(1, 30, 526, 0, 0),
(1, 30, 527, 0, 0),
(1, 30, 528, 0, 0),
(1, 30, 529, 0, 0),
(1, 30, 530, 0, 0),
(1, 30, 531, 0, 0),
(1, 30, 532, 0, 0),
(1, 30, 533, 0, 0),
(1, 30, 534, 0, 0),
(1, 30, 535, 0, 0),
(1, 30, 536, 0, 0),
(1, 30, 537, 0, 0),
(1, 30, 538, 0, 0),
(1, 30, 539, 0, 0),
(1, 30, 540, 0, 0),
(1, 30, 541, 0, 0),
(1, 30, 542, 0, 0),
(1, 29, 543, 0, 0),
(1, 33, 544, 0, 0),
(1, 33, 545, 0, 0),
(1, 33, 546, 0, 0),
(1, 33, 547, 0, 0),
(1, 33, 548, 0, 0),
(1, 33, 549, 0, 0),
(1, 33, 550, 0, 0),
(1, 33, 551, 0, 0),
(1, 33, 552, 0, 0),
(1, 33, 553, 0, 0),
(1, 33, 554, 0, 0),
(1, 33, 555, 0, 0),
(1, 33, 556, 0, 0),
(1, 33, 557, 0, 0),
(1, 33, 558, 0, 0),
(1, 33, 559, 0, 0),
(1, 33, 560, 0, 0),
(1, 33, 561, 0, 0),
(1, 33, 562, 0, 0),
(1, 33, 563, 0, 0),
(1, 33, 564, 0, 0),
(1, 33, 565, 0, 0),
(1, 37, 566, 0, 0),
(1, 37, 567, 0, 0),
(1, 37, 568, 0, 0),
(1, 37, 569, 0, 0),
(1, 37, 570, 0, 0),
(1, 37, 571, 0, 0),
(1, 37, 572, 0, 0),
(1, 37, 573, 0, 0),
(1, 37, 574, 0, 0),
(1, 37, 575, 0, 0),
(1, 37, 576, 0, 0),
(1, 37, 577, 0, 0),
(1, 37, 578, 0, 0),
(1, 37, 579, 0, 0),
(1, 37, 580, 0, 0),
(1, 37, 581, 0, 0),
(1, 37, 582, 0, 0),
(1, 37, 583, 0, 0),
(1, 37, 584, 0, 0),
(1, 37, 585, 0, 0),
(1, 37, 586, 0, 0),
(1, 37, 587, 0, 0),
(1, 39, 588, 0, 0),
(1, 39, 589, 0, 0),
(1, 39, 590, 0, 0),
(1, 39, 591, 0, 0),
(1, 39, 592, 0, 0),
(1, 39, 593, 0, 0),
(1, 40, 594, 0, 0),
(1, 40, 595, 0, 0),
(1, 40, 596, 0, 0),
(1, 40, 597, 0, 0),
(1, 40, 598, 0, 0),
(1, 40, 599, 0, 0),
(1, 40, 600, 0, 0),
(1, 40, 601, 0, 0),
(1, 40, 602, 0, 0),
(1, 40, 603, 0, 0),
(1, 40, 604, 0, 0),
(1, 40, 605, 0, 0),
(1, 40, 606, 0, 0),
(1, 40, 607, 0, 0),
(1, 40, 608, 0, 0),
(1, 40, 609, 0, 0),
(1, 40, 610, 0, 0),
(1, 40, 611, 0, 0),
(1, 40, 612, 0, 0),
(1, 40, 613, 0, 0),
(1, 40, 614, 0, 0),
(1, 41, 615, 0, 0),
(1, 41, 616, 0, 0),
(1, 41, 617, 0, 0),
(1, 41, 618, 0, 0),
(1, 41, 619, 0, 0),
(1, 41, 620, 0, 0),
(1, 41, 621, 0, 0),
(1, 41, 622, 0, 0),
(1, 45, 623, 0, 0),
(1, 45, 624, 0, 0),
(1, 45, 625, 0, 0),
(1, 45, 626, 0, 0),
(1, 45, 627, 0, 0),
(1, 45, 628, 0, 0),
(1, 45, 629, 0, 0),
(1, 45, 630, 0, 0),
(1, 45, 631, 0, 0),
(1, 45, 632, 0, 0),
(1, 45, 633, 0, 0),
(1, 45, 634, 0, 0),
(1, 45, 635, 0, 0),
(1, 46, 636, 0, 0),
(1, 46, 637, 0, 0),
(1, 46, 638, 0, 0),
(1, 46, 639, 0, 0),
(1, 46, 640, 0, 0),
(1, 46, 641, 0, 0),
(1, 46, 642, 0, 0),
(1, 46, 643, 0, 0),
(1, 46, 644, 0, 0),
(1, 46, 645, 0, 0),
(1, 46, 646, 0, 0),
(1, 46, 647, 0, 0),
(1, 46, 648, 0, 0),
(1, 46, 649, 0, 0),
(1, 46, 650, 0, 0),
(1, 46, 651, 0, 0),
(1, 46, 652, 0, 0),
(1, 46, 653, 0, 0),
(1, 47, 654, 0, 0),
(1, 47, 655, 0, 0),
(1, 47, 656, 0, 0),
(1, 47, 657, 0, 0),
(1, 47, 658, 0, 0),
(1, 47, 659, 0, 0),
(1, 47, 660, 0, 0),
(1, 47, 661, 0, 0),
(1, 47, 662, 0, 0),
(1, 47, 663, 0, 0),
(1, 47, 664, 0, 0),
(1, 47, 665, 0, 0),
(1, 47, 666, 0, 0),
(1, 47, 667, 0, 0),
(1, 47, 668, 0, 0),
(1, 47, 669, 0, 0),
(1, 47, 670, 0, 0),
(1, 47, 671, 0, 0),
(1, 47, 672, 0, 0),
(1, 47, 673, 0, 0),
(1, 2, 674, 0, 0),
(1, 29, 675, 0, 0),
(1, 23, 676, 0, 0),
(1, 23, 677, 0, 0),
(1, 23, 678, 0, 0),
(1, 23, 679, 0, 0),
(1, 23, 680, 0, 0),
(1, 23, 681, 0, 0),
(1, 23, 682, 0, 0),
(1, 23, 683, 0, 0),
(1, 23, 684, 0, 0),
(1, 22, 685, 0, 0),
(1, 22, 686, 0, 0),
(1, 22, 687, 0, 0),
(1, 22, 688, 0, 0),
(1, 22, 689, 0, 0),
(1, 22, 690, 0, 0),
(1, 22, 691, 0, 0),
(1, 22, 692, 0, 0),
(1, 22, 693, 0, 0),
(1, 21, 694, 0, 0),
(1, 21, 695, 0, 0),
(1, 21, 696, 0, 0),
(1, 21, 697, 0, 0),
(1, 21, 698, 0, 0),
(1, 21, 699, 0, 0),
(1, 21, 700, 0, 0),
(1, 21, 701, 0, 0),
(1, 21, 702, 0, 0),
(1, 20, 703, 0, 0),
(1, 20, 704, 0, 0),
(1, 20, 705, 0, 0),
(1, 20, 706, 0, 0),
(1, 20, 707, 0, 0),
(1, 20, 708, 0, 0),
(1, 20, 709, 0, 0),
(1, 20, 710, 0, 0),
(1, 20, 711, 0, 0),
(1, 29, 712, 0, 0),
(1, 46, 713, 0, 0),
(1, 41, 714, 0, 0),
(1, 29, 715, 0, 0),
(1, 29, 716, 0, 0),
(1, 29, 717, 0, 0),
(1, 23, 718, 0, 0),
(1, 22, 719, 0, 0),
(1, 21, 720, 0, 0),
(1, 20, 721, 0, 0),
(1, 29, 722, 0, 0),
(1, 6, 723, 0, 0),
(1, 4, 724, 0, 0),
(1, 2, 725, 0, 0),
(1, 29, 726, 0, 0),
(1, 23, 727, 0, 0),
(1, 23, 728, 0, 0),
(1, 21, 729, 0, 0),
(1, 21, 730, 0, 0),
(1, 18, 731, 0, 0),
(1, 7, 732, 0, 0),
(1, 41, 733, 0, 0),
(1, 41, 734, 0, 0),
(1, 23, 735, 0, 0),
(1, 20, 736, 0, 0),
(1, 21, 737, 0, 0),
(1, 22, 738, 0, 0),
(1, 29, 739, 0, 0),
(1, 2, 740, 0, 0),
(1, 13, 741, 0, 0),
(1, 29, 742, 0, 0),
(1, 29, 743, 0, 0),
(1, 29, 744, 0, 0),
(1, 29, 745, 0, 0),
(1, 14, 772, 0, 0),
(1, 33, 773, 0, 0),
(1, 23, 774, 0, 0),
(1, 29, 775, 0, 0),
(1, 23, 776, 0, 0),
(1, 23, 777, 0, 0),
(1, 23, 778, 0, 0),
(1, 20, 779, 0, 0),
(1, 20, 780, 0, 0),
(1, 20, 781, 0, 0),
(1, 21, 782, 0, 0),
(1, 22, 783, 0, 0),
(1, 22, 784, 0, 0),
(1, 22, 785, 0, 0),
(1, 41, 786, 0, 0),
(1, 41, 787, 0, 0),
(1, 41, 788, 0, 0),
(1, 2, 789, 0, 0),
(1, 4, 790, 0, 0),
(1, 6, 791, 0, 0),
(1, 7, 792, 0, 0),
(1, 8, 793, 0, 0),
(1, 9, 794, 0, 0),
(1, 10, 795, 0, 0),
(1, 13, 796, 0, 0),
(1, 14, 797, 0, 0),
(1, 15, 798, 0, 0),
(1, 16, 799, 0, 0),
(1, 18, 800, 0, 0),
(1, 19, 801, 0, 0),
(1, 20, 802, 0, 0),
(1, 21, 803, 0, 0),
(1, 22, 804, 0, 0),
(1, 23, 805, 0, 0),
(1, 26, 806, 0, 0),
(1, 10, 807, 0, 0),
(1, 2, 808, 0, 0),
(1, 4, 809, 0, 0),
(1, 6, 810, 0, 0),
(1, 7, 811, 0, 0),
(1, 8, 812, 0, 0),
(1, 9, 813, 0, 0),
(1, 10, 814, 0, 0),
(1, 13, 815, 0, 0),
(1, 14, 816, 0, 0),
(1, 15, 817, 0, 0),
(1, 16, 818, 0, 0),
(1, 18, 819, 0, 0),
(1, 19, 820, 0, 0),
(1, 20, 821, 0, 0),
(1, 21, 822, 0, 0),
(1, 22, 823, 0, 0),
(1, 23, 824, 0, 0),
(1, 26, 825, 0, 0),
(1, 30, 826, 0, 0),
(1, 2, 827, 0, 0),
(1, 4, 828, 0, 0),
(1, 6, 829, 0, 0),
(1, 7, 830, 0, 0),
(1, 8, 831, 0, 0),
(1, 9, 832, 0, 0),
(1, 10, 833, 0, 0),
(1, 13, 834, 0, 0),
(1, 14, 835, 0, 0),
(1, 15, 836, 0, 0),
(1, 16, 837, 0, 0),
(1, 18, 838, 0, 0),
(1, 19, 839, 0, 0),
(1, 20, 840, 0, 0),
(1, 21, 841, 0, 0),
(1, 22, 842, 0, 0),
(1, 23, 843, 0, 0),
(1, 26, 844, 0, 0),
(1, 30, 845, 0, 0),
(1, 20, 846, 0, 0),
(1, 21, 847, 0, 0),
(1, 22, 848, 0, 0),
(1, 23, 849, 0, 0),
(1, 47, 850, 0, 0),
(1, 47, 851, 0, 0),
(1, 50, 852, 0, 0),
(1, 50, 853, 0, 0),
(1, 50, 854, 0, 0),
(1, 50, 855, 0, 0),
(1, 50, 856, 0, 0),
(1, 50, 857, 0, 0),
(1, 50, 858, 0, 0),
(1, 50, 859, 0, 0),
(1, 50, 860, 0, 0),
(1, 50, 861, 0, 0),
(1, 50, 862, 0, 0),
(1, 51, 863, 0, 0),
(1, 51, 864, 0, 0),
(1, 51, 865, 0, 0),
(1, 51, 866, 0, 0),
(1, 51, 867, 0, 0),
(1, 51, 868, 0, 0),
(1, 51, 869, 0, 0),
(1, 51, 870, 0, 0),
(1, 51, 871, 0, 0),
(1, 51, 872, 0, 0),
(1, 51, 873, 0, 0),
(1, 51, 874, 0, 0),
(1, 51, 876, 0, 0),
(1, 51, 878, 0, 0),
(1, 50, 881, 0, 0),
(1, 50, 883, 0, 0),
(1, 50, 884, 0, 0),
(1, 50, 885, 0, 0),
(1, 50, 886, 0, 0),
(1, 50, 887, 0, 0),
(1, 52, 888, 0, 0),
(1, 52, 889, 0, 0),
(1, 52, 890, 0, 0),
(1, 52, 891, 0, 0),
(1, 52, 892, 0, 0),
(1, 52, 893, 0, 0),
(1, 52, 894, 0, 0),
(1, 52, 895, 0, 0),
(1, 52, 896, 0, 0),
(1, 52, 897, 0, 0),
(1, 52, 898, 0, 0),
(1, 52, 899, 0, 0),
(1, 52, 900, 0, 0),
(1, 51, 901, 0, 0),
(1, 51, 903, 0, 0),
(1, 53, 905, 0, 0),
(1, 53, 906, 0, 0),
(1, 53, 907, 0, 0),
(1, 53, 908, 0, 0),
(1, 53, 909, 0, 0),
(1, 53, 910, 0, 0),
(1, 53, 911, 0, 0),
(1, 53, 912, 0, 0),
(1, 53, 913, 0, 0),
(1, 54, 921, 0, 0),
(1, 54, 922, 0, 0),
(1, 54, 923, 0, 0),
(1, 54, 924, 0, 0),
(1, 54, 925, 0, 0),
(1, 54, 926, 0, 0),
(1, 54, 927, 0, 0),
(1, 54, 928, 0, 0),
(1, 54, 929, 0, 0),
(1, 14, 930, 0, 0),
(1, 50, 931, 0, 0),
(1, 50, 932, 0, 0),
(1, 54, 933, 0, 0),
(1, 55, 934, 0, 0),
(1, 55, 935, 0, 0),
(1, 55, 936, 0, 0),
(1, 55, 937, 0, 0),
(1, 55, 938, 0, 0),
(1, 55, 939, 0, 0),
(1, 55, 940, 0, 0),
(1, 55, 941, 0, 0),
(1, 56, 942, 0, 0),
(1, 56, 943, 0, 0),
(1, 56, 944, 0, 0),
(1, 56, 945, 0, 0),
(1, 56, 946, 0, 0),
(1, 56, 947, 0, 0),
(1, 56, 948, 0, 0),
(1, 56, 949, 0, 0),
(1, 56, 950, 0, 0),
(1, 56, 951, 0, 0),
(1, 56, 952, 0, 0),
(1, 56, 953, 0, 0),
(1, 56, 954, 0, 0),
(1, 56, 955, 0, 0),
(1, 56, 956, 0, 0),
(1, 56, 957, 0, 0),
(1, 56, 958, 0, 0),
(2, 6, 1, 0, 0),
(2, 6, 2, 0, 0),
(2, 6, 3, 0, 0),
(2, 6, 4, 0, 0),
(2, 6, 5, 0, 0),
(2, 6, 6, 0, 0),
(2, 6, 7, 0, 0),
(2, 6, 8, 0, 0),
(2, 6, 9, 0, 0),
(2, 6, 10, 0, 0),
(2, 6, 11, 0, 0),
(2, 6, 12, 0, 0),
(2, 6, 13, 0, 0),
(2, 6, 14, 0, 0),
(2, 6, 15, 0, 0),
(2, 6, 16, 0, 0),
(2, 6, 17, 0, 0),
(2, 6, 18, 0, 0),
(2, 6, 19, 0, 0),
(2, 6, 20, 0, 0),
(2, 6, 21, 0, 0),
(2, 6, 22, 0, 0),
(2, 6, 23, 0, 0),
(2, 6, 24, 0, 0),
(2, 6, 25, 0, 0),
(2, 6, 26, 0, 0),
(2, 6, 27, 0, 0),
(2, 6, 28, 0, 0),
(2, 6, 29, 0, 0),
(2, 6, 30, 0, 0),
(2, 6, 31, 0, 0),
(2, 6, 32, 0, 0),
(2, 6, 33, 0, 0),
(2, 6, 34, 0, 0),
(2, 6, 35, 0, 0),
(2, 6, 36, 0, 0),
(2, 7, 37, 0, 0),
(2, 7, 38, 0, 0),
(2, 7, 39, 0, 0),
(2, 7, 40, 0, 0),
(2, 7, 41, 0, 0),
(2, 7, 42, 0, 0),
(2, 7, 43, 0, 0),
(2, 7, 44, 0, 0),
(2, 7, 45, 0, 0),
(2, 7, 46, 0, 0),
(2, 7, 47, 0, 0),
(2, 7, 48, 0, 0),
(2, 7, 49, 0, 0),
(2, 7, 50, 0, 0),
(2, 7, 51, 0, 0),
(2, 7, 52, 0, 0),
(2, 7, 53, 0, 0),
(2, 7, 54, 0, 0),
(2, 7, 55, 0, 0),
(2, 7, 56, 0, 0),
(2, 7, 57, 0, 0),
(2, 7, 58, 0, 0),
(2, 7, 59, 0, 0),
(2, 7, 60, 0, 0),
(2, 7, 61, 0, 0),
(2, 7, 62, 0, 0),
(2, 7, 63, 0, 0),
(2, 7, 64, 0, 0),
(2, 7, 65, 0, 0),
(2, 4, 66, 0, 0),
(2, 4, 67, 0, 0),
(2, 4, 68, 0, 0),
(2, 4, 69, 0, 0),
(2, 4, 70, 0, 0),
(2, 4, 71, 0, 0),
(2, 4, 72, 0, 0),
(2, 4, 73, 0, 0),
(2, 4, 74, 0, 0),
(2, 4, 75, 0, 0),
(2, 4, 76, 0, 0),
(2, 4, 77, 0, 0),
(2, 4, 78, 0, 0),
(2, 4, 79, 0, 0),
(2, 4, 80, 0, 0),
(2, 4, 81, 0, 0),
(2, 4, 82, 0, 0),
(2, 4, 83, 0, 0),
(2, 4, 84, 0, 0),
(2, 4, 85, 0, 0),
(2, 4, 86, 0, 0),
(2, 4, 87, 0, 0),
(2, 4, 88, 0, 0),
(2, 4, 89, 0, 0),
(2, 4, 90, 0, 0),
(2, 4, 91, 0, 0),
(2, 4, 92, 0, 0),
(2, 4, 93, 0, 0),
(2, 4, 94, 0, 0),
(2, 4, 95, 0, 0),
(2, 4, 96, 0, 0),
(2, 4, 97, 0, 0),
(2, 4, 98, 0, 0),
(2, 4, 99, 0, 0),
(2, 4, 100, 0, 0),
(2, 4, 101, 0, 0),
(2, 4, 102, 0, 0),
(2, 4, 103, 0, 0),
(2, 4, 104, 0, 0),
(2, 4, 105, 0, 0),
(2, 4, 106, 0, 0),
(2, 4, 107, 0, 0),
(2, 4, 108, 0, 0),
(2, 4, 109, 0, 0),
(2, 2, 110, 0, 0),
(2, 2, 111, 0, 0),
(2, 2, 112, 0, 0),
(2, 2, 113, 0, 0),
(2, 2, 114, 0, 0),
(2, 2, 115, 0, 0),
(2, 2, 116, 0, 0),
(2, 2, 117, 0, 0),
(2, 2, 118, 0, 0),
(2, 2, 119, 0, 0),
(2, 2, 120, 0, 0),
(2, 2, 121, 0, 0),
(2, 2, 122, 0, 0),
(2, 2, 123, 0, 0),
(2, 2, 124, 0, 0),
(2, 2, 125, 0, 0),
(2, 26, 126, 0, 0),
(2, 26, 127, 0, 0),
(2, 26, 128, 0, 0),
(2, 26, 129, 0, 0),
(2, 26, 130, 0, 0),
(2, 26, 131, 0, 0),
(2, 26, 132, 0, 0),
(2, 26, 133, 0, 0),
(2, 26, 134, 0, 0),
(2, 26, 135, 0, 0),
(2, 26, 136, 0, 0),
(2, 26, 137, 0, 0),
(2, 26, 138, 0, 0),
(2, 26, 139, 0, 0),
(2, 26, 140, 0, 0),
(2, 26, 141, 0, 0),
(2, 26, 142, 0, 0),
(2, 26, 143, 0, 0),
(2, 26, 144, 0, 0),
(2, 26, 145, 0, 0),
(2, 26, 146, 0, 0),
(2, 26, 147, 0, 0),
(2, 26, 148, 0, 0),
(2, 26, 149, 0, 0),
(2, 26, 150, 0, 0),
(2, 4, 151, 0, 0),
(2, 6, 152, 0, 0),
(2, 7, 153, 0, 0),
(2, 26, 154, 0, 0),
(2, 13, 155, 0, 0),
(2, 13, 156, 0, 0),
(2, 13, 157, 0, 0),
(2, 13, 158, 0, 0),
(2, 13, 159, 0, 0),
(2, 13, 160, 0, 0),
(2, 13, 161, 0, 0),
(2, 13, 162, 0, 0),
(2, 13, 163, 0, 0),
(2, 13, 164, 0, 0),
(2, 13, 165, 0, 0),
(2, 13, 166, 0, 0),
(2, 13, 167, 0, 0),
(2, 13, 168, 0, 0),
(2, 13, 169, 0, 0),
(2, 13, 170, 0, 0),
(2, 13, 171, 0, 0),
(2, 13, 172, 0, 0),
(2, 13, 173, 0, 0),
(2, 14, 174, 0, 0),
(2, 14, 175, 0, 0),
(2, 14, 176, 0, 0),
(2, 14, 177, 0, 0),
(2, 14, 178, 0, 0),
(2, 14, 179, 0, 0),
(2, 14, 180, 0, 0),
(2, 14, 181, 0, 0),
(2, 14, 182, 0, 0),
(2, 14, 183, 0, 0),
(2, 14, 184, 0, 0),
(2, 14, 185, 0, 0),
(2, 14, 186, 0, 0),
(2, 14, 187, 0, 0),
(2, 14, 188, 0, 0),
(2, 14, 189, 0, 0),
(2, 14, 190, 0, 0),
(2, 14, 191, 0, 0),
(2, 14, 192, 0, 0),
(2, 14, 193, 0, 0),
(2, 14, 194, 0, 0),
(2, 14, 195, 0, 0),
(2, 14, 196, 0, 0),
(2, 14, 197, 0, 0),
(2, 14, 198, 0, 0),
(2, 14, 199, 0, 0),
(2, 14, 200, 0, 0),
(2, 14, 201, 0, 0),
(2, 14, 202, 0, 0),
(2, 14, 203, 0, 0),
(2, 14, 204, 0, 0),
(2, 8, 205, 0, 0),
(2, 8, 206, 0, 0),
(2, 8, 207, 0, 0),
(2, 8, 208, 0, 0),
(2, 8, 209, 0, 0),
(2, 8, 210, 0, 0),
(2, 8, 211, 0, 0),
(2, 8, 212, 0, 0),
(2, 8, 213, 0, 0),
(2, 8, 214, 0, 0),
(2, 8, 215, 0, 0),
(2, 8, 216, 0, 0),
(2, 8, 217, 0, 0),
(2, 8, 218, 0, 0),
(2, 8, 219, 0, 0),
(2, 10, 220, 0, 0),
(2, 10, 221, 0, 0),
(2, 10, 222, 0, 0),
(2, 10, 223, 0, 0),
(2, 10, 224, 0, 0),
(2, 10, 225, 0, 0),
(2, 10, 226, 0, 0),
(2, 10, 227, 0, 0),
(2, 10, 228, 0, 0),
(2, 10, 229, 0, 0),
(2, 10, 230, 0, 0),
(2, 10, 231, 0, 0),
(2, 9, 232, 0, 0),
(2, 9, 233, 0, 0),
(2, 9, 234, 0, 0),
(2, 9, 235, 0, 0),
(2, 9, 236, 0, 0),
(2, 9, 237, 0, 0),
(2, 9, 238, 0, 0),
(2, 9, 239, 0, 0),
(2, 9, 240, 0, 0),
(2, 9, 241, 0, 0),
(2, 9, 242, 0, 0),
(2, 9, 243, 0, 0),
(2, 9, 244, 0, 0),
(2, 9, 245, 0, 0),
(2, 9, 246, 0, 0),
(2, 9, 247, 0, 0),
(2, 9, 248, 0, 0),
(2, 9, 249, 0, 0),
(2, 9, 250, 0, 0),
(2, 9, 251, 0, 0),
(2, 9, 252, 0, 0),
(2, 9, 253, 0, 0),
(2, 9, 254, 0, 0),
(2, 9, 255, 0, 0),
(2, 16, 256, 0, 0),
(2, 16, 257, 0, 0),
(2, 16, 258, 0, 0),
(2, 16, 259, 0, 0),
(2, 16, 260, 0, 0),
(2, 16, 261, 0, 0),
(2, 16, 262, 0, 0),
(2, 16, 263, 0, 0),
(2, 16, 264, 0, 0),
(2, 16, 265, 0, 0),
(2, 16, 266, 0, 0),
(2, 16, 267, 0, 0),
(2, 16, 268, 0, 0),
(2, 16, 269, 0, 0),
(2, 16, 270, 0, 0),
(2, 16, 271, 0, 0),
(2, 16, 272, 0, 0),
(2, 16, 273, 0, 0),
(2, 16, 274, 0, 0),
(2, 16, 275, 0, 0),
(2, 16, 276, 0, 0),
(2, 16, 277, 0, 0),
(2, 16, 278, 0, 0),
(2, 15, 279, 0, 0),
(2, 15, 280, 0, 0),
(2, 15, 281, 0, 0),
(2, 15, 282, 0, 0),
(2, 15, 283, 0, 0),
(2, 15, 284, 0, 0),
(2, 15, 285, 0, 0),
(2, 15, 286, 0, 0),
(2, 15, 287, 0, 0),
(2, 15, 288, 0, 0),
(2, 18, 289, 0, 0),
(2, 18, 290, 0, 0),
(2, 18, 291, 0, 0),
(2, 18, 292, 0, 0),
(2, 18, 293, 0, 0),
(2, 18, 294, 0, 0),
(2, 18, 295, 0, 0),
(2, 18, 296, 0, 0),
(2, 18, 297, 0, 0),
(2, 18, 298, 0, 0),
(2, 18, 299, 0, 0),
(2, 18, 300, 0, 0),
(2, 18, 301, 0, 0),
(2, 18, 302, 0, 0),
(2, 18, 303, 0, 0),
(2, 18, 304, 0, 0),
(2, 18, 305, 0, 0),
(2, 19, 306, 0, 0),
(2, 19, 307, 0, 0),
(2, 19, 308, 0, 0),
(2, 19, 309, 0, 0),
(2, 19, 310, 0, 0),
(2, 19, 311, 0, 0),
(2, 19, 312, 0, 0),
(2, 19, 313, 0, 0),
(2, 20, 314, 0, 0),
(2, 20, 315, 0, 0),
(2, 20, 316, 0, 0),
(2, 20, 317, 0, 0),
(2, 20, 318, 0, 0),
(2, 20, 319, 0, 0),
(2, 20, 320, 0, 0),
(2, 20, 321, 0, 0),
(2, 20, 322, 0, 0),
(2, 20, 323, 0, 0),
(2, 20, 324, 0, 0),
(2, 20, 325, 0, 0),
(2, 20, 326, 0, 0),
(2, 20, 327, 0, 0),
(2, 20, 328, 0, 0),
(2, 20, 329, 0, 0),
(2, 20, 330, 0, 0),
(2, 20, 331, 0, 0),
(2, 20, 332, 0, 0),
(2, 20, 333, 0, 0),
(2, 20, 334, 0, 0),
(2, 20, 335, 0, 0),
(2, 20, 336, 0, 0),
(2, 20, 337, 0, 0),
(2, 20, 338, 0, 0),
(2, 20, 339, 0, 0),
(2, 20, 340, 0, 0),
(2, 20, 341, 0, 0),
(2, 20, 342, 0, 0),
(2, 20, 343, 0, 0),
(2, 20, 344, 0, 0),
(2, 20, 345, 0, 0),
(2, 20, 346, 0, 0),
(2, 20, 347, 0, 0),
(2, 20, 348, 0, 0),
(2, 20, 349, 0, 0),
(2, 20, 350, 0, 0),
(2, 21, 351, 0, 0),
(2, 21, 352, 0, 0),
(2, 21, 353, 0, 0),
(2, 21, 354, 0, 0),
(2, 21, 355, 0, 0),
(2, 21, 356, 0, 0),
(2, 21, 357, 0, 0),
(2, 21, 358, 0, 0),
(2, 21, 359, 0, 0),
(2, 21, 360, 0, 0),
(2, 21, 361, 0, 0),
(2, 21, 362, 0, 0),
(2, 21, 363, 0, 0),
(2, 21, 364, 0, 0),
(2, 21, 365, 0, 0),
(2, 21, 366, 0, 0),
(2, 21, 367, 0, 0),
(2, 21, 368, 0, 0),
(2, 21, 369, 0, 0),
(2, 21, 370, 0, 0),
(2, 21, 371, 0, 0),
(2, 21, 372, 0, 0),
(2, 21, 373, 0, 0),
(2, 21, 374, 0, 0),
(2, 21, 375, 0, 0),
(2, 21, 376, 0, 0),
(2, 21, 377, 0, 0),
(2, 21, 378, 0, 0),
(2, 21, 379, 0, 0),
(2, 21, 380, 0, 0),
(2, 21, 381, 0, 0),
(2, 21, 382, 0, 0),
(2, 21, 383, 0, 0),
(2, 21, 384, 0, 0),
(2, 21, 385, 0, 0),
(2, 21, 386, 0, 0),
(2, 21, 387, 0, 0),
(2, 21, 388, 0, 0),
(2, 22, 389, 0, 0),
(2, 22, 390, 0, 0),
(2, 22, 391, 0, 0),
(2, 22, 392, 0, 0),
(2, 22, 393, 0, 0),
(2, 22, 394, 0, 0),
(2, 22, 395, 0, 0),
(2, 22, 396, 0, 0),
(2, 22, 397, 0, 0),
(2, 22, 398, 0, 0),
(2, 22, 399, 0, 0),
(2, 22, 400, 0, 0),
(2, 22, 401, 0, 0),
(2, 22, 402, 0, 0),
(2, 22, 403, 0, 0),
(2, 22, 404, 0, 0),
(2, 22, 405, 0, 0),
(2, 22, 406, 0, 0),
(2, 22, 407, 0, 0),
(2, 22, 408, 0, 0),
(2, 22, 409, 0, 0),
(2, 22, 410, 0, 0),
(2, 22, 411, 0, 0),
(2, 22, 412, 0, 0),
(2, 22, 413, 0, 0),
(2, 22, 414, 0, 0),
(2, 22, 415, 0, 0),
(2, 22, 416, 0, 0),
(2, 22, 417, 0, 0),
(2, 22, 418, 0, 0),
(2, 22, 419, 0, 0),
(2, 22, 420, 0, 0),
(2, 22, 421, 0, 0),
(2, 22, 422, 0, 0),
(2, 22, 423, 0, 0),
(2, 22, 424, 0, 0),
(2, 22, 425, 0, 0),
(2, 22, 426, 0, 0),
(2, 22, 427, 0, 0),
(2, 22, 428, 0, 0),
(2, 22, 429, 0, 0),
(2, 22, 430, 0, 0),
(2, 22, 431, 0, 0),
(2, 22, 432, 0, 0),
(2, 22, 433, 0, 0),
(2, 22, 434, 0, 0),
(2, 22, 435, 0, 0),
(2, 23, 436, 0, 0),
(2, 23, 437, 0, 0),
(2, 23, 438, 0, 0),
(2, 23, 439, 0, 0),
(2, 23, 440, 0, 0),
(2, 23, 441, 0, 0),
(2, 23, 442, 0, 0),
(2, 23, 443, 0, 0),
(2, 23, 444, 0, 0),
(2, 23, 445, 0, 0),
(2, 23, 446, 0, 0),
(2, 23, 447, 0, 0),
(2, 23, 448, 0, 0),
(2, 23, 449, 0, 0),
(2, 23, 450, 0, 0),
(2, 23, 451, 0, 0),
(2, 23, 452, 0, 0),
(2, 23, 453, 0, 0),
(2, 23, 454, 0, 0),
(2, 23, 455, 0, 0),
(2, 23, 456, 0, 0),
(2, 23, 457, 0, 0),
(2, 23, 458, 0, 0),
(2, 23, 459, 0, 0),
(2, 23, 460, 0, 0),
(2, 23, 461, 0, 0),
(2, 23, 462, 0, 0),
(2, 23, 463, 0, 0),
(2, 23, 464, 0, 0),
(2, 23, 465, 0, 0),
(2, 23, 466, 0, 0),
(2, 23, 467, 0, 0),
(2, 23, 468, 0, 0),
(2, 23, 469, 0, 0),
(2, 23, 470, 0, 0),
(2, 23, 471, 0, 0),
(2, 23, 472, 0, 0),
(2, 23, 473, 0, 0),
(2, 23, 474, 0, 0),
(2, 29, 475, 0, 0),
(2, 29, 479, 0, 0),
(2, 29, 480, 0, 0),
(2, 29, 482, 0, 0),
(2, 29, 489, 0, 0),
(2, 29, 490, 0, 0),
(2, 29, 491, 0, 0),
(2, 29, 492, 0, 0),
(2, 29, 493, 0, 0),
(2, 29, 495, 0, 0),
(2, 29, 496, 0, 0),
(2, 29, 497, 0, 0),
(2, 29, 498, 0, 0),
(2, 29, 499, 0, 0),
(2, 29, 504, 0, 0),
(2, 29, 505, 0, 0),
(2, 29, 506, 0, 0),
(2, 29, 507, 0, 0),
(2, 29, 515, 0, 0),
(2, 10, 520, 0, 0),
(2, 10, 521, 0, 0),
(2, 10, 522, 0, 0),
(2, 10, 523, 0, 0),
(2, 10, 524, 0, 0),
(2, 10, 525, 0, 0),
(2, 30, 526, 0, 0),
(2, 30, 527, 0, 0),
(2, 30, 528, 0, 0),
(2, 30, 529, 0, 0),
(2, 30, 530, 0, 0),
(2, 30, 531, 0, 0),
(2, 30, 532, 0, 0),
(2, 30, 533, 0, 0),
(2, 30, 534, 0, 0),
(2, 30, 535, 0, 0),
(2, 30, 536, 0, 0),
(2, 30, 537, 0, 0),
(2, 30, 538, 0, 0),
(2, 30, 539, 0, 0),
(2, 30, 540, 0, 0),
(2, 30, 541, 0, 0),
(2, 30, 542, 0, 0),
(2, 29, 543, 0, 0),
(2, 33, 544, 0, 0),
(2, 33, 545, 0, 0),
(2, 33, 546, 0, 0),
(2, 33, 547, 0, 0),
(2, 33, 548, 0, 0),
(2, 33, 549, 0, 0),
(2, 33, 550, 0, 0),
(2, 33, 551, 0, 0),
(2, 33, 552, 0, 0),
(2, 33, 553, 0, 0),
(2, 33, 554, 0, 0),
(2, 33, 555, 0, 0),
(2, 33, 556, 0, 0),
(2, 33, 557, 0, 0),
(2, 33, 558, 0, 0),
(2, 33, 559, 0, 0),
(2, 33, 560, 0, 0),
(2, 33, 561, 0, 0),
(2, 33, 562, 0, 0),
(2, 33, 563, 0, 0),
(2, 33, 564, 0, 0),
(2, 33, 565, 0, 0),
(2, 37, 566, 0, 0),
(2, 37, 567, 0, 0),
(2, 37, 568, 0, 0),
(2, 37, 569, 0, 0),
(2, 37, 570, 0, 0),
(2, 37, 571, 0, 0),
(2, 37, 572, 0, 0),
(2, 37, 573, 0, 0),
(2, 37, 574, 0, 0),
(2, 37, 575, 0, 0),
(2, 37, 576, 0, 0),
(2, 37, 577, 0, 0),
(2, 37, 578, 0, 0),
(2, 37, 579, 0, 0),
(2, 37, 580, 0, 0),
(2, 37, 581, 0, 0),
(2, 37, 582, 0, 0),
(2, 37, 583, 0, 0),
(2, 37, 584, 0, 0),
(2, 37, 585, 0, 0),
(2, 37, 586, 0, 0),
(2, 37, 587, 0, 0),
(2, 39, 588, 0, 0),
(2, 39, 589, 0, 0),
(2, 39, 590, 0, 0),
(2, 39, 591, 0, 0),
(2, 39, 592, 0, 0),
(2, 39, 593, 0, 0),
(2, 40, 594, 0, 0),
(2, 40, 595, 0, 0),
(2, 40, 596, 0, 0),
(2, 40, 597, 0, 0),
(2, 40, 598, 0, 0),
(2, 40, 599, 0, 0),
(2, 40, 600, 0, 0),
(2, 40, 601, 0, 0),
(2, 40, 602, 0, 0),
(2, 40, 603, 0, 0),
(2, 40, 604, 0, 0),
(2, 40, 605, 0, 0),
(2, 40, 606, 0, 0),
(2, 40, 607, 0, 0),
(2, 40, 608, 0, 0),
(2, 40, 609, 0, 0),
(2, 40, 610, 0, 0),
(2, 40, 611, 0, 0),
(2, 40, 612, 0, 0),
(2, 40, 613, 0, 0),
(2, 40, 614, 0, 0),
(2, 41, 615, 0, 0),
(2, 41, 616, 0, 0),
(2, 41, 617, 0, 0),
(2, 41, 618, 0, 0),
(2, 41, 619, 0, 0),
(2, 41, 620, 0, 0),
(2, 41, 621, 0, 0),
(2, 41, 622, 0, 0),
(2, 45, 623, 0, 0),
(2, 45, 624, 0, 0),
(2, 45, 625, 0, 0),
(2, 45, 626, 0, 0),
(2, 45, 627, 0, 0),
(2, 45, 628, 0, 0),
(2, 45, 629, 0, 0),
(2, 45, 630, 0, 0),
(2, 45, 631, 0, 0),
(2, 45, 632, 0, 0),
(2, 45, 633, 0, 0),
(2, 45, 634, 0, 0),
(2, 45, 635, 0, 0),
(2, 46, 636, 0, 0),
(2, 46, 637, 0, 0),
(2, 46, 638, 0, 0),
(2, 46, 639, 0, 0),
(2, 46, 640, 0, 0),
(2, 46, 641, 0, 0),
(2, 46, 642, 0, 0),
(2, 46, 643, 0, 0),
(2, 46, 644, 0, 0),
(2, 46, 645, 0, 0),
(2, 46, 646, 0, 0),
(2, 46, 647, 0, 0),
(2, 46, 648, 0, 0),
(2, 46, 649, 0, 0),
(2, 46, 650, 0, 0),
(2, 46, 651, 0, 0),
(2, 46, 652, 0, 0),
(2, 46, 653, 0, 0),
(2, 47, 654, 0, 0),
(2, 47, 655, 0, 0),
(2, 47, 656, 0, 0),
(2, 47, 657, 0, 0),
(2, 47, 658, 0, 0),
(2, 47, 659, 0, 0),
(2, 47, 660, 0, 0),
(2, 47, 661, 0, 0),
(2, 47, 662, 0, 0),
(2, 47, 663, 0, 0),
(2, 47, 664, 0, 0),
(2, 47, 665, 0, 0),
(2, 47, 666, 0, 0),
(2, 47, 667, 0, 0),
(2, 47, 668, 0, 0),
(2, 47, 669, 0, 0),
(2, 47, 670, 0, 0),
(2, 47, 671, 0, 0),
(2, 47, 672, 0, 0),
(2, 47, 673, 0, 0),
(2, 2, 674, 0, 0),
(2, 29, 675, 0, 0),
(2, 23, 676, 0, 0),
(2, 23, 677, 0, 0),
(2, 23, 678, 0, 0),
(2, 23, 679, 0, 0),
(2, 23, 680, 0, 0),
(2, 23, 681, 0, 0),
(2, 23, 682, 0, 0),
(2, 23, 683, 0, 0),
(2, 23, 684, 0, 0),
(2, 22, 685, 0, 0),
(2, 22, 686, 0, 0),
(2, 22, 687, 0, 0),
(2, 22, 688, 0, 0),
(2, 22, 689, 0, 0),
(2, 22, 690, 0, 0),
(2, 22, 691, 0, 0),
(2, 22, 692, 0, 0),
(2, 22, 693, 0, 0),
(2, 21, 694, 0, 0),
(2, 21, 695, 0, 0),
(2, 21, 696, 0, 0),
(2, 21, 697, 0, 0),
(2, 21, 698, 0, 0),
(2, 21, 699, 0, 0),
(2, 21, 700, 0, 0),
(2, 21, 701, 0, 0),
(2, 21, 702, 0, 0),
(2, 20, 703, 0, 0),
(2, 20, 704, 0, 0),
(2, 20, 705, 0, 0),
(2, 20, 706, 0, 0),
(2, 20, 707, 0, 0),
(2, 20, 708, 0, 0),
(2, 20, 709, 0, 0),
(2, 20, 710, 0, 0),
(2, 20, 711, 0, 0),
(2, 29, 712, 0, 0),
(2, 46, 713, 0, 0),
(2, 41, 714, 0, 0),
(2, 29, 715, 0, 0),
(2, 29, 716, 0, 0),
(2, 29, 717, 0, 0),
(2, 23, 718, 0, 0),
(2, 22, 719, 0, 0),
(2, 21, 720, 0, 0),
(2, 20, 721, 0, 0),
(2, 29, 722, 0, 0),
(2, 6, 723, 0, 0),
(2, 4, 724, 0, 0),
(2, 2, 725, 0, 0),
(2, 29, 726, 0, 0),
(2, 23, 727, 0, 0),
(2, 23, 728, 0, 0),
(2, 21, 729, 0, 0),
(2, 21, 730, 0, 0),
(2, 18, 731, 0, 0),
(2, 7, 732, 0, 0),
(2, 41, 733, 0, 0),
(2, 41, 734, 0, 0),
(2, 23, 735, 0, 0),
(2, 20, 736, 0, 0),
(2, 21, 737, 0, 0),
(2, 22, 738, 0, 0),
(2, 29, 739, 0, 0),
(2, 2, 740, 0, 0),
(2, 13, 741, 0, 0),
(2, 29, 742, 0, 0),
(2, 29, 743, 0, 0),
(2, 29, 744, 0, 0),
(2, 29, 745, 0, 0),
(2, 14, 772, 0, 0),
(2, 33, 773, 0, 0),
(2, 23, 774, 0, 0),
(2, 29, 775, 0, 0),
(2, 23, 776, 0, 0),
(2, 23, 777, 0, 0),
(2, 23, 778, 0, 0),
(2, 20, 779, 0, 0),
(2, 20, 780, 0, 0),
(2, 20, 781, 0, 0),
(2, 21, 782, 0, 0),
(2, 22, 783, 0, 0),
(2, 22, 784, 0, 0),
(2, 22, 785, 0, 0),
(2, 41, 786, 0, 0),
(2, 41, 787, 0, 0),
(2, 41, 788, 0, 0),
(2, 2, 789, 0, 0),
(2, 4, 790, 0, 0),
(2, 6, 791, 0, 0),
(2, 7, 792, 0, 0),
(2, 8, 793, 0, 0),
(2, 9, 794, 0, 0),
(2, 10, 795, 0, 0),
(2, 13, 796, 0, 0),
(2, 14, 797, 0, 0),
(2, 15, 798, 0, 0),
(2, 16, 799, 0, 0),
(2, 18, 800, 0, 0),
(2, 19, 801, 0, 0),
(2, 20, 802, 0, 0),
(2, 21, 803, 0, 0),
(2, 22, 804, 0, 0),
(2, 23, 805, 0, 0),
(2, 26, 806, 0, 0),
(2, 10, 807, 0, 0),
(2, 2, 808, 0, 0),
(2, 4, 809, 0, 0),
(2, 6, 810, 0, 0),
(2, 7, 811, 0, 0),
(2, 8, 812, 0, 0),
(2, 9, 813, 0, 0),
(2, 10, 814, 0, 0),
(2, 13, 815, 0, 0),
(2, 14, 816, 0, 0),
(2, 15, 817, 0, 0),
(2, 16, 818, 0, 0),
(2, 18, 819, 0, 0),
(2, 19, 820, 0, 0),
(2, 20, 821, 0, 0),
(2, 21, 822, 0, 0),
(2, 22, 823, 0, 0),
(2, 23, 824, 0, 0),
(2, 26, 825, 0, 0),
(2, 30, 826, 0, 0),
(2, 2, 827, 0, 0),
(2, 4, 828, 0, 0),
(2, 6, 829, 0, 0),
(2, 7, 830, 0, 0),
(2, 8, 831, 0, 0),
(2, 9, 832, 0, 0),
(2, 10, 833, 0, 0),
(2, 13, 834, 0, 0),
(2, 14, 835, 0, 0),
(2, 15, 836, 0, 0),
(2, 16, 837, 0, 0),
(2, 18, 838, 0, 0),
(2, 19, 839, 0, 0),
(2, 20, 840, 0, 0),
(2, 21, 841, 0, 0),
(2, 22, 842, 0, 0),
(2, 23, 843, 0, 0),
(2, 26, 844, 0, 0),
(2, 30, 845, 0, 0),
(2, 20, 846, 0, 0),
(2, 21, 847, 0, 0),
(2, 22, 848, 0, 0),
(2, 23, 849, 0, 0),
(2, 47, 850, 0, 0),
(2, 47, 851, 0, 0),
(2, 50, 852, 0, 0),
(2, 50, 853, 0, 0),
(2, 50, 854, 0, 0),
(2, 50, 855, 0, 0),
(2, 50, 856, 0, 0),
(2, 50, 857, 0, 0),
(2, 50, 858, 0, 0),
(2, 50, 859, 0, 0),
(2, 50, 860, 0, 0),
(2, 50, 861, 0, 0),
(2, 50, 862, 0, 0),
(2, 51, 863, 0, 0),
(2, 51, 864, 0, 0),
(2, 51, 865, 0, 0),
(2, 51, 866, 0, 0),
(2, 51, 867, 0, 0),
(2, 51, 868, 0, 0),
(2, 51, 869, 0, 0),
(2, 51, 870, 0, 0),
(2, 51, 871, 0, 0),
(2, 51, 872, 0, 0),
(2, 51, 873, 0, 0),
(2, 51, 874, 0, 0),
(2, 51, 876, 0, 0),
(2, 51, 878, 0, 0),
(2, 50, 881, 0, 0),
(2, 50, 883, 0, 0),
(2, 50, 884, 0, 0),
(2, 50, 885, 0, 0),
(2, 50, 886, 0, 0),
(2, 50, 887, 0, 0),
(2, 52, 888, 0, 0),
(2, 52, 889, 0, 0),
(2, 52, 890, 0, 0),
(2, 52, 891, 0, 0),
(2, 52, 892, 0, 0),
(2, 52, 893, 0, 0),
(2, 52, 894, 0, 0),
(2, 52, 895, 0, 0),
(2, 52, 896, 0, 0),
(2, 52, 897, 0, 0),
(2, 52, 898, 0, 0),
(2, 52, 899, 0, 0),
(2, 52, 900, 0, 0),
(2, 51, 901, 0, 0),
(2, 51, 903, 0, 0),
(2, 53, 905, 0, 0),
(2, 53, 906, 0, 0),
(2, 53, 907, 0, 0),
(2, 53, 908, 0, 0),
(2, 53, 909, 0, 0),
(2, 53, 910, 0, 0),
(2, 53, 911, 0, 0),
(2, 53, 912, 0, 0),
(2, 53, 913, 0, 0),
(2, 54, 921, 0, 0),
(2, 54, 922, 0, 0),
(2, 54, 923, 0, 0),
(2, 54, 924, 0, 0),
(2, 54, 925, 0, 0),
(2, 54, 926, 0, 0),
(2, 54, 927, 0, 0),
(2, 54, 928, 0, 0),
(2, 54, 929, 0, 0),
(2, 14, 930, 0, 0),
(2, 50, 931, 0, 0),
(2, 50, 932, 0, 0),
(2, 54, 933, 0, 0),
(2, 55, 934, 0, 0),
(2, 55, 935, 0, 0),
(2, 55, 936, 0, 0),
(2, 55, 937, 0, 0),
(2, 55, 938, 0, 0),
(2, 55, 939, 0, 0),
(2, 55, 940, 0, 0),
(2, 55, 941, 0, 0),
(2, 56, 942, 0, 0),
(2, 56, 943, 0, 0),
(2, 56, 944, 0, 0),
(2, 56, 945, 0, 0),
(2, 56, 946, 0, 0),
(2, 56, 947, 0, 0),
(2, 56, 948, 0, 0),
(2, 56, 949, 0, 0),
(2, 56, 950, 0, 0),
(2, 56, 951, 0, 0),
(2, 56, 952, 0, 0),
(2, 56, 953, 0, 0),
(2, 56, 954, 0, 0),
(2, 56, 955, 0, 0),
(2, 56, 956, 0, 0),
(2, 56, 957, 0, 0),
(2, 56, 958, 0, 0),
(3, 6, 1, 0, 0),
(3, 6, 2, 0, 0),
(3, 6, 3, 0, 0),
(3, 6, 4, 0, 0),
(3, 6, 5, 0, 0),
(3, 6, 6, 0, 0),
(3, 6, 7, 0, 0),
(3, 6, 8, 0, 0),
(3, 6, 9, 0, 0),
(3, 6, 10, 0, 0),
(3, 6, 11, 0, 0),
(3, 6, 12, 0, 0),
(3, 6, 13, 0, 0),
(3, 6, 14, 0, 0),
(3, 6, 15, 0, 0),
(3, 6, 16, 0, 0),
(3, 6, 17, 0, 0),
(3, 6, 18, 0, 0),
(3, 6, 19, 0, 0),
(3, 6, 20, 0, 0),
(3, 6, 21, 0, 0),
(3, 6, 22, 0, 0),
(3, 6, 23, 0, 0),
(3, 6, 24, 0, 0),
(3, 6, 25, 0, 0),
(3, 6, 26, 0, 0),
(3, 6, 27, 0, 0),
(3, 6, 28, 0, 0),
(3, 6, 29, 0, 0),
(3, 6, 30, 0, 0),
(3, 6, 31, 0, 0),
(3, 6, 32, 0, 0),
(3, 6, 33, 0, 0),
(3, 6, 34, 0, 0),
(3, 6, 35, 0, 0),
(3, 6, 36, 0, 0),
(3, 7, 37, 0, 0),
(3, 7, 38, 0, 0),
(3, 7, 39, 0, 0),
(3, 7, 40, 0, 0),
(3, 7, 41, 0, 0),
(3, 7, 42, 0, 0),
(3, 7, 43, 0, 0),
(3, 7, 44, 0, 0),
(3, 7, 45, 0, 0),
(3, 7, 46, 0, 0),
(3, 7, 47, 0, 0),
(3, 7, 48, 0, 0),
(3, 7, 49, 0, 0),
(3, 7, 50, 0, 0),
(3, 7, 51, 0, 0),
(3, 7, 52, 0, 0),
(3, 7, 53, 0, 0),
(3, 7, 54, 0, 0),
(3, 7, 55, 0, 0),
(3, 7, 56, 0, 0),
(3, 7, 57, 0, 0),
(3, 7, 58, 0, 0),
(3, 7, 59, 0, 0),
(3, 7, 60, 0, 0),
(3, 7, 61, 0, 0),
(3, 7, 62, 0, 0),
(3, 7, 63, 0, 0),
(3, 7, 64, 0, 0),
(3, 7, 65, 0, 0),
(3, 4, 66, 0, 0),
(3, 4, 67, 0, 0),
(3, 4, 68, 0, 0),
(3, 4, 69, 0, 0),
(3, 4, 70, 0, 0),
(3, 4, 71, 0, 0),
(3, 4, 72, 0, 0),
(3, 4, 73, 0, 0),
(3, 4, 74, 0, 0),
(3, 4, 75, 0, 0),
(3, 4, 76, 0, 0),
(3, 4, 77, 0, 0),
(3, 4, 78, 0, 0),
(3, 4, 79, 0, 0),
(3, 4, 80, 0, 0),
(3, 4, 81, 0, 0),
(3, 4, 82, 0, 0),
(3, 4, 83, 0, 0),
(3, 4, 84, 0, 0),
(3, 4, 85, 0, 0),
(3, 4, 86, 0, 0),
(3, 4, 87, 0, 0),
(3, 4, 88, 0, 0),
(3, 4, 89, 0, 0),
(3, 4, 90, 0, 0),
(3, 4, 91, 0, 0),
(3, 4, 92, 0, 0),
(3, 4, 93, 0, 0),
(3, 4, 94, 0, 0),
(3, 4, 95, 0, 0),
(3, 4, 96, 0, 0),
(3, 4, 97, 0, 0),
(3, 4, 98, 0, 0),
(3, 4, 99, 0, 0),
(3, 4, 100, 0, 0),
(3, 4, 101, 0, 0),
(3, 4, 102, 0, 0),
(3, 4, 103, 0, 0),
(3, 4, 104, 0, 0),
(3, 4, 105, 0, 0),
(3, 4, 106, 0, 0),
(3, 4, 107, 0, 0),
(3, 4, 108, 0, 0),
(3, 4, 109, 0, 0),
(3, 2, 110, 0, 0),
(3, 2, 111, 0, 0),
(3, 2, 112, 0, 0),
(3, 2, 113, 0, 0),
(3, 2, 114, 0, 0),
(3, 2, 115, 0, 0),
(3, 2, 116, 0, 0),
(3, 2, 117, 0, 0),
(3, 2, 118, 0, 0),
(3, 2, 119, 0, 0),
(3, 2, 120, 0, 0),
(3, 2, 121, 0, 0),
(3, 2, 122, 0, 0),
(3, 2, 123, 0, 0),
(3, 2, 124, 0, 0),
(3, 2, 125, 0, 0),
(3, 26, 126, 0, 0),
(3, 26, 127, 0, 0),
(3, 26, 128, 0, 0),
(3, 26, 129, 0, 0),
(3, 26, 130, 0, 0),
(3, 26, 131, 0, 0),
(3, 26, 132, 0, 0),
(3, 26, 133, 0, 0),
(3, 26, 134, 0, 0),
(3, 26, 135, 0, 0),
(3, 26, 136, 0, 0),
(3, 26, 137, 0, 0),
(3, 26, 138, 0, 0),
(3, 26, 139, 0, 0),
(3, 26, 140, 0, 0),
(3, 26, 141, 0, 0),
(3, 26, 142, 0, 0),
(3, 26, 143, 0, 0),
(3, 26, 144, 0, 0),
(3, 26, 145, 0, 0),
(3, 26, 146, 0, 0),
(3, 26, 147, 0, 0),
(3, 26, 148, 0, 0),
(3, 26, 149, 0, 0),
(3, 26, 150, 0, 0),
(3, 4, 151, 0, 0),
(3, 6, 152, 0, 0),
(3, 7, 153, 0, 0),
(3, 26, 154, 0, 0),
(3, 13, 155, 0, 0),
(3, 13, 156, 0, 0),
(3, 13, 157, 0, 0),
(3, 13, 158, 0, 0),
(3, 13, 159, 0, 0),
(3, 13, 160, 0, 0),
(3, 13, 161, 0, 0),
(3, 13, 162, 0, 0),
(3, 13, 163, 0, 0),
(3, 13, 164, 0, 0),
(3, 13, 165, 0, 0),
(3, 13, 166, 0, 0),
(3, 13, 167, 0, 0),
(3, 13, 168, 0, 0),
(3, 13, 169, 0, 0),
(3, 13, 170, 0, 0),
(3, 13, 171, 0, 0),
(3, 13, 172, 0, 0),
(3, 13, 173, 0, 0),
(3, 14, 174, 0, 0),
(3, 14, 175, 0, 0),
(3, 14, 176, 0, 0),
(3, 14, 177, 0, 0),
(3, 14, 178, 0, 0),
(3, 14, 179, 0, 0),
(3, 14, 180, 0, 0),
(3, 14, 181, 0, 0),
(3, 14, 182, 0, 0),
(3, 14, 183, 0, 0),
(3, 14, 184, 0, 0),
(3, 14, 185, 0, 0),
(3, 14, 186, 0, 0),
(3, 14, 187, 0, 0),
(3, 14, 188, 0, 0),
(3, 14, 189, 0, 0),
(3, 14, 190, 0, 0),
(3, 14, 191, 0, 0),
(3, 14, 192, 0, 0),
(3, 14, 193, 0, 0),
(3, 14, 194, 0, 0),
(3, 14, 195, 0, 0),
(3, 14, 196, 0, 0),
(3, 14, 197, 0, 0),
(3, 14, 198, 0, 0),
(3, 14, 199, 0, 0),
(3, 14, 200, 0, 0),
(3, 14, 201, 0, 0),
(3, 14, 202, 0, 0),
(3, 14, 203, 0, 0),
(3, 14, 204, 0, 0),
(3, 8, 205, 0, 0),
(3, 8, 206, 0, 0),
(3, 8, 207, 0, 0),
(3, 8, 208, 0, 0),
(3, 8, 209, 0, 0),
(3, 8, 210, 0, 0),
(3, 8, 211, 0, 0),
(3, 8, 212, 0, 0),
(3, 8, 213, 0, 0),
(3, 8, 214, 0, 0),
(3, 8, 215, 0, 0),
(3, 8, 216, 0, 0),
(3, 8, 217, 0, 0),
(3, 8, 218, 0, 0),
(3, 8, 219, 0, 0),
(3, 10, 220, 0, 0),
(3, 10, 221, 0, 0),
(3, 10, 222, 0, 0),
(3, 10, 223, 0, 0),
(3, 10, 224, 0, 0),
(3, 10, 225, 0, 0),
(3, 10, 226, 0, 0),
(3, 10, 227, 0, 0),
(3, 10, 228, 0, 0),
(3, 10, 229, 0, 0),
(3, 10, 230, 0, 0),
(3, 10, 231, 0, 0),
(3, 9, 232, 0, 0),
(3, 9, 233, 0, 0),
(3, 9, 234, 0, 0),
(3, 9, 235, 0, 0),
(3, 9, 236, 0, 0),
(3, 9, 237, 0, 0),
(3, 9, 238, 0, 0),
(3, 9, 239, 0, 0),
(3, 9, 240, 0, 0),
(3, 9, 241, 0, 0),
(3, 9, 242, 0, 0),
(3, 9, 243, 0, 0),
(3, 9, 244, 0, 0),
(3, 9, 245, 0, 0),
(3, 9, 246, 0, 0),
(3, 9, 247, 0, 0),
(3, 9, 248, 0, 0),
(3, 9, 249, 0, 0),
(3, 9, 250, 0, 0),
(3, 9, 251, 0, 0),
(3, 9, 252, 0, 0),
(3, 9, 253, 0, 0),
(3, 9, 254, 0, 0),
(3, 9, 255, 0, 0),
(3, 16, 256, 0, 0),
(3, 16, 257, 0, 0),
(3, 16, 258, 0, 0),
(3, 16, 259, 0, 0),
(3, 16, 260, 0, 0),
(3, 16, 261, 0, 0),
(3, 16, 262, 0, 0),
(3, 16, 263, 0, 0),
(3, 16, 264, 0, 0),
(3, 16, 265, 0, 0),
(3, 16, 266, 0, 0),
(3, 16, 267, 0, 0),
(3, 16, 268, 0, 0),
(3, 16, 269, 0, 0),
(3, 16, 270, 0, 0),
(3, 16, 271, 0, 0),
(3, 16, 272, 0, 0),
(3, 16, 273, 0, 0),
(3, 16, 274, 0, 0),
(3, 16, 275, 0, 0),
(3, 16, 276, 0, 0),
(3, 16, 277, 0, 0),
(3, 16, 278, 0, 0),
(3, 15, 279, 0, 0),
(3, 15, 280, 0, 0),
(3, 15, 281, 0, 0),
(3, 15, 282, 0, 0),
(3, 15, 283, 0, 0),
(3, 15, 284, 0, 0),
(3, 15, 285, 0, 0),
(3, 15, 286, 0, 0),
(3, 15, 287, 0, 0),
(3, 15, 288, 0, 0),
(3, 18, 289, 0, 0),
(3, 18, 290, 0, 0),
(3, 18, 291, 0, 0),
(3, 18, 292, 0, 0),
(3, 18, 293, 0, 0),
(3, 18, 294, 0, 0),
(3, 18, 295, 0, 0),
(3, 18, 296, 0, 0),
(3, 18, 297, 0, 0),
(3, 18, 298, 0, 0),
(3, 18, 299, 0, 0),
(3, 18, 300, 0, 0),
(3, 18, 301, 0, 0),
(3, 18, 302, 0, 0),
(3, 18, 303, 0, 0),
(3, 18, 304, 0, 0),
(3, 18, 305, 0, 0),
(3, 19, 306, 0, 0),
(3, 19, 307, 0, 0),
(3, 19, 308, 0, 0),
(3, 19, 309, 0, 0),
(3, 19, 310, 0, 0),
(3, 19, 311, 0, 0),
(3, 19, 312, 0, 0),
(3, 19, 313, 0, 0),
(3, 20, 314, 0, 0),
(3, 20, 315, 0, 0),
(3, 20, 316, 0, 0),
(3, 20, 317, 0, 0),
(3, 20, 318, 0, 0),
(3, 20, 319, 0, 0),
(3, 20, 320, 0, 0),
(3, 20, 321, 0, 0),
(3, 20, 322, 0, 0),
(3, 20, 323, 0, 0),
(3, 20, 324, 0, 0),
(3, 20, 325, 0, 0),
(3, 20, 326, 0, 0),
(3, 20, 327, 0, 0),
(3, 20, 328, 0, 0),
(3, 20, 329, 0, 0),
(3, 20, 330, 0, 0),
(3, 20, 331, 0, 0),
(3, 20, 332, 0, 0),
(3, 20, 333, 0, 0),
(3, 20, 334, 0, 0),
(3, 20, 335, 0, 0),
(3, 20, 336, 0, 0),
(3, 20, 337, 0, 0),
(3, 20, 338, 0, 0),
(3, 20, 339, 0, 0),
(3, 20, 340, 0, 0),
(3, 20, 341, 0, 0),
(3, 20, 342, 0, 0),
(3, 20, 343, 0, 0),
(3, 20, 344, 0, 0),
(3, 20, 345, 0, 0),
(3, 20, 346, 0, 0),
(3, 20, 347, 0, 0),
(3, 20, 348, 0, 0),
(3, 20, 349, 0, 0),
(3, 20, 350, 0, 0),
(3, 21, 351, 0, 0),
(3, 21, 352, 0, 0),
(3, 21, 353, 0, 0),
(3, 21, 354, 0, 0),
(3, 21, 355, 0, 0),
(3, 21, 356, 0, 0),
(3, 21, 357, 0, 0),
(3, 21, 358, 0, 0),
(3, 21, 359, 0, 0),
(3, 21, 360, 0, 0),
(3, 21, 361, 0, 0),
(3, 21, 362, 0, 0),
(3, 21, 363, 0, 0),
(3, 21, 364, 0, 0),
(3, 21, 365, 0, 0),
(3, 21, 366, 0, 0),
(3, 21, 367, 0, 0),
(3, 21, 368, 0, 0),
(3, 21, 369, 0, 0),
(3, 21, 370, 0, 0),
(3, 21, 371, 0, 0),
(3, 21, 372, 0, 0),
(3, 21, 373, 0, 0),
(3, 21, 374, 0, 0),
(3, 21, 375, 0, 0),
(3, 21, 376, 0, 0),
(3, 21, 377, 0, 0),
(3, 21, 378, 0, 0),
(3, 21, 379, 0, 0),
(3, 21, 380, 0, 0),
(3, 21, 381, 0, 0),
(3, 21, 382, 0, 0),
(3, 21, 383, 0, 0),
(3, 21, 384, 0, 0),
(3, 21, 385, 0, 0),
(3, 21, 386, 0, 0),
(3, 21, 387, 0, 0),
(3, 21, 388, 0, 0),
(3, 22, 389, 0, 0),
(3, 22, 390, 0, 0),
(3, 22, 391, 0, 0),
(3, 22, 392, 0, 0),
(3, 22, 393, 0, 0),
(3, 22, 394, 0, 0),
(3, 22, 395, 0, 0),
(3, 22, 396, 0, 0),
(3, 22, 397, 0, 0),
(3, 22, 398, 0, 0),
(3, 22, 399, 0, 0),
(3, 22, 400, 0, 0),
(3, 22, 401, 0, 0),
(3, 22, 402, 0, 0),
(3, 22, 403, 0, 0),
(3, 22, 404, 0, 0),
(3, 22, 405, 0, 0),
(3, 22, 406, 0, 0),
(3, 22, 407, 0, 0),
(3, 22, 408, 0, 0),
(3, 22, 409, 0, 0),
(3, 22, 410, 0, 0),
(3, 22, 411, 0, 0),
(3, 22, 412, 0, 0),
(3, 22, 413, 0, 0),
(3, 22, 414, 0, 0),
(3, 22, 415, 0, 0),
(3, 22, 416, 0, 0),
(3, 22, 417, 0, 0),
(3, 22, 418, 0, 0),
(3, 22, 419, 0, 0),
(3, 22, 420, 0, 0),
(3, 22, 421, 0, 0),
(3, 22, 422, 0, 0),
(3, 22, 423, 0, 0),
(3, 22, 424, 0, 0),
(3, 22, 425, 0, 0),
(3, 22, 426, 0, 0),
(3, 22, 427, 0, 0),
(3, 22, 428, 0, 0),
(3, 22, 429, 0, 0),
(3, 22, 430, 0, 0),
(3, 22, 431, 0, 0),
(3, 22, 432, 0, 0),
(3, 22, 433, 0, 0),
(3, 22, 434, 0, 0),
(3, 22, 435, 0, 0),
(3, 23, 436, 0, 0),
(3, 23, 437, 0, 0),
(3, 23, 438, 0, 0),
(3, 23, 439, 0, 0),
(3, 23, 440, 0, 0),
(3, 23, 441, 0, 0),
(3, 23, 442, 0, 0),
(3, 23, 443, 0, 0),
(3, 23, 444, 0, 0),
(3, 23, 445, 0, 0),
(3, 23, 446, 0, 0),
(3, 23, 447, 0, 0),
(3, 23, 448, 0, 0),
(3, 23, 449, 0, 0),
(3, 23, 450, 0, 0),
(3, 23, 451, 0, 0),
(3, 23, 452, 0, 0),
(3, 23, 453, 0, 0),
(3, 23, 454, 0, 0),
(3, 23, 455, 0, 0),
(3, 23, 456, 0, 0),
(3, 23, 457, 0, 0),
(3, 23, 458, 0, 0),
(3, 23, 459, 0, 0),
(3, 23, 460, 0, 0),
(3, 23, 461, 0, 0),
(3, 23, 462, 0, 0),
(3, 23, 463, 0, 0),
(3, 23, 464, 0, 0),
(3, 23, 465, 0, 0),
(3, 23, 466, 0, 0),
(3, 23, 467, 0, 0),
(3, 23, 468, 0, 0),
(3, 23, 469, 0, 0),
(3, 23, 470, 0, 0),
(3, 23, 471, 0, 0),
(3, 23, 472, 0, 0),
(3, 23, 473, 0, 0),
(3, 23, 474, 0, 0),
(3, 29, 475, 0, 0),
(3, 29, 479, 0, 0),
(3, 29, 480, 0, 0),
(3, 29, 482, 0, 0),
(3, 29, 489, 0, 0),
(3, 29, 490, 0, 0),
(3, 29, 491, 0, 0),
(3, 29, 492, 0, 0),
(3, 29, 493, 0, 0),
(3, 29, 495, 0, 0),
(3, 29, 496, 0, 0),
(3, 29, 497, 0, 0),
(3, 29, 498, 0, 0),
(3, 29, 499, 0, 0),
(3, 29, 504, 0, 0),
(3, 29, 505, 0, 0),
(3, 29, 506, 0, 0),
(3, 29, 507, 0, 0),
(3, 29, 515, 0, 0),
(3, 10, 520, 0, 0),
(3, 10, 521, 0, 0),
(3, 10, 522, 0, 0),
(3, 10, 523, 0, 0),
(3, 10, 524, 0, 0),
(3, 10, 525, 0, 0),
(3, 30, 526, 0, 0),
(3, 30, 527, 0, 0),
(3, 30, 528, 0, 0),
(3, 30, 529, 0, 0),
(3, 30, 530, 0, 0),
(3, 30, 531, 0, 0),
(3, 30, 532, 0, 0),
(3, 30, 533, 0, 0),
(3, 30, 534, 0, 0),
(3, 30, 535, 0, 0),
(3, 30, 536, 0, 0),
(3, 30, 537, 0, 0),
(3, 30, 538, 0, 0),
(3, 30, 539, 0, 0),
(3, 30, 540, 0, 0),
(3, 30, 541, 0, 0),
(3, 30, 542, 0, 0),
(3, 29, 543, 0, 0),
(3, 33, 544, 0, 0),
(3, 33, 545, 0, 0),
(3, 33, 546, 0, 0),
(3, 33, 547, 0, 0),
(3, 33, 548, 0, 0),
(3, 33, 549, 0, 0),
(3, 33, 550, 0, 0),
(3, 33, 551, 0, 0),
(3, 33, 552, 0, 0),
(3, 33, 553, 0, 0),
(3, 33, 554, 0, 0),
(3, 33, 555, 0, 0),
(3, 33, 556, 0, 0),
(3, 33, 557, 0, 0),
(3, 33, 558, 0, 0),
(3, 33, 559, 0, 0),
(3, 33, 560, 0, 0),
(3, 33, 561, 0, 0),
(3, 33, 562, 0, 0),
(3, 33, 563, 0, 0),
(3, 33, 564, 0, 0),
(3, 33, 565, 0, 0),
(3, 37, 566, 0, 0),
(3, 37, 567, 0, 0),
(3, 37, 568, 0, 0),
(3, 37, 569, 0, 0),
(3, 37, 570, 0, 0),
(3, 37, 571, 0, 0),
(3, 37, 572, 0, 0),
(3, 37, 573, 0, 0),
(3, 37, 574, 0, 0),
(3, 37, 575, 0, 0),
(3, 37, 576, 0, 0),
(3, 37, 577, 0, 0),
(3, 37, 578, 0, 0),
(3, 37, 579, 0, 0),
(3, 37, 580, 0, 0),
(3, 37, 581, 0, 0),
(3, 37, 582, 0, 0),
(3, 37, 583, 0, 0),
(3, 37, 584, 0, 0),
(3, 37, 585, 0, 0),
(3, 37, 586, 0, 0),
(3, 37, 587, 0, 0),
(3, 39, 588, 0, 0),
(3, 39, 589, 0, 0),
(3, 39, 590, 0, 0),
(3, 39, 591, 0, 0),
(3, 39, 592, 0, 0),
(3, 39, 593, 0, 0),
(3, 40, 594, 0, 0),
(3, 40, 595, 0, 0),
(3, 40, 596, 0, 0),
(3, 40, 597, 0, 0),
(3, 40, 598, 0, 0),
(3, 40, 599, 0, 0),
(3, 40, 600, 0, 0),
(3, 40, 601, 0, 0),
(3, 40, 602, 0, 0),
(3, 40, 603, 0, 0),
(3, 40, 604, 0, 0),
(3, 40, 605, 0, 0),
(3, 40, 606, 0, 0),
(3, 40, 607, 0, 0),
(3, 40, 608, 0, 0),
(3, 40, 609, 0, 0),
(3, 40, 610, 0, 0),
(3, 40, 611, 0, 0),
(3, 40, 612, 0, 0),
(3, 40, 613, 0, 0),
(3, 40, 614, 0, 0),
(3, 41, 615, 0, 0),
(3, 41, 616, 0, 0),
(3, 41, 617, 0, 0),
(3, 41, 618, 0, 0),
(3, 41, 619, 0, 0),
(3, 41, 620, 0, 0),
(3, 41, 621, 0, 0),
(3, 41, 622, 0, 0),
(3, 45, 623, 0, 0),
(3, 45, 624, 0, 0),
(3, 45, 625, 0, 0),
(3, 45, 626, 0, 0),
(3, 45, 627, 0, 0),
(3, 45, 628, 0, 0),
(3, 45, 629, 0, 0),
(3, 45, 630, 0, 0),
(3, 45, 631, 0, 0),
(3, 45, 632, 0, 0),
(3, 45, 633, 0, 0),
(3, 45, 634, 0, 0),
(3, 45, 635, 0, 0),
(3, 46, 636, 0, 0),
(3, 46, 637, 0, 0),
(3, 46, 638, 0, 0),
(3, 46, 639, 0, 0),
(3, 46, 640, 0, 0),
(3, 46, 641, 0, 0),
(3, 46, 642, 0, 0),
(3, 46, 643, 0, 0),
(3, 46, 644, 0, 0),
(3, 46, 645, 0, 0),
(3, 46, 646, 0, 0),
(3, 46, 647, 0, 0),
(3, 46, 648, 0, 0),
(3, 46, 649, 0, 0),
(3, 46, 650, 0, 0),
(3, 46, 651, 0, 0),
(3, 46, 652, 0, 0),
(3, 46, 653, 0, 0),
(3, 47, 654, 0, 0),
(3, 47, 655, 0, 0),
(3, 47, 656, 0, 0),
(3, 47, 657, 0, 0),
(3, 47, 658, 0, 0),
(3, 47, 659, 0, 0),
(3, 47, 660, 0, 0),
(3, 47, 661, 0, 0),
(3, 47, 662, 0, 0),
(3, 47, 663, 0, 0),
(3, 47, 664, 0, 0),
(3, 47, 665, 0, 0),
(3, 47, 666, 0, 0),
(3, 47, 667, 0, 0),
(3, 47, 668, 0, 0),
(3, 47, 669, 0, 0),
(3, 47, 670, 0, 0),
(3, 47, 671, 0, 0),
(3, 47, 672, 0, 0),
(3, 47, 673, 0, 0),
(3, 2, 674, 0, 0),
(3, 29, 675, 0, 0),
(3, 23, 676, 0, 0),
(3, 23, 677, 0, 0),
(3, 23, 678, 0, 0),
(3, 23, 679, 0, 0),
(3, 23, 680, 0, 0),
(3, 23, 681, 0, 0),
(3, 23, 682, 0, 0),
(3, 23, 683, 0, 0),
(3, 23, 684, 0, 0),
(3, 22, 685, 0, 0),
(3, 22, 686, 0, 0),
(3, 22, 687, 0, 0),
(3, 22, 688, 0, 0),
(3, 22, 689, 0, 0),
(3, 22, 690, 0, 0),
(3, 22, 691, 0, 0),
(3, 22, 692, 0, 0),
(3, 22, 693, 0, 0),
(3, 21, 694, 0, 0),
(3, 21, 695, 0, 0),
(3, 21, 696, 0, 0),
(3, 21, 697, 0, 0),
(3, 21, 698, 0, 0),
(3, 21, 699, 0, 0),
(3, 21, 700, 0, 0),
(3, 21, 701, 0, 0),
(3, 21, 702, 0, 0),
(3, 20, 703, 0, 0),
(3, 20, 704, 0, 0),
(3, 20, 705, 0, 0),
(3, 20, 706, 0, 0),
(3, 20, 707, 0, 0),
(3, 20, 708, 0, 0),
(3, 20, 709, 0, 0),
(3, 20, 710, 0, 0),
(3, 20, 711, 0, 0),
(3, 29, 712, 0, 0),
(3, 46, 713, 0, 0),
(3, 41, 714, 0, 0),
(3, 29, 715, 0, 0),
(3, 29, 716, 0, 0),
(3, 29, 717, 0, 0),
(3, 23, 718, 0, 0),
(3, 22, 719, 0, 0),
(3, 21, 720, 0, 0),
(3, 20, 721, 0, 0),
(3, 29, 722, 0, 0),
(3, 6, 723, 0, 0),
(3, 4, 724, 0, 0),
(3, 2, 725, 0, 0),
(3, 29, 726, 0, 0),
(3, 23, 727, 0, 0),
(3, 23, 728, 0, 0),
(3, 21, 729, 0, 0),
(3, 21, 730, 0, 0),
(3, 18, 731, 0, 0),
(3, 7, 732, 0, 0),
(3, 41, 733, 0, 0),
(3, 41, 734, 0, 0),
(3, 23, 735, 0, 0),
(3, 20, 736, 0, 0),
(3, 21, 737, 0, 0),
(3, 22, 738, 0, 0),
(3, 29, 739, 0, 0),
(3, 2, 740, 0, 0),
(3, 13, 741, 0, 0),
(3, 29, 742, 0, 0),
(3, 29, 743, 0, 0),
(3, 29, 744, 0, 0),
(3, 29, 745, 0, 0),
(3, 14, 772, 0, 0),
(3, 33, 773, 0, 0),
(3, 23, 774, 0, 0),
(3, 29, 775, 0, 0),
(3, 23, 776, 0, 0),
(3, 23, 777, 0, 0),
(3, 23, 778, 0, 0),
(3, 20, 779, 0, 0),
(3, 20, 780, 0, 0),
(3, 20, 781, 0, 0),
(3, 21, 782, 0, 0),
(3, 22, 783, 0, 0),
(3, 22, 784, 0, 0),
(3, 22, 785, 0, 0),
(3, 41, 786, 0, 0),
(3, 41, 787, 0, 0),
(3, 41, 788, 0, 0),
(3, 2, 789, 0, 0),
(3, 4, 790, 0, 0),
(3, 6, 791, 0, 0),
(3, 7, 792, 0, 0),
(3, 8, 793, 0, 0),
(3, 9, 794, 0, 0),
(3, 10, 795, 0, 0),
(3, 13, 796, 0, 0),
(3, 14, 797, 0, 0),
(3, 15, 798, 0, 0),
(3, 16, 799, 0, 0),
(3, 18, 800, 0, 0),
(3, 19, 801, 0, 0),
(3, 20, 802, 0, 0),
(3, 21, 803, 0, 0),
(3, 22, 804, 0, 0),
(3, 23, 805, 0, 0),
(3, 26, 806, 0, 0),
(3, 10, 807, 0, 0),
(3, 2, 808, 0, 0),
(3, 4, 809, 0, 0),
(3, 6, 810, 0, 0),
(3, 7, 811, 0, 0),
(3, 8, 812, 0, 0),
(3, 9, 813, 0, 0),
(3, 10, 814, 0, 0),
(3, 13, 815, 0, 0),
(3, 14, 816, 0, 0),
(3, 15, 817, 0, 0),
(3, 16, 818, 0, 0),
(3, 18, 819, 0, 0),
(3, 19, 820, 0, 0),
(3, 20, 821, 0, 0),
(3, 21, 822, 0, 0),
(3, 22, 823, 0, 0),
(3, 23, 824, 0, 0),
(3, 26, 825, 0, 0),
(3, 30, 826, 0, 0),
(3, 2, 827, 0, 0),
(3, 4, 828, 0, 0),
(3, 6, 829, 0, 0),
(3, 7, 830, 0, 0),
(3, 8, 831, 0, 0),
(3, 9, 832, 0, 0),
(3, 10, 833, 0, 0),
(3, 13, 834, 0, 0),
(3, 14, 835, 0, 0),
(3, 15, 836, 0, 0),
(3, 16, 837, 0, 0),
(3, 18, 838, 0, 0),
(3, 19, 839, 0, 0),
(3, 20, 840, 0, 0),
(3, 21, 841, 0, 0),
(3, 22, 842, 0, 0),
(3, 23, 843, 0, 0),
(3, 26, 844, 0, 0),
(3, 30, 845, 0, 0),
(3, 20, 846, 0, 0),
(3, 21, 847, 0, 0),
(3, 22, 848, 0, 0),
(3, 23, 849, 0, 0),
(3, 47, 850, 0, 0),
(3, 47, 851, 0, 0),
(3, 50, 852, 0, 0),
(3, 50, 853, 0, 0),
(3, 50, 854, 0, 0),
(3, 50, 855, 0, 0),
(3, 50, 856, 0, 0),
(3, 50, 857, 0, 0),
(3, 50, 858, 0, 0),
(3, 50, 859, 0, 0),
(3, 50, 860, 0, 0),
(3, 50, 861, 0, 0),
(3, 50, 862, 0, 0),
(3, 51, 863, 0, 0),
(3, 51, 864, 0, 0),
(3, 51, 865, 0, 0),
(3, 51, 866, 0, 0),
(3, 51, 867, 0, 0),
(3, 51, 868, 0, 0),
(3, 51, 869, 0, 0),
(3, 51, 870, 0, 0),
(3, 51, 871, 0, 0),
(3, 51, 872, 0, 0),
(3, 51, 873, 0, 0),
(3, 51, 874, 0, 0),
(3, 51, 876, 0, 0),
(3, 51, 878, 0, 0),
(3, 50, 881, 0, 0),
(3, 50, 883, 0, 0),
(3, 50, 884, 0, 0),
(3, 50, 885, 0, 0),
(3, 50, 886, 0, 0),
(3, 50, 887, 0, 0),
(3, 52, 888, 0, 0),
(3, 52, 889, 0, 0),
(3, 52, 890, 0, 0),
(3, 52, 891, 0, 0),
(3, 52, 892, 0, 0),
(3, 52, 893, 0, 0),
(3, 52, 894, 0, 0),
(3, 52, 895, 0, 0),
(3, 52, 896, 0, 0),
(3, 52, 897, 0, 0),
(3, 52, 898, 0, 0),
(3, 52, 899, 0, 0),
(3, 52, 900, 0, 0),
(3, 51, 901, 0, 0),
(3, 51, 903, 0, 0),
(3, 53, 905, 0, 0),
(3, 53, 906, 0, 0),
(3, 53, 907, 0, 0),
(3, 53, 908, 0, 0),
(3, 53, 909, 0, 0),
(3, 53, 910, 0, 0),
(3, 53, 911, 0, 0),
(3, 53, 912, 0, 0),
(3, 53, 913, 0, 0),
(3, 54, 921, 0, 0),
(3, 54, 922, 0, 0),
(3, 54, 923, 0, 0),
(3, 54, 924, 0, 0),
(3, 54, 925, 0, 0),
(3, 54, 926, 0, 0),
(3, 54, 927, 0, 0),
(3, 54, 928, 0, 0),
(3, 54, 929, 0, 0),
(3, 14, 930, 0, 0),
(3, 50, 931, 0, 0),
(3, 50, 932, 0, 0),
(3, 54, 933, 0, 0),
(3, 55, 934, 0, 0),
(3, 55, 935, 0, 0),
(3, 55, 936, 0, 0),
(3, 55, 937, 0, 0),
(3, 55, 938, 0, 0),
(3, 55, 939, 0, 0),
(3, 55, 940, 0, 0),
(3, 55, 941, 0, 0),
(3, 56, 942, 0, 0),
(3, 56, 943, 0, 0),
(3, 56, 944, 0, 0),
(3, 56, 945, 0, 0),
(3, 56, 946, 0, 0),
(3, 56, 947, 0, 0),
(3, 56, 948, 0, 0),
(3, 56, 949, 0, 0),
(3, 56, 950, 0, 0),
(3, 56, 951, 0, 0),
(3, 56, 952, 0, 0),
(3, 56, 953, 0, 0),
(3, 56, 954, 0, 0),
(3, 56, 955, 0, 0),
(3, 56, 956, 0, 0),
(3, 56, 957, 0, 0),
(3, 56, 958, 0, 0),
(4, 6, 1, 0, 0),
(4, 6, 2, 0, 0),
(4, 6, 3, 0, 0),
(4, 6, 4, 0, 0),
(4, 6, 5, 0, 0),
(4, 6, 6, 0, 0),
(4, 6, 7, 0, 0),
(4, 6, 8, 0, 0),
(4, 6, 9, 0, 0),
(4, 6, 10, 0, 0),
(4, 6, 11, 0, 0),
(4, 6, 12, 0, 0),
(4, 6, 13, 0, 0),
(4, 6, 14, 0, 0),
(4, 6, 15, 0, 0),
(4, 6, 16, 0, 0),
(4, 6, 17, 0, 0),
(4, 6, 18, 0, 0),
(4, 6, 19, 0, 0),
(4, 6, 20, 0, 0),
(4, 6, 21, 0, 0),
(4, 6, 22, 0, 0),
(4, 6, 23, 0, 0),
(4, 6, 24, 0, 0),
(4, 6, 25, 0, 0),
(4, 6, 26, 0, 0),
(4, 6, 27, 0, 0),
(4, 6, 28, 0, 0),
(4, 6, 29, 0, 0),
(4, 6, 30, 0, 0),
(4, 6, 31, 0, 0),
(4, 6, 32, 0, 0),
(4, 6, 33, 0, 0),
(4, 6, 34, 0, 0),
(4, 6, 35, 0, 0),
(4, 6, 36, 0, 0),
(4, 7, 37, 0, 0),
(4, 7, 38, 0, 0),
(4, 7, 39, 0, 0),
(4, 7, 40, 0, 0),
(4, 7, 41, 0, 0),
(4, 7, 42, 0, 0),
(4, 7, 43, 0, 0),
(4, 7, 44, 0, 0),
(4, 7, 45, 0, 0),
(4, 7, 46, 0, 0),
(4, 7, 47, 0, 0),
(4, 7, 48, 0, 0),
(4, 7, 49, 0, 0),
(4, 7, 50, 0, 0),
(4, 7, 51, 0, 0),
(4, 7, 52, 0, 0),
(4, 7, 53, 0, 0),
(4, 7, 54, 0, 0),
(4, 7, 55, 0, 0),
(4, 7, 56, 0, 0),
(4, 7, 57, 0, 0),
(4, 7, 58, 0, 0),
(4, 7, 59, 0, 0),
(4, 7, 60, 0, 0),
(4, 7, 61, 0, 0),
(4, 7, 62, 0, 0),
(4, 7, 63, 0, 0),
(4, 7, 64, 0, 0),
(4, 7, 65, 0, 0),
(4, 4, 66, 0, 0),
(4, 4, 67, 0, 0),
(4, 4, 68, 0, 0),
(4, 4, 69, 0, 0),
(4, 4, 70, 0, 0),
(4, 4, 71, 0, 0),
(4, 4, 72, 0, 0),
(4, 4, 73, 0, 0),
(4, 4, 74, 0, 0),
(4, 4, 75, 0, 0),
(4, 4, 76, 0, 0),
(4, 4, 77, 0, 0),
(4, 4, 78, 0, 0),
(4, 4, 79, 0, 0),
(4, 4, 80, 0, 0),
(4, 4, 81, 0, 0),
(4, 4, 82, 0, 0),
(4, 4, 83, 0, 0),
(4, 4, 84, 0, 0),
(4, 4, 85, 0, 0),
(4, 4, 86, 0, 0),
(4, 4, 87, 0, 0),
(4, 4, 88, 0, 0),
(4, 4, 89, 0, 0),
(4, 4, 90, 0, 0),
(4, 4, 91, 0, 0),
(4, 4, 92, 0, 0),
(4, 4, 93, 0, 0),
(4, 4, 94, 0, 0),
(4, 4, 95, 0, 0),
(4, 4, 96, 0, 0),
(4, 4, 97, 0, 0),
(4, 4, 98, 0, 0),
(4, 4, 99, 0, 0),
(4, 4, 100, 0, 0),
(4, 4, 101, 0, 0),
(4, 4, 102, 0, 0),
(4, 4, 103, 0, 0),
(4, 4, 104, 0, 0),
(4, 4, 105, 0, 0),
(4, 4, 106, 0, 0),
(4, 4, 107, 0, 0),
(4, 4, 108, 0, 0),
(4, 4, 109, 0, 0),
(4, 2, 110, 0, 0),
(4, 2, 111, 0, 0),
(4, 2, 112, 0, 0),
(4, 2, 113, 0, 0),
(4, 2, 114, 0, 0),
(4, 2, 115, 0, 0),
(4, 2, 116, 0, 0),
(4, 2, 117, 0, 0),
(4, 2, 118, 0, 0),
(4, 2, 119, 0, 0),
(4, 2, 120, 0, 0),
(4, 2, 121, 0, 0),
(4, 2, 122, 0, 0),
(4, 2, 123, 0, 0),
(4, 2, 124, 0, 0),
(4, 2, 125, 0, 0),
(4, 26, 126, 0, 0),
(4, 26, 127, 0, 0),
(4, 26, 128, 0, 0),
(4, 26, 129, 0, 0),
(4, 26, 130, 0, 0),
(4, 26, 131, 0, 0),
(4, 26, 132, 0, 0),
(4, 26, 133, 0, 0),
(4, 26, 134, 0, 0),
(4, 26, 135, 0, 0),
(4, 26, 136, 0, 0),
(4, 26, 137, 0, 0),
(4, 26, 138, 0, 0),
(4, 26, 139, 0, 0),
(4, 26, 140, 0, 0),
(4, 26, 141, 0, 0),
(4, 26, 142, 0, 0),
(4, 26, 143, 0, 0),
(4, 26, 144, 0, 0),
(4, 26, 145, 0, 0),
(4, 26, 146, 0, 0),
(4, 26, 147, 0, 0),
(4, 26, 148, 0, 0),
(4, 26, 149, 0, 0),
(4, 26, 150, 0, 0),
(4, 4, 151, 0, 0),
(4, 6, 152, 0, 0),
(4, 7, 153, 0, 0),
(4, 26, 154, 0, 0),
(4, 13, 155, 0, 0),
(4, 13, 156, 0, 0),
(4, 13, 157, 0, 0),
(4, 13, 158, 0, 0),
(4, 13, 159, 0, 0);
INSERT INTO `vtiger_profile2field` (`profileid`, `tabid`, `fieldid`, `visible`, `readonly`) VALUES
(4, 13, 160, 0, 0),
(4, 13, 161, 0, 0),
(4, 13, 162, 0, 0),
(4, 13, 163, 0, 0),
(4, 13, 164, 0, 0),
(4, 13, 165, 0, 0),
(4, 13, 166, 0, 0),
(4, 13, 167, 0, 0),
(4, 13, 168, 0, 0),
(4, 13, 169, 0, 0),
(4, 13, 170, 0, 0),
(4, 13, 171, 0, 0),
(4, 13, 172, 0, 0),
(4, 13, 173, 0, 0),
(4, 14, 174, 0, 0),
(4, 14, 175, 0, 0),
(4, 14, 176, 0, 0),
(4, 14, 177, 0, 0),
(4, 14, 178, 0, 0),
(4, 14, 179, 0, 0),
(4, 14, 180, 0, 0),
(4, 14, 181, 0, 0),
(4, 14, 182, 0, 0),
(4, 14, 183, 0, 0),
(4, 14, 184, 0, 0),
(4, 14, 185, 0, 0),
(4, 14, 186, 0, 0),
(4, 14, 187, 0, 0),
(4, 14, 188, 0, 0),
(4, 14, 189, 0, 0),
(4, 14, 190, 0, 0),
(4, 14, 191, 0, 0),
(4, 14, 192, 0, 0),
(4, 14, 193, 0, 0),
(4, 14, 194, 0, 0),
(4, 14, 195, 0, 0),
(4, 14, 196, 0, 0),
(4, 14, 197, 0, 0),
(4, 14, 198, 0, 0),
(4, 14, 199, 0, 0),
(4, 14, 200, 0, 0),
(4, 14, 201, 0, 0),
(4, 14, 202, 0, 0),
(4, 14, 203, 0, 0),
(4, 14, 204, 0, 0),
(4, 8, 205, 0, 0),
(4, 8, 206, 0, 0),
(4, 8, 207, 0, 0),
(4, 8, 208, 0, 0),
(4, 8, 209, 0, 0),
(4, 8, 210, 0, 0),
(4, 8, 211, 0, 0),
(4, 8, 212, 0, 0),
(4, 8, 213, 0, 0),
(4, 8, 214, 0, 0),
(4, 8, 215, 0, 0),
(4, 8, 216, 0, 0),
(4, 8, 217, 0, 0),
(4, 8, 218, 0, 0),
(4, 8, 219, 0, 0),
(4, 10, 220, 0, 0),
(4, 10, 221, 0, 0),
(4, 10, 222, 0, 0),
(4, 10, 223, 0, 0),
(4, 10, 224, 0, 0),
(4, 10, 225, 0, 0),
(4, 10, 226, 0, 0),
(4, 10, 227, 0, 0),
(4, 10, 228, 0, 0),
(4, 10, 229, 0, 0),
(4, 10, 230, 0, 0),
(4, 10, 231, 0, 0),
(4, 9, 232, 0, 0),
(4, 9, 233, 0, 0),
(4, 9, 234, 0, 0),
(4, 9, 235, 0, 0),
(4, 9, 236, 0, 0),
(4, 9, 237, 0, 0),
(4, 9, 238, 0, 0),
(4, 9, 239, 0, 0),
(4, 9, 240, 0, 0),
(4, 9, 241, 0, 0),
(4, 9, 242, 0, 0),
(4, 9, 243, 0, 0),
(4, 9, 244, 0, 0),
(4, 9, 245, 0, 0),
(4, 9, 246, 0, 0),
(4, 9, 247, 0, 0),
(4, 9, 248, 0, 0),
(4, 9, 249, 0, 0),
(4, 9, 250, 0, 0),
(4, 9, 251, 0, 0),
(4, 9, 252, 0, 0),
(4, 9, 253, 0, 0),
(4, 9, 254, 0, 0),
(4, 9, 255, 0, 0),
(4, 16, 256, 0, 0),
(4, 16, 257, 0, 0),
(4, 16, 258, 0, 0),
(4, 16, 259, 0, 0),
(4, 16, 260, 0, 0),
(4, 16, 261, 0, 0),
(4, 16, 262, 0, 0),
(4, 16, 263, 0, 0),
(4, 16, 264, 0, 0),
(4, 16, 265, 0, 0),
(4, 16, 266, 0, 0),
(4, 16, 267, 0, 0),
(4, 16, 268, 0, 0),
(4, 16, 269, 0, 0),
(4, 16, 270, 0, 0),
(4, 16, 271, 0, 0),
(4, 16, 272, 0, 0),
(4, 16, 273, 0, 0),
(4, 16, 274, 0, 0),
(4, 16, 275, 0, 0),
(4, 16, 276, 0, 0),
(4, 16, 277, 0, 0),
(4, 16, 278, 0, 0),
(4, 15, 279, 0, 0),
(4, 15, 280, 0, 0),
(4, 15, 281, 0, 0),
(4, 15, 282, 0, 0),
(4, 15, 283, 0, 0),
(4, 15, 284, 0, 0),
(4, 15, 285, 0, 0),
(4, 15, 286, 0, 0),
(4, 15, 287, 0, 0),
(4, 15, 288, 0, 0),
(4, 18, 289, 0, 0),
(4, 18, 290, 0, 0),
(4, 18, 291, 0, 0),
(4, 18, 292, 0, 0),
(4, 18, 293, 0, 0),
(4, 18, 294, 0, 0),
(4, 18, 295, 0, 0),
(4, 18, 296, 0, 0),
(4, 18, 297, 0, 0),
(4, 18, 298, 0, 0),
(4, 18, 299, 0, 0),
(4, 18, 300, 0, 0),
(4, 18, 301, 0, 0),
(4, 18, 302, 0, 0),
(4, 18, 303, 0, 0),
(4, 18, 304, 0, 0),
(4, 18, 305, 0, 0),
(4, 19, 306, 0, 0),
(4, 19, 307, 0, 0),
(4, 19, 308, 0, 0),
(4, 19, 309, 0, 0),
(4, 19, 310, 0, 0),
(4, 19, 311, 0, 0),
(4, 19, 312, 0, 0),
(4, 19, 313, 0, 0),
(4, 20, 314, 0, 0),
(4, 20, 315, 0, 0),
(4, 20, 316, 0, 0),
(4, 20, 317, 0, 0),
(4, 20, 318, 0, 0),
(4, 20, 319, 0, 0),
(4, 20, 320, 0, 0),
(4, 20, 321, 0, 0),
(4, 20, 322, 0, 0),
(4, 20, 323, 0, 0),
(4, 20, 324, 0, 0),
(4, 20, 325, 0, 0),
(4, 20, 326, 0, 0),
(4, 20, 327, 0, 0),
(4, 20, 328, 0, 0),
(4, 20, 329, 0, 0),
(4, 20, 330, 0, 0),
(4, 20, 331, 0, 0),
(4, 20, 332, 0, 0),
(4, 20, 333, 0, 0),
(4, 20, 334, 0, 0),
(4, 20, 335, 0, 0),
(4, 20, 336, 0, 0),
(4, 20, 337, 0, 0),
(4, 20, 338, 0, 0),
(4, 20, 339, 0, 0),
(4, 20, 340, 0, 0),
(4, 20, 341, 0, 0),
(4, 20, 342, 0, 0),
(4, 20, 343, 0, 0),
(4, 20, 344, 0, 0),
(4, 20, 345, 0, 0),
(4, 20, 346, 0, 0),
(4, 20, 347, 0, 0),
(4, 20, 348, 0, 0),
(4, 20, 349, 0, 0),
(4, 20, 350, 0, 0),
(4, 21, 351, 0, 0),
(4, 21, 352, 0, 0),
(4, 21, 353, 0, 0),
(4, 21, 354, 0, 0),
(4, 21, 355, 0, 0),
(4, 21, 356, 0, 0),
(4, 21, 357, 0, 0),
(4, 21, 358, 0, 0),
(4, 21, 359, 0, 0),
(4, 21, 360, 0, 0),
(4, 21, 361, 0, 0),
(4, 21, 362, 0, 0),
(4, 21, 363, 0, 0),
(4, 21, 364, 0, 0),
(4, 21, 365, 0, 0),
(4, 21, 366, 0, 0),
(4, 21, 367, 0, 0),
(4, 21, 368, 0, 0),
(4, 21, 369, 0, 0),
(4, 21, 370, 0, 0),
(4, 21, 371, 0, 0),
(4, 21, 372, 0, 0),
(4, 21, 373, 0, 0),
(4, 21, 374, 0, 0),
(4, 21, 375, 0, 0),
(4, 21, 376, 0, 0),
(4, 21, 377, 0, 0),
(4, 21, 378, 0, 0),
(4, 21, 379, 0, 0),
(4, 21, 380, 0, 0),
(4, 21, 381, 0, 0),
(4, 21, 382, 0, 0),
(4, 21, 383, 0, 0),
(4, 21, 384, 0, 0),
(4, 21, 385, 0, 0),
(4, 21, 386, 0, 0),
(4, 21, 387, 0, 0),
(4, 21, 388, 0, 0),
(4, 22, 389, 0, 0),
(4, 22, 390, 0, 0),
(4, 22, 391, 0, 0),
(4, 22, 392, 0, 0),
(4, 22, 393, 0, 0),
(4, 22, 394, 0, 0),
(4, 22, 395, 0, 0),
(4, 22, 396, 0, 0),
(4, 22, 397, 0, 0),
(4, 22, 398, 0, 0),
(4, 22, 399, 0, 0),
(4, 22, 400, 0, 0),
(4, 22, 401, 0, 0),
(4, 22, 402, 0, 0),
(4, 22, 403, 0, 0),
(4, 22, 404, 0, 0),
(4, 22, 405, 0, 0),
(4, 22, 406, 0, 0),
(4, 22, 407, 0, 0),
(4, 22, 408, 0, 0),
(4, 22, 409, 0, 0),
(4, 22, 410, 0, 0),
(4, 22, 411, 0, 0),
(4, 22, 412, 0, 0),
(4, 22, 413, 0, 0),
(4, 22, 414, 0, 0),
(4, 22, 415, 0, 0),
(4, 22, 416, 0, 0),
(4, 22, 417, 0, 0),
(4, 22, 418, 0, 0),
(4, 22, 419, 0, 0),
(4, 22, 420, 0, 0),
(4, 22, 421, 0, 0),
(4, 22, 422, 0, 0),
(4, 22, 423, 0, 0),
(4, 22, 424, 0, 0),
(4, 22, 425, 0, 0),
(4, 22, 426, 0, 0),
(4, 22, 427, 0, 0),
(4, 22, 428, 0, 0),
(4, 22, 429, 0, 0),
(4, 22, 430, 0, 0),
(4, 22, 431, 0, 0),
(4, 22, 432, 0, 0),
(4, 22, 433, 0, 0),
(4, 22, 434, 0, 0),
(4, 22, 435, 0, 0),
(4, 23, 436, 0, 0),
(4, 23, 437, 0, 0),
(4, 23, 438, 0, 0),
(4, 23, 439, 0, 0),
(4, 23, 440, 0, 0),
(4, 23, 441, 0, 0),
(4, 23, 442, 0, 0),
(4, 23, 443, 0, 0),
(4, 23, 444, 0, 0),
(4, 23, 445, 0, 0),
(4, 23, 446, 0, 0),
(4, 23, 447, 0, 0),
(4, 23, 448, 0, 0),
(4, 23, 449, 0, 0),
(4, 23, 450, 0, 0),
(4, 23, 451, 0, 0),
(4, 23, 452, 0, 0),
(4, 23, 453, 0, 0),
(4, 23, 454, 0, 0),
(4, 23, 455, 0, 0),
(4, 23, 456, 0, 0),
(4, 23, 457, 0, 0),
(4, 23, 458, 0, 0),
(4, 23, 459, 0, 0),
(4, 23, 460, 0, 0),
(4, 23, 461, 0, 0),
(4, 23, 462, 0, 0),
(4, 23, 463, 0, 0),
(4, 23, 464, 0, 0),
(4, 23, 465, 0, 0),
(4, 23, 466, 0, 0),
(4, 23, 467, 0, 0),
(4, 23, 468, 0, 0),
(4, 23, 469, 0, 0),
(4, 23, 470, 0, 0),
(4, 23, 471, 0, 0),
(4, 23, 472, 0, 0),
(4, 23, 473, 0, 0),
(4, 23, 474, 0, 0),
(4, 29, 475, 0, 0),
(4, 29, 479, 0, 0),
(4, 29, 480, 0, 0),
(4, 29, 482, 0, 0),
(4, 29, 489, 0, 0),
(4, 29, 490, 0, 0),
(4, 29, 491, 0, 0),
(4, 29, 492, 0, 0),
(4, 29, 493, 0, 0),
(4, 29, 495, 0, 0),
(4, 29, 496, 0, 0),
(4, 29, 497, 0, 0),
(4, 29, 498, 0, 0),
(4, 29, 499, 0, 0),
(4, 29, 504, 0, 0),
(4, 29, 505, 0, 0),
(4, 29, 506, 0, 0),
(4, 29, 507, 0, 0),
(4, 29, 515, 0, 0),
(4, 10, 520, 0, 0),
(4, 10, 521, 0, 0),
(4, 10, 522, 0, 0),
(4, 10, 523, 0, 0),
(4, 10, 524, 0, 0),
(4, 10, 525, 0, 0),
(4, 30, 526, 0, 0),
(4, 30, 527, 0, 0),
(4, 30, 528, 0, 0),
(4, 30, 529, 0, 0),
(4, 30, 530, 0, 0),
(4, 30, 531, 0, 0),
(4, 30, 532, 0, 0),
(4, 30, 533, 0, 0),
(4, 30, 534, 0, 0),
(4, 30, 535, 0, 0),
(4, 30, 536, 0, 0),
(4, 30, 537, 0, 0),
(4, 30, 538, 0, 0),
(4, 30, 539, 0, 0),
(4, 30, 540, 0, 0),
(4, 30, 541, 0, 0),
(4, 30, 542, 0, 0),
(4, 29, 543, 0, 0),
(4, 33, 544, 0, 0),
(4, 33, 545, 0, 0),
(4, 33, 546, 0, 0),
(4, 33, 547, 0, 0),
(4, 33, 548, 0, 0),
(4, 33, 549, 0, 0),
(4, 33, 550, 0, 0),
(4, 33, 551, 0, 0),
(4, 33, 552, 0, 0),
(4, 33, 553, 0, 0),
(4, 33, 554, 0, 0),
(4, 33, 555, 0, 0),
(4, 33, 556, 0, 0),
(4, 33, 557, 0, 0),
(4, 33, 558, 0, 0),
(4, 33, 559, 0, 0),
(4, 33, 560, 0, 0),
(4, 33, 561, 0, 0),
(4, 33, 562, 0, 0),
(4, 33, 563, 0, 0),
(4, 33, 564, 0, 0),
(4, 33, 565, 0, 0),
(4, 37, 566, 0, 0),
(4, 37, 567, 0, 0),
(4, 37, 568, 0, 0),
(4, 37, 569, 0, 0),
(4, 37, 570, 0, 0),
(4, 37, 571, 0, 0),
(4, 37, 572, 0, 0),
(4, 37, 573, 0, 0),
(4, 37, 574, 0, 0),
(4, 37, 575, 0, 0),
(4, 37, 576, 0, 0),
(4, 37, 577, 0, 0),
(4, 37, 578, 0, 0),
(4, 37, 579, 0, 0),
(4, 37, 580, 0, 0),
(4, 37, 581, 0, 0),
(4, 37, 582, 0, 0),
(4, 37, 583, 0, 0),
(4, 37, 584, 0, 0),
(4, 37, 585, 0, 0),
(4, 37, 586, 0, 0),
(4, 37, 587, 0, 0),
(4, 39, 588, 0, 0),
(4, 39, 589, 0, 0),
(4, 39, 590, 0, 0),
(4, 39, 591, 0, 0),
(4, 39, 592, 0, 0),
(4, 39, 593, 0, 0),
(4, 40, 594, 0, 0),
(4, 40, 595, 0, 0),
(4, 40, 596, 0, 0),
(4, 40, 597, 0, 0),
(4, 40, 598, 0, 0),
(4, 40, 599, 0, 0),
(4, 40, 600, 0, 0),
(4, 40, 601, 0, 0),
(4, 40, 602, 0, 0),
(4, 40, 603, 0, 0),
(4, 40, 604, 0, 0),
(4, 40, 605, 0, 0),
(4, 40, 606, 0, 0),
(4, 40, 607, 0, 0),
(4, 40, 608, 0, 0),
(4, 40, 609, 0, 0),
(4, 40, 610, 0, 0),
(4, 40, 611, 0, 0),
(4, 40, 612, 0, 0),
(4, 40, 613, 0, 0),
(4, 40, 614, 0, 0),
(4, 41, 615, 0, 0),
(4, 41, 616, 0, 0),
(4, 41, 617, 0, 0),
(4, 41, 618, 0, 0),
(4, 41, 619, 0, 0),
(4, 41, 620, 0, 0),
(4, 41, 621, 0, 0),
(4, 41, 622, 0, 0),
(4, 45, 623, 0, 0),
(4, 45, 624, 0, 0),
(4, 45, 625, 0, 0),
(4, 45, 626, 0, 0),
(4, 45, 627, 0, 0),
(4, 45, 628, 0, 0),
(4, 45, 629, 0, 0),
(4, 45, 630, 0, 0),
(4, 45, 631, 0, 0),
(4, 45, 632, 0, 0),
(4, 45, 633, 0, 0),
(4, 45, 634, 0, 0),
(4, 45, 635, 0, 0),
(4, 46, 636, 0, 0),
(4, 46, 637, 0, 0),
(4, 46, 638, 0, 0),
(4, 46, 639, 0, 0),
(4, 46, 640, 0, 0),
(4, 46, 641, 0, 0),
(4, 46, 642, 0, 0),
(4, 46, 643, 0, 0),
(4, 46, 644, 0, 0),
(4, 46, 645, 0, 0),
(4, 46, 646, 0, 0),
(4, 46, 647, 0, 0),
(4, 46, 648, 0, 0),
(4, 46, 649, 0, 0),
(4, 46, 650, 0, 0),
(4, 46, 651, 0, 0),
(4, 46, 652, 0, 0),
(4, 46, 653, 0, 0),
(4, 47, 654, 0, 0),
(4, 47, 655, 0, 0),
(4, 47, 656, 0, 0),
(4, 47, 657, 0, 0),
(4, 47, 658, 0, 0),
(4, 47, 659, 0, 0),
(4, 47, 660, 0, 0),
(4, 47, 661, 0, 0),
(4, 47, 662, 0, 0),
(4, 47, 663, 0, 0),
(4, 47, 664, 0, 0),
(4, 47, 665, 0, 0),
(4, 47, 666, 0, 0),
(4, 47, 667, 0, 0),
(4, 47, 668, 0, 0),
(4, 47, 669, 0, 0),
(4, 47, 670, 0, 0),
(4, 47, 671, 0, 0),
(4, 47, 672, 0, 0),
(4, 47, 673, 0, 0),
(4, 2, 674, 0, 0),
(4, 29, 675, 0, 0),
(4, 23, 676, 0, 0),
(4, 23, 677, 0, 0),
(4, 23, 678, 0, 0),
(4, 23, 679, 0, 0),
(4, 23, 680, 0, 0),
(4, 23, 681, 0, 0),
(4, 23, 682, 0, 0),
(4, 23, 683, 0, 0),
(4, 23, 684, 0, 0),
(4, 22, 685, 0, 0),
(4, 22, 686, 0, 0),
(4, 22, 687, 0, 0),
(4, 22, 688, 0, 0),
(4, 22, 689, 0, 0),
(4, 22, 690, 0, 0),
(4, 22, 691, 0, 0),
(4, 22, 692, 0, 0),
(4, 22, 693, 0, 0),
(4, 21, 694, 0, 0),
(4, 21, 695, 0, 0),
(4, 21, 696, 0, 0),
(4, 21, 697, 0, 0),
(4, 21, 698, 0, 0),
(4, 21, 699, 0, 0),
(4, 21, 700, 0, 0),
(4, 21, 701, 0, 0),
(4, 21, 702, 0, 0),
(4, 20, 703, 0, 0),
(4, 20, 704, 0, 0),
(4, 20, 705, 0, 0),
(4, 20, 706, 0, 0),
(4, 20, 707, 0, 0),
(4, 20, 708, 0, 0),
(4, 20, 709, 0, 0),
(4, 20, 710, 0, 0),
(4, 20, 711, 0, 0),
(4, 29, 712, 0, 0),
(4, 46, 713, 0, 0),
(4, 41, 714, 0, 0),
(4, 29, 715, 0, 0),
(4, 29, 716, 0, 0),
(4, 29, 717, 0, 0),
(4, 23, 718, 0, 0),
(4, 22, 719, 0, 0),
(4, 21, 720, 0, 0),
(4, 20, 721, 0, 0),
(4, 29, 722, 0, 0),
(4, 6, 723, 0, 0),
(4, 4, 724, 0, 0),
(4, 2, 725, 0, 0),
(4, 29, 726, 0, 0),
(4, 23, 727, 0, 0),
(4, 23, 728, 0, 0),
(4, 21, 729, 0, 0),
(4, 21, 730, 0, 0),
(4, 18, 731, 0, 0),
(4, 7, 732, 0, 0),
(4, 41, 733, 0, 0),
(4, 41, 734, 0, 0),
(4, 23, 735, 0, 0),
(4, 20, 736, 0, 0),
(4, 21, 737, 0, 0),
(4, 22, 738, 0, 0),
(4, 29, 739, 0, 0),
(4, 2, 740, 0, 0),
(4, 13, 741, 0, 0),
(4, 29, 742, 0, 0),
(4, 29, 743, 0, 0),
(4, 29, 744, 0, 0),
(4, 29, 745, 0, 0),
(4, 14, 772, 0, 0),
(4, 33, 773, 0, 0),
(4, 23, 774, 0, 0),
(4, 29, 775, 0, 0),
(4, 23, 776, 0, 0),
(4, 23, 777, 0, 0),
(4, 23, 778, 0, 0),
(4, 20, 779, 0, 0),
(4, 20, 780, 0, 0),
(4, 20, 781, 0, 0),
(4, 21, 782, 0, 0),
(4, 22, 783, 0, 0),
(4, 22, 784, 0, 0),
(4, 22, 785, 0, 0),
(4, 41, 786, 0, 0),
(4, 41, 787, 0, 0),
(4, 41, 788, 0, 0),
(4, 2, 789, 0, 0),
(4, 4, 790, 0, 0),
(4, 6, 791, 0, 0),
(4, 7, 792, 0, 0),
(4, 8, 793, 0, 0),
(4, 9, 794, 0, 0),
(4, 10, 795, 0, 0),
(4, 13, 796, 0, 0),
(4, 14, 797, 0, 0),
(4, 15, 798, 0, 0),
(4, 16, 799, 0, 0),
(4, 18, 800, 0, 0),
(4, 19, 801, 0, 0),
(4, 20, 802, 0, 0),
(4, 21, 803, 0, 0),
(4, 22, 804, 0, 0),
(4, 23, 805, 0, 0),
(4, 26, 806, 0, 0),
(4, 10, 807, 0, 0),
(4, 2, 808, 0, 0),
(4, 4, 809, 0, 0),
(4, 6, 810, 0, 0),
(4, 7, 811, 0, 0),
(4, 8, 812, 0, 0),
(4, 9, 813, 0, 0),
(4, 10, 814, 0, 0),
(4, 13, 815, 0, 0),
(4, 14, 816, 0, 0),
(4, 15, 817, 0, 0),
(4, 16, 818, 0, 0),
(4, 18, 819, 0, 0),
(4, 19, 820, 0, 0),
(4, 20, 821, 0, 0),
(4, 21, 822, 0, 0),
(4, 22, 823, 0, 0),
(4, 23, 824, 0, 0),
(4, 26, 825, 0, 0),
(4, 30, 826, 0, 0),
(4, 2, 827, 0, 0),
(4, 4, 828, 0, 0),
(4, 6, 829, 0, 0),
(4, 7, 830, 0, 0),
(4, 8, 831, 0, 0),
(4, 9, 832, 0, 0),
(4, 10, 833, 0, 0),
(4, 13, 834, 0, 0),
(4, 14, 835, 0, 0),
(4, 15, 836, 0, 0),
(4, 16, 837, 0, 0),
(4, 18, 838, 0, 0),
(4, 19, 839, 0, 0),
(4, 20, 840, 0, 0),
(4, 21, 841, 0, 0),
(4, 22, 842, 0, 0),
(4, 23, 843, 0, 0),
(4, 26, 844, 0, 0),
(4, 30, 845, 0, 0),
(4, 20, 846, 0, 0),
(4, 21, 847, 0, 0),
(4, 22, 848, 0, 0),
(4, 23, 849, 0, 0),
(4, 47, 850, 0, 0),
(4, 47, 851, 0, 0),
(4, 50, 852, 0, 0),
(4, 50, 853, 0, 0),
(4, 50, 854, 0, 0),
(4, 50, 855, 0, 0),
(4, 50, 856, 0, 0),
(4, 50, 857, 0, 0),
(4, 50, 858, 0, 0),
(4, 50, 859, 0, 0),
(4, 50, 860, 0, 0),
(4, 50, 861, 0, 0),
(4, 50, 862, 0, 0),
(4, 51, 863, 0, 0),
(4, 51, 864, 0, 0),
(4, 51, 865, 0, 0),
(4, 51, 866, 0, 0),
(4, 51, 867, 0, 0),
(4, 51, 868, 0, 0),
(4, 51, 869, 0, 0),
(4, 51, 870, 0, 0),
(4, 51, 871, 0, 0),
(4, 51, 872, 0, 0),
(4, 51, 873, 0, 0),
(4, 51, 874, 0, 0),
(4, 51, 876, 0, 0),
(4, 51, 878, 0, 0),
(4, 50, 881, 0, 0),
(4, 50, 883, 0, 0),
(4, 50, 884, 0, 0),
(4, 50, 885, 0, 0),
(4, 50, 886, 0, 0),
(4, 50, 887, 0, 0),
(4, 52, 888, 0, 0),
(4, 52, 889, 0, 0),
(4, 52, 890, 0, 0),
(4, 52, 891, 0, 0),
(4, 52, 892, 0, 0),
(4, 52, 893, 0, 0),
(4, 52, 894, 0, 0),
(4, 52, 895, 0, 0),
(4, 52, 896, 0, 0),
(4, 52, 897, 0, 0),
(4, 52, 898, 0, 0),
(4, 52, 899, 0, 0),
(4, 52, 900, 0, 0),
(4, 51, 901, 0, 0),
(4, 51, 903, 0, 0),
(4, 53, 905, 0, 0),
(4, 53, 906, 0, 0),
(4, 53, 907, 0, 0),
(4, 53, 908, 0, 0),
(4, 53, 909, 0, 0),
(4, 53, 910, 0, 0),
(4, 53, 911, 0, 0),
(4, 53, 912, 0, 0),
(4, 53, 913, 0, 0),
(4, 54, 921, 0, 0),
(4, 54, 922, 0, 0),
(4, 54, 923, 0, 0),
(4, 54, 924, 0, 0),
(4, 54, 925, 0, 0),
(4, 54, 926, 0, 0),
(4, 54, 927, 0, 0),
(4, 54, 928, 0, 0),
(4, 54, 929, 0, 0),
(4, 14, 930, 0, 0),
(4, 50, 931, 0, 0),
(4, 50, 932, 0, 0),
(4, 54, 933, 0, 0),
(4, 55, 934, 0, 0),
(4, 55, 935, 0, 0),
(4, 55, 936, 0, 0),
(4, 55, 937, 0, 0),
(4, 55, 938, 0, 0),
(4, 55, 939, 0, 0),
(4, 55, 940, 0, 0),
(4, 55, 941, 0, 0),
(4, 56, 942, 0, 0),
(4, 56, 943, 0, 0),
(4, 56, 944, 0, 0),
(4, 56, 945, 0, 0),
(4, 56, 946, 0, 0),
(4, 56, 947, 0, 0),
(4, 56, 948, 0, 0),
(4, 56, 949, 0, 0),
(4, 56, 950, 0, 0),
(4, 56, 951, 0, 0),
(4, 56, 952, 0, 0),
(4, 56, 953, 0, 0),
(4, 56, 954, 0, 0),
(4, 56, 955, 0, 0),
(4, 56, 956, 0, 0),
(4, 56, 957, 0, 0),
(4, 56, 958, 0, 0);

-- --------------------------------------------------------

--
-- Table structure for table `vtiger_profile2globalpermissions`
--

CREATE TABLE `vtiger_profile2globalpermissions` (
  `profileid` int(19) NOT NULL,
  `globalactionid` int(19) NOT NULL,
  `globalactionpermission` int(19) DEFAULT NULL
) ENGINE=InnoDB DEFAULT CHARSET=utf8;

--
-- Dumping data for table `vtiger_profile2globalpermissions`
--

INSERT INTO `vtiger_profile2globalpermissions` (`profileid`, `globalactionid`, `globalactionpermission`) VALUES
(1, 1, 0),
(1, 2, 0),
(2, 1, 1),
(2, 2, 1),
(3, 1, 1),
(3, 2, 1),
(4, 1, 1),
(4, 2, 1);

-- --------------------------------------------------------

--
-- Table structure for table `vtiger_profile2standardpermissions`
--

CREATE TABLE `vtiger_profile2standardpermissions` (
  `profileid` int(11) NOT NULL,
  `tabid` int(10) NOT NULL,
  `operation` int(10) NOT NULL,
  `permissions` int(1) DEFAULT NULL
) ENGINE=InnoDB DEFAULT CHARSET=utf8;

--
-- Dumping data for table `vtiger_profile2standardpermissions`
--

INSERT INTO `vtiger_profile2standardpermissions` (`profileid`, `tabid`, `operation`, `permissions`) VALUES
(1, 2, 0, 0),
(1, 2, 1, 0),
(1, 2, 2, 0),
(1, 2, 3, 0),
(1, 2, 4, 0),
(1, 2, 7, 0),
(1, 4, 0, 0),
(1, 4, 1, 0),
(1, 4, 2, 0),
(1, 4, 3, 0),
(1, 4, 4, 0),
(1, 4, 7, 0),
(1, 6, 0, 0),
(1, 6, 1, 0),
(1, 6, 2, 0),
(1, 6, 3, 0),
(1, 6, 4, 0),
(1, 6, 7, 0),
(1, 7, 0, 0),
(1, 7, 1, 0),
(1, 7, 2, 0),
(1, 7, 3, 0),
(1, 7, 4, 0),
(1, 7, 7, 0),
(1, 8, 0, 0),
(1, 8, 1, 0),
(1, 8, 2, 0),
(1, 8, 3, 0),
(1, 8, 4, 0),
(1, 8, 7, 0),
(1, 9, 0, 0),
(1, 9, 1, 0),
(1, 9, 2, 0),
(1, 9, 3, 0),
(1, 9, 4, 0),
(1, 9, 7, 0),
(1, 13, 0, 0),
(1, 13, 1, 0),
(1, 13, 2, 0),
(1, 13, 3, 0),
(1, 13, 4, 0),
(1, 13, 7, 0),
(1, 14, 0, 0),
(1, 14, 1, 0),
(1, 14, 2, 0),
(1, 14, 3, 0),
(1, 14, 4, 0),
(1, 14, 7, 0),
(1, 15, 0, 0),
(1, 15, 1, 0),
(1, 15, 2, 0),
(1, 15, 3, 0),
(1, 15, 4, 0),
(1, 15, 7, 0),
(1, 16, 0, 0),
(1, 16, 1, 0),
(1, 16, 2, 0),
(1, 16, 3, 0),
(1, 16, 4, 0),
(1, 16, 7, 0),
(1, 18, 0, 0),
(1, 18, 1, 0),
(1, 18, 2, 0),
(1, 18, 3, 0),
(1, 18, 4, 0),
(1, 18, 7, 0),
(1, 19, 0, 0),
(1, 19, 1, 0),
(1, 19, 2, 0),
(1, 19, 3, 0),
(1, 19, 4, 0),
(1, 19, 7, 0),
(1, 20, 0, 0),
(1, 20, 1, 0),
(1, 20, 2, 0),
(1, 20, 3, 0),
(1, 20, 4, 0),
(1, 20, 7, 0),
(1, 21, 0, 0),
(1, 21, 1, 0),
(1, 21, 2, 0),
(1, 21, 3, 0),
(1, 21, 4, 0),
(1, 21, 7, 0),
(1, 22, 0, 0),
(1, 22, 1, 0),
(1, 22, 2, 0),
(1, 22, 3, 0),
(1, 22, 4, 0),
(1, 22, 7, 0),
(1, 23, 0, 0),
(1, 23, 1, 0),
(1, 23, 2, 0),
(1, 23, 3, 0),
(1, 23, 4, 0),
(1, 23, 7, 0),
(1, 25, 0, 1),
(1, 25, 1, 1),
(1, 25, 2, 1),
(1, 25, 3, 0),
(1, 25, 4, 0),
(1, 25, 7, 1),
(1, 26, 0, 0),
(1, 26, 1, 0),
(1, 26, 2, 0),
(1, 26, 3, 0),
(1, 26, 4, 0),
(1, 26, 7, 0),
(1, 30, 0, 0),
(1, 30, 1, 0),
(1, 30, 2, 0),
(1, 30, 3, 0),
(1, 30, 4, 0),
(1, 30, 7, 0),
(1, 33, 0, 0),
(1, 33, 1, 0),
(1, 33, 2, 0),
(1, 33, 3, 0),
(1, 33, 4, 0),
(1, 33, 7, 0),
(1, 37, 0, 0),
(1, 37, 1, 0),
(1, 37, 2, 0),
(1, 37, 3, 0),
(1, 37, 4, 0),
(1, 37, 7, 0),
(1, 39, 0, 0),
(1, 39, 1, 0),
(1, 39, 2, 0),
(1, 39, 3, 0),
(1, 39, 4, 0),
(1, 39, 7, 0),
(1, 40, 0, 0),
(1, 40, 1, 0),
(1, 40, 2, 0),
(1, 40, 3, 0),
(1, 40, 4, 0),
(1, 40, 7, 0),
(1, 41, 0, 0),
(1, 41, 1, 0),
(1, 41, 2, 0),
(1, 41, 3, 0),
(1, 41, 4, 0),
(1, 41, 7, 0),
(1, 45, 0, 0),
(1, 45, 1, 0),
(1, 45, 2, 0),
(1, 45, 3, 0),
(1, 45, 4, 0),
(1, 45, 7, 0),
(1, 46, 0, 0),
(1, 46, 1, 0),
(1, 46, 2, 0),
(1, 46, 3, 0),
(1, 46, 4, 0),
(1, 46, 7, 0),
(1, 47, 0, 0),
(1, 47, 1, 0),
(1, 47, 2, 0),
(1, 47, 3, 0),
(1, 47, 4, 0),
(1, 47, 7, 0),
(1, 50, 0, 0),
(1, 50, 1, 0),
(1, 50, 2, 0),
(1, 50, 3, 0),
(1, 50, 4, 0),
(1, 50, 7, 0),
(1, 51, 0, 0),
(1, 51, 1, 0),
(1, 51, 2, 0),
(1, 51, 3, 0),
(1, 51, 4, 0),
(1, 51, 7, 0),
(1, 52, 0, 0),
(1, 52, 1, 0),
(1, 52, 2, 0),
(1, 52, 3, 0),
(1, 52, 4, 0),
(1, 52, 7, 0),
(1, 53, 0, 0),
(1, 53, 1, 0),
(1, 53, 2, 0),
(1, 53, 3, 0),
(1, 53, 4, 0),
(1, 53, 7, 0),
(1, 54, 0, 0),
(1, 54, 1, 0),
(1, 54, 2, 0),
(1, 54, 3, 0),
(1, 54, 4, 0),
(1, 54, 7, 0),
(1, 55, 0, 0),
(1, 55, 1, 0),
(1, 55, 2, 0),
(1, 55, 3, 0),
(1, 55, 4, 0),
(1, 55, 7, 0),
(1, 56, 0, 0),
(1, 56, 1, 0),
(1, 56, 2, 0),
(1, 56, 3, 0),
(1, 56, 4, 0),
(1, 56, 7, 0),
(2, 2, 0, 0),
(2, 2, 1, 0),
(2, 2, 2, 0),
(2, 2, 3, 0),
(2, 2, 4, 0),
(2, 2, 7, 0),
(2, 4, 0, 0),
(2, 4, 1, 0),
(2, 4, 2, 0),
(2, 4, 3, 0),
(2, 4, 4, 0),
(2, 4, 7, 0),
(2, 6, 0, 0),
(2, 6, 1, 0),
(2, 6, 2, 0),
(2, 6, 3, 0),
(2, 6, 4, 0),
(2, 6, 7, 0),
(2, 7, 0, 0),
(2, 7, 1, 0),
(2, 7, 2, 0),
(2, 7, 3, 0),
(2, 7, 4, 0),
(2, 7, 7, 0),
(2, 8, 0, 0),
(2, 8, 1, 0),
(2, 8, 2, 0),
(2, 8, 3, 0),
(2, 8, 4, 0),
(2, 8, 7, 0),
(2, 9, 0, 0),
(2, 9, 1, 0),
(2, 9, 2, 0),
(2, 9, 3, 0),
(2, 9, 4, 0),
(2, 9, 7, 0),
(2, 13, 0, 1),
(2, 13, 1, 1),
(2, 13, 2, 1),
(2, 13, 3, 0),
(2, 13, 4, 0),
(2, 13, 7, 1),
(2, 14, 0, 0),
(2, 14, 1, 0),
(2, 14, 2, 0),
(2, 14, 3, 0),
(2, 14, 4, 0),
(2, 14, 7, 0),
(2, 15, 0, 0),
(2, 15, 1, 0),
(2, 15, 2, 0),
(2, 15, 3, 0),
(2, 15, 4, 0),
(2, 15, 7, 0),
(2, 16, 0, 0),
(2, 16, 1, 0),
(2, 16, 2, 0),
(2, 16, 3, 0),
(2, 16, 4, 0),
(2, 16, 7, 0),
(2, 18, 0, 0),
(2, 18, 1, 0),
(2, 18, 2, 0),
(2, 18, 3, 0),
(2, 18, 4, 0),
(2, 18, 7, 0),
(2, 19, 0, 0),
(2, 19, 1, 0),
(2, 19, 2, 0),
(2, 19, 3, 0),
(2, 19, 4, 0),
(2, 19, 7, 0),
(2, 20, 0, 0),
(2, 20, 1, 0),
(2, 20, 2, 0),
(2, 20, 3, 0),
(2, 20, 4, 0),
(2, 20, 7, 0),
(2, 21, 0, 0),
(2, 21, 1, 0),
(2, 21, 2, 0),
(2, 21, 3, 0),
(2, 21, 4, 0),
(2, 21, 7, 0),
(2, 22, 0, 0),
(2, 22, 1, 0),
(2, 22, 2, 0),
(2, 22, 3, 0),
(2, 22, 4, 0),
(2, 22, 7, 0),
(2, 23, 0, 0),
(2, 23, 1, 0),
(2, 23, 2, 0),
(2, 23, 3, 0),
(2, 23, 4, 0),
(2, 23, 7, 0),
(2, 25, 0, 1),
(2, 25, 1, 1),
(2, 25, 2, 1),
(2, 25, 3, 0),
(2, 25, 4, 0),
(2, 25, 7, 1),
(2, 26, 0, 0),
(2, 26, 1, 0),
(2, 26, 2, 0),
(2, 26, 3, 0),
(2, 26, 4, 0),
(2, 26, 7, 0),
(2, 30, 0, 0),
(2, 30, 1, 0),
(2, 30, 2, 0),
(2, 30, 3, 0),
(2, 30, 4, 0),
(2, 30, 7, 0),
(2, 33, 0, 0),
(2, 33, 1, 0),
(2, 33, 2, 0),
(2, 33, 3, 0),
(2, 33, 4, 0),
(2, 33, 7, 0),
(2, 37, 0, 0),
(2, 37, 1, 0),
(2, 37, 2, 0),
(2, 37, 3, 0),
(2, 37, 4, 0),
(2, 37, 7, 0),
(2, 39, 0, 0),
(2, 39, 1, 0),
(2, 39, 2, 0),
(2, 39, 3, 0),
(2, 39, 4, 0),
(2, 39, 7, 0),
(2, 40, 0, 0),
(2, 40, 1, 0),
(2, 40, 2, 0),
(2, 40, 3, 0),
(2, 40, 4, 0),
(2, 40, 7, 0),
(2, 41, 0, 0),
(2, 41, 1, 0),
(2, 41, 2, 0),
(2, 41, 3, 0),
(2, 41, 4, 0),
(2, 41, 7, 0),
(2, 45, 0, 0),
(2, 45, 1, 0),
(2, 45, 2, 0),
(2, 45, 3, 0),
(2, 45, 4, 0),
(2, 45, 7, 0),
(2, 46, 0, 0),
(2, 46, 1, 0),
(2, 46, 2, 0),
(2, 46, 3, 0),
(2, 46, 4, 0),
(2, 46, 7, 0),
(2, 47, 0, 0),
(2, 47, 1, 0),
(2, 47, 2, 0),
(2, 47, 3, 0),
(2, 47, 4, 0),
(2, 47, 7, 0),
(2, 50, 0, 0),
(2, 50, 1, 0),
(2, 50, 2, 0),
(2, 50, 3, 0),
(2, 50, 4, 0),
(2, 50, 7, 0),
(2, 51, 0, 0),
(2, 51, 1, 0),
(2, 51, 2, 0),
(2, 51, 3, 0),
(2, 51, 4, 0),
(2, 51, 7, 0),
(2, 52, 0, 0),
(2, 52, 1, 0),
(2, 52, 2, 0),
(2, 52, 3, 0),
(2, 52, 4, 0),
(2, 52, 7, 0),
(2, 53, 0, 0),
(2, 53, 1, 0),
(2, 53, 2, 0),
(2, 53, 3, 0),
(2, 53, 4, 0),
(2, 53, 7, 0),
(2, 54, 0, 0),
(2, 54, 1, 0),
(2, 54, 2, 0),
(2, 54, 3, 0),
(2, 54, 4, 0),
(2, 54, 7, 0),
(2, 55, 0, 0),
(2, 55, 1, 0),
(2, 55, 2, 0),
(2, 55, 3, 0),
(2, 55, 4, 0),
(2, 55, 7, 0),
(2, 56, 0, 0),
(2, 56, 1, 0),
(2, 56, 2, 0),
(2, 56, 3, 0),
(2, 56, 4, 0),
(2, 56, 7, 0),
(3, 2, 0, 1),
(3, 2, 1, 1),
(3, 2, 2, 1),
(3, 2, 3, 0),
(3, 2, 4, 0),
(3, 2, 7, 1),
(3, 4, 0, 0),
(3, 4, 1, 0),
(3, 4, 2, 0),
(3, 4, 3, 0),
(3, 4, 4, 0),
(3, 4, 7, 0),
(3, 6, 0, 0),
(3, 6, 1, 0),
(3, 6, 2, 0),
(3, 6, 3, 0),
(3, 6, 4, 0),
(3, 6, 7, 0),
(3, 7, 0, 0),
(3, 7, 1, 0),
(3, 7, 2, 0),
(3, 7, 3, 0),
(3, 7, 4, 0),
(3, 7, 7, 0),
(3, 8, 0, 0),
(3, 8, 1, 0),
(3, 8, 2, 0),
(3, 8, 3, 0),
(3, 8, 4, 0),
(3, 8, 7, 0),
(3, 9, 0, 0),
(3, 9, 1, 0),
(3, 9, 2, 0),
(3, 9, 3, 0),
(3, 9, 4, 0),
(3, 9, 7, 0),
(3, 13, 0, 0),
(3, 13, 1, 0),
(3, 13, 2, 0),
(3, 13, 3, 0),
(3, 13, 4, 0),
(3, 13, 7, 0),
(3, 14, 0, 0),
(3, 14, 1, 0),
(3, 14, 2, 0),
(3, 14, 3, 0),
(3, 14, 4, 0),
(3, 14, 7, 0),
(3, 15, 0, 0),
(3, 15, 1, 0),
(3, 15, 2, 0),
(3, 15, 3, 0),
(3, 15, 4, 0),
(3, 15, 7, 0),
(3, 16, 0, 0),
(3, 16, 1, 0),
(3, 16, 2, 0),
(3, 16, 3, 0),
(3, 16, 4, 0),
(3, 16, 7, 0),
(3, 18, 0, 0),
(3, 18, 1, 0),
(3, 18, 2, 0),
(3, 18, 3, 0),
(3, 18, 4, 0),
(3, 18, 7, 0),
(3, 19, 0, 0),
(3, 19, 1, 0),
(3, 19, 2, 0),
(3, 19, 3, 0),
(3, 19, 4, 0),
(3, 19, 7, 0),
(3, 20, 0, 0),
(3, 20, 1, 0),
(3, 20, 2, 0),
(3, 20, 3, 0),
(3, 20, 4, 0),
(3, 20, 7, 0),
(3, 21, 0, 0),
(3, 21, 1, 0),
(3, 21, 2, 0),
(3, 21, 3, 0),
(3, 21, 4, 0),
(3, 21, 7, 0),
(3, 22, 0, 0),
(3, 22, 1, 0),
(3, 22, 2, 0),
(3, 22, 3, 0),
(3, 22, 4, 0),
(3, 22, 7, 0),
(3, 23, 0, 0),
(3, 23, 1, 0),
(3, 23, 2, 0),
(3, 23, 3, 0),
(3, 23, 4, 0),
(3, 23, 7, 0),
(3, 25, 0, 1),
(3, 25, 1, 1),
(3, 25, 2, 1),
(3, 25, 3, 0),
(3, 25, 4, 0),
(3, 25, 7, 1),
(3, 26, 0, 0),
(3, 26, 1, 0),
(3, 26, 2, 0),
(3, 26, 3, 0),
(3, 26, 4, 0),
(3, 26, 7, 0),
(3, 30, 0, 0),
(3, 30, 1, 0),
(3, 30, 2, 0),
(3, 30, 3, 0),
(3, 30, 4, 0),
(3, 30, 7, 0),
(3, 33, 0, 0),
(3, 33, 1, 0),
(3, 33, 2, 0),
(3, 33, 3, 0),
(3, 33, 4, 0),
(3, 33, 7, 0),
(3, 37, 0, 0),
(3, 37, 1, 0),
(3, 37, 2, 0),
(3, 37, 3, 0),
(3, 37, 4, 0),
(3, 37, 7, 0),
(3, 39, 0, 0),
(3, 39, 1, 0),
(3, 39, 2, 0),
(3, 39, 3, 0),
(3, 39, 4, 0),
(3, 39, 7, 0),
(3, 40, 0, 0),
(3, 40, 1, 0),
(3, 40, 2, 0),
(3, 40, 3, 0),
(3, 40, 4, 0),
(3, 40, 7, 0),
(3, 41, 0, 0),
(3, 41, 1, 0),
(3, 41, 2, 0),
(3, 41, 3, 0),
(3, 41, 4, 0),
(3, 41, 7, 0),
(3, 45, 0, 0),
(3, 45, 1, 0),
(3, 45, 2, 0),
(3, 45, 3, 0),
(3, 45, 4, 0),
(3, 45, 7, 0),
(3, 46, 0, 0),
(3, 46, 1, 0),
(3, 46, 2, 0),
(3, 46, 3, 0),
(3, 46, 4, 0),
(3, 46, 7, 0),
(3, 47, 0, 0),
(3, 47, 1, 0),
(3, 47, 2, 0),
(3, 47, 3, 0),
(3, 47, 4, 0),
(3, 47, 7, 0),
(3, 50, 0, 0),
(3, 50, 1, 0),
(3, 50, 2, 0),
(3, 50, 3, 0),
(3, 50, 4, 0),
(3, 50, 7, 0),
(3, 51, 0, 0),
(3, 51, 1, 0),
(3, 51, 2, 0),
(3, 51, 3, 0),
(3, 51, 4, 0),
(3, 51, 7, 0),
(3, 52, 0, 0),
(3, 52, 1, 0),
(3, 52, 2, 0),
(3, 52, 3, 0),
(3, 52, 4, 0),
(3, 52, 7, 0),
(3, 53, 0, 0),
(3, 53, 1, 0),
(3, 53, 2, 0),
(3, 53, 3, 0),
(3, 53, 4, 0),
(3, 53, 7, 0),
(3, 54, 0, 0),
(3, 54, 1, 0),
(3, 54, 2, 0),
(3, 54, 3, 0),
(3, 54, 4, 0),
(3, 54, 7, 0),
(3, 55, 0, 0),
(3, 55, 1, 0),
(3, 55, 2, 0),
(3, 55, 3, 0),
(3, 55, 4, 0),
(3, 55, 7, 0),
(3, 56, 0, 0),
(3, 56, 1, 0),
(3, 56, 2, 0),
(3, 56, 3, 0),
(3, 56, 4, 0),
(3, 56, 7, 0),
(4, 2, 0, 1),
(4, 2, 1, 1),
(4, 2, 2, 1),
(4, 2, 3, 0),
(4, 2, 4, 0),
(4, 2, 7, 1),
(4, 4, 0, 1),
(4, 4, 1, 1),
(4, 4, 2, 1),
(4, 4, 3, 0),
(4, 4, 4, 0),
(4, 4, 7, 1),
(4, 6, 0, 1),
(4, 6, 1, 1),
(4, 6, 2, 1),
(4, 6, 3, 0),
(4, 6, 4, 0),
(4, 6, 7, 1),
(4, 7, 0, 1),
(4, 7, 1, 1),
(4, 7, 2, 1),
(4, 7, 3, 0),
(4, 7, 4, 0),
(4, 7, 7, 1),
(4, 8, 0, 1),
(4, 8, 1, 1),
(4, 8, 2, 1),
(4, 8, 3, 0),
(4, 8, 4, 0),
(4, 8, 7, 1),
(4, 9, 0, 1),
(4, 9, 1, 1),
(4, 9, 2, 1),
(4, 9, 3, 0),
(4, 9, 4, 0),
(4, 9, 7, 1),
(4, 13, 0, 1),
(4, 13, 1, 1),
(4, 13, 2, 1),
(4, 13, 3, 0),
(4, 13, 4, 0),
(4, 13, 7, 1),
(4, 14, 0, 1),
(4, 14, 1, 1),
(4, 14, 2, 1),
(4, 14, 3, 0),
(4, 14, 4, 0),
(4, 14, 7, 1),
(4, 15, 0, 1),
(4, 15, 1, 1),
(4, 15, 2, 1),
(4, 15, 3, 0),
(4, 15, 4, 0),
(4, 15, 7, 1),
(4, 16, 0, 1),
(4, 16, 1, 1),
(4, 16, 2, 1),
(4, 16, 3, 0),
(4, 16, 4, 0),
(4, 16, 7, 1),
(4, 18, 0, 1),
(4, 18, 1, 1),
(4, 18, 2, 1),
(4, 18, 3, 0),
(4, 18, 4, 0),
(4, 18, 7, 1),
(4, 19, 0, 1),
(4, 19, 1, 1),
(4, 19, 2, 1),
(4, 19, 3, 0),
(4, 19, 4, 0),
(4, 19, 7, 1),
(4, 20, 0, 1),
(4, 20, 1, 1),
(4, 20, 2, 1),
(4, 20, 3, 0),
(4, 20, 4, 0),
(4, 20, 7, 1),
(4, 21, 0, 1),
(4, 21, 1, 1),
(4, 21, 2, 1),
(4, 21, 3, 0),
(4, 21, 4, 0),
(4, 21, 7, 1),
(4, 22, 0, 1),
(4, 22, 1, 1),
(4, 22, 2, 1),
(4, 22, 3, 0),
(4, 22, 4, 0),
(4, 22, 7, 1),
(4, 23, 0, 1),
(4, 23, 1, 1),
(4, 23, 2, 1),
(4, 23, 3, 0),
(4, 23, 4, 0),
(4, 23, 7, 1),
(4, 25, 0, 1),
(4, 25, 1, 1),
(4, 25, 2, 1),
(4, 25, 3, 0),
(4, 25, 4, 0),
(4, 25, 7, 1),
(4, 26, 0, 1),
(4, 26, 1, 1),
(4, 26, 2, 1),
(4, 26, 3, 0),
(4, 26, 4, 0),
(4, 26, 7, 1),
(4, 30, 0, 0),
(4, 30, 1, 0),
(4, 30, 2, 0),
(4, 30, 3, 0),
(4, 30, 4, 0),
(4, 30, 7, 0),
(4, 33, 0, 0),
(4, 33, 1, 0),
(4, 33, 2, 0),
(4, 33, 3, 0),
(4, 33, 4, 0),
(4, 33, 7, 0),
(4, 37, 0, 0),
(4, 37, 1, 0),
(4, 37, 2, 0),
(4, 37, 3, 0),
(4, 37, 4, 0),
(4, 37, 7, 0),
(4, 39, 0, 0),
(4, 39, 1, 0),
(4, 39, 2, 0),
(4, 39, 3, 0),
(4, 39, 4, 0),
(4, 39, 7, 0),
(4, 40, 0, 0),
(4, 40, 1, 0),
(4, 40, 2, 0),
(4, 40, 3, 0),
(4, 40, 4, 0),
(4, 40, 7, 0),
(4, 41, 0, 0),
(4, 41, 1, 0),
(4, 41, 2, 0),
(4, 41, 3, 0),
(4, 41, 4, 0),
(4, 41, 7, 0),
(4, 45, 0, 0),
(4, 45, 1, 0),
(4, 45, 2, 0),
(4, 45, 3, 0),
(4, 45, 4, 0),
(4, 45, 7, 0),
(4, 46, 0, 0),
(4, 46, 1, 0),
(4, 46, 2, 0),
(4, 46, 3, 0),
(4, 46, 4, 0),
(4, 46, 7, 0),
(4, 47, 0, 0),
(4, 47, 1, 0),
(4, 47, 2, 0),
(4, 47, 3, 0),
(4, 47, 4, 0),
(4, 47, 7, 0),
(4, 50, 0, 0),
(4, 50, 1, 0),
(4, 50, 2, 0),
(4, 50, 3, 0),
(4, 50, 4, 0),
(4, 50, 7, 0),
(4, 51, 0, 0),
(4, 51, 1, 0),
(4, 51, 2, 0),
(4, 51, 3, 0),
(4, 51, 4, 0),
(4, 51, 7, 0),
(4, 52, 0, 0),
(4, 52, 1, 0),
(4, 52, 2, 0),
(4, 52, 3, 0),
(4, 52, 4, 0),
(4, 52, 7, 0),
(4, 53, 0, 0),
(4, 53, 1, 0),
(4, 53, 2, 0),
(4, 53, 3, 0),
(4, 53, 4, 0),
(4, 53, 7, 0),
(4, 54, 0, 0),
(4, 54, 1, 0),
(4, 54, 2, 0),
(4, 54, 3, 0),
(4, 54, 4, 0),
(4, 54, 7, 0),
(4, 55, 0, 0),
(4, 55, 1, 0),
(4, 55, 2, 0),
(4, 55, 3, 0),
(4, 55, 4, 0),
(4, 55, 7, 0),
(4, 56, 0, 0),
(4, 56, 1, 0),
(4, 56, 2, 0),
(4, 56, 3, 0),
(4, 56, 4, 0),
(4, 56, 7, 0);

-- --------------------------------------------------------

--
-- Table structure for table `vtiger_profile2tab`
--

CREATE TABLE `vtiger_profile2tab` (
  `profileid` int(11) DEFAULT NULL,
  `tabid` int(10) DEFAULT NULL,
  `permissions` int(10) NOT NULL DEFAULT '0'
) ENGINE=InnoDB DEFAULT CHARSET=utf8;

--
-- Dumping data for table `vtiger_profile2tab`
--

INSERT INTO `vtiger_profile2tab` (`profileid`, `tabid`, `permissions`) VALUES
(1, 1, 0),
(1, 2, 0),
(1, 3, 0),
(1, 4, 0),
(1, 6, 0),
(1, 7, 0),
(1, 8, 0),
(1, 9, 0),
(1, 10, 0),
(1, 13, 0),
(1, 14, 0),
(1, 15, 0),
(1, 16, 0),
(1, 18, 0),
(1, 19, 0),
(1, 20, 0),
(1, 21, 0),
(1, 22, 0),
(1, 23, 0),
(1, 24, 0),
(1, 25, 0),
(1, 26, 0),
(1, 27, 0),
(2, 1, 0),
(2, 2, 0),
(2, 3, 0),
(2, 4, 0),
(2, 6, 0),
(2, 7, 0),
(2, 8, 0),
(2, 9, 0),
(2, 10, 0),
(2, 13, 0),
(2, 14, 0),
(2, 15, 0),
(2, 16, 0),
(2, 18, 0),
(2, 19, 0),
(2, 20, 0),
(2, 21, 0),
(2, 22, 0),
(2, 23, 0),
(2, 24, 0),
(2, 25, 0),
(2, 26, 0),
(2, 27, 0),
(3, 1, 0),
(3, 2, 0),
(3, 3, 0),
(3, 4, 0),
(3, 6, 0),
(3, 7, 0),
(3, 8, 0),
(3, 9, 0),
(3, 10, 0),
(3, 13, 0),
(3, 14, 0),
(3, 15, 0),
(3, 16, 0),
(3, 18, 0),
(3, 19, 0),
(3, 20, 0),
(3, 21, 0),
(3, 22, 0),
(3, 23, 0),
(3, 24, 0),
(3, 25, 0),
(3, 26, 0),
(3, 27, 0),
(4, 1, 0),
(4, 2, 0),
(4, 3, 0),
(4, 4, 0),
(4, 6, 0),
(4, 7, 0),
(4, 8, 0),
(4, 9, 0),
(4, 10, 0),
(4, 13, 0),
(4, 14, 0),
(4, 15, 0),
(4, 16, 0),
(4, 18, 0),
(4, 19, 0),
(4, 20, 0),
(4, 21, 0),
(4, 22, 0),
(4, 23, 0),
(4, 24, 0),
(4, 25, 0),
(4, 26, 0),
(4, 27, 0),
(1, 30, 0),
(2, 30, 0),
(3, 30, 0),
(4, 30, 0),
(1, 31, 0),
(2, 31, 0),
(3, 31, 0),
(4, 31, 0),
(1, 32, 0),
(2, 32, 0),
(3, 32, 0),
(4, 32, 0),
(1, 33, 0),
(2, 33, 0),
(3, 33, 0),
(4, 33, 0),
(1, 34, 0),
(2, 34, 0),
(3, 34, 0),
(4, 34, 0),
(1, 35, 0),
(2, 35, 0),
(3, 35, 0),
(4, 35, 0),
(1, 36, 0),
(2, 36, 0),
(3, 36, 0),
(4, 36, 0),
(1, 37, 0),
(2, 37, 0),
(3, 37, 0),
(4, 37, 0),
(1, 38, 0),
(2, 38, 0),
(3, 38, 0),
(4, 38, 0),
(1, 39, 0),
(2, 39, 0),
(3, 39, 0),
(4, 39, 0),
(1, 40, 0),
(2, 40, 0),
(3, 40, 0),
(4, 40, 0),
(1, 41, 0),
(2, 41, 0),
(3, 41, 0),
(4, 41, 0),
(1, 42, 0),
(2, 42, 0),
(3, 42, 0),
(4, 42, 0),
(1, 43, 0),
(2, 43, 0),
(3, 43, 0),
(4, 43, 0),
(1, 44, 0),
(2, 44, 0),
(3, 44, 0),
(4, 44, 0),
(1, 45, 0),
(2, 45, 0),
(3, 45, 0),
(4, 45, 0),
(1, 46, 0),
(2, 46, 0),
(3, 46, 0),
(4, 46, 0),
(1, 47, 0),
(2, 47, 0),
(3, 47, 0),
(4, 47, 0),
(1, 48, 0),
(2, 48, 0),
(3, 48, 0),
(4, 48, 0),
(1, 49, 0),
(2, 49, 0),
(3, 49, 0),
(4, 49, 0),
(1, 50, 0),
(2, 50, 0),
(3, 50, 0),
(4, 50, 0),
(1, 51, 0),
(2, 51, 0),
(3, 51, 0),
(4, 51, 0),
(1, 52, 0),
(2, 52, 0),
(3, 52, 0),
(4, 52, 0),
(1, 53, 0),
(2, 53, 0),
(3, 53, 0),
(4, 53, 0),
(1, 54, 0),
(2, 54, 0),
(3, 54, 0),
(4, 54, 0),
(1, 56, 0),
(2, 56, 0),
(3, 56, 0),
(4, 56, 0),
(1, 55, 0),
(2, 55, 0),
(3, 55, 0),
(4, 55, 0),
(1, 56, 0),
(2, 56, 0),
(3, 56, 0),
(4, 56, 0);

-- --------------------------------------------------------

--
-- Table structure for table `vtiger_profile2utility`
--

CREATE TABLE `vtiger_profile2utility` (
  `profileid` int(11) NOT NULL,
  `tabid` int(11) NOT NULL,
  `activityid` int(11) NOT NULL,
  `permission` int(1) DEFAULT NULL
) ENGINE=InnoDB DEFAULT CHARSET=utf8;

--
-- Dumping data for table `vtiger_profile2utility`
--

INSERT INTO `vtiger_profile2utility` (`profileid`, `tabid`, `activityid`, `permission`) VALUES
(1, 2, 5, 0),
(1, 2, 6, 0),
(1, 2, 10, 0),
(1, 4, 5, 0),
(1, 4, 6, 0),
(1, 4, 8, 0),
(1, 4, 10, 0),
(1, 6, 5, 0),
(1, 6, 6, 0),
(1, 6, 8, 0),
(1, 6, 10, 0),
(1, 7, 5, 0),
(1, 7, 6, 0),
(1, 7, 8, 0),
(1, 7, 9, 0),
(1, 7, 10, 0),
(1, 8, 6, 0),
(1, 9, 5, 0),
(1, 9, 6, 0),
(1, 13, 5, 0),
(1, 13, 6, 0),
(1, 13, 8, 0),
(1, 13, 10, 0),
(1, 14, 5, 0),
(1, 14, 6, 0),
(1, 14, 10, 0),
(1, 18, 5, 0),
(1, 18, 6, 0),
(1, 18, 10, 0),
(1, 19, 5, 1),
(1, 19, 6, 1),
(1, 19, 10, 1),
(1, 20, 5, 0),
(1, 20, 6, 0),
(1, 21, 5, 0),
(1, 21, 6, 0),
(1, 22, 5, 0),
(1, 22, 6, 0),
(1, 23, 5, 0),
(1, 23, 6, 0),
(1, 25, 6, 0),
(1, 25, 13, 0),
(1, 30, 11, 1),
(1, 30, 12, 1),
(1, 33, 5, 0),
(1, 33, 6, 0),
(1, 33, 10, 0),
(1, 37, 5, 0),
(1, 37, 6, 0),
(1, 37, 10, 0),
(1, 45, 5, 1),
(1, 45, 6, 1),
(1, 45, 10, 1),
(1, 46, 5, 0),
(1, 46, 6, 0),
(1, 46, 10, 0),
(1, 47, 5, 0),
(1, 47, 6, 0),
(1, 47, 10, 0),
(2, 2, 5, 1),
(2, 2, 6, 1),
(2, 2, 10, 0),
(2, 4, 5, 1),
(2, 4, 6, 1),
(2, 4, 8, 0),
(2, 4, 10, 0),
(2, 6, 5, 1),
(2, 6, 6, 1),
(2, 6, 8, 0),
(2, 6, 10, 0),
(2, 7, 5, 1),
(2, 7, 6, 1),
(2, 7, 8, 0),
(2, 7, 9, 0),
(2, 7, 10, 0),
(2, 8, 6, 1),
(2, 9, 5, 0),
(2, 9, 6, 0),
(2, 13, 5, 1),
(2, 13, 6, 1),
(2, 13, 8, 0),
(2, 13, 10, 0),
(2, 14, 5, 1),
(2, 14, 6, 1),
(2, 14, 10, 0),
(2, 18, 5, 1),
(2, 18, 6, 1),
(2, 18, 10, 0),
(2, 19, 5, 1),
(2, 19, 6, 1),
(2, 19, 10, 1),
(2, 20, 5, 0),
(2, 20, 6, 0),
(2, 21, 5, 0),
(2, 21, 6, 0),
(2, 22, 5, 0),
(2, 22, 6, 0),
(2, 23, 5, 0),
(2, 23, 6, 0),
(2, 25, 6, 0),
(2, 25, 13, 0),
(2, 30, 11, 1),
(2, 30, 12, 1),
(2, 33, 5, 0),
(2, 33, 6, 0),
(2, 33, 10, 0),
(2, 37, 5, 0),
(2, 37, 6, 0),
(2, 37, 10, 0),
(2, 45, 5, 1),
(2, 45, 6, 1),
(2, 45, 10, 1),
(2, 46, 5, 0),
(2, 46, 6, 0),
(2, 46, 10, 0),
(2, 47, 5, 0),
(2, 47, 6, 0),
(2, 47, 10, 0),
(3, 2, 5, 1),
(3, 2, 6, 1),
(3, 2, 10, 0),
(3, 4, 5, 1),
(3, 4, 6, 1),
(3, 4, 8, 0),
(3, 4, 10, 0),
(3, 6, 5, 1),
(3, 6, 6, 1),
(3, 6, 8, 0),
(3, 6, 10, 0),
(3, 7, 5, 1),
(3, 7, 6, 1),
(3, 7, 8, 0),
(3, 7, 9, 0),
(3, 7, 10, 0),
(3, 8, 6, 1),
(3, 9, 5, 0),
(3, 9, 6, 0),
(3, 13, 5, 1),
(3, 13, 6, 1),
(3, 13, 8, 0),
(3, 13, 10, 0),
(3, 14, 5, 1),
(3, 14, 6, 1),
(3, 14, 10, 0),
(3, 18, 5, 1),
(3, 18, 6, 1),
(3, 18, 10, 0),
(3, 19, 5, 1),
(3, 19, 6, 1),
(3, 19, 10, 1),
(3, 20, 5, 0),
(3, 20, 6, 0),
(3, 21, 5, 0),
(3, 21, 6, 0),
(3, 22, 5, 0),
(3, 22, 6, 0),
(3, 23, 5, 0),
(3, 23, 6, 0),
(3, 25, 6, 0),
(3, 25, 13, 0),
(3, 30, 11, 1),
(3, 30, 12, 1),
(3, 33, 5, 0),
(3, 33, 6, 0),
(3, 33, 10, 0),
(3, 37, 5, 0),
(3, 37, 6, 0),
(3, 37, 10, 0),
(3, 45, 5, 1),
(3, 45, 6, 1),
(3, 45, 10, 1),
(3, 46, 5, 0),
(3, 46, 6, 0),
(3, 46, 10, 0),
(3, 47, 5, 0),
(3, 47, 6, 0),
(3, 47, 10, 0),
(4, 2, 5, 1),
(4, 2, 6, 1),
(4, 2, 10, 0),
(4, 4, 5, 1),
(4, 4, 6, 1),
(4, 4, 8, 1),
(4, 4, 10, 0),
(4, 6, 5, 1),
(4, 6, 6, 1),
(4, 6, 8, 1),
(4, 6, 10, 0),
(4, 7, 5, 1),
(4, 7, 6, 1),
(4, 7, 8, 1),
(4, 7, 9, 0),
(4, 7, 10, 0),
(4, 8, 6, 1),
(4, 9, 5, 0),
(4, 9, 6, 0),
(4, 13, 5, 1),
(4, 13, 6, 1),
(4, 13, 8, 1),
(4, 13, 10, 0),
(4, 14, 5, 1),
(4, 14, 6, 1),
(4, 14, 10, 0),
(4, 18, 5, 1),
(4, 18, 6, 1),
(4, 18, 10, 0),
(4, 19, 5, 1),
(4, 19, 6, 1),
(4, 19, 10, 1),
(4, 20, 5, 0),
(4, 20, 6, 0),
(4, 21, 5, 0),
(4, 21, 6, 0),
(4, 22, 5, 0),
(4, 22, 6, 0),
(4, 23, 5, 0),
(4, 23, 6, 0),
(4, 25, 6, 0),
(4, 25, 13, 0),
(4, 30, 11, 1),
(4, 30, 12, 1),
(4, 33, 5, 0),
(4, 33, 6, 0),
(4, 33, 10, 0),
(4, 37, 5, 0),
(4, 37, 6, 0),
(4, 37, 10, 0),
(4, 45, 5, 1),
(4, 45, 6, 1),
(4, 45, 10, 1),
(4, 46, 5, 0),
(4, 46, 6, 0),
(4, 46, 10, 0),
(4, 47, 5, 0),
(4, 47, 6, 0),
(4, 47, 10, 0);

-- --------------------------------------------------------

--
-- Table structure for table `vtiger_profile_seq`
--

CREATE TABLE `vtiger_profile_seq` (
  `id` int(11) NOT NULL
) ENGINE=InnoDB DEFAULT CHARSET=utf8;

--
-- Dumping data for table `vtiger_profile_seq`
--

INSERT INTO `vtiger_profile_seq` (`id`) VALUES
(4);

-- --------------------------------------------------------

--
-- Table structure for table `vtiger_progress`
--

CREATE TABLE `vtiger_progress` (
  `progressid` int(11) NOT NULL,
  `progress` varchar(200) NOT NULL,
  `presence` int(1) NOT NULL DEFAULT '1',
  `picklist_valueid` int(11) NOT NULL DEFAULT '0',
  `sortorderid` int(11) DEFAULT '0',
  `color` varchar(10) DEFAULT NULL
) ENGINE=InnoDB DEFAULT CHARSET=utf8;

--
-- Dumping data for table `vtiger_progress`
--

INSERT INTO `vtiger_progress` (`progressid`, `progress`, `presence`, `picklist_valueid`, `sortorderid`, `color`) VALUES
(2, '10%', 1, 278, 2, NULL),
(3, '20%', 1, 279, 3, NULL),
(4, '30%', 1, 280, 4, NULL),
(5, '40%', 1, 281, 5, NULL),
(6, '50%', 1, 282, 6, NULL),
(7, '60%', 1, 283, 7, NULL),
(8, '70%', 1, 284, 8, NULL),
(9, '80%', 1, 285, 9, NULL),
(10, '90%', 1, 286, 10, NULL),
(11, '100%', 1, 287, 11, NULL);

-- --------------------------------------------------------

--
-- Table structure for table `vtiger_progress_seq`
--

CREATE TABLE `vtiger_progress_seq` (
  `id` int(11) NOT NULL
) ENGINE=InnoDB DEFAULT CHARSET=utf8;

--
-- Dumping data for table `vtiger_progress_seq`
--

INSERT INTO `vtiger_progress_seq` (`id`) VALUES
(11);

-- --------------------------------------------------------

--
-- Table structure for table `vtiger_project`
--

CREATE TABLE `vtiger_project` (
  `projectid` int(19) NOT NULL,
  `projectname` varchar(255) DEFAULT NULL,
  `project_no` varchar(100) DEFAULT NULL,
  `startdate` date DEFAULT NULL,
  `targetenddate` date DEFAULT NULL,
  `actualenddate` date DEFAULT NULL,
  `targetbudget` varchar(255) DEFAULT NULL,
  `projecturl` varchar(255) DEFAULT NULL,
  `projectstatus` varchar(100) DEFAULT NULL,
  `projectpriority` varchar(100) DEFAULT NULL,
  `projecttype` varchar(100) DEFAULT NULL,
  `progress` varchar(100) DEFAULT NULL,
  `linktoaccountscontacts` varchar(100) DEFAULT NULL,
  `tags` varchar(1) DEFAULT NULL,
  `isconvertedfrompotential` int(1) NOT NULL DEFAULT '0',
  `potentialid` varchar(100) DEFAULT NULL
) ENGINE=InnoDB DEFAULT CHARSET=utf8;

-- --------------------------------------------------------

--
-- Table structure for table `vtiger_projectcf`
--

CREATE TABLE `vtiger_projectcf` (
  `projectid` int(11) NOT NULL
) ENGINE=InnoDB DEFAULT CHARSET=utf8;

-- --------------------------------------------------------

--
-- Table structure for table `vtiger_projectmilestone`
--

CREATE TABLE `vtiger_projectmilestone` (
  `projectmilestoneid` int(11) NOT NULL,
  `projectmilestonename` varchar(255) DEFAULT NULL,
  `projectmilestone_no` varchar(100) DEFAULT NULL,
  `projectmilestonedate` varchar(255) DEFAULT NULL,
  `projectid` varchar(100) DEFAULT NULL,
  `projectmilestonetype` varchar(100) DEFAULT NULL,
  `tags` varchar(1) DEFAULT NULL
) ENGINE=InnoDB DEFAULT CHARSET=utf8;

-- --------------------------------------------------------

--
-- Table structure for table `vtiger_projectmilestonecf`
--

CREATE TABLE `vtiger_projectmilestonecf` (
  `projectmilestoneid` int(11) NOT NULL DEFAULT '0'
) ENGINE=InnoDB DEFAULT CHARSET=utf8;

-- --------------------------------------------------------

--
-- Table structure for table `vtiger_projectmilestonetype`
--

CREATE TABLE `vtiger_projectmilestonetype` (
  `projectmilestonetypeid` int(11) NOT NULL,
  `projectmilestonetype` varchar(200) NOT NULL,
  `presence` int(1) NOT NULL DEFAULT '1',
  `picklist_valueid` int(11) NOT NULL DEFAULT '0',
  `sortorderid` int(11) DEFAULT '0',
  `color` varchar(10) DEFAULT NULL
) ENGINE=InnoDB DEFAULT CHARSET=utf8;

--
-- Dumping data for table `vtiger_projectmilestonetype`
--

INSERT INTO `vtiger_projectmilestonetype` (`projectmilestonetypeid`, `projectmilestonetype`, `presence`, `picklist_valueid`, `sortorderid`, `color`) VALUES
(2, 'administrative', 1, 238, 2, NULL),
(3, 'operative', 1, 239, 3, NULL),
(4, 'other', 1, 240, 4, NULL);

-- --------------------------------------------------------

--
-- Table structure for table `vtiger_projectmilestonetype_seq`
--

CREATE TABLE `vtiger_projectmilestonetype_seq` (
  `id` int(11) NOT NULL
) ENGINE=InnoDB DEFAULT CHARSET=utf8;

--
-- Dumping data for table `vtiger_projectmilestonetype_seq`
--

INSERT INTO `vtiger_projectmilestonetype_seq` (`id`) VALUES
(4);

-- --------------------------------------------------------

--
-- Table structure for table `vtiger_projectpriority`
--

CREATE TABLE `vtiger_projectpriority` (
  `projectpriorityid` int(11) NOT NULL,
  `projectpriority` varchar(200) NOT NULL,
  `presence` int(1) NOT NULL DEFAULT '1',
  `picklist_valueid` int(11) NOT NULL DEFAULT '0',
  `sortorderid` int(11) DEFAULT '0',
  `color` varchar(10) DEFAULT NULL
) ENGINE=InnoDB DEFAULT CHARSET=utf8;

--
-- Dumping data for table `vtiger_projectpriority`
--

INSERT INTO `vtiger_projectpriority` (`projectpriorityid`, `projectpriority`, `presence`, `picklist_valueid`, `sortorderid`, `color`) VALUES
(2, 'low', 1, 274, 2, NULL),
(3, 'normal', 1, 275, 3, NULL),
(4, 'high', 1, 276, 4, NULL);

-- --------------------------------------------------------

--
-- Table structure for table `vtiger_projectpriority_seq`
--

CREATE TABLE `vtiger_projectpriority_seq` (
  `id` int(11) NOT NULL
) ENGINE=InnoDB DEFAULT CHARSET=utf8;

--
-- Dumping data for table `vtiger_projectpriority_seq`
--

INSERT INTO `vtiger_projectpriority_seq` (`id`) VALUES
(4);

-- --------------------------------------------------------

--
-- Table structure for table `vtiger_projectstatus`
--

CREATE TABLE `vtiger_projectstatus` (
  `projectstatusid` int(11) NOT NULL,
  `projectstatus` varchar(200) NOT NULL,
  `presence` int(1) NOT NULL DEFAULT '1',
  `picklist_valueid` int(11) NOT NULL DEFAULT '0',
  `sortorderid` int(11) DEFAULT '0',
  `color` varchar(10) DEFAULT NULL
) ENGINE=InnoDB DEFAULT CHARSET=utf8;

--
-- Dumping data for table `vtiger_projectstatus`
--

INSERT INTO `vtiger_projectstatus` (`projectstatusid`, `projectstatus`, `presence`, `picklist_valueid`, `sortorderid`, `color`) VALUES
(2, 'prospecting', 1, 261, 2, NULL),
(3, 'initiated', 1, 262, 3, NULL),
(4, 'in progress', 1, 263, 4, NULL),
(5, 'waiting for feedback', 1, 264, 5, NULL),
(6, 'on hold', 1, 265, 6, NULL),
(7, 'completed', 1, 266, 7, NULL),
(8, 'delivered', 1, 267, 8, NULL),
(9, 'archived', 1, 268, 9, NULL);

-- --------------------------------------------------------

--
-- Table structure for table `vtiger_projectstatus_seq`
--

CREATE TABLE `vtiger_projectstatus_seq` (
  `id` int(11) NOT NULL
) ENGINE=InnoDB DEFAULT CHARSET=utf8;

--
-- Dumping data for table `vtiger_projectstatus_seq`
--

INSERT INTO `vtiger_projectstatus_seq` (`id`) VALUES
(9);

-- --------------------------------------------------------

--
-- Table structure for table `vtiger_projecttask`
--

CREATE TABLE `vtiger_projecttask` (
  `projecttaskid` int(11) NOT NULL,
  `projecttaskname` varchar(255) DEFAULT NULL,
  `projecttask_no` varchar(100) DEFAULT NULL,
  `projecttasktype` varchar(100) DEFAULT NULL,
  `projecttaskpriority` varchar(100) DEFAULT NULL,
  `projecttaskprogress` varchar(100) DEFAULT NULL,
  `projecttaskhours` varchar(255) DEFAULT NULL,
  `startdate` date DEFAULT NULL,
  `enddate` date DEFAULT NULL,
  `projectid` varchar(100) DEFAULT NULL,
  `projecttasknumber` int(11) DEFAULT NULL,
  `tags` varchar(1) DEFAULT NULL,
  `projecttaskstatus` varchar(100) DEFAULT NULL
) ENGINE=InnoDB DEFAULT CHARSET=utf8;

-- --------------------------------------------------------

--
-- Table structure for table `vtiger_projecttaskcf`
--

CREATE TABLE `vtiger_projecttaskcf` (
  `projecttaskid` int(11) NOT NULL DEFAULT '0'
) ENGINE=InnoDB DEFAULT CHARSET=utf8;

-- --------------------------------------------------------

--
-- Table structure for table `vtiger_projecttaskpriority`
--

CREATE TABLE `vtiger_projecttaskpriority` (
  `projecttaskpriorityid` int(11) NOT NULL,
  `projecttaskpriority` varchar(200) NOT NULL,
  `presence` int(1) NOT NULL DEFAULT '1',
  `picklist_valueid` int(11) NOT NULL DEFAULT '0',
  `sortorderid` int(11) DEFAULT '0',
  `color` varchar(10) DEFAULT NULL
) ENGINE=InnoDB DEFAULT CHARSET=utf8;

--
-- Dumping data for table `vtiger_projecttaskpriority`
--

INSERT INTO `vtiger_projecttaskpriority` (`projecttaskpriorityid`, `projecttaskpriority`, `presence`, `picklist_valueid`, `sortorderid`, `color`) VALUES
(2, 'low', 1, 246, 2, NULL),
(3, 'normal', 1, 247, 3, NULL),
(4, 'high', 1, 248, 4, NULL);

-- --------------------------------------------------------

--
-- Table structure for table `vtiger_projecttaskpriority_seq`
--

CREATE TABLE `vtiger_projecttaskpriority_seq` (
  `id` int(11) NOT NULL
) ENGINE=InnoDB DEFAULT CHARSET=utf8;

--
-- Dumping data for table `vtiger_projecttaskpriority_seq`
--

INSERT INTO `vtiger_projecttaskpriority_seq` (`id`) VALUES
(4);

-- --------------------------------------------------------

--
-- Table structure for table `vtiger_projecttaskprogress`
--

CREATE TABLE `vtiger_projecttaskprogress` (
  `projecttaskprogressid` int(11) NOT NULL,
  `projecttaskprogress` varchar(200) NOT NULL,
  `presence` int(1) NOT NULL DEFAULT '1',
  `picklist_valueid` int(11) NOT NULL DEFAULT '0',
  `sortorderid` int(11) DEFAULT '0',
  `color` varchar(10) DEFAULT NULL
) ENGINE=InnoDB DEFAULT CHARSET=utf8;

--
-- Dumping data for table `vtiger_projecttaskprogress`
--

INSERT INTO `vtiger_projecttaskprogress` (`projecttaskprogressid`, `projecttaskprogress`, `presence`, `picklist_valueid`, `sortorderid`, `color`) VALUES
(2, '10%', 1, 250, 2, NULL),
(3, '20%', 1, 251, 3, NULL),
(4, '30%', 1, 252, 4, NULL),
(5, '40%', 1, 253, 5, NULL),
(6, '50%', 1, 254, 6, NULL),
(7, '60%', 1, 255, 7, NULL),
(8, '70%', 1, 256, 8, NULL),
(9, '80%', 1, 257, 9, NULL),
(10, '90%', 1, 258, 10, NULL),
(11, '100%', 1, 259, 11, NULL);

-- --------------------------------------------------------

--
-- Table structure for table `vtiger_projecttaskprogress_seq`
--

CREATE TABLE `vtiger_projecttaskprogress_seq` (
  `id` int(11) NOT NULL
) ENGINE=InnoDB DEFAULT CHARSET=utf8;

--
-- Dumping data for table `vtiger_projecttaskprogress_seq`
--

INSERT INTO `vtiger_projecttaskprogress_seq` (`id`) VALUES
(11);

-- --------------------------------------------------------

--
-- Table structure for table `vtiger_projecttaskstatus`
--

CREATE TABLE `vtiger_projecttaskstatus` (
  `projecttaskstatusid` int(11) NOT NULL,
  `projecttaskstatus` varchar(200) NOT NULL,
  `presence` int(1) NOT NULL DEFAULT '1',
  `picklist_valueid` int(11) NOT NULL DEFAULT '0',
  `sortorderid` int(11) DEFAULT '0',
  `color` varchar(10) DEFAULT NULL
) ENGINE=InnoDB DEFAULT CHARSET=utf8;

--
-- Dumping data for table `vtiger_projecttaskstatus`
--

INSERT INTO `vtiger_projecttaskstatus` (`projecttaskstatusid`, `projecttaskstatus`, `presence`, `picklist_valueid`, `sortorderid`, `color`) VALUES
(2, 'Open', 0, 290, 2, NULL),
(3, 'In Progress', 0, 291, 3, NULL),
(4, 'Completed', 0, 292, 4, NULL),
(5, 'Deferred', 0, 293, 5, NULL),
(6, 'Canceled ', 0, 294, 6, NULL);

-- --------------------------------------------------------

--
-- Table structure for table `vtiger_projecttaskstatus_seq`
--

CREATE TABLE `vtiger_projecttaskstatus_seq` (
  `id` int(11) NOT NULL
) ENGINE=InnoDB DEFAULT CHARSET=utf8;

--
-- Dumping data for table `vtiger_projecttaskstatus_seq`
--

INSERT INTO `vtiger_projecttaskstatus_seq` (`id`) VALUES
(6);

-- --------------------------------------------------------

--
-- Table structure for table `vtiger_projecttasktype`
--

CREATE TABLE `vtiger_projecttasktype` (
  `projecttasktypeid` int(11) NOT NULL,
  `projecttasktype` varchar(200) NOT NULL,
  `presence` int(1) NOT NULL DEFAULT '1',
  `picklist_valueid` int(11) NOT NULL DEFAULT '0',
  `sortorderid` int(11) DEFAULT '0',
  `color` varchar(10) DEFAULT NULL
) ENGINE=InnoDB DEFAULT CHARSET=utf8;

--
-- Dumping data for table `vtiger_projecttasktype`
--

INSERT INTO `vtiger_projecttasktype` (`projecttasktypeid`, `projecttasktype`, `presence`, `picklist_valueid`, `sortorderid`, `color`) VALUES
(2, 'administrative', 1, 242, 2, NULL),
(3, 'operative', 1, 243, 3, NULL),
(4, 'other', 1, 244, 4, NULL);

-- --------------------------------------------------------

--
-- Table structure for table `vtiger_projecttasktype_seq`
--

CREATE TABLE `vtiger_projecttasktype_seq` (
  `id` int(11) NOT NULL
) ENGINE=InnoDB DEFAULT CHARSET=utf8;

--
-- Dumping data for table `vtiger_projecttasktype_seq`
--

INSERT INTO `vtiger_projecttasktype_seq` (`id`) VALUES
(4);

-- --------------------------------------------------------

--
-- Table structure for table `vtiger_projecttask_status_color`
--

CREATE TABLE `vtiger_projecttask_status_color` (
  `status` varchar(255) DEFAULT NULL,
  `defaultcolor` varchar(50) DEFAULT NULL,
  `color` varchar(50) DEFAULT NULL
) ENGINE=InnoDB DEFAULT CHARSET=utf8;

--
-- Dumping data for table `vtiger_projecttask_status_color`
--

INSERT INTO `vtiger_projecttask_status_color` (`status`, `defaultcolor`, `color`) VALUES
('Open', '#0099ff', NULL),
('In Progress', '#fdff00', NULL),
('Completed', '#3BBF67', NULL),
('Deferred', '#fbb11e', NULL),
('Canceled', '#660066', NULL);

-- --------------------------------------------------------

--
-- Table structure for table `vtiger_projecttype`
--

CREATE TABLE `vtiger_projecttype` (
  `projecttypeid` int(11) NOT NULL,
  `projecttype` varchar(200) NOT NULL,
  `presence` int(1) NOT NULL DEFAULT '1',
  `picklist_valueid` int(11) NOT NULL DEFAULT '0',
  `sortorderid` int(11) DEFAULT '0',
  `color` varchar(10) DEFAULT NULL
) ENGINE=InnoDB DEFAULT CHARSET=utf8;

--
-- Dumping data for table `vtiger_projecttype`
--

INSERT INTO `vtiger_projecttype` (`projecttypeid`, `projecttype`, `presence`, `picklist_valueid`, `sortorderid`, `color`) VALUES
(2, 'administrative', 1, 270, 2, NULL),
(3, 'operative', 1, 271, 3, NULL),
(4, 'other', 1, 272, 4, NULL);

-- --------------------------------------------------------

--
-- Table structure for table `vtiger_projecttype_seq`
--

CREATE TABLE `vtiger_projecttype_seq` (
  `id` int(11) NOT NULL
) ENGINE=InnoDB DEFAULT CHARSET=utf8;

--
-- Dumping data for table `vtiger_projecttype_seq`
--

INSERT INTO `vtiger_projecttype_seq` (`id`) VALUES
(4);

-- --------------------------------------------------------

--
-- Table structure for table `vtiger_purchaseorder`
--

CREATE TABLE `vtiger_purchaseorder` (
  `purchaseorderid` int(19) NOT NULL DEFAULT '0',
  `subject` varchar(100) DEFAULT NULL,
  `quoteid` int(19) DEFAULT NULL,
  `vendorid` int(19) DEFAULT NULL,
  `requisition_no` varchar(100) DEFAULT NULL,
  `purchaseorder_no` varchar(100) DEFAULT NULL,
  `tracking_no` varchar(100) DEFAULT NULL,
  `contactid` int(19) DEFAULT NULL,
  `duedate` date DEFAULT NULL,
  `carrier` varchar(200) DEFAULT NULL,
  `type` varchar(100) DEFAULT NULL,
  `adjustment` decimal(25,8) DEFAULT NULL,
  `salescommission` decimal(25,3) DEFAULT NULL,
  `exciseduty` decimal(25,3) DEFAULT NULL,
  `total` decimal(25,8) DEFAULT NULL,
  `subtotal` decimal(25,8) DEFAULT NULL,
  `taxtype` varchar(25) DEFAULT NULL,
  `discount_percent` decimal(25,3) DEFAULT NULL,
  `discount_amount` decimal(25,8) DEFAULT NULL,
  `s_h_amount` decimal(25,8) DEFAULT NULL,
  `terms_conditions` text,
  `postatus` varchar(200) DEFAULT NULL,
  `currency_id` int(19) NOT NULL DEFAULT '1',
  `conversion_rate` decimal(10,3) NOT NULL DEFAULT '1.000',
  `compound_taxes_info` text,
  `pre_tax_total` decimal(25,8) DEFAULT NULL,
  `paid` decimal(25,8) DEFAULT NULL,
  `balance` decimal(25,8) DEFAULT NULL,
  `s_h_percent` int(11) DEFAULT NULL,
  `tags` varchar(1) DEFAULT NULL,
  `region_id` int(19) DEFAULT NULL
) ENGINE=InnoDB DEFAULT CHARSET=utf8;

-- --------------------------------------------------------

--
-- Table structure for table `vtiger_purchaseordercf`
--

CREATE TABLE `vtiger_purchaseordercf` (
  `purchaseorderid` int(19) NOT NULL DEFAULT '0'
) ENGINE=InnoDB DEFAULT CHARSET=utf8;

-- --------------------------------------------------------

--
-- Table structure for table `vtiger_quotes`
--

CREATE TABLE `vtiger_quotes` (
  `quoteid` int(19) NOT NULL DEFAULT '0',
  `subject` varchar(100) DEFAULT NULL,
  `potentialid` int(19) DEFAULT NULL,
  `quotestage` varchar(200) DEFAULT NULL,
  `validtill` date DEFAULT NULL,
  `contactid` int(19) DEFAULT NULL,
  `quote_no` varchar(100) DEFAULT NULL,
  `subtotal` decimal(25,8) DEFAULT NULL,
  `carrier` varchar(200) DEFAULT NULL,
  `shipping` varchar(100) DEFAULT NULL,
  `inventorymanager` int(19) DEFAULT NULL,
  `type` varchar(100) DEFAULT NULL,
  `adjustment` decimal(25,8) DEFAULT NULL,
  `total` decimal(25,8) DEFAULT NULL,
  `taxtype` varchar(25) DEFAULT NULL,
  `discount_percent` decimal(25,3) DEFAULT NULL,
  `discount_amount` decimal(25,8) DEFAULT NULL,
  `s_h_amount` decimal(25,8) DEFAULT NULL,
  `accountid` int(19) DEFAULT NULL,
  `terms_conditions` text,
  `currency_id` int(19) NOT NULL DEFAULT '1',
  `conversion_rate` decimal(10,3) NOT NULL DEFAULT '1.000',
  `compound_taxes_info` text,
  `pre_tax_total` decimal(25,8) DEFAULT NULL,
  `s_h_percent` int(11) DEFAULT NULL,
  `tags` varchar(1) DEFAULT NULL,
  `region_id` int(19) DEFAULT NULL
) ENGINE=InnoDB DEFAULT CHARSET=utf8;

-- --------------------------------------------------------

--
-- Table structure for table `vtiger_quotesbillads`
--

CREATE TABLE `vtiger_quotesbillads` (
  `quotebilladdressid` int(19) NOT NULL DEFAULT '0',
  `bill_city` varchar(30) DEFAULT NULL,
  `bill_code` varchar(30) DEFAULT NULL,
  `bill_country` varchar(30) DEFAULT NULL,
  `bill_state` varchar(30) DEFAULT NULL,
  `bill_street` varchar(250) DEFAULT NULL,
  `bill_pobox` varchar(30) DEFAULT NULL
) ENGINE=InnoDB DEFAULT CHARSET=utf8;

-- --------------------------------------------------------

--
-- Table structure for table `vtiger_quotescf`
--

CREATE TABLE `vtiger_quotescf` (
  `quoteid` int(19) NOT NULL DEFAULT '0'
) ENGINE=InnoDB DEFAULT CHARSET=utf8;

-- --------------------------------------------------------

--
-- Table structure for table `vtiger_quotesshipads`
--

CREATE TABLE `vtiger_quotesshipads` (
  `quoteshipaddressid` int(19) NOT NULL DEFAULT '0',
  `ship_city` varchar(30) DEFAULT NULL,
  `ship_code` varchar(30) DEFAULT NULL,
  `ship_country` varchar(30) DEFAULT NULL,
  `ship_state` varchar(30) DEFAULT NULL,
  `ship_street` varchar(250) DEFAULT NULL,
  `ship_pobox` varchar(30) DEFAULT NULL
) ENGINE=InnoDB DEFAULT CHARSET=utf8;

-- --------------------------------------------------------

--
-- Table structure for table `vtiger_quotestage`
--

CREATE TABLE `vtiger_quotestage` (
  `quotestageid` int(19) NOT NULL,
  `quotestage` varchar(200) NOT NULL,
  `presence` int(1) NOT NULL DEFAULT '1',
  `picklist_valueid` int(19) NOT NULL DEFAULT '0',
  `sortorderid` int(11) DEFAULT NULL,
  `color` varchar(10) DEFAULT NULL
) ENGINE=InnoDB DEFAULT CHARSET=utf8;

--
-- Dumping data for table `vtiger_quotestage`
--

INSERT INTO `vtiger_quotestage` (`quotestageid`, `quotestage`, `presence`, `picklist_valueid`, `sortorderid`, `color`) VALUES
(1, 'Created', 0, 139, 0, NULL),
(2, 'Delivered', 0, 140, 1, NULL),
(3, 'Reviewed', 0, 141, 2, NULL),
(4, 'Accepted', 0, 142, 3, NULL),
(5, 'Rejected', 0, 143, 4, NULL);

-- --------------------------------------------------------

--
-- Table structure for table `vtiger_quotestagehistory`
--

CREATE TABLE `vtiger_quotestagehistory` (
  `historyid` int(19) NOT NULL,
  `quoteid` int(19) NOT NULL,
  `accountname` varchar(100) DEFAULT NULL,
  `total` decimal(10,0) DEFAULT NULL,
  `quotestage` varchar(200) DEFAULT NULL,
  `lastmodified` datetime DEFAULT NULL
) ENGINE=InnoDB DEFAULT CHARSET=utf8;

-- --------------------------------------------------------

--
-- Table structure for table `vtiger_quotestage_seq`
--

CREATE TABLE `vtiger_quotestage_seq` (
  `id` int(11) NOT NULL
) ENGINE=InnoDB DEFAULT CHARSET=utf8;

--
-- Dumping data for table `vtiger_quotestage_seq`
--

INSERT INTO `vtiger_quotestage_seq` (`id`) VALUES
(5);

-- --------------------------------------------------------

--
-- Table structure for table `vtiger_rating`
--

CREATE TABLE `vtiger_rating` (
  `rating_id` int(19) NOT NULL,
  `rating` varchar(200) DEFAULT NULL,
  `presence` int(1) NOT NULL DEFAULT '1',
  `picklist_valueid` int(19) NOT NULL DEFAULT '0',
  `sortorderid` int(11) DEFAULT NULL,
  `color` varchar(10) DEFAULT NULL
) ENGINE=InnoDB DEFAULT CHARSET=utf8;

--
-- Dumping data for table `vtiger_rating`
--

INSERT INTO `vtiger_rating` (`rating_id`, `rating`, `presence`, `picklist_valueid`, `sortorderid`, `color`) VALUES
(2, 'Acquired', 1, 145, 1, NULL),
(3, 'Active', 1, 146, 2, NULL),
(4, 'Market Failed', 1, 147, 3, NULL),
(5, 'Project Cancelled', 1, 148, 4, NULL),
(6, 'Shutdown', 1, 149, 5, NULL);

-- --------------------------------------------------------

--
-- Table structure for table `vtiger_rating_seq`
--

CREATE TABLE `vtiger_rating_seq` (
  `id` int(11) NOT NULL
) ENGINE=InnoDB DEFAULT CHARSET=utf8;

--
-- Dumping data for table `vtiger_rating_seq`
--

INSERT INTO `vtiger_rating_seq` (`id`) VALUES
(6);

-- --------------------------------------------------------

--
-- Table structure for table `vtiger_recurringevents`
--

CREATE TABLE `vtiger_recurringevents` (
  `recurringid` int(19) NOT NULL,
  `activityid` int(19) NOT NULL,
  `recurringdate` date DEFAULT NULL,
  `recurringtype` varchar(30) DEFAULT NULL,
  `recurringfreq` int(19) DEFAULT NULL,
  `recurringinfo` varchar(50) DEFAULT NULL,
  `recurringenddate` date DEFAULT NULL
) ENGINE=InnoDB DEFAULT CHARSET=utf8;

-- --------------------------------------------------------

--
-- Table structure for table `vtiger_recurringtype`
--

CREATE TABLE `vtiger_recurringtype` (
  `recurringeventid` int(19) NOT NULL,
  `recurringtype` varchar(200) NOT NULL,
  `sortorderid` int(19) NOT NULL DEFAULT '0',
  `presence` int(1) NOT NULL DEFAULT '1',
  `color` varchar(10) DEFAULT NULL
) ENGINE=InnoDB DEFAULT CHARSET=utf8;

--
-- Dumping data for table `vtiger_recurringtype`
--

INSERT INTO `vtiger_recurringtype` (`recurringeventid`, `recurringtype`, `sortorderid`, `presence`, `color`) VALUES
(2, 'Daily', 1, 1, NULL),
(3, 'Weekly', 2, 1, NULL),
(4, 'Monthly', 3, 1, NULL),
(5, 'Yearly', 4, 1, NULL);

-- --------------------------------------------------------

--
-- Table structure for table `vtiger_recurringtype_seq`
--

CREATE TABLE `vtiger_recurringtype_seq` (
  `id` int(11) NOT NULL
) ENGINE=InnoDB DEFAULT CHARSET=utf8;

--
-- Dumping data for table `vtiger_recurringtype_seq`
--

INSERT INTO `vtiger_recurringtype_seq` (`id`) VALUES
(5);

-- --------------------------------------------------------

--
-- Table structure for table `vtiger_recurring_frequency`
--

CREATE TABLE `vtiger_recurring_frequency` (
  `recurring_frequency_id` int(11) DEFAULT NULL,
  `recurring_frequency` varchar(200) DEFAULT NULL,
  `sortorderid` int(11) DEFAULT NULL,
  `presence` int(11) DEFAULT NULL,
  `color` varchar(10) DEFAULT NULL
) ENGINE=InnoDB DEFAULT CHARSET=utf8;

--
-- Dumping data for table `vtiger_recurring_frequency`
--

INSERT INTO `vtiger_recurring_frequency` (`recurring_frequency_id`, `recurring_frequency`, `sortorderid`, `presence`, `color`) VALUES
(2, 'Daily', 1, 1, NULL),
(3, 'Weekly', 2, 1, NULL),
(4, 'Monthly', 3, 1, NULL),
(5, 'Quarterly', 4, 1, NULL),
(6, 'Yearly', 5, 1, NULL);

-- --------------------------------------------------------

--
-- Table structure for table `vtiger_recurring_frequency_seq`
--

CREATE TABLE `vtiger_recurring_frequency_seq` (
  `id` int(11) NOT NULL
) ENGINE=InnoDB DEFAULT CHARSET=utf8;

--
-- Dumping data for table `vtiger_recurring_frequency_seq`
--

INSERT INTO `vtiger_recurring_frequency_seq` (`id`) VALUES
(6);

-- --------------------------------------------------------

--
-- Table structure for table `vtiger_rejection`
--

CREATE TABLE `vtiger_rejection` (
  `rejectionid` int(19) NOT NULL,
  `rejection_code` varchar(255) DEFAULT NULL,
  `rejection_date` date DEFAULT NULL,
  `tags` varchar(1) DEFAULT NULL
) ENGINE=InnoDB DEFAULT CHARSET=utf8;

-- --------------------------------------------------------

--
-- Table structure for table `vtiger_rejectioncf`
--

CREATE TABLE `vtiger_rejectioncf` (
  `rejectionid` int(19) NOT NULL
) ENGINE=InnoDB DEFAULT CHARSET=utf8;

-- --------------------------------------------------------

--
-- Table structure for table `vtiger_rejection_user_field`
--

CREATE TABLE `vtiger_rejection_user_field` (
  `recordid` int(25) NOT NULL,
  `userid` int(25) NOT NULL,
  `starred` varchar(100) DEFAULT NULL
) ENGINE=InnoDB DEFAULT CHARSET=utf8;

-- --------------------------------------------------------

--
-- Table structure for table `vtiger_rej_reason`
--

CREATE TABLE `vtiger_rej_reason` (
  `reason_id` int(11) NOT NULL,
  `rejectionid` int(11) NOT NULL,
  `lineitem_id` int(11) NOT NULL,
  `product_id` int(11) NOT NULL,
  `rej_reason` varchar(255) COLLATE utf8_unicode_ci NOT NULL
) ENGINE=InnoDB DEFAULT CHARSET=utf8 COLLATE=utf8_unicode_ci;

-- --------------------------------------------------------

--
-- Table structure for table `vtiger_relatedlists`
--

CREATE TABLE `vtiger_relatedlists` (
  `relation_id` int(19) NOT NULL,
  `tabid` int(10) DEFAULT NULL,
  `related_tabid` int(10) DEFAULT NULL,
  `name` varchar(100) DEFAULT NULL,
  `sequence` int(10) DEFAULT NULL,
  `label` varchar(100) DEFAULT NULL,
  `presence` int(10) NOT NULL DEFAULT '0',
  `actions` varchar(50) NOT NULL DEFAULT '',
  `relationfieldid` int(19) DEFAULT NULL,
  `source` varchar(25) DEFAULT NULL,
  `relationtype` varchar(10) DEFAULT NULL
) ENGINE=InnoDB DEFAULT CHARSET=utf8;

--
-- Dumping data for table `vtiger_relatedlists`
--

INSERT INTO `vtiger_relatedlists` (`relation_id`, `tabid`, `related_tabid`, `name`, `sequence`, `label`, `presence`, `actions`, `relationfieldid`, `source`, `relationtype`) VALUES
(1, 6, 4, 'get_contacts', 2, 'Contacts', 0, 'add', 72, '', '1:N'),
(2, 6, 2, 'get_opportunities', 3, 'Potentials', 0, 'add', 113, '', '1:N'),
(3, 6, 20, 'get_quotes', 4, 'Quotes', 0, 'add', 330, '', '1:N'),
(4, 6, 22, 'get_salesorder', 5, 'Sales Order', 0, 'add', 409, '', '1:N'),
(5, 6, 23, 'get_invoices', 6, 'Invoice', 0, 'add', 452, '', '1:N'),
(6, 6, 9, 'get_activities', 7, 'Activities', 0, 'add', 238, '', '1:N'),
(7, 6, 10, 'get_emails', 8, 'Emails', 0, 'add', 0, '', '1:N'),
(8, 6, 9, 'get_history', 9, 'Activity History', 0, 'add', 238, '', '1:N'),
(9, 6, 8, 'get_attachments', 10, 'Documents', 0, 'add,select', 0, '', '1:N'),
(10, 6, 13, 'get_tickets', 11, 'HelpDesk', 0, 'add', 157, '', '1:N'),
(11, 6, 14, 'get_products', 12, 'Products', 0, 'select', 0, '', '1:N'),
(12, 7, 9, 'get_activities', 2, 'Activities', 0, 'add', 238, '', '1:N'),
(13, 7, 10, 'get_emails', 3, 'Emails', 0, 'add', 0, '', '1:N'),
(14, 7, 9, 'get_history', 4, 'Activity History', 0, 'add', 238, '', '1:N'),
(15, 7, 8, 'get_attachments', 5, 'Documents', 0, 'add,select', 0, '', '1:N'),
(16, 7, 14, 'get_products', 6, 'Products', 0, 'select', 0, '', '1:N'),
(17, 7, 26, 'get_campaigns', 7, 'Campaigns', 0, 'select', 0, '', '1:N'),
(18, 4, 2, 'get_opportunities', 2, 'Potentials', 0, 'add', 740, '', '1:N'),
(19, 4, 9, 'get_activities', 3, 'Activities', 0, 'add', 239, '', '1:N'),
(20, 4, 10, 'get_emails', 4, 'Emails', 0, 'add', 0, '', '1:N'),
(21, 4, 13, 'get_tickets', 5, 'HelpDesk', 0, 'add', 741, '', '1:N'),
(22, 4, 20, 'get_quotes', 6, 'Quotes', 0, 'add', 319, '', '1:N'),
(23, 4, 21, 'get_purchase_orders', 7, 'Purchase Order', 0, 'add', 356, '', '1:N'),
(24, 4, 22, 'get_salesorder', 8, 'Sales Order', 0, 'add', 395, '', '1:N'),
(25, 4, 14, 'get_products', 9, 'Products', 0, 'select', 0, '', '1:N'),
(26, 4, 9, 'get_history', 10, 'Activity History', 0, 'add', 239, '', '1:N'),
(27, 4, 8, 'get_attachments', 11, 'Documents', 0, 'add,select', 0, '', '1:N'),
(28, 4, 26, 'get_campaigns', 12, 'Campaigns', 0, 'select', 0, '', '1:N'),
(29, 4, 23, 'get_invoices', 13, 'Invoice', 0, 'add', 439, '', '1:N'),
(30, 2, 9, 'get_activities', 2, 'Activities', 0, 'add', 238, '', '1:N'),
(31, 2, 4, 'get_contacts', 3, 'Contacts', 0, 'select', 0, '', '1:N'),
(32, 2, 14, 'get_products', 4, 'Products', 0, 'select', 0, '', '1:N'),
(33, 2, 0, 'get_stage_history', 5, 'Sales Stage History', 0, '', 0, '', '1:N'),
(34, 2, 8, 'get_attachments', 6, 'Documents', 0, 'add,select', 0, '', '1:N'),
(35, 2, 20, 'get_Quotes', 7, 'Quotes', 0, 'add', 316, '', '1:N'),
(36, 2, 22, 'get_salesorder', 8, 'Sales Order', 0, 'add', 391, '', '1:N'),
(37, 2, 9, 'get_history', 9, 'Activity History', 0, '', 238, '', '1:N'),
(38, 14, 13, 'get_tickets', 1, 'HelpDesk', 0, 'add', 159, '', '1:N'),
(39, 14, 8, 'get_attachments', 3, 'Documents', 0, 'add,select', 0, '', '1:N'),
(40, 14, 20, 'get_quotes', 4, 'Quotes', 0, 'add', 703, '', '1:N'),
(41, 14, 21, 'get_purchase_orders', 5, 'Purchase Order', 0, 'add', 694, '', '1:N'),
(42, 14, 22, 'get_salesorder', 6, 'Sales Order', 0, 'add', 685, '', '1:N'),
(43, 14, 23, 'get_invoices', 7, 'Invoice', 0, 'add', 676, '', '1:N'),
(44, 14, 19, 'get_product_pricebooks', 8, 'PriceBooks', 0, 'ADD,SELECT', 0, '', '1:N'),
(45, 14, 7, 'get_leads', 9, 'Leads', 0, 'select', 0, '', '1:N'),
(46, 14, 6, 'get_accounts', 10, 'Accounts', 0, 'select', 0, '', '1:N'),
(47, 14, 4, 'get_contacts', 11, 'Contacts', 0, 'select', 0, '', '1:N'),
(48, 14, 2, 'get_opportunities', 12, 'Potentials', 0, 'select', 0, '', '1:N'),
(49, 14, 14, 'get_products', 13, 'Product Bundles', 0, 'add,select', 0, '', '1:N'),
(50, 14, 14, 'get_parent_products', 14, 'Parent Product', 0, '', 0, '', '1:N'),
(51, 10, 4, 'get_contacts', 1, 'Contacts', 0, 'select,bulkmail', 0, '', '1:N'),
(52, 10, 0, 'get_users', 2, 'Users', 0, '', 0, '', '1:N'),
(53, 10, 8, 'get_attachments', 3, 'Documents', 0, 'add,select', 0, '', '1:N'),
(54, 13, 9, 'get_activities', 2, 'Activities', 0, 'add', 238, '', '1:N'),
(55, 13, 8, 'get_attachments', 3, 'Documents', 0, 'add,select', 0, '', '1:N'),
(56, 13, 0, 'get_ticket_history', 4, 'Ticket History', 0, '', 0, '', '1:N'),
(57, 13, 9, 'get_history', 5, 'Activity History', 0, 'add', 238, '', '1:N'),
(58, 19, 14, 'get_pricebook_products', 2, 'Products', 0, 'select', 0, '', '1:N'),
(59, 18, 14, 'get_products', 1, 'Products', 0, 'add,select', 185, '', '1:N'),
(60, 18, 21, 'get_purchase_orders', 2, 'Purchase Order', 0, 'add', 353, '', '1:N'),
(61, 18, 4, 'get_contacts', 3, 'Contacts', 0, 'select', 0, '', '1:N'),
(62, 18, 10, 'get_emails', 4, 'Emails', 0, 'add', 0, '', '1:N'),
(63, 20, 22, 'get_salesorder', 1, 'Sales Order', 0, '', 393, '', '1:N'),
(64, 20, 9, 'get_activities', 2, 'Activities', 0, 'add', 0, '', '1:N'),
(65, 20, 8, 'get_attachments', 3, 'Documents', 0, 'add,select', 0, '', '1:N'),
(66, 20, 9, 'get_history', 4, 'Activity History', 0, '', 0, '', '1:N'),
(67, 20, 0, 'get_quotestagehistory', 5, 'Quote Stage History', 0, '', 0, '', '1:N'),
(68, 21, 9, 'get_activities', 1, 'Activities', 0, 'add', 0, '', '1:N'),
(69, 21, 8, 'get_attachments', 2, 'Documents', 0, 'add,select', 0, '', '1:N'),
(70, 21, 9, 'get_history', 3, 'Activity History', 0, '', 0, '', '1:N'),
(71, 21, 0, 'get_postatushistory', 4, 'PurchaseOrder Status History', 0, '', 0, '', '1:N'),
(72, 22, 9, 'get_activities', 1, 'Activities', 0, 'add', 0, '', '1:N'),
(73, 22, 8, 'get_attachments', 2, 'Documents', 0, 'add,select', 0, '', '1:N'),
(74, 22, 23, 'get_invoices', 3, 'Invoice', 0, '', 437, '', '1:N'),
(75, 22, 9, 'get_history', 4, 'Activity History', 0, '', 0, '', '1:N'),
(76, 22, 0, 'get_sostatushistory', 5, 'SalesOrder Status History', 0, '', 0, '', '1:N'),
(77, 23, 9, 'get_activities', 1, 'Activities', 0, 'add', 0, '', '1:N'),
(78, 23, 8, 'get_attachments', 2, 'Documents', 0, 'add,select', 0, '', '1:N'),
(79, 23, 9, 'get_history', 3, 'Activity History', 0, '', 0, '', '1:N'),
(80, 23, 0, 'get_invoicestatushistory', 4, 'Invoice Status History', 0, '', 0, '', '1:N'),
(81, 9, 0, 'get_users', 1, 'Users', 0, '', 0, '', '1:N'),
(82, 9, 4, 'get_contacts', 2, 'Contacts', 0, '', 0, '', '1:N'),
(83, 26, 4, 'get_contacts', 1, 'Contacts', 0, 'add,select', 0, '', '1:N'),
(84, 26, 7, 'get_leads', 2, 'Leads', 0, 'add,select', 0, '', '1:N'),
(85, 26, 2, 'get_opportunities', 3, 'Potentials', 0, 'add', 121, '', '1:N'),
(86, 26, 9, 'get_activities', 4, 'Activities', 0, 'add', 238, '', '1:N'),
(87, 6, 26, 'get_campaigns', 14, 'Campaigns', 0, 'select', 0, '', '1:N'),
(88, 26, 6, 'get_accounts', 5, 'Accounts', 0, 'add,select', 0, '', '1:N'),
(89, 15, 8, 'get_attachments', 2, 'Documents', 0, 'add,select', 0, '', '1:N'),
(92, 6, 30, 'get_merged_list', 15, 'PBXManager', 0, '', 535, NULL, '1:N'),
(93, 33, 13, 'get_related_list', 1, 'HelpDesk', 0, 'ADD,SELECT', NULL, NULL, 'N:N'),
(94, 33, 20, 'get_quotes', 2, 'Quotes', 0, 'ADD', 703, NULL, '1:N'),
(95, 33, 21, 'get_purchase_orders', 3, 'Purchase Order', 0, 'ADD', 694, NULL, '1:N'),
(96, 33, 22, 'get_salesorder', 4, 'Sales Order', 0, 'ADD', 685, NULL, '1:N'),
(97, 33, 23, 'get_invoices', 5, 'Invoice', 0, 'ADD', 676, NULL, '1:N'),
(98, 33, 19, 'get_service_pricebooks', 6, 'PriceBooks', 0, 'ADD', NULL, NULL, 'N:N'),
(99, 33, 7, 'get_related_list', 7, 'Leads', 0, 'SELECT', NULL, NULL, 'N:N'),
(100, 33, 6, 'get_related_list', 8, 'Accounts', 0, 'SELECT', NULL, NULL, 'N:N'),
(101, 33, 4, 'get_related_list', 9, 'Contacts', 0, 'SELECT', NULL, NULL, 'N:N'),
(102, 33, 2, 'get_related_list', 10, 'Potentials', 0, 'SELECT', NULL, NULL, 'N:N'),
(103, 33, 8, 'get_attachments', 11, 'Documents', 0, 'ADD,SELECT', NULL, NULL, 'N:N'),
(104, 13, 33, 'get_related_list', 6, 'Services', 0, 'SELECT', NULL, NULL, 'N:N'),
(105, 7, 33, 'get_related_list', 9, 'Services', 0, 'SELECT', NULL, NULL, 'N:N'),
(106, 6, 33, 'get_related_list', 16, 'Services', 0, 'SELECT', NULL, NULL, 'N:N'),
(107, 4, 33, 'get_related_list', 15, 'Services', 0, 'SELECT', NULL, NULL, 'N:N'),
(108, 2, 33, 'get_related_list', 10, 'Services', 0, 'SELECT', NULL, NULL, 'N:N'),
(109, 19, 33, 'get_pricebook_services', 3, 'Services', 0, 'SELECT', NULL, NULL, 'N:N'),
(110, 37, 13, 'get_related_list', 1, 'Service Requests', 0, 'ADD,SELECT', NULL, NULL, 'N:N'),
(111, 37, 8, 'get_attachments', 2, 'Documents', 0, 'ADD,SELECT', NULL, NULL, 'N:N'),
(112, 6, 37, 'get_merged_list', 17, 'Service Contracts', 0, 'ADD', 571, NULL, '1:N'),
(113, 4, 37, 'get_dependents_list', 16, 'Service Contracts', 0, 'ADD', 571, NULL, '1:N'),
(114, 13, 37, 'get_related_list', 7, 'Service Contracts', 0, 'ADD,SELECT', NULL, NULL, 'N:N'),
(115, 39, 6, 'get_related_list', 1, 'Accounts', 0, ' ', NULL, NULL, 'N:N'),
(116, 39, 4, 'get_related_list', 2, 'Contacts', 0, ' ', NULL, NULL, 'N:N'),
(117, 39, 7, 'get_related_list', 3, 'Leads', 0, ' ', NULL, NULL, 'N:N'),
(118, 40, 13, 'get_related_list', 1, 'HelpDesk', 0, 'ADD,SELECT', NULL, NULL, 'N:N'),
(119, 40, 8, 'get_attachments', 2, 'Documents', 0, 'ADD,SELECT', NULL, NULL, 'N:N'),
(120, 6, 40, 'get_merged_list', 18, 'Assets', 0, 'ADD', 606, NULL, '1:N'),
(121, 14, 40, 'get_dependents_list', 15, 'Assets', 0, 'ADD', 595, NULL, '1:N'),
(122, 23, 40, 'get_dependents_list', 5, 'Assets', 0, 'ADD', 601, NULL, '1:N'),
(123, 7, 41, 'get_comments', 10, 'ModComments', 0, '', 619, NULL, '1:N'),
(124, 4, 41, 'get_comments', 17, 'ModComments', 0, '', 619, NULL, '1:N'),
(125, 6, 41, 'get_comments', 19, 'ModComments', 0, '', 619, NULL, '1:N'),
(126, 2, 41, 'get_comments', 11, 'ModComments', 0, '', 619, NULL, '1:N'),
(134, 6, 47, 'get_merged_list', 20, 'Projects', 0, 'add', 660, NULL, '1:N'),
(135, 4, 47, 'get_dependents_list', 18, 'Projects', 0, 'add', 660, NULL, '1:N'),
(136, 13, 47, 'get_related_list', 8, 'Projects', 0, 'SELECT', NULL, NULL, 'N:N'),
(138, 46, 8, 'get_attachments', 2, 'Documents', 0, 'ADD,SELECT', NULL, NULL, 'N:N'),
(139, 46, 41, 'get_comments', 3, 'ModComments', 0, '', 619, NULL, '1:N'),
(140, 47, 46, 'get_dependents_list', 2, 'Project Tasks', 0, 'ADD', 639, NULL, '1:N'),
(141, 47, 45, 'get_dependents_list', 3, 'Project Milestones', 0, 'ADD', 625, NULL, '1:N'),
(142, 47, 8, 'get_attachments', 4, 'Documents', 0, 'ADD,SELECT', NULL, NULL, 'N:N'),
(143, 47, 13, 'get_related_list', 5, 'HelpDesk', 0, 'ADD,SELECT', NULL, NULL, 'N:N'),
(144, 47, 0, 'get_gantt_chart', 6, 'Charts', 0, '', NULL, NULL, 'N:N'),
(145, 47, 41, 'get_comments', 7, 'ModComments', 0, '', 619, NULL, '1:N'),
(146, 13, 41, 'get_comments', 9, 'ModComments', 0, '', 619, NULL, '1:N'),
(147, 15, 41, 'get_comments', 3, 'ModComments', 0, '', 619, NULL, '1:N'),
(148, 4, 40, 'get_dependents_list', 19, 'Assets', 0, 'ADD', 607, NULL, '1:N'),
(149, 4, 18, 'get_vendors', 20, 'Vendors', 0, 'SELECT', 0, '', '1:N'),
(150, 2, 23, 'get_dependents_list', 12, 'Invoice', 0, 'ADD', 774, NULL, '1:N'),
(151, 8, 4, 'get_related_list', 1, 'Contacts', 0, '1', NULL, NULL, 'N:N'),
(152, 8, 6, 'get_related_list', 2, 'Accounts', 0, '1', NULL, NULL, 'N:N'),
(153, 8, 2, 'get_related_list', 3, 'Potentials', 0, '1', NULL, NULL, 'N:N'),
(154, 8, 7, 'get_related_list', 4, 'Leads', 0, '1', NULL, NULL, 'N:N'),
(155, 8, 14, 'get_related_list', 5, 'Products', 0, '1', NULL, NULL, 'N:N'),
(156, 8, 33, 'get_related_list', 6, 'Services', 0, '1', NULL, NULL, 'N:N'),
(157, 8, 47, 'get_related_list', 7, 'Project', 0, '1', NULL, NULL, 'N:N'),
(158, 8, 40, 'get_related_list', 8, 'Assets', 0, '1', NULL, NULL, 'N:N'),
(159, 8, 37, 'get_related_list', 9, 'ServiceContracts', 0, '1', NULL, NULL, 'N:N'),
(160, 8, 20, 'get_related_list', 10, 'Quotes', 0, '1', NULL, NULL, 'N:N'),
(161, 8, 23, 'get_related_list', 11, 'Invoice', 0, '1', NULL, NULL, 'N:N'),
(162, 8, 22, 'get_related_list', 12, 'SalesOrder', 0, '1', NULL, NULL, 'N:N'),
(163, 8, 21, 'get_related_list', 13, 'PurchaseOrder', 0, '1', NULL, NULL, 'N:N'),
(164, 8, 13, 'get_related_list', 14, 'HelpDesk', 0, '1', NULL, NULL, 'N:N'),
(165, 8, 15, 'get_related_list', 15, 'Faq', 0, '1', NULL, NULL, 'N:N'),
(166, 47, 10, 'get_emails', 8, 'Emails', 0, 'ADD', NULL, NULL, 'N:N'),
(167, 46, 10, 'get_emails', 4, 'Emails', 0, 'ADD', NULL, NULL, 'N:N'),
(168, 47, 9, 'get_related_list', 9, 'Activities', 0, 'ADD', NULL, NULL, NULL),
(169, 47, 20, 'get_related_list', 10, 'Quotes', 0, 'SELECT', NULL, NULL, NULL),
(170, 14, 21, 'get_purchase_orders', 16, 'PurchaseOrder', 0, 'ADD', NULL, NULL, NULL);

-- --------------------------------------------------------

--
-- Table structure for table `vtiger_relatedlists_rb`
--

CREATE TABLE `vtiger_relatedlists_rb` (
  `entityid` int(19) DEFAULT NULL,
  `action` varchar(50) DEFAULT NULL,
  `rel_table` varchar(200) DEFAULT NULL,
  `rel_column` varchar(200) DEFAULT NULL,
  `ref_column` varchar(200) DEFAULT NULL,
  `related_crm_ids` text
) ENGINE=InnoDB DEFAULT CHARSET=utf8;

--
-- Dumping data for table `vtiger_relatedlists_rb`
--

INSERT INTO `vtiger_relatedlists_rb` (`entityid`, `action`, `rel_table`, `rel_column`, `ref_column`, `related_crm_ids`) VALUES
(11, 'update', 'vtiger_batch', 'prd_id', 'batchid', '8,23'),
(11, 'update', 'vtiger_batchinventory', 'batch_invprd_id', 'batchinventoryid', '12,13,25'),
(4, 'update', 'vtiger_inventoryproductrel', 'productid', 'invoiceid', ''),
(4, 'update', 'vtiger_inventoryproductrel', 'productid', 'salesorderid', ''),
(4, 'update', 'vtiger_inventoryproductrel', 'productid', 'purchaseorderid', ''),
(4, 'update', 'vtiger_inventoryproductrel', 'productid', 'quoteid', ''),
(4, 'update', 'vtiger_batch', 'prd_id', 'batchid', '5'),
(4, 'update', 'vtiger_batchinventory', 'batch_invprd_id', 'batchinventoryid', '9'),
(3, 'update', 'vtiger_batchinventory', 'batch_invprd_id', 'batchinventoryid', '14,15,16,18,19,20,21,26'),
(2, 'update', 'vtiger_inventoryproductrel', 'productid', 'invoiceid', ''),
(2, 'update', 'vtiger_inventoryproductrel', 'productid', 'salesorderid', ''),
(2, 'update', 'vtiger_inventoryproductrel', 'productid', 'purchaseorderid', ''),
(2, 'update', 'vtiger_inventoryproductrel', 'productid', 'quoteid', ''),
(2, 'update', 'vtiger_batchinventory', 'batch_invprd_id', 'batchinventoryid', '17,22,24'),
(8, 'update', 'vtiger_heatrun', 'heatrun_batch', 'heatrunid', '2246'),
(23, 'update', 'vtiger_heatrun', 'heatrun_batch', 'heatrunid', '2247'),
(5, 'update', 'vtiger_heatrun', 'heatrun_batch', 'heatrunid', '2245');

-- --------------------------------------------------------

--
-- Table structure for table `vtiger_relatedlists_seq`
--

CREATE TABLE `vtiger_relatedlists_seq` (
  `id` int(11) NOT NULL
) ENGINE=InnoDB DEFAULT CHARSET=utf8;

--
-- Dumping data for table `vtiger_relatedlists_seq`
--

INSERT INTO `vtiger_relatedlists_seq` (`id`) VALUES
(170);

-- --------------------------------------------------------

--
-- Table structure for table `vtiger_relcriteria`
--

CREATE TABLE `vtiger_relcriteria` (
  `queryid` int(19) NOT NULL,
  `columnindex` int(11) NOT NULL,
  `columnname` varchar(250) DEFAULT '',
  `comparator` varchar(20) DEFAULT NULL,
  `value` varchar(512) DEFAULT NULL,
  `groupid` int(11) DEFAULT '1',
  `column_condition` varchar(256) DEFAULT 'and'
) ENGINE=InnoDB DEFAULT CHARSET=utf8;

--
-- Dumping data for table `vtiger_relcriteria`
--

INSERT INTO `vtiger_relcriteria` (`queryid`, `columnindex`, `columnname`, `comparator`, `value`, `groupid`, `column_condition`) VALUES
(1, 0, 'vtiger_contactdetails:accountid:Contacts_Account_Name:account_id:V', 'n', '', 1, 'and'),
(2, 0, 'vtiger_contactdetails:accountid:Contacts_Account_Name:account_id:V', 'e', '', 1, 'and'),
(3, 0, 'vtiger_potential:potentialname:Potentials_Potential_Name:potentialname:V', 'n', '', 1, 'and'),
(7, 0, 'vtiger_potential:sales_stage:Potentials_Sales_Stage:sales_stage:V', 'e', 'Closed Won', 1, 'and'),
(12, 0, 'vtiger_troubletickets:status:HelpDesk_Status:ticketstatus:V', 'n', 'Closed', 1, 'and'),
(15, 0, 'vtiger_quotes:quotestage:Quotes_Quote_Stage:quotestage:V', 'n', 'Accepted', 1, 'and'),
(15, 1, 'vtiger_quotes:quotestage:Quotes_Quote_Stage:quotestage:V', 'n', 'Rejected', 1, 'and'),
(22, 0, 'vtiger_email_track:access_count:Emails_Access_Count:access_count:V', 'n', '', 1, 'and'),
(23, 0, 'vtiger_email_track:access_count:Emails_Access_Count:access_count:V', 'n', '', 1, 'and'),
(24, 0, 'vtiger_email_track:access_count:Emails_Access_Count:access_count:V', 'n', '', 1, 'and'),
(25, 0, 'vtiger_email_track:access_count:Emails_Access_Count:access_count:V', 'n', '', 1, 'and');

-- --------------------------------------------------------

--
-- Table structure for table `vtiger_relcriteria_grouping`
--

CREATE TABLE `vtiger_relcriteria_grouping` (
  `groupid` int(11) NOT NULL,
  `queryid` int(19) NOT NULL,
  `group_condition` varchar(256) DEFAULT NULL,
  `condition_expression` text
) ENGINE=InnoDB DEFAULT CHARSET=utf8;

--
-- Dumping data for table `vtiger_relcriteria_grouping`
--

INSERT INTO `vtiger_relcriteria_grouping` (`groupid`, `queryid`, `group_condition`, `condition_expression`) VALUES
(1, 1, '', '0'),
(1, 2, '', '0'),
(1, 3, '', '0'),
(1, 7, '', '0'),
(1, 12, '', '0'),
(1, 15, '', '0 and 1'),
(1, 22, '', '0'),
(1, 23, '', '0'),
(1, 24, '', '0'),
(1, 25, '', '0');

-- --------------------------------------------------------

--
-- Table structure for table `vtiger_reminder_interval`
--

CREATE TABLE `vtiger_reminder_interval` (
  `reminder_intervalid` int(19) NOT NULL,
  `reminder_interval` varchar(200) NOT NULL,
  `sortorderid` int(19) NOT NULL,
  `presence` int(1) NOT NULL
) ENGINE=InnoDB DEFAULT CHARSET=utf8;

--
-- Dumping data for table `vtiger_reminder_interval`
--

INSERT INTO `vtiger_reminder_interval` (`reminder_intervalid`, `reminder_interval`, `sortorderid`, `presence`) VALUES
(2, '1 Minute', 1, 1),
(3, '5 Minutes', 2, 1),
(4, '15 Minutes', 3, 1),
(5, '30 Minutes', 4, 1),
(6, '45 Minutes', 5, 1),
(7, '1 Hour', 6, 1),
(8, '1 Day', 7, 1);

-- --------------------------------------------------------

--
-- Table structure for table `vtiger_reminder_interval_seq`
--

CREATE TABLE `vtiger_reminder_interval_seq` (
  `id` int(11) NOT NULL
) ENGINE=InnoDB DEFAULT CHARSET=utf8;

--
-- Dumping data for table `vtiger_reminder_interval_seq`
--

INSERT INTO `vtiger_reminder_interval_seq` (`id`) VALUES
(8);

-- --------------------------------------------------------

--
-- Table structure for table `vtiger_report`
--

CREATE TABLE `vtiger_report` (
  `reportid` int(19) NOT NULL,
  `folderid` int(19) NOT NULL,
  `reportname` varchar(100) DEFAULT '',
  `description` varchar(250) DEFAULT '',
  `reporttype` varchar(50) DEFAULT '',
  `queryid` int(19) NOT NULL DEFAULT '0',
  `state` varchar(50) DEFAULT 'SAVED',
  `customizable` int(1) DEFAULT '1',
  `category` int(11) DEFAULT '1',
  `owner` int(11) DEFAULT '1',
  `sharingtype` varchar(200) DEFAULT 'Private'
) ENGINE=InnoDB DEFAULT CHARSET=utf8;

--
-- Dumping data for table `vtiger_report`
--

INSERT INTO `vtiger_report` (`reportid`, `folderid`, `reportname`, `description`, `reporttype`, `queryid`, `state`, `customizable`, `category`, `owner`, `sharingtype`) VALUES
(1, 1, 'Contacts by Accounts', 'Contacts related to Accounts', 'tabular', 1, 'CUSTOM', 1, 1, 1, 'Public'),
(2, 1, 'Contacts without Accounts', 'Contacts not related to Accounts', 'tabular', 2, 'CUSTOM', 1, 1, 1, 'Public'),
(3, 1, 'Contacts by Potentials', 'Contacts related to Potentials', 'tabular', 3, 'CUSTOM', 1, 1, 1, 'Public'),
(4, 2, 'Lead by Source', 'Lead by Source', 'summary', 4, 'CUSTOM', 1, 1, 1, 'Public'),
(5, 2, 'Lead Status Report', 'Lead Status Report', 'summary', 5, 'CUSTOM', 1, 1, 1, 'Public'),
(6, 3, 'Potential Pipeline', 'Potential Pipeline', 'summary', 6, 'CUSTOM', 1, 1, 1, 'Public'),
(7, 3, 'Closed Potentials', 'Potential that have Won', 'tabular', 7, 'CUSTOM', 1, 1, 1, 'Public'),
(8, 4, 'Last Month Activities', 'Last Month Activities', 'tabular', 8, 'CUSTOM', 1, 1, 1, 'Public'),
(9, 4, 'This Month Activities', 'This Month Activities', 'tabular', 9, 'CUSTOM', 1, 1, 1, 'Public'),
(10, 5, 'Tickets by Products', 'Tickets related to Products', 'tabular', 10, 'CUSTOM', 1, 1, 1, 'Public'),
(11, 5, 'Tickets by Priority', 'Tickets by Priority', 'summary', 11, 'CUSTOM', 1, 1, 1, 'Public'),
(12, 5, 'Open Tickets', 'Tickets that are Open', 'tabular', 12, 'CUSTOM', 1, 1, 1, 'Public'),
(13, 6, 'Product Details', 'Product Detailed Report', 'tabular', 13, 'CUSTOM', 1, 1, 1, 'Public'),
(14, 6, 'Products by Contacts', 'Products related to Contacts', 'tabular', 14, 'CUSTOM', 1, 1, 1, 'Public'),
(15, 7, 'Open Quotes', 'Quotes that are Open', 'tabular', 15, 'CUSTOM', 1, 1, 1, 'Public'),
(16, 7, 'Quotes Detailed Report', 'Quotes Detailed Report', 'tabular', 16, 'CUSTOM', 1, 1, 1, 'Public'),
(17, 8, 'PurchaseOrder by Contacts', 'PurchaseOrder related to Contacts', 'tabular', 17, 'CUSTOM', 1, 1, 1, 'Public'),
(18, 8, 'PurchaseOrder Detailed Report', 'PurchaseOrder Detailed Report', 'tabular', 18, 'CUSTOM', 1, 1, 1, 'Public'),
(19, 9, 'Invoice Detailed Report', 'Invoice Detailed Report', 'tabular', 19, 'CUSTOM', 1, 1, 1, 'Public'),
(20, 10, 'SalesOrder Detailed Report', 'SalesOrder Detailed Report', 'tabular', 20, 'CUSTOM', 1, 1, 1, 'Public'),
(21, 11, 'Campaign Expectations and Actuals', 'Campaign Expectations and Actuals', 'tabular', 21, 'CUSTOM', 1, 1, 1, 'Public'),
(22, 12, 'Contacts Email Report', 'Emails sent to Contacts', 'tabular', 22, 'CUSTOM', 1, 1, 1, 'Public'),
(23, 12, 'Accounts Email Report', 'Emails sent to Organizations', 'tabular', 23, 'CUSTOM', 1, 1, 1, 'Public'),
(24, 12, 'Leads Email Report', 'Emails sent to Leads', 'tabular', 24, 'CUSTOM', 1, 1, 1, 'Public'),
(25, 12, 'Vendors Email Report', 'Emails sent to Vendors', 'tabular', 25, 'CUSTOM', 1, 1, 1, 'Public'),
(27, 6, 'Product Demo test By Admin', 'Products Details Reports By Admin', 'tabular', 27, 'CUSTOM', 1, 1, 1, 'Public'),
(28, 13, 'Batch Reports', 'Batch reports details', 'tabular', 28, 'CUSTOM', 1, 1, 1, 'Public');

-- --------------------------------------------------------

--
-- Table structure for table `vtiger_reportdatefilter`
--

CREATE TABLE `vtiger_reportdatefilter` (
  `datefilterid` int(19) NOT NULL,
  `datecolumnname` varchar(250) DEFAULT '',
  `datefilter` varchar(250) DEFAULT '',
  `startdate` date DEFAULT NULL,
  `enddate` date DEFAULT NULL
) ENGINE=InnoDB DEFAULT CHARSET=utf8;

--
-- Dumping data for table `vtiger_reportdatefilter`
--

INSERT INTO `vtiger_reportdatefilter` (`datefilterid`, `datecolumnname`, `datefilter`, `startdate`, `enddate`) VALUES
(8, 'vtiger_crmentity:modifiedtime:modifiedtime:Calendar_Modified_Time', 'lastmonth', '2005-05-01', '2005-05-31'),
(9, 'vtiger_crmentity:modifiedtime:modifiedtime:Calendar_Modified_Time', 'thismonth', '2005-06-01', '2005-06-30');

-- --------------------------------------------------------

--
-- Table structure for table `vtiger_reportfilters`
--

CREATE TABLE `vtiger_reportfilters` (
  `filterid` int(19) NOT NULL,
  `name` varchar(200) NOT NULL
) ENGINE=InnoDB DEFAULT CHARSET=utf8;

--
-- Dumping data for table `vtiger_reportfilters`
--

INSERT INTO `vtiger_reportfilters` (`filterid`, `name`) VALUES
(1, 'Private'),
(2, 'Public'),
(3, 'Shared');

-- --------------------------------------------------------

--
-- Table structure for table `vtiger_reportfolder`
--

CREATE TABLE `vtiger_reportfolder` (
  `folderid` int(19) NOT NULL,
  `foldername` varchar(100) NOT NULL DEFAULT '',
  `description` varchar(250) DEFAULT '',
  `state` varchar(50) DEFAULT 'SAVED'
) ENGINE=InnoDB DEFAULT CHARSET=utf8;

--
-- Dumping data for table `vtiger_reportfolder`
--

INSERT INTO `vtiger_reportfolder` (`folderid`, `foldername`, `description`, `state`) VALUES
(1, 'Organization and Contact Reports', 'Account and Contact Reports', 'SAVED'),
(2, 'Lead Reports', 'Lead Reports', 'SAVED'),
(3, 'Opportunity Reports', 'Potential Reports', 'SAVED'),
(4, 'Activity Reports', 'Activity Reports', 'SAVED'),
(5, 'Tickets Reports', 'HelpDesk Reports', 'SAVED'),
(6, 'Product Reports', 'Product Reports', 'SAVED'),
(7, 'Quote Reports', 'Quote Reports', 'SAVED'),
(8, 'Purchase Order Reports', 'PurchaseOrder Reports', 'SAVED'),
(9, 'Invoice Reports', 'Invoice Reports', 'SAVED'),
(10, 'Sales Order Reports', 'SalesOrder Reports', 'SAVED'),
(11, 'Campaign Reports', 'Campaign Reports', 'SAVED'),
(12, 'Email Reports', 'Email Reports', 'SAVED'),
(13, 'Custom Reports', 'Testing by admin', 'CUSTOMIZED');

-- --------------------------------------------------------

--
-- Table structure for table `vtiger_reportgroupbycolumn`
--

CREATE TABLE `vtiger_reportgroupbycolumn` (
  `reportid` int(19) DEFAULT NULL,
  `sortid` int(19) DEFAULT NULL,
  `sortcolname` varchar(250) DEFAULT NULL,
  `dategroupbycriteria` varchar(250) DEFAULT NULL
) ENGINE=InnoDB DEFAULT CHARSET=utf8;

-- --------------------------------------------------------

--
-- Table structure for table `vtiger_reportmodules`
--

CREATE TABLE `vtiger_reportmodules` (
  `reportmodulesid` int(19) NOT NULL,
  `primarymodule` varchar(100) DEFAULT NULL,
  `secondarymodules` varchar(250) DEFAULT ''
) ENGINE=InnoDB DEFAULT CHARSET=utf8;

--
-- Dumping data for table `vtiger_reportmodules`
--

INSERT INTO `vtiger_reportmodules` (`reportmodulesid`, `primarymodule`, `secondarymodules`) VALUES
(1, 'Contacts', 'Accounts'),
(2, 'Contacts', 'Accounts'),
(3, 'Contacts', 'Potentials'),
(4, 'Leads', ''),
(5, 'Leads', ''),
(6, 'Potentials', ''),
(7, 'Potentials', ''),
(8, 'Calendar', ''),
(9, 'Calendar', ''),
(10, 'HelpDesk', 'Products'),
(11, 'HelpDesk', ''),
(12, 'HelpDesk', ''),
(13, 'Products', ''),
(14, 'Products', 'Contacts'),
(15, 'Quotes', ''),
(16, 'Quotes', ''),
(17, 'PurchaseOrder', 'Contacts'),
(18, 'PurchaseOrder', ''),
(19, 'Invoice', ''),
(20, 'SalesOrder', ''),
(21, 'Campaigns', ''),
(22, 'Contacts', 'Emails'),
(23, 'Accounts', 'Emails'),
(24, 'Leads', 'Emails'),
(25, 'Vendors', 'Emails'),
(27, 'Products', ''),
(28, 'Batch', 'BatchInventory:HeatRun');

-- --------------------------------------------------------

--
-- Table structure for table `vtiger_reportsharing`
--

CREATE TABLE `vtiger_reportsharing` (
  `reportid` int(19) NOT NULL,
  `shareid` int(19) NOT NULL,
  `setype` varchar(200) NOT NULL
) ENGINE=InnoDB DEFAULT CHARSET=utf8;

-- --------------------------------------------------------

--
-- Table structure for table `vtiger_reportsortcol`
--

CREATE TABLE `vtiger_reportsortcol` (
  `sortcolid` int(19) NOT NULL,
  `reportid` int(19) NOT NULL,
  `columnname` varchar(250) DEFAULT '',
  `sortorder` varchar(250) DEFAULT 'Asc'
) ENGINE=InnoDB DEFAULT CHARSET=utf8;

--
-- Dumping data for table `vtiger_reportsortcol`
--

INSERT INTO `vtiger_reportsortcol` (`sortcolid`, `reportid`, `columnname`, `sortorder`) VALUES
(0, 27, 'vtiger_products:productname:Products_Product_Name:productname:V', 'Ascending'),
(0, 28, 'vtiger_batch:batch_name:Batch_Batch_Name:batch_name:V', 'Ascending'),
(1, 4, 'vtiger_leaddetails:leadsource:Leads_Lead_Source:leadsource:V', 'Ascending'),
(1, 5, 'vtiger_leaddetails:leadstatus:Leads_Lead_Status:leadstatus:V', 'Ascending'),
(1, 6, 'vtiger_potential:sales_stage:Potentials_Sales_Stage:sales_stage:V', 'Ascending'),
(1, 11, 'vtiger_troubletickets:priority:HelpDesk_Priority:ticketpriorities:V', 'Ascending'),
(1, 27, 'vtiger_products:product_no:Products_Product_No:product_no:V', 'Ascending'),
(1, 28, 'none', ''),
(2, 27, 'vtiger_products:productcode:Products_Item_Code:productcode:V', 'Ascending'),
(2, 28, 'none', '');

-- --------------------------------------------------------

--
-- Table structure for table `vtiger_reportsummary`
--

CREATE TABLE `vtiger_reportsummary` (
  `reportsummaryid` int(19) NOT NULL,
  `summarytype` int(19) NOT NULL,
  `columnname` varchar(250) NOT NULL DEFAULT ''
) ENGINE=InnoDB DEFAULT CHARSET=utf8;

-- --------------------------------------------------------

--
-- Table structure for table `vtiger_reporttype`
--

CREATE TABLE `vtiger_reporttype` (
  `reportid` int(10) NOT NULL,
  `data` text
) ENGINE=InnoDB DEFAULT CHARSET=utf8;

-- --------------------------------------------------------

--
-- Table structure for table `vtiger_report_sharegroups`
--

CREATE TABLE `vtiger_report_sharegroups` (
  `reportid` int(25) NOT NULL,
  `groupid` int(25) NOT NULL
) ENGINE=InnoDB DEFAULT CHARSET=utf8;

-- --------------------------------------------------------

--
-- Table structure for table `vtiger_report_sharerole`
--

CREATE TABLE `vtiger_report_sharerole` (
  `reportid` int(25) NOT NULL,
  `roleid` varchar(255) NOT NULL
) ENGINE=InnoDB DEFAULT CHARSET=utf8;

-- --------------------------------------------------------

--
-- Table structure for table `vtiger_report_sharers`
--

CREATE TABLE `vtiger_report_sharers` (
  `reportid` int(25) NOT NULL,
  `rsid` varchar(255) NOT NULL
) ENGINE=InnoDB DEFAULT CHARSET=utf8;

-- --------------------------------------------------------

--
-- Table structure for table `vtiger_report_shareusers`
--

CREATE TABLE `vtiger_report_shareusers` (
  `reportid` int(25) NOT NULL,
  `userid` int(25) NOT NULL
) ENGINE=InnoDB DEFAULT CHARSET=utf8;

-- --------------------------------------------------------

--
-- Table structure for table `vtiger_role`
--

CREATE TABLE `vtiger_role` (
  `roleid` varchar(255) NOT NULL,
  `rolename` varchar(200) DEFAULT NULL,
  `parentrole` varchar(255) DEFAULT NULL,
  `depth` int(19) DEFAULT NULL,
  `allowassignedrecordsto` int(2) NOT NULL DEFAULT '1'
) ENGINE=InnoDB DEFAULT CHARSET=utf8;

--
-- Dumping data for table `vtiger_role`
--

INSERT INTO `vtiger_role` (`roleid`, `rolename`, `parentrole`, `depth`, `allowassignedrecordsto`) VALUES
('H1', 'Organization', 'H1', 0, 1),
('H2', 'CEO', 'H1::H2', 1, 1),
('H3', 'Vice President', 'H1::H2::H3', 2, 1),
('H4', 'Sales Manager', 'H1::H2::H3::H4', 3, 1),
('H5', 'Sales Person', 'H1::H2::H3::H4::H5', 4, 1);

-- --------------------------------------------------------

--
-- Table structure for table `vtiger_role2picklist`
--

CREATE TABLE `vtiger_role2picklist` (
  `roleid` varchar(255) NOT NULL,
  `picklistvalueid` int(11) NOT NULL,
  `picklistid` int(11) NOT NULL,
  `sortid` int(11) DEFAULT NULL
) ENGINE=InnoDB DEFAULT CHARSET=utf8;

--
-- Dumping data for table `vtiger_role2picklist`
--

INSERT INTO `vtiger_role2picklist` (`roleid`, `picklistvalueid`, `picklistid`, `sortid`) VALUES
('H1', 1, 1, 0),
('H1', 2, 1, 1),
('H1', 3, 1, 2),
('H1', 4, 1, 3),
('H1', 5, 1, 4),
('H1', 6, 1, 5),
('H1', 7, 1, 6),
('H1', 8, 1, 7),
('H1', 9, 1, 8),
('H1', 10, 1, 9),
('H1', 11, 1, 10),
('H1', 12, 2, 0),
('H1', 13, 2, 1),
('H1', 14, 3, 0),
('H1', 15, 3, 1),
('H1', 16, 3, 2),
('H1', 17, 3, 3),
('H1', 18, 3, 4),
('H1', 19, 3, 5),
('H1', 20, 4, 0),
('H1', 21, 4, 1),
('H1', 22, 4, 2),
('H1', 23, 4, 3),
('H1', 24, 4, 4),
('H1', 25, 4, 5),
('H1', 26, 4, 6),
('H1', 27, 4, 7),
('H1', 28, 4, 8),
('H1', 29, 4, 9),
('H1', 30, 4, 10),
('H1', 31, 4, 11),
('H1', 32, 4, 12),
('H1', 33, 5, 0),
('H1', 34, 5, 1),
('H1', 35, 5, 2),
('H1', 36, 5, 3),
('H1', 37, 5, 4),
('H1', 38, 6, 0),
('H1', 39, 6, 1),
('H1', 40, 6, 2),
('H1', 41, 7, 0),
('H1', 42, 7, 1),
('H1', 43, 7, 2),
('H1', 44, 7, 3),
('H1', 45, 7, 4),
('H1', 46, 8, 0),
('H1', 47, 9, 0),
('H1', 48, 9, 1),
('H1', 49, 9, 2),
('H1', 50, 9, 3),
('H1', 51, 10, 0),
('H1', 52, 10, 1),
('H1', 53, 10, 2),
('H1', 54, 10, 3),
('H1', 55, 10, 4),
('H1', 56, 10, 5),
('H1', 57, 10, 6),
('H1', 58, 10, 7),
('H1', 59, 10, 8),
('H1', 60, 11, 0),
('H1', 61, 11, 1),
('H1', 62, 11, 2),
('H1', 63, 11, 3),
('H1', 64, 11, 4),
('H1', 65, 11, 5),
('H1', 66, 11, 6),
('H1', 67, 11, 7),
('H1', 68, 11, 8),
('H1', 69, 11, 9),
('H1', 70, 11, 10),
('H1', 71, 11, 11),
('H1', 72, 11, 12),
('H1', 73, 11, 13),
('H1', 74, 11, 14),
('H1', 75, 11, 15),
('H1', 76, 11, 16),
('H1', 77, 11, 17),
('H1', 78, 11, 18),
('H1', 79, 11, 19),
('H1', 80, 11, 20),
('H1', 81, 11, 21),
('H1', 82, 11, 22),
('H1', 83, 11, 23),
('H1', 84, 11, 24),
('H1', 85, 11, 25),
('H1', 86, 11, 26),
('H1', 87, 11, 27),
('H1', 88, 11, 28),
('H1', 89, 11, 29),
('H1', 90, 11, 30),
('H1', 91, 11, 31),
('H1', 92, 12, 0),
('H1', 93, 12, 1),
('H1', 94, 12, 2),
('H1', 95, 12, 3),
('H1', 96, 12, 4),
('H1', 97, 12, 5),
('H1', 98, 13, 0),
('H1', 99, 13, 1),
('H1', 100, 13, 2),
('H1', 101, 13, 3),
('H1', 102, 13, 4),
('H1', 103, 13, 5),
('H1', 104, 13, 6),
('H1', 105, 13, 7),
('H1', 106, 13, 8),
('H1', 107, 13, 9),
('H1', 108, 13, 10),
('H1', 109, 13, 11),
('H1', 110, 13, 12),
('H1', 111, 14, 0),
('H1', 112, 14, 1),
('H1', 113, 14, 2),
('H1', 114, 14, 3),
('H1', 115, 14, 4),
('H1', 116, 14, 5),
('H1', 117, 14, 6),
('H1', 118, 14, 7),
('H1', 119, 14, 8),
('H1', 120, 14, 9),
('H1', 121, 14, 10),
('H1', 122, 14, 11),
('H1', 123, 15, 0),
('H1', 124, 15, 1),
('H1', 125, 15, 2),
('H1', 126, 15, 3),
('H1', 127, 16, 0),
('H1', 128, 16, 1),
('H1', 129, 16, 2),
('H1', 130, 17, 0),
('H1', 131, 17, 1),
('H1', 132, 17, 2),
('H1', 133, 17, 3),
('H1', 134, 17, 4),
('H1', 135, 18, 0),
('H1', 136, 18, 1),
('H1', 137, 18, 2),
('H1', 138, 18, 3),
('H1', 139, 19, 0),
('H1', 140, 19, 1),
('H1', 141, 19, 2),
('H1', 142, 19, 3),
('H1', 143, 19, 4),
('H1', 144, 20, 0),
('H1', 145, 20, 1),
('H1', 146, 20, 2),
('H1', 147, 20, 3),
('H1', 148, 20, 4),
('H1', 149, 20, 5),
('H1', 150, 21, 0),
('H1', 151, 21, 1),
('H1', 152, 21, 2),
('H1', 153, 21, 3),
('H1', 154, 21, 4),
('H1', 155, 21, 5),
('H1', 156, 21, 6),
('H1', 157, 21, 7),
('H1', 158, 21, 8),
('H1', 159, 21, 9),
('H1', 160, 22, 0),
('H1', 161, 22, 1),
('H1', 162, 22, 2),
('H1', 163, 22, 3),
('H1', 164, 22, 4),
('H1', 165, 22, 5),
('H1', 166, 23, 0),
('H1', 167, 23, 1),
('H1', 168, 23, 2),
('H1', 169, 23, 3),
('H1', 170, 24, 0),
('H1', 171, 24, 1),
('H1', 172, 24, 2),
('H1', 173, 25, 0),
('H1', 174, 25, 1),
('H1', 175, 25, 2),
('H1', 176, 25, 3),
('H1', 177, 25, 4),
('H1', 178, 25, 5),
('H1', 179, 26, 0),
('H1', 180, 26, 1),
('H1', 181, 26, 2),
('H1', 182, 27, 0),
('H1', 183, 27, 1),
('H1', 184, 27, 2),
('H1', 185, 27, 3),
('H1', 186, 28, 0),
('H1', 187, 28, 1),
('H1', 188, 28, 2),
('H1', 189, 28, 3),
('H1', 190, 29, 0),
('H1', 191, 29, 1),
('H1', 192, 29, 2),
('H1', 193, 29, 3),
('H1', 194, 30, 0),
('H1', 210, 31, 1),
('H1', 211, 31, 2),
('H1', 212, 31, 3),
('H1', 213, 32, 1),
('H1', 214, 32, 2),
('H1', 215, 32, 3),
('H1', 216, 32, 4),
('H1', 217, 32, 5),
('H1', 218, 32, 6),
('H1', 219, 33, 1),
('H1', 220, 33, 2),
('H1', 221, 33, 3),
('H1', 222, 33, 4),
('H1', 223, 34, 1),
('H1', 224, 34, 2),
('H1', 225, 34, 3),
('H1', 226, 34, 4),
('H1', 227, 34, 5),
('H1', 228, 34, 6),
('H1', 229, 35, 1),
('H1', 230, 35, 2),
('H1', 231, 35, 3),
('H1', 232, 36, 1),
('H1', 233, 36, 2),
('H1', 234, 36, 3),
('H1', 235, 37, 1),
('H1', 236, 37, 2),
('H1', 237, 38, 1),
('H1', 238, 38, 2),
('H1', 239, 38, 3),
('H1', 240, 38, 4),
('H1', 241, 39, 1),
('H1', 242, 39, 2),
('H1', 243, 39, 3),
('H1', 244, 39, 4),
('H1', 245, 40, 1),
('H1', 246, 40, 2),
('H1', 247, 40, 3),
('H1', 248, 40, 4),
('H1', 249, 41, 1),
('H1', 250, 41, 2),
('H1', 251, 41, 3),
('H1', 252, 41, 4),
('H1', 253, 41, 5),
('H1', 254, 41, 6),
('H1', 255, 41, 7),
('H1', 256, 41, 8),
('H1', 257, 41, 9),
('H1', 258, 41, 10),
('H1', 259, 41, 11),
('H1', 260, 42, 1),
('H1', 261, 42, 2),
('H1', 262, 42, 3),
('H1', 263, 42, 4),
('H1', 264, 42, 5),
('H1', 265, 42, 6),
('H1', 266, 42, 7),
('H1', 267, 42, 8),
('H1', 268, 42, 9),
('H1', 269, 43, 1),
('H1', 270, 43, 2),
('H1', 271, 43, 3),
('H1', 272, 43, 4),
('H1', 273, 44, 1),
('H1', 274, 44, 2),
('H1', 275, 44, 3),
('H1', 276, 44, 4),
('H1', 277, 45, 1),
('H1', 278, 45, 2),
('H1', 279, 45, 3),
('H1', 280, 45, 4),
('H1', 281, 45, 5),
('H1', 282, 45, 6),
('H1', 283, 45, 7),
('H1', 284, 45, 8),
('H1', 285, 45, 9),
('H1', 286, 45, 10),
('H1', 287, 45, 11),
('H1', 288, 12, 1),
('H1', 289, 46, 1),
('H1', 290, 46, 2),
('H1', 291, 46, 3),
('H1', 292, 46, 4),
('H1', 293, 46, 5),
('H1', 294, 46, 6),
('H1', 295, 2, 1),
('H1', 296, 47, 1),
('H1', 297, 47, 2),
('H1', 298, 47, 3),
('H1', 299, 48, 1),
('H1', 300, 48, 2),
('H1', 306, 49, 1),
('H1', 307, 49, 2),
('H1', 308, 49, 3),
('H1', 309, 49, 4),
('H1', 311, 49, 6),
('H1', 312, 49, 7),
('H1', 313, 49, 8),
('H1', 314, 50, 1),
('H1', 315, 50, 2),
('H1', 317, 50, 4),
('H1', 319, 50, 6),
('H1', 320, 50, 7),
('H1', 321, 50, 8),
('H1', 322, 30, 1),
('H1', 324, 51, 1),
('H1', 325, 51, 2),
('H1', 326, 51, 3),
('H1', 327, 51, 4),
('H1', 328, 52, 1),
('H1', 329, 52, 2),
('H1', 330, 52, 3),
('H1', 331, 52, 4),
('H1', 332, 52, 5),
('H1', 333, 53, 1),
('H1', 334, 53, 2),
('H1', 335, 53, 3),
('H1', 336, 53, 4),
('H1', 337, 53, 5),
('H1', 338, 54, 1),
('H1', 339, 54, 2),
('H1', 340, 54, 3),
('H1', 341, 54, 4),
('H1', 342, 54, 5),
('H1', 343, 54, 6),
('H1', 344, 54, 7),
('H1', 345, 54, 8),
('H1', 346, 54, 9),
('H1', 347, 54, 10),
('H1', 349, 55, 1),
('H1', 350, 55, 2),
('H1', 351, 55, 3),
('H1', 352, 55, 4),
('H1', 353, 56, 1),
('H1', 354, 56, 2),
('H1', 355, 56, 3),
('H1', 356, 56, 4),
('H1', 357, 56, 5),
('H1', 358, 56, 6),
('H1', 359, 56, 7),
('H1', 360, 57, 7),
('H1', 361, 57, 6),
('H1', 362, 57, 5),
('H1', 363, 57, 4),
('H1', 364, 57, 3),
('H1', 365, 57, 2),
('H1', 366, 57, 1),
('H1', 367, 58, 1),
('H1', 368, 58, 2),
('H1', 369, 58, 3),
('H1', 370, 59, 1),
('H1', 371, 59, 2),
('H1', 372, 59, 3),
('H1', 373, 59, 4),
('H1', 374, 59, 5),
('H1', 375, 59, 6),
('H1', 376, 59, 7),
('H1', 377, 59, 8),
('H1', 378, 59, 9),
('H1', 379, 59, 10),
('H1', 380, 59, 11),
('H1', 381, 59, 12),
('H1', 382, 59, 13),
('H1', 383, 59, 14),
('H1', 384, 59, 15),
('H1', 385, 59, 16),
('H1', 386, 59, 17),
('H1', 387, 59, 18),
('H1', 388, 59, 19),
('H1', 389, 59, 20),
('H1', 390, 59, 21),
('H1', 391, 59, 22),
('H1', 392, 59, 23),
('H1', 393, 59, 24),
('H1', 394, 59, 25),
('H1', 395, 59, 26),
('H1', 396, 59, 27),
('H1', 397, 59, 28),
('H1', 398, 59, 29),
('H1', 399, 59, 30),
('H1', 400, 59, 31),
('H1', 401, 59, 32),
('H1', 402, 59, 33),
('H1', 403, 59, 34),
('H1', 404, 59, 35),
('H1', 405, 59, 36),
('H1', 406, 59, 37),
('H1', 407, 59, 38),
('H1', 408, 59, 39),
('H1', 409, 59, 40),
('H1', 410, 59, 41),
('H1', 411, 59, 42),
('H1', 412, 59, 43),
('H1', 413, 59, 44),
('H1', 414, 59, 45),
('H1', 415, 59, 46),
('H1', 416, 51, 5),
('H1', 417, 51, 6),
('H1', 418, 51, 7),
('H2', 1, 1, 0),
('H2', 2, 1, 1),
('H2', 3, 1, 2),
('H2', 4, 1, 3),
('H2', 5, 1, 4),
('H2', 6, 1, 5),
('H2', 7, 1, 6),
('H2', 8, 1, 7),
('H2', 9, 1, 8),
('H2', 10, 1, 9),
('H2', 11, 1, 10),
('H2', 12, 2, 0),
('H2', 13, 2, 1),
('H2', 14, 3, 0),
('H2', 15, 3, 1),
('H2', 16, 3, 2),
('H2', 17, 3, 3),
('H2', 18, 3, 4),
('H2', 19, 3, 5),
('H2', 20, 4, 0),
('H2', 21, 4, 1),
('H2', 22, 4, 2),
('H2', 23, 4, 3),
('H2', 24, 4, 4),
('H2', 25, 4, 5),
('H2', 26, 4, 6),
('H2', 27, 4, 7),
('H2', 28, 4, 8),
('H2', 29, 4, 9),
('H2', 30, 4, 10),
('H2', 31, 4, 11),
('H2', 32, 4, 12),
('H2', 33, 5, 0),
('H2', 34, 5, 1),
('H2', 35, 5, 2),
('H2', 36, 5, 3),
('H2', 37, 5, 4),
('H2', 38, 6, 0),
('H2', 39, 6, 1),
('H2', 40, 6, 2),
('H2', 41, 7, 0),
('H2', 42, 7, 1),
('H2', 43, 7, 2),
('H2', 44, 7, 3),
('H2', 45, 7, 4),
('H2', 46, 8, 0),
('H2', 47, 9, 0),
('H2', 48, 9, 1),
('H2', 49, 9, 2),
('H2', 50, 9, 3),
('H2', 51, 10, 0),
('H2', 52, 10, 1),
('H2', 53, 10, 2),
('H2', 54, 10, 3),
('H2', 55, 10, 4),
('H2', 56, 10, 5),
('H2', 57, 10, 6),
('H2', 58, 10, 7),
('H2', 59, 10, 8),
('H2', 60, 11, 0),
('H2', 61, 11, 1),
('H2', 62, 11, 2),
('H2', 63, 11, 3),
('H2', 64, 11, 4),
('H2', 65, 11, 5),
('H2', 66, 11, 6),
('H2', 67, 11, 7),
('H2', 68, 11, 8),
('H2', 69, 11, 9),
('H2', 70, 11, 10),
('H2', 71, 11, 11),
('H2', 72, 11, 12),
('H2', 73, 11, 13),
('H2', 74, 11, 14),
('H2', 75, 11, 15),
('H2', 76, 11, 16),
('H2', 77, 11, 17),
('H2', 78, 11, 18),
('H2', 79, 11, 19),
('H2', 80, 11, 20),
('H2', 81, 11, 21),
('H2', 82, 11, 22),
('H2', 83, 11, 23),
('H2', 84, 11, 24),
('H2', 85, 11, 25),
('H2', 86, 11, 26),
('H2', 87, 11, 27),
('H2', 88, 11, 28),
('H2', 89, 11, 29),
('H2', 90, 11, 30),
('H2', 91, 11, 31),
('H2', 92, 12, 0),
('H2', 93, 12, 1),
('H2', 94, 12, 2),
('H2', 95, 12, 3),
('H2', 96, 12, 4),
('H2', 97, 12, 5),
('H2', 98, 13, 0),
('H2', 99, 13, 1),
('H2', 100, 13, 2),
('H2', 101, 13, 3),
('H2', 102, 13, 4),
('H2', 103, 13, 5),
('H2', 104, 13, 6),
('H2', 105, 13, 7),
('H2', 106, 13, 8),
('H2', 107, 13, 9),
('H2', 108, 13, 10),
('H2', 109, 13, 11),
('H2', 110, 13, 12),
('H2', 111, 14, 0),
('H2', 112, 14, 1),
('H2', 113, 14, 2),
('H2', 114, 14, 3),
('H2', 115, 14, 4),
('H2', 116, 14, 5),
('H2', 117, 14, 6),
('H2', 118, 14, 7),
('H2', 119, 14, 8),
('H2', 120, 14, 9),
('H2', 121, 14, 10),
('H2', 122, 14, 11),
('H2', 123, 15, 0),
('H2', 124, 15, 1),
('H2', 125, 15, 2),
('H2', 126, 15, 3),
('H2', 127, 16, 0),
('H2', 128, 16, 1),
('H2', 129, 16, 2),
('H2', 130, 17, 0),
('H2', 131, 17, 1),
('H2', 132, 17, 2),
('H2', 133, 17, 3),
('H2', 134, 17, 4),
('H2', 135, 18, 0),
('H2', 136, 18, 1),
('H2', 137, 18, 2),
('H2', 138, 18, 3),
('H2', 139, 19, 0),
('H2', 140, 19, 1),
('H2', 141, 19, 2),
('H2', 142, 19, 3),
('H2', 143, 19, 4),
('H2', 144, 20, 0),
('H2', 145, 20, 1),
('H2', 146, 20, 2),
('H2', 147, 20, 3),
('H2', 148, 20, 4),
('H2', 149, 20, 5),
('H2', 150, 21, 0),
('H2', 151, 21, 1),
('H2', 152, 21, 2),
('H2', 153, 21, 3),
('H2', 154, 21, 4),
('H2', 155, 21, 5),
('H2', 156, 21, 6),
('H2', 157, 21, 7),
('H2', 158, 21, 8),
('H2', 159, 21, 9),
('H2', 160, 22, 0),
('H2', 161, 22, 1),
('H2', 162, 22, 2),
('H2', 163, 22, 3),
('H2', 164, 22, 4),
('H2', 165, 22, 5),
('H2', 166, 23, 0),
('H2', 167, 23, 1),
('H2', 168, 23, 2),
('H2', 169, 23, 3),
('H2', 170, 24, 0),
('H2', 171, 24, 1),
('H2', 172, 24, 2),
('H2', 173, 25, 0),
('H2', 174, 25, 1),
('H2', 175, 25, 2),
('H2', 176, 25, 3),
('H2', 177, 25, 4),
('H2', 178, 25, 5),
('H2', 179, 26, 0),
('H2', 180, 26, 1),
('H2', 181, 26, 2),
('H2', 182, 27, 0),
('H2', 183, 27, 1),
('H2', 184, 27, 2),
('H2', 185, 27, 3),
('H2', 186, 28, 0),
('H2', 187, 28, 1),
('H2', 188, 28, 2),
('H2', 189, 28, 3),
('H2', 190, 29, 0),
('H2', 191, 29, 1),
('H2', 192, 29, 2),
('H2', 193, 29, 3),
('H2', 194, 30, 0),
('H2', 210, 31, 1),
('H2', 211, 31, 2),
('H2', 212, 31, 3),
('H2', 213, 32, 1),
('H2', 214, 32, 2),
('H2', 215, 32, 3),
('H2', 216, 32, 4),
('H2', 217, 32, 5),
('H2', 218, 32, 6),
('H2', 219, 33, 1),
('H2', 220, 33, 2),
('H2', 221, 33, 3),
('H2', 222, 33, 4),
('H2', 223, 34, 1),
('H2', 224, 34, 2),
('H2', 225, 34, 3),
('H2', 226, 34, 4),
('H2', 227, 34, 5),
('H2', 228, 34, 6),
('H2', 229, 35, 1),
('H2', 230, 35, 2),
('H2', 231, 35, 3),
('H2', 232, 36, 1),
('H2', 233, 36, 2),
('H2', 234, 36, 3),
('H2', 235, 37, 1),
('H2', 236, 37, 2),
('H2', 237, 38, 1),
('H2', 238, 38, 2),
('H2', 239, 38, 3),
('H2', 240, 38, 4),
('H2', 241, 39, 1),
('H2', 242, 39, 2),
('H2', 243, 39, 3),
('H2', 244, 39, 4),
('H2', 245, 40, 1),
('H2', 246, 40, 2),
('H2', 247, 40, 3),
('H2', 248, 40, 4),
('H2', 249, 41, 1),
('H2', 250, 41, 2),
('H2', 251, 41, 3),
('H2', 252, 41, 4),
('H2', 253, 41, 5),
('H2', 254, 41, 6),
('H2', 255, 41, 7),
('H2', 256, 41, 8),
('H2', 257, 41, 9),
('H2', 258, 41, 10),
('H2', 259, 41, 11),
('H2', 260, 42, 1),
('H2', 261, 42, 2),
('H2', 262, 42, 3),
('H2', 263, 42, 4),
('H2', 264, 42, 5),
('H2', 265, 42, 6),
('H2', 266, 42, 7),
('H2', 267, 42, 8),
('H2', 268, 42, 9),
('H2', 269, 43, 1),
('H2', 270, 43, 2),
('H2', 271, 43, 3),
('H2', 272, 43, 4),
('H2', 273, 44, 1),
('H2', 274, 44, 2),
('H2', 275, 44, 3),
('H2', 276, 44, 4),
('H2', 277, 45, 1),
('H2', 278, 45, 2),
('H2', 279, 45, 3),
('H2', 280, 45, 4),
('H2', 281, 45, 5),
('H2', 282, 45, 6),
('H2', 283, 45, 7),
('H2', 284, 45, 8),
('H2', 285, 45, 9),
('H2', 286, 45, 10),
('H2', 287, 45, 11),
('H2', 288, 12, 1),
('H2', 289, 46, 1),
('H2', 290, 46, 2),
('H2', 291, 46, 3),
('H2', 292, 46, 4),
('H2', 293, 46, 5),
('H2', 294, 46, 6),
('H2', 295, 2, 1),
('H2', 296, 47, 1),
('H2', 297, 47, 2),
('H2', 298, 47, 3),
('H2', 299, 48, 1),
('H2', 300, 48, 2),
('H2', 303, 30, 16),
('H2', 304, 30, 17),
('H2', 305, 30, 18),
('H2', 306, 49, 1),
('H2', 307, 49, 2),
('H2', 308, 49, 3),
('H2', 309, 49, 4),
('H2', 311, 49, 6),
('H2', 312, 49, 7),
('H2', 313, 49, 8),
('H2', 314, 50, 1),
('H2', 315, 50, 2),
('H2', 317, 50, 4),
('H2', 319, 50, 6),
('H2', 320, 50, 7),
('H2', 321, 50, 8),
('H2', 322, 30, 1),
('H2', 323, 50, 9),
('H2', 324, 51, 1),
('H2', 325, 51, 2),
('H2', 326, 51, 3),
('H2', 327, 51, 4),
('H2', 328, 52, 1),
('H2', 329, 52, 2),
('H2', 330, 52, 3),
('H2', 331, 52, 4),
('H2', 332, 52, 5),
('H2', 333, 53, 1),
('H2', 334, 53, 2),
('H2', 335, 53, 3),
('H2', 336, 53, 4),
('H2', 337, 53, 5),
('H2', 338, 54, 1),
('H2', 339, 54, 2),
('H2', 340, 54, 3),
('H2', 341, 54, 4),
('H2', 342, 54, 5),
('H2', 343, 54, 6),
('H2', 344, 54, 7),
('H2', 345, 54, 8),
('H2', 346, 54, 9),
('H2', 347, 54, 10),
('H2', 348, 30, 19),
('H2', 349, 55, 1),
('H2', 350, 55, 2),
('H2', 351, 55, 3),
('H2', 352, 55, 4),
('H2', 353, 56, 1),
('H2', 354, 56, 2),
('H2', 355, 56, 3),
('H2', 356, 56, 4),
('H2', 357, 56, 5),
('H2', 358, 56, 6),
('H2', 359, 56, 7),
('H2', 360, 57, 7),
('H2', 361, 57, 6),
('H2', 362, 57, 5),
('H2', 363, 57, 4),
('H2', 364, 57, 3),
('H2', 365, 57, 2),
('H2', 366, 57, 1),
('H2', 367, 58, 1),
('H2', 368, 58, 2),
('H2', 369, 58, 3),
('H2', 370, 59, 1),
('H2', 371, 59, 2),
('H2', 372, 59, 3),
('H2', 373, 59, 4),
('H2', 374, 59, 5),
('H2', 375, 59, 6),
('H2', 376, 59, 7),
('H2', 377, 59, 8),
('H2', 378, 59, 9),
('H2', 379, 59, 10),
('H2', 380, 59, 11),
('H2', 381, 59, 12),
('H2', 382, 59, 13),
('H2', 383, 59, 14),
('H2', 384, 59, 15),
('H2', 385, 59, 16),
('H2', 386, 59, 17),
('H2', 387, 59, 18),
('H2', 388, 59, 19),
('H2', 389, 59, 20),
('H2', 390, 59, 21),
('H2', 391, 59, 22),
('H2', 392, 59, 23),
('H2', 393, 59, 24),
('H2', 394, 59, 25),
('H2', 395, 59, 26),
('H2', 396, 59, 27),
('H2', 397, 59, 28),
('H2', 398, 59, 29),
('H2', 399, 59, 30),
('H2', 400, 59, 31),
('H2', 401, 59, 32),
('H2', 402, 59, 33),
('H2', 403, 59, 34),
('H2', 404, 59, 35),
('H2', 405, 59, 36),
('H2', 406, 59, 37),
('H2', 407, 59, 38),
('H2', 408, 59, 39),
('H2', 409, 59, 40),
('H2', 410, 59, 41),
('H2', 411, 59, 42),
('H2', 412, 59, 43),
('H2', 413, 59, 44),
('H2', 414, 59, 45),
('H2', 415, 59, 46),
('H2', 416, 51, 5),
('H2', 417, 51, 6),
('H2', 418, 51, 7),
('H3', 1, 1, 0),
('H3', 2, 1, 1),
('H3', 3, 1, 2),
('H3', 4, 1, 3),
('H3', 5, 1, 4),
('H3', 6, 1, 5),
('H3', 7, 1, 6),
('H3', 8, 1, 7),
('H3', 9, 1, 8),
('H3', 10, 1, 9),
('H3', 11, 1, 10),
('H3', 12, 2, 0),
('H3', 13, 2, 1),
('H3', 14, 3, 0),
('H3', 15, 3, 1),
('H3', 16, 3, 2),
('H3', 17, 3, 3),
('H3', 18, 3, 4),
('H3', 19, 3, 5),
('H3', 20, 4, 0),
('H3', 21, 4, 1),
('H3', 22, 4, 2),
('H3', 23, 4, 3),
('H3', 24, 4, 4),
('H3', 25, 4, 5),
('H3', 26, 4, 6),
('H3', 27, 4, 7),
('H3', 28, 4, 8),
('H3', 29, 4, 9),
('H3', 30, 4, 10),
('H3', 31, 4, 11),
('H3', 32, 4, 12),
('H3', 33, 5, 0),
('H3', 34, 5, 1),
('H3', 35, 5, 2),
('H3', 36, 5, 3),
('H3', 37, 5, 4),
('H3', 38, 6, 0),
('H3', 39, 6, 1),
('H3', 40, 6, 2),
('H3', 41, 7, 0),
('H3', 42, 7, 1),
('H3', 43, 7, 2),
('H3', 44, 7, 3),
('H3', 45, 7, 4),
('H3', 46, 8, 0),
('H3', 47, 9, 0),
('H3', 48, 9, 1),
('H3', 49, 9, 2),
('H3', 50, 9, 3),
('H3', 51, 10, 0),
('H3', 52, 10, 1),
('H3', 53, 10, 2),
('H3', 54, 10, 3),
('H3', 55, 10, 4),
('H3', 56, 10, 5),
('H3', 57, 10, 6),
('H3', 58, 10, 7),
('H3', 59, 10, 8),
('H3', 60, 11, 0),
('H3', 61, 11, 1),
('H3', 62, 11, 2),
('H3', 63, 11, 3),
('H3', 64, 11, 4),
('H3', 65, 11, 5),
('H3', 66, 11, 6),
('H3', 67, 11, 7),
('H3', 68, 11, 8),
('H3', 69, 11, 9),
('H3', 70, 11, 10),
('H3', 71, 11, 11),
('H3', 72, 11, 12),
('H3', 73, 11, 13),
('H3', 74, 11, 14),
('H3', 75, 11, 15),
('H3', 76, 11, 16),
('H3', 77, 11, 17),
('H3', 78, 11, 18),
('H3', 79, 11, 19),
('H3', 80, 11, 20),
('H3', 81, 11, 21),
('H3', 82, 11, 22),
('H3', 83, 11, 23),
('H3', 84, 11, 24),
('H3', 85, 11, 25),
('H3', 86, 11, 26),
('H3', 87, 11, 27),
('H3', 88, 11, 28),
('H3', 89, 11, 29),
('H3', 90, 11, 30),
('H3', 91, 11, 31),
('H3', 92, 12, 0),
('H3', 93, 12, 1),
('H3', 94, 12, 2),
('H3', 95, 12, 3),
('H3', 96, 12, 4),
('H3', 97, 12, 5),
('H3', 98, 13, 0),
('H3', 99, 13, 1),
('H3', 100, 13, 2),
('H3', 101, 13, 3),
('H3', 102, 13, 4),
('H3', 103, 13, 5),
('H3', 104, 13, 6),
('H3', 105, 13, 7),
('H3', 106, 13, 8),
('H3', 107, 13, 9),
('H3', 108, 13, 10),
('H3', 109, 13, 11),
('H3', 110, 13, 12),
('H3', 111, 14, 0),
('H3', 112, 14, 1),
('H3', 113, 14, 2),
('H3', 114, 14, 3),
('H3', 115, 14, 4),
('H3', 116, 14, 5),
('H3', 117, 14, 6),
('H3', 118, 14, 7),
('H3', 119, 14, 8),
('H3', 120, 14, 9),
('H3', 121, 14, 10),
('H3', 122, 14, 11),
('H3', 123, 15, 0),
('H3', 124, 15, 1),
('H3', 125, 15, 2),
('H3', 126, 15, 3),
('H3', 127, 16, 0),
('H3', 128, 16, 1),
('H3', 129, 16, 2),
('H3', 130, 17, 0),
('H3', 131, 17, 1),
('H3', 132, 17, 2),
('H3', 133, 17, 3),
('H3', 134, 17, 4),
('H3', 135, 18, 0),
('H3', 136, 18, 1),
('H3', 137, 18, 2),
('H3', 138, 18, 3),
('H3', 139, 19, 0),
('H3', 140, 19, 1),
('H3', 141, 19, 2),
('H3', 142, 19, 3),
('H3', 143, 19, 4),
('H3', 144, 20, 0),
('H3', 145, 20, 1),
('H3', 146, 20, 2),
('H3', 147, 20, 3),
('H3', 148, 20, 4),
('H3', 149, 20, 5),
('H3', 150, 21, 0),
('H3', 151, 21, 1),
('H3', 152, 21, 2),
('H3', 153, 21, 3),
('H3', 154, 21, 4),
('H3', 155, 21, 5),
('H3', 156, 21, 6),
('H3', 157, 21, 7),
('H3', 158, 21, 8),
('H3', 159, 21, 9),
('H3', 160, 22, 0),
('H3', 161, 22, 1),
('H3', 162, 22, 2),
('H3', 163, 22, 3),
('H3', 164, 22, 4),
('H3', 165, 22, 5),
('H3', 166, 23, 0),
('H3', 167, 23, 1),
('H3', 168, 23, 2),
('H3', 169, 23, 3),
('H3', 170, 24, 0),
('H3', 171, 24, 1),
('H3', 172, 24, 2),
('H3', 173, 25, 0),
('H3', 174, 25, 1),
('H3', 175, 25, 2),
('H3', 176, 25, 3),
('H3', 177, 25, 4),
('H3', 178, 25, 5),
('H3', 179, 26, 0),
('H3', 180, 26, 1),
('H3', 181, 26, 2),
('H3', 182, 27, 0),
('H3', 183, 27, 1),
('H3', 184, 27, 2),
('H3', 185, 27, 3),
('H3', 186, 28, 0),
('H3', 187, 28, 1),
('H3', 188, 28, 2),
('H3', 189, 28, 3),
('H3', 190, 29, 0),
('H3', 191, 29, 1),
('H3', 192, 29, 2),
('H3', 193, 29, 3),
('H3', 194, 30, 0),
('H3', 210, 31, 1),
('H3', 211, 31, 2),
('H3', 212, 31, 3),
('H3', 213, 32, 1),
('H3', 214, 32, 2),
('H3', 215, 32, 3),
('H3', 216, 32, 4),
('H3', 217, 32, 5),
('H3', 218, 32, 6),
('H3', 219, 33, 1),
('H3', 220, 33, 2),
('H3', 221, 33, 3),
('H3', 222, 33, 4),
('H3', 223, 34, 1),
('H3', 224, 34, 2),
('H3', 225, 34, 3),
('H3', 226, 34, 4),
('H3', 227, 34, 5),
('H3', 228, 34, 6),
('H3', 229, 35, 1),
('H3', 230, 35, 2),
('H3', 231, 35, 3),
('H3', 232, 36, 1),
('H3', 233, 36, 2),
('H3', 234, 36, 3),
('H3', 235, 37, 1),
('H3', 236, 37, 2),
('H3', 237, 38, 1),
('H3', 238, 38, 2),
('H3', 239, 38, 3),
('H3', 240, 38, 4),
('H3', 241, 39, 1),
('H3', 242, 39, 2),
('H3', 243, 39, 3),
('H3', 244, 39, 4),
('H3', 245, 40, 1),
('H3', 246, 40, 2),
('H3', 247, 40, 3),
('H3', 248, 40, 4),
('H3', 249, 41, 1),
('H3', 250, 41, 2),
('H3', 251, 41, 3),
('H3', 252, 41, 4),
('H3', 253, 41, 5),
('H3', 254, 41, 6),
('H3', 255, 41, 7),
('H3', 256, 41, 8),
('H3', 257, 41, 9),
('H3', 258, 41, 10),
('H3', 259, 41, 11),
('H3', 260, 42, 1),
('H3', 261, 42, 2),
('H3', 262, 42, 3),
('H3', 263, 42, 4),
('H3', 264, 42, 5),
('H3', 265, 42, 6),
('H3', 266, 42, 7),
('H3', 267, 42, 8),
('H3', 268, 42, 9),
('H3', 269, 43, 1),
('H3', 270, 43, 2),
('H3', 271, 43, 3),
('H3', 272, 43, 4),
('H3', 273, 44, 1),
('H3', 274, 44, 2),
('H3', 275, 44, 3),
('H3', 276, 44, 4),
('H3', 277, 45, 1),
('H3', 278, 45, 2),
('H3', 279, 45, 3),
('H3', 280, 45, 4),
('H3', 281, 45, 5),
('H3', 282, 45, 6),
('H3', 283, 45, 7),
('H3', 284, 45, 8),
('H3', 285, 45, 9),
('H3', 286, 45, 10),
('H3', 287, 45, 11),
('H3', 288, 12, 1),
('H3', 289, 46, 1),
('H3', 290, 46, 2),
('H3', 291, 46, 3),
('H3', 292, 46, 4),
('H3', 293, 46, 5),
('H3', 294, 46, 6),
('H3', 295, 2, 1),
('H3', 296, 47, 1),
('H3', 297, 47, 2),
('H3', 298, 47, 3),
('H3', 299, 48, 1),
('H3', 300, 48, 2),
('H3', 303, 30, 16),
('H3', 304, 30, 17),
('H3', 305, 30, 18),
('H3', 306, 49, 1),
('H3', 307, 49, 2),
('H3', 308, 49, 3),
('H3', 309, 49, 4),
('H3', 311, 49, 6),
('H3', 312, 49, 7),
('H3', 313, 49, 8),
('H3', 314, 50, 1),
('H3', 315, 50, 2),
('H3', 317, 50, 4),
('H3', 319, 50, 6),
('H3', 320, 50, 7),
('H3', 321, 50, 8),
('H3', 322, 30, 1),
('H3', 323, 50, 9),
('H3', 324, 51, 1),
('H3', 325, 51, 2),
('H3', 326, 51, 3),
('H3', 327, 51, 4),
('H3', 328, 52, 1),
('H3', 329, 52, 2),
('H3', 330, 52, 3),
('H3', 331, 52, 4),
('H3', 332, 52, 5),
('H3', 333, 53, 1),
('H3', 334, 53, 2),
('H3', 335, 53, 3),
('H3', 336, 53, 4),
('H3', 337, 53, 5),
('H3', 338, 54, 1),
('H3', 339, 54, 2),
('H3', 340, 54, 3),
('H3', 341, 54, 4),
('H3', 342, 54, 5),
('H3', 343, 54, 6),
('H3', 344, 54, 7),
('H3', 345, 54, 8),
('H3', 346, 54, 9),
('H3', 347, 54, 10),
('H3', 348, 30, 19),
('H3', 349, 55, 1),
('H3', 350, 55, 2),
('H3', 351, 55, 3),
('H3', 352, 55, 4),
('H3', 353, 56, 1),
('H3', 354, 56, 2),
('H3', 355, 56, 3),
('H3', 356, 56, 4),
('H3', 357, 56, 5),
('H3', 358, 56, 6),
('H3', 359, 56, 7),
('H3', 360, 57, 7),
('H3', 361, 57, 6),
('H3', 362, 57, 5),
('H3', 363, 57, 4),
('H3', 364, 57, 3),
('H3', 365, 57, 2),
('H3', 366, 57, 1),
('H3', 367, 58, 1),
('H3', 368, 58, 2),
('H3', 369, 58, 3),
('H3', 370, 59, 1),
('H3', 371, 59, 2),
('H3', 372, 59, 3),
('H3', 373, 59, 4),
('H3', 374, 59, 5),
('H3', 375, 59, 6),
('H3', 376, 59, 7),
('H3', 377, 59, 8),
('H3', 378, 59, 9),
('H3', 379, 59, 10),
('H3', 380, 59, 11),
('H3', 381, 59, 12),
('H3', 382, 59, 13),
('H3', 383, 59, 14),
('H3', 384, 59, 15),
('H3', 385, 59, 16),
('H3', 386, 59, 17),
('H3', 387, 59, 18),
('H3', 388, 59, 19),
('H3', 389, 59, 20),
('H3', 390, 59, 21),
('H3', 391, 59, 22),
('H3', 392, 59, 23),
('H3', 393, 59, 24),
('H3', 394, 59, 25),
('H3', 395, 59, 26),
('H3', 396, 59, 27),
('H3', 397, 59, 28),
('H3', 398, 59, 29),
('H3', 399, 59, 30),
('H3', 400, 59, 31),
('H3', 401, 59, 32),
('H3', 402, 59, 33),
('H3', 403, 59, 34),
('H3', 404, 59, 35),
('H3', 405, 59, 36),
('H3', 406, 59, 37),
('H3', 407, 59, 38),
('H3', 408, 59, 39),
('H3', 409, 59, 40),
('H3', 410, 59, 41),
('H3', 411, 59, 42),
('H3', 412, 59, 43),
('H3', 413, 59, 44),
('H3', 414, 59, 45),
('H3', 415, 59, 46),
('H3', 416, 51, 5),
('H3', 417, 51, 6),
('H3', 418, 51, 7),
('H4', 1, 1, 0),
('H4', 2, 1, 1),
('H4', 3, 1, 2),
('H4', 4, 1, 3),
('H4', 5, 1, 4),
('H4', 6, 1, 5),
('H4', 7, 1, 6),
('H4', 8, 1, 7),
('H4', 9, 1, 8),
('H4', 10, 1, 9),
('H4', 11, 1, 10),
('H4', 12, 2, 0),
('H4', 13, 2, 1),
('H4', 14, 3, 0),
('H4', 15, 3, 1),
('H4', 16, 3, 2),
('H4', 17, 3, 3),
('H4', 18, 3, 4),
('H4', 19, 3, 5),
('H4', 20, 4, 0),
('H4', 21, 4, 1),
('H4', 22, 4, 2),
('H4', 23, 4, 3),
('H4', 24, 4, 4),
('H4', 25, 4, 5),
('H4', 26, 4, 6),
('H4', 27, 4, 7),
('H4', 28, 4, 8),
('H4', 29, 4, 9),
('H4', 30, 4, 10),
('H4', 31, 4, 11),
('H4', 32, 4, 12),
('H4', 33, 5, 0),
('H4', 34, 5, 1),
('H4', 35, 5, 2),
('H4', 36, 5, 3),
('H4', 37, 5, 4),
('H4', 38, 6, 0),
('H4', 39, 6, 1),
('H4', 40, 6, 2),
('H4', 41, 7, 0),
('H4', 42, 7, 1),
('H4', 43, 7, 2),
('H4', 44, 7, 3),
('H4', 45, 7, 4),
('H4', 46, 8, 0),
('H4', 47, 9, 0),
('H4', 48, 9, 1),
('H4', 49, 9, 2),
('H4', 50, 9, 3),
('H4', 51, 10, 0),
('H4', 52, 10, 1),
('H4', 53, 10, 2),
('H4', 54, 10, 3),
('H4', 55, 10, 4),
('H4', 56, 10, 5),
('H4', 57, 10, 6),
('H4', 58, 10, 7),
('H4', 59, 10, 8),
('H4', 60, 11, 0),
('H4', 61, 11, 1),
('H4', 62, 11, 2),
('H4', 63, 11, 3),
('H4', 64, 11, 4),
('H4', 65, 11, 5),
('H4', 66, 11, 6),
('H4', 67, 11, 7),
('H4', 68, 11, 8),
('H4', 69, 11, 9),
('H4', 70, 11, 10),
('H4', 71, 11, 11),
('H4', 72, 11, 12),
('H4', 73, 11, 13),
('H4', 74, 11, 14),
('H4', 75, 11, 15),
('H4', 76, 11, 16),
('H4', 77, 11, 17),
('H4', 78, 11, 18),
('H4', 79, 11, 19),
('H4', 80, 11, 20),
('H4', 81, 11, 21),
('H4', 82, 11, 22),
('H4', 83, 11, 23),
('H4', 84, 11, 24),
('H4', 85, 11, 25),
('H4', 86, 11, 26),
('H4', 87, 11, 27),
('H4', 88, 11, 28),
('H4', 89, 11, 29),
('H4', 90, 11, 30),
('H4', 91, 11, 31),
('H4', 92, 12, 0),
('H4', 93, 12, 1),
('H4', 94, 12, 2),
('H4', 95, 12, 3),
('H4', 96, 12, 4),
('H4', 97, 12, 5),
('H4', 98, 13, 0),
('H4', 99, 13, 1),
('H4', 100, 13, 2),
('H4', 101, 13, 3),
('H4', 102, 13, 4),
('H4', 103, 13, 5),
('H4', 104, 13, 6),
('H4', 105, 13, 7),
('H4', 106, 13, 8),
('H4', 107, 13, 9),
('H4', 108, 13, 10),
('H4', 109, 13, 11),
('H4', 110, 13, 12),
('H4', 111, 14, 0),
('H4', 112, 14, 1),
('H4', 113, 14, 2),
('H4', 114, 14, 3),
('H4', 115, 14, 4),
('H4', 116, 14, 5),
('H4', 117, 14, 6),
('H4', 118, 14, 7),
('H4', 119, 14, 8),
('H4', 120, 14, 9),
('H4', 121, 14, 10),
('H4', 122, 14, 11),
('H4', 123, 15, 0),
('H4', 124, 15, 1),
('H4', 125, 15, 2),
('H4', 126, 15, 3),
('H4', 127, 16, 0),
('H4', 128, 16, 1),
('H4', 129, 16, 2),
('H4', 130, 17, 0),
('H4', 131, 17, 1),
('H4', 132, 17, 2),
('H4', 133, 17, 3),
('H4', 134, 17, 4),
('H4', 135, 18, 0),
('H4', 136, 18, 1),
('H4', 137, 18, 2),
('H4', 138, 18, 3),
('H4', 139, 19, 0),
('H4', 140, 19, 1),
('H4', 141, 19, 2),
('H4', 142, 19, 3),
('H4', 143, 19, 4),
('H4', 144, 20, 0),
('H4', 145, 20, 1),
('H4', 146, 20, 2),
('H4', 147, 20, 3),
('H4', 148, 20, 4),
('H4', 149, 20, 5),
('H4', 150, 21, 0),
('H4', 151, 21, 1),
('H4', 152, 21, 2),
('H4', 153, 21, 3),
('H4', 154, 21, 4),
('H4', 155, 21, 5),
('H4', 156, 21, 6),
('H4', 157, 21, 7),
('H4', 158, 21, 8),
('H4', 159, 21, 9),
('H4', 160, 22, 0),
('H4', 161, 22, 1),
('H4', 162, 22, 2),
('H4', 163, 22, 3),
('H4', 164, 22, 4),
('H4', 165, 22, 5),
('H4', 166, 23, 0),
('H4', 167, 23, 1),
('H4', 168, 23, 2),
('H4', 169, 23, 3),
('H4', 170, 24, 0),
('H4', 171, 24, 1),
('H4', 172, 24, 2),
('H4', 173, 25, 0),
('H4', 174, 25, 1),
('H4', 175, 25, 2),
('H4', 176, 25, 3),
('H4', 177, 25, 4),
('H4', 178, 25, 5),
('H4', 179, 26, 0),
('H4', 180, 26, 1),
('H4', 181, 26, 2),
('H4', 182, 27, 0),
('H4', 183, 27, 1),
('H4', 184, 27, 2),
('H4', 185, 27, 3),
('H4', 186, 28, 0),
('H4', 187, 28, 1),
('H4', 188, 28, 2),
('H4', 189, 28, 3),
('H4', 190, 29, 0),
('H4', 191, 29, 1),
('H4', 192, 29, 2),
('H4', 193, 29, 3),
('H4', 194, 30, 0),
('H4', 210, 31, 1),
('H4', 211, 31, 2),
('H4', 212, 31, 3),
('H4', 213, 32, 1),
('H4', 214, 32, 2),
('H4', 215, 32, 3),
('H4', 216, 32, 4),
('H4', 217, 32, 5),
('H4', 218, 32, 6),
('H4', 219, 33, 1),
('H4', 220, 33, 2),
('H4', 221, 33, 3),
('H4', 222, 33, 4),
('H4', 223, 34, 1),
('H4', 224, 34, 2),
('H4', 225, 34, 3),
('H4', 226, 34, 4),
('H4', 227, 34, 5),
('H4', 228, 34, 6),
('H4', 229, 35, 1),
('H4', 230, 35, 2),
('H4', 231, 35, 3),
('H4', 232, 36, 1),
('H4', 233, 36, 2),
('H4', 234, 36, 3),
('H4', 235, 37, 1),
('H4', 236, 37, 2),
('H4', 237, 38, 1),
('H4', 238, 38, 2),
('H4', 239, 38, 3),
('H4', 240, 38, 4),
('H4', 241, 39, 1),
('H4', 242, 39, 2),
('H4', 243, 39, 3),
('H4', 244, 39, 4),
('H4', 245, 40, 1),
('H4', 246, 40, 2),
('H4', 247, 40, 3),
('H4', 248, 40, 4),
('H4', 249, 41, 1),
('H4', 250, 41, 2),
('H4', 251, 41, 3),
('H4', 252, 41, 4),
('H4', 253, 41, 5),
('H4', 254, 41, 6),
('H4', 255, 41, 7),
('H4', 256, 41, 8),
('H4', 257, 41, 9),
('H4', 258, 41, 10),
('H4', 259, 41, 11),
('H4', 260, 42, 1),
('H4', 261, 42, 2),
('H4', 262, 42, 3),
('H4', 263, 42, 4),
('H4', 264, 42, 5),
('H4', 265, 42, 6),
('H4', 266, 42, 7),
('H4', 267, 42, 8),
('H4', 268, 42, 9),
('H4', 269, 43, 1),
('H4', 270, 43, 2),
('H4', 271, 43, 3),
('H4', 272, 43, 4),
('H4', 273, 44, 1),
('H4', 274, 44, 2),
('H4', 275, 44, 3),
('H4', 276, 44, 4),
('H4', 277, 45, 1),
('H4', 278, 45, 2),
('H4', 279, 45, 3),
('H4', 280, 45, 4),
('H4', 281, 45, 5),
('H4', 282, 45, 6),
('H4', 283, 45, 7),
('H4', 284, 45, 8),
('H4', 285, 45, 9),
('H4', 286, 45, 10),
('H4', 287, 45, 11),
('H4', 288, 12, 1),
('H4', 289, 46, 1),
('H4', 290, 46, 2),
('H4', 291, 46, 3),
('H4', 292, 46, 4),
('H4', 293, 46, 5),
('H4', 294, 46, 6),
('H4', 295, 2, 1),
('H4', 296, 47, 1),
('H4', 297, 47, 2),
('H4', 298, 47, 3),
('H4', 299, 48, 1),
('H4', 300, 48, 2),
('H4', 303, 30, 16),
('H4', 304, 30, 17),
('H4', 305, 30, 18),
('H4', 306, 49, 1),
('H4', 307, 49, 2),
('H4', 308, 49, 3),
('H4', 309, 49, 4),
('H4', 311, 49, 6),
('H4', 312, 49, 7),
('H4', 313, 49, 8),
('H4', 314, 50, 1),
('H4', 315, 50, 2),
('H4', 317, 50, 4),
('H4', 319, 50, 6),
('H4', 320, 50, 7),
('H4', 321, 50, 8),
('H4', 322, 30, 1),
('H4', 323, 50, 9),
('H4', 324, 51, 1),
('H4', 325, 51, 2),
('H4', 326, 51, 3),
('H4', 327, 51, 4),
('H4', 328, 52, 1),
('H4', 329, 52, 2),
('H4', 330, 52, 3),
('H4', 331, 52, 4),
('H4', 332, 52, 5),
('H4', 333, 53, 1),
('H4', 334, 53, 2),
('H4', 335, 53, 3),
('H4', 336, 53, 4),
('H4', 337, 53, 5),
('H4', 338, 54, 1),
('H4', 339, 54, 2),
('H4', 340, 54, 3),
('H4', 341, 54, 4),
('H4', 342, 54, 5),
('H4', 343, 54, 6),
('H4', 344, 54, 7),
('H4', 345, 54, 8),
('H4', 346, 54, 9),
('H4', 347, 54, 10),
('H4', 348, 30, 19),
('H4', 349, 55, 1),
('H4', 350, 55, 2),
('H4', 351, 55, 3),
('H4', 352, 55, 4),
('H4', 353, 56, 1),
('H4', 354, 56, 2),
('H4', 355, 56, 3),
('H4', 356, 56, 4),
('H4', 357, 56, 5),
('H4', 358, 56, 6),
('H4', 359, 56, 7),
('H4', 360, 57, 7),
('H4', 361, 57, 6),
('H4', 362, 57, 5),
('H4', 363, 57, 4),
('H4', 364, 57, 3),
('H4', 365, 57, 2),
('H4', 366, 57, 1),
('H4', 367, 58, 1),
('H4', 368, 58, 2),
('H4', 369, 58, 3),
('H4', 370, 59, 1),
('H4', 371, 59, 2),
('H4', 372, 59, 3),
('H4', 373, 59, 4),
('H4', 374, 59, 5),
('H4', 375, 59, 6),
('H4', 376, 59, 7),
('H4', 377, 59, 8),
('H4', 378, 59, 9),
('H4', 379, 59, 10),
('H4', 380, 59, 11),
('H4', 381, 59, 12),
('H4', 382, 59, 13),
('H4', 383, 59, 14),
('H4', 384, 59, 15),
('H4', 385, 59, 16),
('H4', 386, 59, 17),
('H4', 387, 59, 18),
('H4', 388, 59, 19),
('H4', 389, 59, 20),
('H4', 390, 59, 21),
('H4', 391, 59, 22),
('H4', 392, 59, 23),
('H4', 393, 59, 24),
('H4', 394, 59, 25),
('H4', 395, 59, 26),
('H4', 396, 59, 27),
('H4', 397, 59, 28),
('H4', 398, 59, 29),
('H4', 399, 59, 30),
('H4', 400, 59, 31),
('H4', 401, 59, 32),
('H4', 402, 59, 33),
('H4', 403, 59, 34),
('H4', 404, 59, 35),
('H4', 405, 59, 36),
('H4', 406, 59, 37),
('H4', 407, 59, 38),
('H4', 408, 59, 39),
('H4', 409, 59, 40),
('H4', 410, 59, 41),
('H4', 411, 59, 42),
('H4', 412, 59, 43),
('H4', 413, 59, 44),
('H4', 414, 59, 45),
('H4', 415, 59, 46),
('H4', 416, 51, 5),
('H4', 417, 51, 6),
('H4', 418, 51, 7),
('H5', 1, 1, 0),
('H5', 2, 1, 1),
('H5', 3, 1, 2),
('H5', 4, 1, 3),
('H5', 5, 1, 4),
('H5', 6, 1, 5),
('H5', 7, 1, 6),
('H5', 8, 1, 7),
('H5', 9, 1, 8),
('H5', 10, 1, 9),
('H5', 11, 1, 10),
('H5', 12, 2, 0),
('H5', 13, 2, 1),
('H5', 14, 3, 0),
('H5', 15, 3, 1),
('H5', 16, 3, 2),
('H5', 17, 3, 3),
('H5', 18, 3, 4),
('H5', 19, 3, 5),
('H5', 20, 4, 0),
('H5', 21, 4, 1),
('H5', 22, 4, 2),
('H5', 23, 4, 3),
('H5', 24, 4, 4),
('H5', 25, 4, 5),
('H5', 26, 4, 6),
('H5', 27, 4, 7),
('H5', 28, 4, 8),
('H5', 29, 4, 9),
('H5', 30, 4, 10),
('H5', 31, 4, 11),
('H5', 32, 4, 12),
('H5', 33, 5, 0),
('H5', 34, 5, 1),
('H5', 35, 5, 2),
('H5', 36, 5, 3),
('H5', 37, 5, 4),
('H5', 38, 6, 0),
('H5', 39, 6, 1),
('H5', 40, 6, 2),
('H5', 41, 7, 0),
('H5', 42, 7, 1),
('H5', 43, 7, 2),
('H5', 44, 7, 3),
('H5', 45, 7, 4),
('H5', 46, 8, 0),
('H5', 47, 9, 0),
('H5', 48, 9, 1),
('H5', 49, 9, 2),
('H5', 50, 9, 3),
('H5', 51, 10, 0),
('H5', 52, 10, 1),
('H5', 53, 10, 2),
('H5', 54, 10, 3),
('H5', 55, 10, 4),
('H5', 56, 10, 5),
('H5', 57, 10, 6),
('H5', 58, 10, 7),
('H5', 59, 10, 8),
('H5', 60, 11, 0),
('H5', 61, 11, 1),
('H5', 62, 11, 2),
('H5', 63, 11, 3),
('H5', 64, 11, 4),
('H5', 65, 11, 5),
('H5', 66, 11, 6),
('H5', 67, 11, 7),
('H5', 68, 11, 8),
('H5', 69, 11, 9),
('H5', 70, 11, 10),
('H5', 71, 11, 11),
('H5', 72, 11, 12),
('H5', 73, 11, 13),
('H5', 74, 11, 14),
('H5', 75, 11, 15),
('H5', 76, 11, 16),
('H5', 77, 11, 17),
('H5', 78, 11, 18),
('H5', 79, 11, 19),
('H5', 80, 11, 20),
('H5', 81, 11, 21),
('H5', 82, 11, 22),
('H5', 83, 11, 23),
('H5', 84, 11, 24),
('H5', 85, 11, 25),
('H5', 86, 11, 26),
('H5', 87, 11, 27),
('H5', 88, 11, 28),
('H5', 89, 11, 29),
('H5', 90, 11, 30),
('H5', 91, 11, 31),
('H5', 92, 12, 0),
('H5', 93, 12, 1),
('H5', 94, 12, 2),
('H5', 95, 12, 3),
('H5', 96, 12, 4),
('H5', 97, 12, 5),
('H5', 98, 13, 0),
('H5', 99, 13, 1),
('H5', 100, 13, 2),
('H5', 101, 13, 3),
('H5', 102, 13, 4),
('H5', 103, 13, 5),
('H5', 104, 13, 6),
('H5', 105, 13, 7),
('H5', 106, 13, 8),
('H5', 107, 13, 9),
('H5', 108, 13, 10),
('H5', 109, 13, 11),
('H5', 110, 13, 12),
('H5', 111, 14, 0),
('H5', 112, 14, 1),
('H5', 113, 14, 2),
('H5', 114, 14, 3),
('H5', 115, 14, 4),
('H5', 116, 14, 5),
('H5', 117, 14, 6),
('H5', 118, 14, 7),
('H5', 119, 14, 8),
('H5', 120, 14, 9),
('H5', 121, 14, 10),
('H5', 122, 14, 11),
('H5', 123, 15, 0),
('H5', 124, 15, 1),
('H5', 125, 15, 2),
('H5', 126, 15, 3),
('H5', 127, 16, 0),
('H5', 128, 16, 1),
('H5', 129, 16, 2),
('H5', 130, 17, 0),
('H5', 131, 17, 1),
('H5', 132, 17, 2),
('H5', 133, 17, 3),
('H5', 134, 17, 4),
('H5', 135, 18, 0),
('H5', 136, 18, 1),
('H5', 137, 18, 2),
('H5', 138, 18, 3),
('H5', 139, 19, 0),
('H5', 140, 19, 1),
('H5', 141, 19, 2),
('H5', 142, 19, 3),
('H5', 143, 19, 4),
('H5', 144, 20, 0),
('H5', 145, 20, 1),
('H5', 146, 20, 2),
('H5', 147, 20, 3),
('H5', 148, 20, 4),
('H5', 149, 20, 5),
('H5', 150, 21, 0),
('H5', 151, 21, 1),
('H5', 152, 21, 2),
('H5', 153, 21, 3),
('H5', 154, 21, 4),
('H5', 155, 21, 5),
('H5', 156, 21, 6),
('H5', 157, 21, 7),
('H5', 158, 21, 8),
('H5', 159, 21, 9),
('H5', 160, 22, 0),
('H5', 161, 22, 1),
('H5', 162, 22, 2),
('H5', 163, 22, 3),
('H5', 164, 22, 4),
('H5', 165, 22, 5),
('H5', 166, 23, 0),
('H5', 167, 23, 1),
('H5', 168, 23, 2),
('H5', 169, 23, 3),
('H5', 170, 24, 0),
('H5', 171, 24, 1),
('H5', 172, 24, 2),
('H5', 173, 25, 0),
('H5', 174, 25, 1),
('H5', 175, 25, 2),
('H5', 176, 25, 3),
('H5', 177, 25, 4),
('H5', 178, 25, 5),
('H5', 179, 26, 0),
('H5', 180, 26, 1),
('H5', 181, 26, 2),
('H5', 182, 27, 0),
('H5', 183, 27, 1),
('H5', 184, 27, 2),
('H5', 185, 27, 3),
('H5', 186, 28, 0),
('H5', 187, 28, 1),
('H5', 188, 28, 2),
('H5', 189, 28, 3),
('H5', 190, 29, 0),
('H5', 191, 29, 1),
('H5', 192, 29, 2),
('H5', 193, 29, 3),
('H5', 194, 30, 0),
('H5', 210, 31, 1),
('H5', 211, 31, 2),
('H5', 212, 31, 3),
('H5', 213, 32, 1),
('H5', 214, 32, 2),
('H5', 215, 32, 3),
('H5', 216, 32, 4),
('H5', 217, 32, 5),
('H5', 218, 32, 6),
('H5', 219, 33, 1),
('H5', 220, 33, 2),
('H5', 221, 33, 3),
('H5', 222, 33, 4),
('H5', 223, 34, 1),
('H5', 224, 34, 2),
('H5', 225, 34, 3),
('H5', 226, 34, 4),
('H5', 227, 34, 5),
('H5', 228, 34, 6),
('H5', 229, 35, 1),
('H5', 230, 35, 2),
('H5', 231, 35, 3),
('H5', 232, 36, 1),
('H5', 233, 36, 2),
('H5', 234, 36, 3),
('H5', 235, 37, 1),
('H5', 236, 37, 2),
('H5', 237, 38, 1),
('H5', 238, 38, 2),
('H5', 239, 38, 3),
('H5', 240, 38, 4),
('H5', 241, 39, 1),
('H5', 242, 39, 2),
('H5', 243, 39, 3),
('H5', 244, 39, 4),
('H5', 245, 40, 1),
('H5', 246, 40, 2),
('H5', 247, 40, 3),
('H5', 248, 40, 4),
('H5', 249, 41, 1),
('H5', 250, 41, 2),
('H5', 251, 41, 3),
('H5', 252, 41, 4),
('H5', 253, 41, 5),
('H5', 254, 41, 6),
('H5', 255, 41, 7),
('H5', 256, 41, 8),
('H5', 257, 41, 9),
('H5', 258, 41, 10),
('H5', 259, 41, 11),
('H5', 260, 42, 1),
('H5', 261, 42, 2),
('H5', 262, 42, 3),
('H5', 263, 42, 4),
('H5', 264, 42, 5),
('H5', 265, 42, 6),
('H5', 266, 42, 7),
('H5', 267, 42, 8),
('H5', 268, 42, 9),
('H5', 269, 43, 1),
('H5', 270, 43, 2),
('H5', 271, 43, 3),
('H5', 272, 43, 4),
('H5', 273, 44, 1),
('H5', 274, 44, 2),
('H5', 275, 44, 3),
('H5', 276, 44, 4),
('H5', 277, 45, 1),
('H5', 278, 45, 2),
('H5', 279, 45, 3),
('H5', 280, 45, 4),
('H5', 281, 45, 5),
('H5', 282, 45, 6),
('H5', 283, 45, 7),
('H5', 284, 45, 8),
('H5', 285, 45, 9),
('H5', 286, 45, 10),
('H5', 287, 45, 11),
('H5', 288, 12, 1),
('H5', 289, 46, 1),
('H5', 290, 46, 2),
('H5', 291, 46, 3),
('H5', 292, 46, 4),
('H5', 293, 46, 5),
('H5', 294, 46, 6),
('H5', 295, 2, 1),
('H5', 296, 47, 1),
('H5', 297, 47, 2),
('H5', 298, 47, 3),
('H5', 299, 48, 1),
('H5', 300, 48, 2),
('H5', 303, 30, 16),
('H5', 304, 30, 17),
('H5', 305, 30, 18),
('H5', 306, 49, 1),
('H5', 307, 49, 2),
('H5', 308, 49, 3),
('H5', 309, 49, 4),
('H5', 311, 49, 6),
('H5', 312, 49, 7),
('H5', 313, 49, 8),
('H5', 314, 50, 1),
('H5', 315, 50, 2),
('H5', 317, 50, 4),
('H5', 319, 50, 6),
('H5', 320, 50, 7),
('H5', 321, 50, 8),
('H5', 322, 30, 1),
('H5', 323, 50, 9),
('H5', 324, 51, 1),
('H5', 325, 51, 2),
('H5', 326, 51, 3),
('H5', 327, 51, 4),
('H5', 328, 52, 1),
('H5', 329, 52, 2),
('H5', 330, 52, 3),
('H5', 331, 52, 4),
('H5', 332, 52, 5),
('H5', 333, 53, 1),
('H5', 334, 53, 2),
('H5', 335, 53, 3),
('H5', 336, 53, 4),
('H5', 337, 53, 5),
('H5', 338, 54, 1),
('H5', 339, 54, 2),
('H5', 340, 54, 3),
('H5', 341, 54, 4),
('H5', 342, 54, 5),
('H5', 343, 54, 6),
('H5', 344, 54, 7),
('H5', 345, 54, 8),
('H5', 346, 54, 9),
('H5', 347, 54, 10),
('H5', 348, 30, 19),
('H5', 349, 55, 1),
('H5', 350, 55, 2),
('H5', 351, 55, 3),
('H5', 352, 55, 4),
('H5', 353, 56, 1),
('H5', 354, 56, 2),
('H5', 355, 56, 3),
('H5', 356, 56, 4),
('H5', 357, 56, 5),
('H5', 358, 56, 6),
('H5', 359, 56, 7),
('H5', 360, 57, 7),
('H5', 361, 57, 6),
('H5', 362, 57, 5),
('H5', 363, 57, 4),
('H5', 364, 57, 3),
('H5', 365, 57, 2),
('H5', 366, 57, 1),
('H5', 367, 58, 1),
('H5', 368, 58, 2),
('H5', 369, 58, 3),
('H5', 370, 59, 1),
('H5', 371, 59, 2),
('H5', 372, 59, 3),
('H5', 373, 59, 4),
('H5', 374, 59, 5),
('H5', 375, 59, 6),
('H5', 376, 59, 7),
('H5', 377, 59, 8),
('H5', 378, 59, 9),
('H5', 379, 59, 10),
('H5', 380, 59, 11),
('H5', 381, 59, 12),
('H5', 382, 59, 13),
('H5', 383, 59, 14),
('H5', 384, 59, 15),
('H5', 385, 59, 16),
('H5', 386, 59, 17),
('H5', 387, 59, 18),
('H5', 388, 59, 19),
('H5', 389, 59, 20),
('H5', 390, 59, 21),
('H5', 391, 59, 22),
('H5', 392, 59, 23),
('H5', 393, 59, 24),
('H5', 394, 59, 25),
('H5', 395, 59, 26),
('H5', 396, 59, 27),
('H5', 397, 59, 28),
('H5', 398, 59, 29),
('H5', 399, 59, 30),
('H5', 400, 59, 31),
('H5', 401, 59, 32),
('H5', 402, 59, 33),
('H5', 403, 59, 34),
('H5', 404, 59, 35),
('H5', 405, 59, 36),
('H5', 406, 59, 37),
('H5', 407, 59, 38),
('H5', 408, 59, 39),
('H5', 409, 59, 40),
('H5', 410, 59, 41),
('H5', 411, 59, 42),
('H5', 412, 59, 43),
('H5', 413, 59, 44),
('H5', 414, 59, 45),
('H5', 415, 59, 46),
('H5', 416, 51, 5),
('H5', 417, 51, 6),
('H5', 418, 51, 7);

-- --------------------------------------------------------

--
-- Table structure for table `vtiger_role2profile`
--

CREATE TABLE `vtiger_role2profile` (
  `roleid` varchar(255) NOT NULL,
  `profileid` int(11) NOT NULL
) ENGINE=InnoDB DEFAULT CHARSET=utf8;

--
-- Dumping data for table `vtiger_role2profile`
--

INSERT INTO `vtiger_role2profile` (`roleid`, `profileid`) VALUES
('H2', 1),
('H3', 2),
('H4', 2),
('H5', 2);

-- --------------------------------------------------------

--
-- Table structure for table `vtiger_role_seq`
--

CREATE TABLE `vtiger_role_seq` (
  `id` int(11) NOT NULL
) ENGINE=InnoDB DEFAULT CHARSET=utf8;

--
-- Dumping data for table `vtiger_role_seq`
--

INSERT INTO `vtiger_role_seq` (`id`) VALUES
(5);

-- --------------------------------------------------------

--
-- Table structure for table `vtiger_rollupcomments_settings`
--

CREATE TABLE `vtiger_rollupcomments_settings` (
  `rollupid` int(19) NOT NULL,
  `userid` int(19) NOT NULL,
  `tabid` int(19) NOT NULL,
  `rollup_status` int(2) NOT NULL DEFAULT '0'
) ENGINE=InnoDB DEFAULT CHARSET=utf8;

-- --------------------------------------------------------

--
-- Table structure for table `vtiger_rowheight`
--

CREATE TABLE `vtiger_rowheight` (
  `rowheightid` int(11) NOT NULL,
  `rowheight` varchar(200) NOT NULL,
  `sortorderid` int(11) DEFAULT NULL,
  `presence` int(11) NOT NULL DEFAULT '1'
) ENGINE=InnoDB DEFAULT CHARSET=utf8;

--
-- Dumping data for table `vtiger_rowheight`
--

INSERT INTO `vtiger_rowheight` (`rowheightid`, `rowheight`, `sortorderid`, `presence`) VALUES
(1, 'wide', 0, 1),
(2, 'medium', 1, 1),
(3, 'narrow', 2, 1);

-- --------------------------------------------------------

--
-- Table structure for table `vtiger_rowheight_seq`
--

CREATE TABLE `vtiger_rowheight_seq` (
  `id` int(11) NOT NULL
) ENGINE=InnoDB DEFAULT CHARSET=utf8;

--
-- Dumping data for table `vtiger_rowheight_seq`
--

INSERT INTO `vtiger_rowheight_seq` (`id`) VALUES
(3);

-- --------------------------------------------------------

--
-- Table structure for table `vtiger_rss`
--

CREATE TABLE `vtiger_rss` (
  `rssid` int(19) NOT NULL,
  `rssurl` varchar(200) NOT NULL DEFAULT '',
  `rsstitle` varchar(200) DEFAULT NULL,
  `rsstype` int(10) DEFAULT '0',
  `starred` int(1) DEFAULT '0'
) ENGINE=InnoDB DEFAULT CHARSET=utf8;

-- --------------------------------------------------------

--
-- Table structure for table `vtiger_salesmanactivityrel`
--

CREATE TABLE `vtiger_salesmanactivityrel` (
  `smid` int(19) NOT NULL DEFAULT '0',
  `activityid` int(19) NOT NULL DEFAULT '0'
) ENGINE=InnoDB DEFAULT CHARSET=utf8;

-- --------------------------------------------------------

--
-- Table structure for table `vtiger_salesmanattachmentsrel`
--

CREATE TABLE `vtiger_salesmanattachmentsrel` (
  `smid` int(19) NOT NULL DEFAULT '0',
  `attachmentsid` int(19) NOT NULL DEFAULT '0'
) ENGINE=InnoDB DEFAULT CHARSET=utf8;

-- --------------------------------------------------------

--
-- Table structure for table `vtiger_salesmanticketrel`
--

CREATE TABLE `vtiger_salesmanticketrel` (
  `smid` int(19) NOT NULL DEFAULT '0',
  `id` int(19) NOT NULL DEFAULT '0'
) ENGINE=InnoDB DEFAULT CHARSET=utf8;

-- --------------------------------------------------------

--
-- Table structure for table `vtiger_salesorder`
--

CREATE TABLE `vtiger_salesorder` (
  `salesorderid` int(19) NOT NULL DEFAULT '0',
  `subject` varchar(100) DEFAULT NULL,
  `potentialid` int(19) DEFAULT NULL,
  `customerno` varchar(100) DEFAULT NULL,
  `salesorder_no` varchar(100) DEFAULT NULL,
  `quoteid` int(19) DEFAULT NULL,
  `vendorterms` varchar(100) DEFAULT NULL,
  `contactid` int(19) DEFAULT NULL,
  `vendorid` int(19) DEFAULT NULL,
  `duedate` date DEFAULT NULL,
  `carrier` varchar(200) DEFAULT NULL,
  `pending` varchar(200) DEFAULT NULL,
  `type` varchar(100) DEFAULT NULL,
  `adjustment` decimal(25,8) DEFAULT NULL,
  `salescommission` decimal(25,3) DEFAULT NULL,
  `exciseduty` decimal(25,3) DEFAULT NULL,
  `total` decimal(25,8) DEFAULT NULL,
  `subtotal` decimal(25,8) DEFAULT NULL,
  `taxtype` varchar(25) DEFAULT NULL,
  `discount_percent` decimal(25,3) DEFAULT NULL,
  `discount_amount` decimal(25,8) DEFAULT NULL,
  `s_h_amount` decimal(25,8) DEFAULT NULL,
  `accountid` int(19) DEFAULT NULL,
  `terms_conditions` text,
  `purchaseorder` varchar(200) DEFAULT NULL,
  `sostatus` varchar(200) DEFAULT NULL,
  `currency_id` int(19) NOT NULL DEFAULT '1',
  `conversion_rate` decimal(10,3) NOT NULL DEFAULT '1.000',
  `enable_recurring` int(11) DEFAULT '0',
  `compound_taxes_info` text,
  `pre_tax_total` decimal(25,8) DEFAULT NULL,
  `s_h_percent` int(11) DEFAULT NULL,
  `tags` varchar(1) DEFAULT NULL,
  `region_id` int(19) DEFAULT NULL
) ENGINE=InnoDB DEFAULT CHARSET=utf8;

--
-- Dumping data for table `vtiger_salesorder`
--

INSERT INTO `vtiger_salesorder` (`salesorderid`, `subject`, `potentialid`, `customerno`, `salesorder_no`, `quoteid`, `vendorterms`, `contactid`, `vendorid`, `duedate`, `carrier`, `pending`, `type`, `adjustment`, `salescommission`, `exciseduty`, `total`, `subtotal`, `taxtype`, `discount_percent`, `discount_amount`, `s_h_amount`, `accountid`, `terms_conditions`, `purchaseorder`, `sostatus`, `currency_id`, `conversion_rate`, `enable_recurring`, `compound_taxes_info`, `pre_tax_total`, `s_h_percent`, `tags`, `region_id`) VALUES
(7, 'Demo test at sales', 0, '', 'SO1', 0, NULL, 2239, NULL, NULL, 'FedEx', '', NULL, '0.00000000', '50.000', '20.000', '508.00000000', '400.00000000', 'group', NULL, NULL, '0.00000000', 6, '- Unless otherwise agreed in writing by the supplier all invoices are payable within thirty (30) days of the date of invoice, in the currency of the invoice, drawn on a bank based in India or by such other method as is agreed in advance by the Supplier.\n\n - All prices are not inclusive of VAT which shall be payable in addition by the Customer at the applicable rate.', '', 'Created', 1, '1.000', 0, '[]', '400.00000000', 0, '', 0),
(2244, 'Demo', 0, '', 'SO2', 0, NULL, 2237, NULL, NULL, 'FedEx', '', NULL, '0.00000000', '50.000', '20.000', '0.00000000', '0.00000000', 'group', NULL, NULL, '0.00000000', 6, '- Unless otherwise agreed in writing by the supplier all invoices are payable within thirty (30) days of the date of invoice, in the currency of the invoice, drawn on a bank based in India or by such other method as is agreed in advance by the Supplier.\n\n - All prices are not inclusive of VAT which shall be payable in addition by the Customer at the applicable rate.', '', 'Created', 1, '1.000', 0, '[]', '0.00000000', 0, '', 0),
(2450, 'jhuns Test', 0, '', 'SO3', 0, NULL, 2239, NULL, NULL, 'FedEx', '', NULL, '0.00000000', '50.000', '20.000', '0.00000000', '0.00000000', 'group', NULL, NULL, '0.00000000', 6, '- Unless otherwise agreed in writing by the supplier all invoices are payable within thirty (30) days of the date of invoice, in the currency of the invoice, drawn on a bank based in India or by such other method as is agreed in advance by the Supplier.\n\n - All prices are not inclusive of VAT which shall be payable in addition by the Customer at the applicable rate.', '', 'Created', 1, '1.000', 0, '[]', '0.00000000', 0, '', 0),
(2451, 'Sales order test', 0, '', 'SO4', 0, NULL, 2239, NULL, NULL, 'FedEx', '', NULL, '0.00000000', '50.000', '20.000', '52070.00000000', '41000.00000000', 'group', NULL, NULL, '0.00000000', 6, '- Unless otherwise agreed in writing by the supplier all invoices are payable within thirty (30) days of the date of invoice, in the currency of the invoice, drawn on a bank based in India or by such other method as is agreed in advance by the Supplier.\n\n - All prices are not inclusive of VAT which shall be payable in addition by the Customer at the applicable rate.', '', 'Created', 1, '1.000', 0, '[]', '41000.00000000', 0, '', 0),
(2452, 'Test SIF', 0, '', 'SO5', 0, NULL, 2239, NULL, '2019-07-30', 'FedEx', '12', NULL, '0.00000000', '50.000', '20.000', '0.00000000', '0.00000000', 'individual', NULL, NULL, '0.00000000', 6, '- Unless otherwise agreed in writing by the supplier all invoices are payable within thirty (30) days of the date of invoice, in the currency of the invoice, drawn on a bank based in India or by such other method as is agreed in advance by the Supplier.\n\n - All prices are not inclusive of VAT which shall be payable in addition by the Customer at the applicable rate.', '', 'Approved', 1, '1.000', 0, '[]', '0.00000000', 0, '', 0),
(2460, 'Test SIF', 0, '', 'SO6', 0, NULL, 2239, NULL, '2019-07-30', 'FedEx', '12', NULL, '0.00000000', '50.000', '20.000', '0.00000000', '0.00000000', 'individual', NULL, NULL, '0.00000000', 6, '- Unless otherwise agreed in writing by the supplier all invoices are payable within thirty (30) days of the date of invoice, in the currency of the invoice, drawn on a bank based in India or by such other method as is agreed in advance by the Supplier.\n\n - All prices are not inclusive of VAT which shall be payable in addition by the Customer at the applicable rate.', '', 'Approved', 1, '1.000', 0, '[]', '0.00000000', 0, '', 0),
(2461, 'Sif test admin', 0, '', 'SO7', 0, NULL, 2239, NULL, NULL, 'FedEx', '', NULL, '0.00000000', '50.000', '20.000', '52070.00000000', '41000.00000000', 'group', NULL, NULL, '0.00000000', 6, '- Unless otherwise agreed in writing by the supplier all invoices are payable within thirty (30) days of the date of invoice, in the currency of the invoice, drawn on a bank based in India or by such other method as is agreed in advance by the Supplier.\n\n - All prices are not inclusive of VAT which shall be payable in addition by the Customer at the applicable rate.', '', 'Created', 1, '1.000', 0, '[]', '41000.00000000', 0, '', 0);

-- --------------------------------------------------------

--
-- Table structure for table `vtiger_salesordercf`
--

CREATE TABLE `vtiger_salesordercf` (
  `salesorderid` int(19) NOT NULL DEFAULT '0'
) ENGINE=InnoDB DEFAULT CHARSET=utf8;

--
-- Dumping data for table `vtiger_salesordercf`
--

INSERT INTO `vtiger_salesordercf` (`salesorderid`) VALUES
(7),
(2244),
(2450),
(2451),
(2452),
(2460),
(2461);

-- --------------------------------------------------------

--
-- Table structure for table `vtiger_sales_stage`
--

CREATE TABLE `vtiger_sales_stage` (
  `sales_stage_id` int(19) NOT NULL,
  `sales_stage` varchar(200) DEFAULT NULL,
  `presence` int(1) NOT NULL DEFAULT '1',
  `picklist_valueid` int(19) NOT NULL DEFAULT '0',
  `sortorderid` int(11) DEFAULT NULL,
  `color` varchar(10) DEFAULT NULL
) ENGINE=InnoDB DEFAULT CHARSET=utf8;

--
-- Dumping data for table `vtiger_sales_stage`
--

INSERT INTO `vtiger_sales_stage` (`sales_stage_id`, `sales_stage`, `presence`, `picklist_valueid`, `sortorderid`, `color`) VALUES
(1, 'Prospecting', 1, 150, 0, NULL),
(2, 'Qualification', 1, 151, 1, NULL),
(3, 'Needs Analysis', 1, 152, 2, NULL),
(4, 'Value Proposition', 1, 153, 3, NULL),
(5, 'Id. Decision Makers', 1, 154, 4, NULL),
(6, 'Perception Analysis', 1, 155, 5, NULL),
(7, 'Proposal or Price Quote', 1, 156, 6, NULL),
(8, 'Negotiation or Review', 1, 157, 7, NULL),
(9, 'Closed Won', 0, 158, 8, NULL),
(10, 'Closed Lost', 0, 159, 9, NULL);

-- --------------------------------------------------------

--
-- Table structure for table `vtiger_sales_stage_seq`
--

CREATE TABLE `vtiger_sales_stage_seq` (
  `id` int(11) NOT NULL
) ENGINE=InnoDB DEFAULT CHARSET=utf8;

--
-- Dumping data for table `vtiger_sales_stage_seq`
--

INSERT INTO `vtiger_sales_stage_seq` (`id`) VALUES
(10);

-- --------------------------------------------------------

--
-- Table structure for table `vtiger_salutationtype`
--

CREATE TABLE `vtiger_salutationtype` (
  `salutationid` int(19) NOT NULL,
  `salutationtype` varchar(200) NOT NULL,
  `presence` int(1) NOT NULL DEFAULT '1',
  `picklist_valueid` int(19) NOT NULL DEFAULT '0',
  `sortorderid` int(11) DEFAULT NULL,
  `color` varchar(10) DEFAULT NULL
) ENGINE=InnoDB DEFAULT CHARSET=utf8;

--
-- Dumping data for table `vtiger_salutationtype`
--

INSERT INTO `vtiger_salutationtype` (`salutationid`, `salutationtype`, `presence`, `picklist_valueid`, `sortorderid`, `color`) VALUES
(2, 'Mr.', 1, 161, 1, NULL),
(3, 'Ms.', 1, 162, 2, NULL),
(4, 'Mrs.', 1, 163, 3, NULL),
(5, 'Dr.', 1, 164, 4, NULL),
(6, 'Prof.', 1, 165, 5, NULL);

-- --------------------------------------------------------

--
-- Table structure for table `vtiger_salutationtype_seq`
--

CREATE TABLE `vtiger_salutationtype_seq` (
  `id` int(11) NOT NULL
) ENGINE=InnoDB DEFAULT CHARSET=utf8;

--
-- Dumping data for table `vtiger_salutationtype_seq`
--

INSERT INTO `vtiger_salutationtype_seq` (`id`) VALUES
(6);

-- --------------------------------------------------------

--
-- Table structure for table `vtiger_scheduled_reports`
--

CREATE TABLE `vtiger_scheduled_reports` (
  `reportid` int(11) NOT NULL,
  `recipients` text,
  `schedule` text,
  `format` varchar(10) DEFAULT NULL,
  `next_trigger_time` timestamp NOT NULL DEFAULT CURRENT_TIMESTAMP ON UPDATE CURRENT_TIMESTAMP
) ENGINE=InnoDB DEFAULT CHARSET=utf8;

-- --------------------------------------------------------

--
-- Table structure for table `vtiger_schedulereports`
--

CREATE TABLE `vtiger_schedulereports` (
  `reportid` int(10) DEFAULT NULL,
  `scheduleid` int(3) DEFAULT NULL,
  `recipients` text,
  `schdate` varchar(20) DEFAULT NULL,
  `schtime` time DEFAULT NULL,
  `schdayoftheweek` varchar(100) DEFAULT NULL,
  `schdayofthemonth` varchar(100) DEFAULT NULL,
  `schannualdates` varchar(500) DEFAULT NULL,
  `specificemails` varchar(500) DEFAULT NULL,
  `next_trigger_time` timestamp NOT NULL DEFAULT CURRENT_TIMESTAMP,
  `fileformat` varchar(10) DEFAULT 'CSV'
) ENGINE=InnoDB DEFAULT CHARSET=utf8;

-- --------------------------------------------------------

--
-- Table structure for table `vtiger_seactivityrel`
--

CREATE TABLE `vtiger_seactivityrel` (
  `crmid` int(19) NOT NULL,
  `activityid` int(19) NOT NULL
) ENGINE=InnoDB DEFAULT CHARSET=utf8;

-- --------------------------------------------------------

--
-- Table structure for table `vtiger_seactivityrel_seq`
--

CREATE TABLE `vtiger_seactivityrel_seq` (
  `id` int(11) NOT NULL
) ENGINE=InnoDB DEFAULT CHARSET=utf8;

--
-- Dumping data for table `vtiger_seactivityrel_seq`
--

INSERT INTO `vtiger_seactivityrel_seq` (`id`) VALUES
(1);

-- --------------------------------------------------------

--
-- Table structure for table `vtiger_seattachmentsrel`
--

CREATE TABLE `vtiger_seattachmentsrel` (
  `crmid` int(19) NOT NULL DEFAULT '0',
  `attachmentsid` int(19) NOT NULL DEFAULT '0'
) ENGINE=InnoDB DEFAULT CHARSET=utf8;

-- --------------------------------------------------------

--
-- Table structure for table `vtiger_selectcolumn`
--

CREATE TABLE `vtiger_selectcolumn` (
  `queryid` int(19) NOT NULL,
  `columnindex` int(11) NOT NULL DEFAULT '0',
  `columnname` varchar(250) DEFAULT ''
) ENGINE=InnoDB DEFAULT CHARSET=utf8;

--
-- Dumping data for table `vtiger_selectcolumn`
--

INSERT INTO `vtiger_selectcolumn` (`queryid`, `columnindex`, `columnname`) VALUES
(1, 0, 'vtiger_contactdetails:firstname:Contacts_First_Name:firstname:V'),
(1, 1, 'vtiger_contactdetails:lastname:Contacts_Last_Name:lastname:V'),
(1, 2, 'vtiger_contactsubdetails:leadsource:Contacts_Lead_Source:leadsource:V'),
(1, 3, 'vtiger_contactdetails:accountid:Contacts_Account_Name:account_id:V'),
(1, 4, 'vtiger_account:industry:Accounts_industry:industry:V'),
(1, 5, 'vtiger_contactdetails:email:Contacts_Email:email:E'),
(2, 0, 'vtiger_contactdetails:firstname:Contacts_First_Name:firstname:V'),
(2, 1, 'vtiger_contactdetails:lastname:Contacts_Last_Name:lastname:V'),
(2, 2, 'vtiger_contactsubdetails:leadsource:Contacts_Lead_Source:leadsource:V'),
(2, 3, 'vtiger_contactdetails:accountid:Contacts_Account_Name:account_id:V'),
(2, 4, 'vtiger_account:industry:Accounts_industry:industry:V'),
(2, 5, 'vtiger_contactdetails:email:Contacts_Email:email:E'),
(3, 0, 'vtiger_contactdetails:firstname:Contacts_First_Name:firstname:V'),
(3, 1, 'vtiger_contactdetails:lastname:Contacts_Last_Name:lastname:V'),
(3, 2, 'vtiger_contactdetails:accountid:Contacts_Account_Name:account_id:V'),
(3, 3, 'vtiger_contactdetails:email:Contacts_Email:email:E'),
(3, 4, 'vtiger_potential:potentialname:Potentials_Potential_Name:potentialname:V'),
(3, 5, 'vtiger_potential:sales_stage:Potentials_Sales_Stage:sales_stage:V'),
(4, 0, 'vtiger_leaddetails:firstname:Leads_First_Name:firstname:V'),
(4, 1, 'vtiger_leaddetails:lastname:Leads_Last_Name:lastname:V'),
(4, 2, 'vtiger_leaddetails:company:Leads_Company:company:V'),
(4, 3, 'vtiger_leaddetails:email:Leads_Email:email:E'),
(4, 4, 'vtiger_leaddetails:leadsource:Leads_Lead_Source:leadsource:V'),
(5, 0, 'vtiger_leaddetails:firstname:Leads_First_Name:firstname:V'),
(5, 1, 'vtiger_leaddetails:lastname:Leads_Last_Name:lastname:V'),
(5, 2, 'vtiger_leaddetails:company:Leads_Company:company:V'),
(5, 3, 'vtiger_leaddetails:email:Leads_Email:email:E'),
(5, 4, 'vtiger_leaddetails:leadsource:Leads_Lead_Source:leadsource:V'),
(5, 5, 'vtiger_leaddetails:leadstatus:Leads_Lead_Status:leadstatus:V'),
(6, 0, 'vtiger_potential:potentialname:Potentials_Potential_Name:potentialname:V'),
(6, 1, 'vtiger_potential:amount:Potentials_Amount:amount:N'),
(6, 2, 'vtiger_potential:potentialtype:Potentials_Type:opportunity_type:V'),
(6, 3, 'vtiger_potential:leadsource:Potentials_Lead_Source:leadsource:V'),
(6, 4, 'vtiger_potential:sales_stage:Potentials_Sales_Stage:sales_stage:V'),
(7, 0, 'vtiger_potential:potentialname:Potentials_Potential_Name:potentialname:V'),
(7, 1, 'vtiger_potential:amount:Potentials_Amount:amount:N'),
(7, 2, 'vtiger_potential:potentialtype:Potentials_Type:opportunity_type:V'),
(7, 3, 'vtiger_potential:leadsource:Potentials_Lead_Source:leadsource:V'),
(7, 4, 'vtiger_potential:sales_stage:Potentials_Sales_Stage:sales_stage:V'),
(8, 0, 'vtiger_activity:subject:Calendar_Subject:subject:V'),
(8, 1, 'vtiger_contactdetailsCalendar:lastname:Calendar_Contact_Name:contact_id:I'),
(8, 2, 'vtiger_activity:status:Calendar_Status:taskstatus:V'),
(8, 3, 'vtiger_activity:priority:Calendar_Priority:taskpriority:V'),
(8, 4, 'vtiger_usersCalendar:user_name:Calendar_Assigned_To:assigned_user_id:V'),
(9, 0, 'vtiger_activity:subject:Calendar_Subject:subject:V'),
(9, 1, 'vtiger_contactdetailsCalendar:lastname:Calendar_Contact_Name:contact_id:I'),
(9, 2, 'vtiger_activity:status:Calendar_Status:taskstatus:V'),
(9, 3, 'vtiger_activity:priority:Calendar_Priority:taskpriority:V'),
(9, 4, 'vtiger_usersCalendar:user_name:Calendar_Assigned_To:assigned_user_id:V'),
(10, 0, 'vtiger_troubletickets:title:HelpDesk_Title:ticket_title:V'),
(10, 1, 'vtiger_troubletickets:status:HelpDesk_Status:ticketstatus:V'),
(10, 2, 'vtiger_products:productname:Products_Product_Name:productname:V'),
(10, 3, 'vtiger_products:discontinued:Products_Product_Active:discontinued:V'),
(10, 4, 'vtiger_products:productcategory:Products_Product_Category:productcategory:V'),
(10, 5, 'vtiger_products:manufacturer:Products_Manufacturer:manufacturer:V'),
(11, 0, 'vtiger_troubletickets:title:HelpDesk_Title:ticket_title:V'),
(11, 1, 'vtiger_troubletickets:priority:HelpDesk_Priority:ticketpriorities:V'),
(11, 2, 'vtiger_troubletickets:severity:HelpDesk_Severity:ticketseverities:V'),
(11, 3, 'vtiger_troubletickets:status:HelpDesk_Status:ticketstatus:V'),
(11, 4, 'vtiger_troubletickets:category:HelpDesk_Category:ticketcategories:V'),
(11, 5, 'vtiger_usersHelpDesk:user_name:HelpDesk_Assigned_To:assigned_user_id:V'),
(12, 0, 'vtiger_troubletickets:title:HelpDesk_Title:ticket_title:V'),
(12, 1, 'vtiger_troubletickets:priority:HelpDesk_Priority:ticketpriorities:V'),
(12, 2, 'vtiger_troubletickets:severity:HelpDesk_Severity:ticketseverities:V'),
(12, 3, 'vtiger_troubletickets:status:HelpDesk_Status:ticketstatus:V'),
(12, 4, 'vtiger_troubletickets:category:HelpDesk_Category:ticketcategories:V'),
(12, 5, 'vtiger_usersHelpDesk:user_name:HelpDesk_Assigned_To:assigned_user_id:V'),
(13, 0, 'vtiger_products:productname:Products_Product_Name:productname:V'),
(13, 1, 'vtiger_products:productcode:Products_Product_Code:productcode:V'),
(13, 2, 'vtiger_products:discontinued:Products_Product_Active:discontinued:V'),
(13, 3, 'vtiger_products:productcategory:Products_Product_Category:productcategory:V'),
(13, 4, 'vtiger_products:website:Products_Website:website:V'),
(13, 5, 'vtiger_vendorRelProducts:vendorname:Products_Vendor_Name:vendor_id:I'),
(13, 6, 'vtiger_products:mfr_part_no:Products_Mfr_PartNo:mfr_part_no:V'),
(14, 0, 'vtiger_products:productname:Products_Product_Name:productname:V'),
(14, 1, 'vtiger_products:manufacturer:Products_Manufacturer:manufacturer:V'),
(14, 2, 'vtiger_products:productcategory:Products_Product_Category:productcategory:V'),
(14, 3, 'vtiger_contactdetails:firstname:Contacts_First_Name:firstname:V'),
(14, 4, 'vtiger_contactdetails:lastname:Contacts_Last_Name:lastname:V'),
(14, 5, 'vtiger_contactsubdetails:leadsource:Contacts_Lead_Source:leadsource:V'),
(15, 0, 'vtiger_quotes:subject:Quotes_Subject:subject:V'),
(15, 1, 'vtiger_potentialRelQuotes:potentialname:Quotes_Potential_Name:potential_id:I'),
(15, 2, 'vtiger_quotes:quotestage:Quotes_Quote_Stage:quotestage:V'),
(15, 3, 'vtiger_quotes:contactid:Quotes_Contact_Name:contact_id:V'),
(15, 4, 'vtiger_usersRel1:user_name:Quotes_Inventory_Manager:assigned_user_id1:I'),
(15, 5, 'vtiger_accountQuotes:accountname:Quotes_Account_Name:account_id:I'),
(16, 0, 'vtiger_quotes:subject:Quotes_Subject:subject:V'),
(16, 1, 'vtiger_potentialRelQuotes:potentialname:Quotes_Potential_Name:potential_id:I'),
(16, 2, 'vtiger_quotes:quotestage:Quotes_Quote_Stage:quotestage:V'),
(16, 3, 'vtiger_quotes:contactid:Quotes_Contact_Name:contact_id:V'),
(16, 4, 'vtiger_usersRel1:user_name:Quotes_Inventory_Manager:assigned_user_id1:I'),
(16, 5, 'vtiger_accountQuotes:accountname:Quotes_Account_Name:account_id:I'),
(16, 6, 'vtiger_quotes:carrier:Quotes_Carrier:carrier:V'),
(16, 7, 'vtiger_quotes:shipping:Quotes_Shipping:shipping:V'),
(17, 0, 'vtiger_purchaseorder:subject:PurchaseOrder_Subject:subject:V'),
(17, 1, 'vtiger_vendorRelPurchaseOrder:vendorname:PurchaseOrder_Vendor_Name:vendor_id:I'),
(17, 2, 'vtiger_purchaseorder:tracking_no:PurchaseOrder_Tracking_Number:tracking_no:V'),
(17, 3, 'vtiger_contactdetails:firstname:Contacts_First_Name:firstname:V'),
(17, 4, 'vtiger_contactdetails:lastname:Contacts_Last_Name:lastname:V'),
(17, 5, 'vtiger_contactsubdetails:leadsource:Contacts_Lead_Source:leadsource:V'),
(17, 6, 'vtiger_contactdetails:email:Contacts_Email:email:E'),
(18, 0, 'vtiger_purchaseorder:subject:PurchaseOrder_Subject:subject:V'),
(18, 1, 'vtiger_vendorRelPurchaseOrder:vendorname:PurchaseOrder_Vendor_Name:vendor_id:I'),
(18, 2, 'vtiger_purchaseorder:requisition_no:PurchaseOrder_Requisition_No:requisition_no:V'),
(18, 3, 'vtiger_purchaseorder:tracking_no:PurchaseOrder_Tracking_Number:tracking_no:V'),
(18, 4, 'vtiger_contactdetailsPurchaseOrder:lastname:PurchaseOrder_Contact_Name:contact_id:I'),
(18, 5, 'vtiger_purchaseorder:carrier:PurchaseOrder_Carrier:carrier:V'),
(18, 6, 'vtiger_purchaseorder:salescommission:PurchaseOrder_Sales_Commission:salescommission:N'),
(18, 7, 'vtiger_purchaseorder:exciseduty:PurchaseOrder_Excise_Duty:exciseduty:N'),
(18, 8, 'vtiger_usersPurchaseOrder:user_name:PurchaseOrder_Assigned_To:assigned_user_id:V'),
(19, 0, 'vtiger_invoice:subject:Invoice_Subject:subject:V'),
(19, 1, 'vtiger_invoice:salesorderid:Invoice_Sales_Order:salesorder_id:I'),
(19, 2, 'vtiger_invoice:customerno:Invoice_Customer_No:customerno:V'),
(19, 3, 'vtiger_invoice:exciseduty:Invoice_Excise_Duty:exciseduty:N'),
(19, 4, 'vtiger_invoice:salescommission:Invoice_Sales_Commission:salescommission:N'),
(19, 5, 'vtiger_accountInvoice:accountname:Invoice_Account_Name:account_id:I'),
(20, 0, 'vtiger_salesorder:subject:SalesOrder_Subject:subject:V'),
(20, 1, 'vtiger_quotesSalesOrder:subject:SalesOrder_Quote_Name:quote_id:I'),
(20, 2, 'vtiger_contactdetailsSalesOrder:lastname:SalesOrder_Contact_Name:contact_id:I'),
(20, 3, 'vtiger_salesorder:duedate:SalesOrder_Due_Date:duedate:D'),
(20, 4, 'vtiger_salesorder:carrier:SalesOrder_Carrier:carrier:V'),
(20, 5, 'vtiger_salesorder:sostatus:SalesOrder_Status:sostatus:V'),
(20, 6, 'vtiger_accountSalesOrder:accountname:SalesOrder_Account_Name:account_id:I'),
(20, 7, 'vtiger_salesorder:salescommission:SalesOrder_Sales_Commission:salescommission:N'),
(20, 8, 'vtiger_salesorder:exciseduty:SalesOrder_Excise_Duty:exciseduty:N'),
(20, 9, 'vtiger_usersSalesOrder:user_name:SalesOrder_Assigned_To:assigned_user_id:V'),
(21, 0, 'vtiger_campaign:campaignname:Campaigns_Campaign_Name:campaignname:V'),
(21, 1, 'vtiger_campaign:campaigntype:Campaigns_Campaign_Type:campaigntype:V'),
(21, 2, 'vtiger_campaign:targetaudience:Campaigns_Target_Audience:targetaudience:V'),
(21, 3, 'vtiger_campaign:budgetcost:Campaigns_Budget_Cost:budgetcost:I'),
(21, 4, 'vtiger_campaign:actualcost:Campaigns_Actual_Cost:actualcost:I'),
(21, 5, 'vtiger_campaign:expectedrevenue:Campaigns_Expected_Revenue:expectedrevenue:I'),
(21, 6, 'vtiger_campaign:expectedsalescount:Campaigns_Expected_Sales_Count:expectedsalescount:N'),
(21, 7, 'vtiger_campaign:actualsalescount:Campaigns_Actual_Sales_Count:actualsalescount:N'),
(21, 8, 'vtiger_usersCampaigns:user_name:Campaigns_Assigned_To:assigned_user_id:V'),
(22, 0, 'vtiger_contactdetails:lastname:Contacts_Last_Name:lastname:V'),
(22, 1, 'vtiger_contactdetails:email:Contacts_Email:email:E'),
(22, 2, 'vtiger_activity:subject:Emails_Subject:subject:V'),
(22, 3, 'vtiger_email_track:access_count:Emails_Access_Count:access_count:V'),
(23, 0, 'vtiger_account:accountname:Accounts_Account_Name:accountname:V'),
(23, 1, 'vtiger_account:phone:Accounts_Phone:phone:V'),
(23, 2, 'vtiger_account:email1:Accounts_Email:email1:E'),
(23, 3, 'vtiger_activity:subject:Emails_Subject:subject:V'),
(23, 4, 'vtiger_email_track:access_count:Emails_Access_Count:access_count:V'),
(24, 0, 'vtiger_leaddetails:lastname:Leads_Last_Name:lastname:V'),
(24, 1, 'vtiger_leaddetails:company:Leads_Company:company:V'),
(24, 2, 'vtiger_leaddetails:email:Leads_Email:email:E'),
(24, 3, 'vtiger_activity:subject:Emails_Subject:subject:V'),
(24, 4, 'vtiger_email_track:access_count:Emails_Access_Count:access_count:V'),
(25, 0, 'vtiger_vendor:vendorname:Vendors_Vendor_Name:vendorname:V'),
(25, 1, 'vtiger_vendor:glacct:Vendors_GL_Account:glacct:V'),
(25, 2, 'vtiger_vendor:email:Vendors_Email:email:E'),
(25, 3, 'vtiger_activity:subject:Emails_Subject:subject:V'),
(25, 4, 'vtiger_email_track:access_count:Emails_Access_Count:access_count:V'),
(27, 0, 'vtiger_products:productname:Products_Product_Name:productname:V'),
(27, 1, 'vtiger_products:product_no:Products_Product_No:product_no:V'),
(27, 2, 'vtiger_products:discontinued:Products_Product_Active:discontinued:C'),
(27, 3, 'vtiger_products:productcode:Products_Item_Code:productcode:V'),
(28, 0, 'vtiger_batch:batch_name:Batch_Batch_Name:batch_name:V'),
(28, 1, 'vtiger_batch:batch_date:Batch_Date:batch_date:D'),
(28, 2, 'vtiger_usersBatchInventory:user_name:BatchInventory_Assigned_To:assigned_user_id:V'),
(28, 3, 'vtiger_movementrel:select_frm:BatchInventory_Select_From:select_frm:V'),
(28, 4, 'vtiger_movementrel:quantity:BatchInventory_Quantity:quantity:N');

-- --------------------------------------------------------

--
-- Table structure for table `vtiger_selectquery`
--

CREATE TABLE `vtiger_selectquery` (
  `queryid` int(19) NOT NULL,
  `startindex` int(19) DEFAULT '0',
  `numofobjects` int(19) DEFAULT '0'
) ENGINE=InnoDB DEFAULT CHARSET=utf8;

--
-- Dumping data for table `vtiger_selectquery`
--

INSERT INTO `vtiger_selectquery` (`queryid`, `startindex`, `numofobjects`) VALUES
(1, 0, 0),
(2, 0, 0),
(3, 0, 0),
(4, 0, 0),
(5, 0, 0),
(6, 0, 0),
(7, 0, 0),
(8, 0, 0),
(9, 0, 0),
(10, 0, 0),
(11, 0, 0),
(12, 0, 0),
(13, 0, 0),
(14, 0, 0),
(15, 0, 0),
(16, 0, 0),
(17, 0, 0),
(18, 0, 0),
(19, 0, 0),
(20, 0, 0),
(21, 0, 0),
(22, 0, 0),
(23, 0, 0),
(24, 0, 0),
(25, 0, 0),
(27, 0, 0),
(28, 0, 0);

-- --------------------------------------------------------

--
-- Table structure for table `vtiger_selectquery_seq`
--

CREATE TABLE `vtiger_selectquery_seq` (
  `id` int(11) NOT NULL
) ENGINE=InnoDB DEFAULT CHARSET=utf8;

--
-- Dumping data for table `vtiger_selectquery_seq`
--

INSERT INTO `vtiger_selectquery_seq` (`id`) VALUES
(28);

-- --------------------------------------------------------

--
-- Table structure for table `vtiger_select_frm`
--

CREATE TABLE `vtiger_select_frm` (
  `select_frmid` int(11) NOT NULL,
  `select_frm` varchar(200) NOT NULL,
  `presence` int(1) NOT NULL DEFAULT '1',
  `picklist_valueid` int(11) NOT NULL DEFAULT '0',
  `sortorderid` int(11) DEFAULT '0',
  `color` varchar(10) DEFAULT NULL
) ENGINE=InnoDB DEFAULT CHARSET=utf8;

--
-- Dumping data for table `vtiger_select_frm`
--

INSERT INTO `vtiger_select_frm` (`select_frmid`, `select_frm`, `presence`, `picklist_valueid`, `sortorderid`, `color`) VALUES
(1, 'InHand', 1, 366, 1, '#ffffff'),
(2, 'Molding', 1, 365, 2, '#ffffff'),
(3, 'Shot blasting', 1, 364, 3, '#ffffff'),
(4, 'Fettling Grinding', 1, 363, 4, '#ffffff'),
(5, 'Painting', 1, 362, 5, '#ffffff'),
(6, 'Crating', 1, 361, 6, '#ffffff'),
(7, 'Warehouse', 1, 360, 7, '#ffffff');

-- --------------------------------------------------------

--
-- Table structure for table `vtiger_select_to`
--

CREATE TABLE `vtiger_select_to` (
  `select_toid` int(11) NOT NULL,
  `select_to` varchar(200) NOT NULL,
  `presence` int(1) NOT NULL DEFAULT '1',
  `picklist_valueid` int(11) NOT NULL DEFAULT '0',
  `sortorderid` int(11) DEFAULT '0',
  `color` varchar(10) DEFAULT NULL
) ENGINE=InnoDB DEFAULT CHARSET=utf8;

--
-- Dumping data for table `vtiger_select_to`
--

INSERT INTO `vtiger_select_to` (`select_toid`, `select_to`, `presence`, `picklist_valueid`, `sortorderid`, `color`) VALUES
(1, 'InHand', 1, 353, 1, '#ffffff'),
(2, 'Molding', 1, 354, 2, '#ffffff'),
(3, 'Shot blasting', 1, 355, 3, '#ffffff'),
(4, 'Fettling Grinding', 1, 356, 4, '#ffffff'),
(5, 'Painting', 1, 357, 5, '#ffffff'),
(6, 'Crating', 1, 358, 6, '#ffffff'),
(7, 'Warehouse', 1, 359, 7, '#ffffff');

-- --------------------------------------------------------

--
-- Table structure for table `vtiger_senotesrel`
--

CREATE TABLE `vtiger_senotesrel` (
  `crmid` int(19) NOT NULL DEFAULT '0',
  `notesid` int(19) NOT NULL DEFAULT '0'
) ENGINE=InnoDB DEFAULT CHARSET=utf8;

-- --------------------------------------------------------

--
-- Table structure for table `vtiger_seproductsrel`
--

CREATE TABLE `vtiger_seproductsrel` (
  `crmid` int(19) NOT NULL DEFAULT '0',
  `productid` int(19) NOT NULL DEFAULT '0',
  `setype` varchar(30) NOT NULL,
  `quantity` int(19) DEFAULT '1'
) ENGINE=InnoDB DEFAULT CHARSET=utf8;

-- --------------------------------------------------------

--
-- Table structure for table `vtiger_service`
--

CREATE TABLE `vtiger_service` (
  `serviceid` int(11) NOT NULL,
  `service_no` varchar(100) NOT NULL,
  `servicename` varchar(50) NOT NULL,
  `servicecategory` varchar(200) DEFAULT NULL,
  `qty_per_unit` decimal(11,2) DEFAULT '0.00',
  `unit_price` decimal(25,8) DEFAULT NULL,
  `sales_start_date` date DEFAULT NULL,
  `sales_end_date` date DEFAULT NULL,
  `start_date` date DEFAULT NULL,
  `expiry_date` date DEFAULT NULL,
  `discontinued` int(1) NOT NULL DEFAULT '0',
  `service_usageunit` varchar(200) DEFAULT NULL,
  `website` varchar(100) DEFAULT NULL,
  `taxclass` varchar(200) DEFAULT NULL,
  `currency_id` int(19) NOT NULL DEFAULT '1',
  `commissionrate` decimal(7,3) DEFAULT NULL,
  `tags` varchar(1) DEFAULT NULL,
  `purchase_cost` decimal(27,8) DEFAULT NULL
) ENGINE=InnoDB DEFAULT CHARSET=utf8;

-- --------------------------------------------------------

--
-- Table structure for table `vtiger_servicecategory`
--

CREATE TABLE `vtiger_servicecategory` (
  `servicecategoryid` int(11) NOT NULL,
  `servicecategory` varchar(200) NOT NULL,
  `presence` int(1) NOT NULL DEFAULT '1',
  `picklist_valueid` int(11) NOT NULL DEFAULT '0',
  `sortorderid` int(11) DEFAULT '0',
  `color` varchar(10) DEFAULT NULL
) ENGINE=InnoDB DEFAULT CHARSET=utf8;

--
-- Dumping data for table `vtiger_servicecategory`
--

INSERT INTO `vtiger_servicecategory` (`servicecategoryid`, `servicecategory`, `presence`, `picklist_valueid`, `sortorderid`, `color`) VALUES
(2, 'Support', 1, 214, 2, NULL),
(3, 'Installation', 1, 215, 3, NULL),
(4, 'Migration', 1, 216, 4, NULL),
(5, 'Customization', 1, 217, 5, NULL),
(6, 'Training', 1, 218, 6, NULL);

-- --------------------------------------------------------

--
-- Table structure for table `vtiger_servicecategory_seq`
--

CREATE TABLE `vtiger_servicecategory_seq` (
  `id` int(11) NOT NULL
) ENGINE=InnoDB DEFAULT CHARSET=utf8;

--
-- Dumping data for table `vtiger_servicecategory_seq`
--

INSERT INTO `vtiger_servicecategory_seq` (`id`) VALUES
(6);

-- --------------------------------------------------------

--
-- Table structure for table `vtiger_servicecf`
--

CREATE TABLE `vtiger_servicecf` (
  `serviceid` int(19) NOT NULL DEFAULT '0'
) ENGINE=InnoDB DEFAULT CHARSET=utf8;

-- --------------------------------------------------------

--
-- Table structure for table `vtiger_servicecontracts`
--

CREATE TABLE `vtiger_servicecontracts` (
  `servicecontractsid` int(11) DEFAULT NULL,
  `start_date` date DEFAULT NULL,
  `end_date` date DEFAULT NULL,
  `sc_related_to` int(11) DEFAULT NULL,
  `tracking_unit` varchar(100) DEFAULT NULL,
  `total_units` decimal(5,2) DEFAULT NULL,
  `used_units` decimal(5,2) DEFAULT NULL,
  `subject` varchar(100) DEFAULT NULL,
  `due_date` date DEFAULT NULL,
  `planned_duration` varchar(256) DEFAULT NULL,
  `actual_duration` varchar(256) DEFAULT NULL,
  `contract_status` varchar(200) DEFAULT NULL,
  `priority` varchar(200) DEFAULT NULL,
  `contract_type` varchar(200) DEFAULT NULL,
  `progress` decimal(5,2) DEFAULT NULL,
  `contract_no` varchar(100) DEFAULT NULL,
  `tags` varchar(1) DEFAULT NULL
) ENGINE=InnoDB DEFAULT CHARSET=utf8;

-- --------------------------------------------------------

--
-- Table structure for table `vtiger_servicecontractscf`
--

CREATE TABLE `vtiger_servicecontractscf` (
  `servicecontractsid` int(11) NOT NULL
) ENGINE=InnoDB DEFAULT CHARSET=utf8;

-- --------------------------------------------------------

--
-- Table structure for table `vtiger_service_usageunit`
--

CREATE TABLE `vtiger_service_usageunit` (
  `service_usageunitid` int(11) NOT NULL,
  `service_usageunit` varchar(200) NOT NULL,
  `presence` int(1) NOT NULL DEFAULT '1',
  `picklist_valueid` int(11) NOT NULL DEFAULT '0',
  `sortorderid` int(11) DEFAULT '0',
  `color` varchar(10) DEFAULT NULL
) ENGINE=InnoDB DEFAULT CHARSET=utf8;

--
-- Dumping data for table `vtiger_service_usageunit`
--

INSERT INTO `vtiger_service_usageunit` (`service_usageunitid`, `service_usageunit`, `presence`, `picklist_valueid`, `sortorderid`, `color`) VALUES
(1, 'Hours', 1, 210, 1, NULL),
(2, 'Days', 1, 211, 2, NULL),
(3, 'Incidents', 1, 212, 3, NULL);

-- --------------------------------------------------------

--
-- Table structure for table `vtiger_service_usageunit_seq`
--

CREATE TABLE `vtiger_service_usageunit_seq` (
  `id` int(11) NOT NULL
) ENGINE=InnoDB DEFAULT CHARSET=utf8;

--
-- Dumping data for table `vtiger_service_usageunit_seq`
--

INSERT INTO `vtiger_service_usageunit_seq` (`id`) VALUES
(3);

-- --------------------------------------------------------

--
-- Table structure for table `vtiger_seticketsrel`
--

CREATE TABLE `vtiger_seticketsrel` (
  `crmid` int(19) NOT NULL DEFAULT '0',
  `ticketid` int(19) NOT NULL DEFAULT '0'
) ENGINE=InnoDB DEFAULT CHARSET=utf8;

-- --------------------------------------------------------

--
-- Table structure for table `vtiger_settings_blocks`
--

CREATE TABLE `vtiger_settings_blocks` (
  `blockid` int(19) NOT NULL,
  `label` varchar(250) DEFAULT NULL,
  `sequence` int(19) DEFAULT NULL
) ENGINE=InnoDB DEFAULT CHARSET=utf8;

--
-- Dumping data for table `vtiger_settings_blocks`
--

INSERT INTO `vtiger_settings_blocks` (`blockid`, `label`, `sequence`) VALUES
(1, 'LBL_USER_MANAGEMENT', 1),
(4, 'LBL_OTHER_SETTINGS', 10),
(5, 'LBL_MODULE_MANAGER', 2),
(6, 'LBL_INTEGRATION', 8),
(7, 'LBL_AUTOMATION', 3),
(8, 'LBL_CONFIGURATION', 4),
(9, 'LBL_MARKETING_SALES', 5),
(10, 'LBL_INVENTORY', 6),
(11, 'LBL_MY_PREFERENCES', 7),
(12, 'LBL_EXTENSIONS', 9);

-- --------------------------------------------------------

--
-- Table structure for table `vtiger_settings_blocks_seq`
--

CREATE TABLE `vtiger_settings_blocks_seq` (
  `id` int(11) NOT NULL
) ENGINE=InnoDB DEFAULT CHARSET=utf8;

--
-- Dumping data for table `vtiger_settings_blocks_seq`
--

INSERT INTO `vtiger_settings_blocks_seq` (`id`) VALUES
(12);

-- --------------------------------------------------------

--
-- Table structure for table `vtiger_settings_field`
--

CREATE TABLE `vtiger_settings_field` (
  `fieldid` int(19) NOT NULL,
  `blockid` int(19) DEFAULT NULL,
  `name` varchar(250) DEFAULT NULL,
  `iconpath` varchar(300) DEFAULT NULL,
  `description` text,
  `linkto` text,
  `sequence` int(19) DEFAULT NULL,
  `active` int(19) DEFAULT '0',
  `pinned` int(1) DEFAULT '0'
) ENGINE=InnoDB DEFAULT CHARSET=utf8;

--
-- Dumping data for table `vtiger_settings_field`
--

INSERT INTO `vtiger_settings_field` (`fieldid`, `blockid`, `name`, `iconpath`, `description`, `linkto`, `sequence`, `active`, `pinned`) VALUES
(1, 1, 'LBL_USERS', 'ico-users.gif', 'LBL_USER_DESCRIPTION', 'index.php?module=Users&parent=Settings&view=List', 1, 0, 1),
(2, 1, 'LBL_ROLES', 'ico-roles.gif', 'LBL_ROLE_DESCRIPTION', 'index.php?module=Roles&parent=Settings&view=Index', 2, 0, 0),
(3, 1, 'LBL_PROFILES', 'ico-profile.gif', 'LBL_PROFILE_DESCRIPTION', 'index.php?module=Profiles&parent=Settings&view=List', 3, 0, 0),
(4, 1, 'USERGROUPLIST', 'ico-groups.gif', 'LBL_GROUP_DESCRIPTION', 'index.php?module=Groups&parent=Settings&view=List', 5, 0, 0),
(5, 1, 'LBL_SHARING_ACCESS', 'shareaccess.gif', 'LBL_SHARING_ACCESS_DESCRIPTION', 'index.php?module=SharingAccess&parent=Settings&view=Index', 4, 0, 0),
(7, 1, 'LBL_LOGIN_HISTORY_DETAILS', 'set-IcoLoginHistory.gif', 'LBL_LOGIN_HISTORY_DESCRIPTION', 'index.php?module=LoginHistory&parent=Settings&view=List', 6, 0, 0),
(8, 5, 'VTLIB_LBL_MODULE_MANAGER', 'vtlib_modmng.gif', 'VTLIB_LBL_MODULE_MANAGER_DESCRIPTION', 'index.php?module=ModuleManager&parent=Settings&view=List', 1, 0, 1),
(9, 8, 'LBL_PICKLIST_EDITOR', 'picklist.gif', 'LBL_PICKLIST_DESCRIPTION', 'index.php?parent=Settings&module=Picklist&view=Index', 6, 0, 1),
(10, 8, 'LBL_PICKLIST_DEPENDENCY', 'picklistdependency.gif', 'LBL_PICKLIST_DEPENDENCY_DESCRIPTION', 'index.php?parent=Settings&module=PickListDependency&view=List', 7, 0, 0),
(11, 8, 'LBL_MENU_EDITOR', 'menueditor.png', 'LBL_MENU_DESC', 'index.php?module=MenuEditor&parent=Settings&view=Index', 8, 0, 0),
(14, 8, 'LBL_COMPANY_DETAILS', 'company.gif', 'LBL_COMPANY_DESCRIPTION', 'index.php?parent=Settings&module=Vtiger&view=CompanyDetails', 1, 0, 0),
(15, 8, 'LBL_MAIL_SERVER_SETTINGS', 'ogmailserver.gif', 'LBL_MAIL_SERVER_DESCRIPTION', 'index.php?parent=Settings&module=Vtiger&view=OutgoingServerDetail', 4, 0, 0),
(16, 8, 'LBL_CURRENCY_SETTINGS', 'currency.gif', 'LBL_CURRENCY_DESCRIPTION', 'index.php?parent=Settings&module=Currency&view=List', 3, 0, 0),
(17, 10, 'LBL_TAX_SETTINGS', 'taxConfiguration.gif', 'LBL_TAX_DESCRIPTION', 'index.php?module=Vtiger&parent=Settings&view=TaxIndex', 1, 0, 0),
(18, 4, 'LBL_SYSTEM_INFO', 'system.gif', 'LBL_SYSTEM_DESCRIPTION', 'index.php?module=Settings&submodule=Server&view=ProxyConfig', 6, 1, 0),
(20, 4, 'LBL_DEFAULT_MODULE_VIEW', 'set-IcoTwoTabConfig.gif', 'LBL_DEFAULT_MODULE_VIEW_DESC', 'index.php?module=Settings&action=DefModuleView&parenttab=Settings', 2, 0, 0),
(21, 10, 'INVENTORYTERMSANDCONDITIONS', 'terms.gif', 'LBL_INV_TANDC_DESCRIPTION', 'index.php?parent=Settings&module=Vtiger&view=TermsAndConditionsEdit', 2, 0, 0),
(22, 5, 'LBL_CUSTOMIZE_MODENT_NUMBER', 'settingsInvNumber.gif', 'LBL_CUSTOMIZE_MODENT_NUMBER_DESCRIPTION', 'index.php?module=Vtiger&parent=Settings&view=CustomRecordNumbering', 4, 0, 0),
(23, 4, 'LBL_MAIL_SCANNER', 'mailScanner.gif', 'LBL_MAIL_SCANNER_DESCRIPTION', 'index.php?parent=Settings&module=MailConverter&view=List', 5, 0, 0),
(24, 7, 'LBL_LIST_WORKFLOWS', 'settingsWorkflow.png', 'LBL_LIST_WORKFLOWS_DESCRIPTION', 'index.php?module=Workflows&parent=Settings&view=List', 3, 0, 1),
(25, 8, 'Configuration Editor', 'migrate.gif', 'LBL_CONFIG_EDITOR_DESCRIPTION', 'index.php?module=Vtiger&parent=Settings&view=ConfigEditorDetail', 5, 0, 0),
(26, 7, 'Scheduler', 'Cron.png', 'Allows you to Configure Cron Task', 'index.php?module=CronTasks&parent=Settings&view=List', 2, 0, 0),
(29, 4, 'ModTracker', 'set-IcoLoginHistory.gif', 'LBL_MODTRACKER_DESCRIPTION', 'index.php?module=ModTracker&action=BasicSettings&parenttab=Settings&formodule=ModTracker', 9, 0, 0),
(30, 7, 'Webforms', 'modules/Webforms/img/Webform.png', 'LBL_WEBFORMS_DESCRIPTION', 'index.php?module=Webforms&parent=Settings&view=List', 1, 0, 0),
(31, 8, 'LBL_CUSTOMER_PORTAL', 'portal_icon.png', 'PORTAL_EXTENSION_DESCRIPTION', 'index.php?module=CustomerPortal&parent=Settings&view=Index', 2, 0, 0),
(32, 5, 'LBL_EDIT_FIELDS', '', 'LBL_LAYOUT_EDITOR_DESCRIPTION', 'index.php?module=LayoutEditor&parent=Settings&view=Index', 2, 0, 0),
(33, 9, 'LBL_LEAD_MAPPING', 'NULL', 'NULL', 'index.php?parent=Settings&module=Leads&view=MappingDetail', 1, 0, 1),
(34, 9, 'LBL_OPPORTUNITY_MAPPING', 'NULL', 'NULL', 'index.php?parent=Settings&module=Potentials&view=MappingDetail', 2, 0, 1),
(35, 11, 'My Preferences', 'NULL', 'NULL', 'index.php?module=Users&view=PreferenceDetail&parent=Settings&record=1', 1, 0, 1),
(36, 11, 'Calendar Settings', 'NULL', 'NULL', 'index.php?module=Users&parent=Settings&view=Calendar&record=1', 2, 0, 1),
(37, 11, 'LBL_MY_TAGS', 'NULL', 'NULL', 'index.php?module=Tags&parent=Settings&view=List&record=1', 3, 0, 1),
(38, 12, 'LBL_EXTENSION_STORE', 'NULL', 'NULL', 'index.php?module=ExtensionStore&parent=Settings&view=ExtensionStore', 1, 0, 1),
(39, 12, 'LBL_GOOGLE', 'NULL', 'NULL', 'index.php?module=Contacts&parent=Settings&view=Extension&extensionModule=Google&extensionView=Index&mode=settings', 2, 0, 1);

-- --------------------------------------------------------

--
-- Table structure for table `vtiger_settings_field_seq`
--

CREATE TABLE `vtiger_settings_field_seq` (
  `id` int(11) NOT NULL
) ENGINE=InnoDB DEFAULT CHARSET=utf8;

--
-- Dumping data for table `vtiger_settings_field_seq`
--

INSERT INTO `vtiger_settings_field_seq` (`id`) VALUES
(39);

-- --------------------------------------------------------

--
-- Table structure for table `vtiger_sharedcalendar`
--

CREATE TABLE `vtiger_sharedcalendar` (
  `userid` int(19) NOT NULL,
  `sharedid` int(19) NOT NULL
) ENGINE=InnoDB DEFAULT CHARSET=utf8;

-- --------------------------------------------------------

--
-- Table structure for table `vtiger_shareduserinfo`
--

CREATE TABLE `vtiger_shareduserinfo` (
  `userid` int(19) NOT NULL DEFAULT '0',
  `shareduserid` int(19) NOT NULL DEFAULT '0',
  `color` varchar(50) DEFAULT NULL,
  `visible` int(19) DEFAULT '1'
) ENGINE=InnoDB DEFAULT CHARSET=utf8;

-- --------------------------------------------------------

--
-- Table structure for table `vtiger_shippingtaxinfo`
--

CREATE TABLE `vtiger_shippingtaxinfo` (
  `taxid` int(3) NOT NULL,
  `taxname` varchar(50) DEFAULT NULL,
  `taxlabel` varchar(50) DEFAULT NULL,
  `percentage` decimal(7,3) DEFAULT NULL,
  `deleted` int(1) DEFAULT NULL,
  `method` varchar(10) DEFAULT NULL,
  `type` varchar(10) DEFAULT NULL,
  `compoundon` varchar(400) DEFAULT NULL,
  `regions` text
) ENGINE=InnoDB DEFAULT CHARSET=utf8;

--
-- Dumping data for table `vtiger_shippingtaxinfo`
--

INSERT INTO `vtiger_shippingtaxinfo` (`taxid`, `taxname`, `taxlabel`, `percentage`, `deleted`, `method`, `type`, `compoundon`, `regions`) VALUES
(1, 'shtax1', 'VAT', '4.500', 0, 'Simple', 'Fixed', '[]', '[]'),
(2, 'shtax2', 'Sales', '10.000', 0, 'Simple', 'Fixed', '[]', '[]'),
(3, 'shtax3', 'Service', '12.500', 0, 'Simple', 'Fixed', '[]', '[]');

-- --------------------------------------------------------

--
-- Table structure for table `vtiger_shippingtaxinfo_seq`
--

CREATE TABLE `vtiger_shippingtaxinfo_seq` (
  `id` int(11) NOT NULL
) ENGINE=InnoDB DEFAULT CHARSET=utf8;

--
-- Dumping data for table `vtiger_shippingtaxinfo_seq`
--

INSERT INTO `vtiger_shippingtaxinfo_seq` (`id`) VALUES
(3);

-- --------------------------------------------------------

--
-- Table structure for table `vtiger_shorturls`
--

CREATE TABLE `vtiger_shorturls` (
  `id` int(11) NOT NULL,
  `uid` varchar(50) DEFAULT NULL,
  `handler_path` varchar(400) DEFAULT NULL,
  `handler_class` varchar(100) DEFAULT NULL,
  `handler_function` varchar(100) DEFAULT NULL,
  `handler_data` varchar(255) DEFAULT NULL,
  `onetime` int(5) DEFAULT NULL
) ENGINE=InnoDB DEFAULT CHARSET=utf8;

-- --------------------------------------------------------

--
-- Table structure for table `vtiger_smsnotifier`
--

CREATE TABLE `vtiger_smsnotifier` (
  `smsnotifierid` int(19) NOT NULL,
  `message` text,
  `status` varchar(100) DEFAULT NULL
) ENGINE=InnoDB DEFAULT CHARSET=utf8;

-- --------------------------------------------------------

--
-- Table structure for table `vtiger_smsnotifiercf`
--

CREATE TABLE `vtiger_smsnotifiercf` (
  `smsnotifierid` int(19) NOT NULL
) ENGINE=InnoDB DEFAULT CHARSET=utf8;

-- --------------------------------------------------------

--
-- Table structure for table `vtiger_smsnotifier_servers`
--

CREATE TABLE `vtiger_smsnotifier_servers` (
  `id` int(11) NOT NULL,
  `password` varchar(255) DEFAULT NULL,
  `isactive` int(1) DEFAULT NULL,
  `providertype` varchar(50) DEFAULT NULL,
  `username` varchar(255) DEFAULT NULL,
  `parameters` text
) ENGINE=InnoDB DEFAULT CHARSET=utf8;

-- --------------------------------------------------------

--
-- Table structure for table `vtiger_smsnotifier_status`
--

CREATE TABLE `vtiger_smsnotifier_status` (
  `smsnotifierid` int(19) DEFAULT NULL,
  `tonumber` varchar(20) DEFAULT NULL,
  `status` varchar(10) DEFAULT NULL,
  `smsmessageid` varchar(50) DEFAULT NULL,
  `needlookup` int(1) DEFAULT '1',
  `statusid` int(11) NOT NULL,
  `statusmessage` varchar(100) DEFAULT NULL
) ENGINE=InnoDB DEFAULT CHARSET=utf8;

-- --------------------------------------------------------

--
-- Table structure for table `vtiger_soapservice`
--

CREATE TABLE `vtiger_soapservice` (
  `id` int(19) DEFAULT NULL,
  `type` varchar(25) DEFAULT NULL,
  `sessionid` varchar(100) DEFAULT NULL
) ENGINE=InnoDB DEFAULT CHARSET=utf8;

-- --------------------------------------------------------

--
-- Table structure for table `vtiger_sobillads`
--

CREATE TABLE `vtiger_sobillads` (
  `sobilladdressid` int(19) NOT NULL DEFAULT '0',
  `bill_city` varchar(30) DEFAULT NULL,
  `bill_code` varchar(30) DEFAULT NULL,
  `bill_country` varchar(30) DEFAULT NULL,
  `bill_state` varchar(30) DEFAULT NULL,
  `bill_street` varchar(250) DEFAULT NULL,
  `bill_pobox` varchar(30) DEFAULT NULL
) ENGINE=InnoDB DEFAULT CHARSET=utf8;

--
-- Dumping data for table `vtiger_sobillads`
--

INSERT INTO `vtiger_sobillads` (`sobilladdressid`, `bill_city`, `bill_code`, `bill_country`, `bill_state`, `bill_street`, `bill_pobox`) VALUES
(7, 'Kolkata', '700 017', 'India', 'Westbengal', 'Suite No. 909 - 910,\nKrishna Building', ''),
(2244, 'Sambalpur', '768001', 'India', 'Odisha', 'Fatak Road', 'Ainthapali'),
(2450, 'Kolkata', '700 017', 'India', 'Westbengal', 'Suite No. 909 - 910,\nKrishna Building', ''),
(2451, 'Kolkata', '700 017', 'India', 'Westbengal', 'Krishna Building', ''),
(2452, 'Kolkata', '700 017', 'India', 'Westbengal', 'Suite No. 909 - 910,\nKrishna Building', ''),
(2460, 'Kolkata', '700 017', 'India', 'Westbengal', 'Suite No. 909 - 910,\nKrishna Building', ''),
(2461, 'Kolkata', '700 017', 'India', 'Westbengal', 'Krishna Building', '');

-- --------------------------------------------------------

--
-- Table structure for table `vtiger_soshipads`
--

CREATE TABLE `vtiger_soshipads` (
  `soshipaddressid` int(19) NOT NULL DEFAULT '0',
  `ship_city` varchar(30) DEFAULT NULL,
  `ship_code` varchar(30) DEFAULT NULL,
  `ship_country` varchar(30) DEFAULT NULL,
  `ship_state` varchar(30) DEFAULT NULL,
  `ship_street` varchar(250) DEFAULT NULL,
  `ship_pobox` varchar(30) DEFAULT NULL
) ENGINE=InnoDB DEFAULT CHARSET=utf8;

--
-- Dumping data for table `vtiger_soshipads`
--

INSERT INTO `vtiger_soshipads` (`soshipaddressid`, `ship_city`, `ship_code`, `ship_country`, `ship_state`, `ship_street`, `ship_pobox`) VALUES
(7, 'Kolkata', '700 017', 'India', 'Westbengal', 'Suite No. 909 - 910,\nKrishna Building', ''),
(2244, 'Sambalpur', '768001', 'India', 'Odisha', 'Fatak Road', 'Ainthapali'),
(2450, 'Kolkata', '700 017', 'India', 'Westbengal', 'Suite No. 909 - 910,\nKrishna Building', ''),
(2451, 'Kolkata', '700 017', 'India', 'Westbengal', 'Suite No. 909 - 910,\nKrishna Building', ''),
(2452, 'Kolkata', '700 017', 'India', 'Westbengal', 'Suite No. 909 - 910,\nKrishna Building', ''),
(2460, 'Kolkata', '700 017', 'India', 'Westbengal', 'Suite No. 909 - 910,\nKrishna Building', ''),
(2461, 'Kolkata', '700 017', 'India', 'Westbengal', 'Suite No. 909 - 910,\nKrishna Building', '');

-- --------------------------------------------------------

--
-- Table structure for table `vtiger_sostatus`
--

CREATE TABLE `vtiger_sostatus` (
  `sostatusid` int(19) NOT NULL,
  `sostatus` varchar(200) NOT NULL,
  `presence` int(1) NOT NULL DEFAULT '1',
  `picklist_valueid` int(19) NOT NULL DEFAULT '0',
  `sortorderid` int(11) DEFAULT NULL,
  `color` varchar(10) DEFAULT NULL
) ENGINE=InnoDB DEFAULT CHARSET=utf8;

--
-- Dumping data for table `vtiger_sostatus`
--

INSERT INTO `vtiger_sostatus` (`sostatusid`, `sostatus`, `presence`, `picklist_valueid`, `sortorderid`, `color`) VALUES
(1, 'Created', 0, 166, 0, NULL),
(2, 'Approved', 0, 167, 1, NULL),
(3, 'Delivered', 0, 168, 2, NULL),
(4, 'Cancelled', 0, 169, 3, NULL);

-- --------------------------------------------------------

--
-- Table structure for table `vtiger_sostatushistory`
--

CREATE TABLE `vtiger_sostatushistory` (
  `historyid` int(19) NOT NULL,
  `salesorderid` int(19) NOT NULL,
  `accountname` varchar(100) DEFAULT NULL,
  `total` decimal(10,0) DEFAULT NULL,
  `sostatus` varchar(200) DEFAULT NULL,
  `lastmodified` datetime DEFAULT NULL
) ENGINE=InnoDB DEFAULT CHARSET=utf8;

-- --------------------------------------------------------

--
-- Table structure for table `vtiger_sostatus_seq`
--

CREATE TABLE `vtiger_sostatus_seq` (
  `id` int(11) NOT NULL
) ENGINE=InnoDB DEFAULT CHARSET=utf8;

--
-- Dumping data for table `vtiger_sostatus_seq`
--

INSERT INTO `vtiger_sostatus_seq` (`id`) VALUES
(4);

-- --------------------------------------------------------

--
-- Table structure for table `vtiger_sqltimelog`
--

CREATE TABLE `vtiger_sqltimelog` (
  `id` int(11) DEFAULT NULL,
  `type` varchar(10) DEFAULT NULL,
  `data` text,
  `started` decimal(20,6) DEFAULT NULL,
  `ended` decimal(20,6) DEFAULT NULL,
  `loggedon` datetime DEFAULT NULL
) ENGINE=InnoDB DEFAULT CHARSET=utf8;

-- --------------------------------------------------------

--
-- Table structure for table `vtiger_start_hour`
--

CREATE TABLE `vtiger_start_hour` (
  `start_hourid` int(11) NOT NULL,
  `start_hour` varchar(200) NOT NULL,
  `sortorderid` int(11) DEFAULT NULL,
  `presence` int(11) NOT NULL DEFAULT '1'
) ENGINE=InnoDB DEFAULT CHARSET=utf8;

--
-- Dumping data for table `vtiger_start_hour`
--

INSERT INTO `vtiger_start_hour` (`start_hourid`, `start_hour`, `sortorderid`, `presence`) VALUES
(1, '00:00', 0, 1),
(2, '01:00', 1, 1),
(3, '02:00', 2, 1),
(4, '03:00', 3, 1),
(5, '04:00', 4, 1),
(6, '05:00', 5, 1),
(7, '06:00', 6, 1),
(8, '07:00', 7, 1),
(9, '08:00', 8, 1),
(10, '09:00', 9, 1),
(11, '10:00', 10, 1),
(12, '11:00', 11, 1),
(13, '12:00', 12, 1),
(14, '13:00', 13, 1),
(15, '14:00', 14, 1),
(16, '15:00', 15, 1),
(17, '16:00', 16, 1),
(18, '17:00', 17, 1),
(19, '18:00', 18, 1),
(20, '19:00', 19, 1),
(21, '20:00', 20, 1),
(22, '21:00', 21, 1),
(23, '22:00', 22, 1),
(24, '23:00', 23, 1);

-- --------------------------------------------------------

--
-- Table structure for table `vtiger_start_hour_seq`
--

CREATE TABLE `vtiger_start_hour_seq` (
  `id` int(11) NOT NULL
) ENGINE=InnoDB DEFAULT CHARSET=utf8;

--
-- Dumping data for table `vtiger_start_hour_seq`
--

INSERT INTO `vtiger_start_hour_seq` (`id`) VALUES
(24);

-- --------------------------------------------------------

--
-- Table structure for table `vtiger_status`
--

CREATE TABLE `vtiger_status` (
  `statusid` int(19) NOT NULL,
  `status` varchar(200) NOT NULL,
  `presence` int(1) NOT NULL DEFAULT '1',
  `picklist_valueid` int(19) NOT NULL DEFAULT '0'
) ENGINE=InnoDB DEFAULT CHARSET=utf8;

--
-- Dumping data for table `vtiger_status`
--

INSERT INTO `vtiger_status` (`statusid`, `status`, `presence`, `picklist_valueid`) VALUES
(1, 'Active', 0, 1),
(2, 'Inactive', 1, 1);

-- --------------------------------------------------------

--
-- Table structure for table `vtiger_status_seq`
--

CREATE TABLE `vtiger_status_seq` (
  `id` int(11) NOT NULL
) ENGINE=InnoDB DEFAULT CHARSET=utf8;

--
-- Dumping data for table `vtiger_status_seq`
--

INSERT INTO `vtiger_status_seq` (`id`) VALUES
(2);

-- --------------------------------------------------------

--
-- Table structure for table `vtiger_systems`
--

CREATE TABLE `vtiger_systems` (
  `id` int(19) NOT NULL,
  `server` varchar(100) DEFAULT NULL,
  `server_port` int(19) DEFAULT NULL,
  `server_username` varchar(100) DEFAULT NULL,
  `server_password` varchar(100) DEFAULT NULL,
  `server_type` varchar(20) DEFAULT NULL,
  `smtp_auth` varchar(5) DEFAULT NULL,
  `server_path` varchar(256) DEFAULT NULL,
  `from_email_field` varchar(50) DEFAULT NULL
) ENGINE=InnoDB DEFAULT CHARSET=utf8;

--
-- Dumping data for table `vtiger_systems`
--

INSERT INTO `vtiger_systems` (`id`, `server`, `server_port`, `server_username`, `server_password`, `server_type`, `smtp_auth`, `server_path`, `from_email_field`) VALUES
(1, 's310.tmd.cloud', 0, 'sif_admin@jhunsinfotech.com', 'admins@sif_123', 'email', '1', NULL, '');

-- --------------------------------------------------------

--
-- Table structure for table `vtiger_systems_seq`
--

CREATE TABLE `vtiger_systems_seq` (
  `id` int(11) NOT NULL
) ENGINE=InnoDB DEFAULT CHARSET=utf8 COLLATE=utf8_unicode_ci;

--
-- Dumping data for table `vtiger_systems_seq`
--

INSERT INTO `vtiger_systems_seq` (`id`) VALUES
(1);

-- --------------------------------------------------------

--
-- Table structure for table `vtiger_tab`
--

CREATE TABLE `vtiger_tab` (
  `tabid` int(19) NOT NULL DEFAULT '0',
  `name` varchar(25) NOT NULL,
  `presence` int(19) NOT NULL DEFAULT '1',
  `tabsequence` int(10) DEFAULT NULL,
  `tablabel` varchar(100) DEFAULT NULL,
  `modifiedby` int(19) DEFAULT NULL,
  `modifiedtime` int(19) DEFAULT NULL,
  `customized` int(19) DEFAULT NULL,
  `ownedby` int(19) DEFAULT NULL,
  `isentitytype` int(11) NOT NULL DEFAULT '1',
  `trial` int(1) NOT NULL DEFAULT '0',
  `version` varchar(10) DEFAULT NULL,
  `parent` varchar(30) DEFAULT NULL,
  `source` varchar(255) DEFAULT 'custom',
  `issyncable` tinyint(1) DEFAULT '0',
  `allowduplicates` tinyint(1) DEFAULT '1',
  `sync_action_for_duplicates` int(1) DEFAULT '1'
) ENGINE=InnoDB DEFAULT CHARSET=utf8;

--
-- Dumping data for table `vtiger_tab`
--

INSERT INTO `vtiger_tab` (`tabid`, `name`, `presence`, `tabsequence`, `tablabel`, `modifiedby`, `modifiedtime`, `customized`, `ownedby`, `isentitytype`, `trial`, `version`, `parent`, `source`, `issyncable`, `allowduplicates`, `sync_action_for_duplicates`) VALUES
(1, 'Dashboard', 0, 12, 'Dashboards', NULL, NULL, 0, 1, 0, 0, NULL, 'Analytics', NULL, 1, 1, 1),
(2, 'Potentials', 0, 7, 'Potentials', NULL, NULL, 0, 0, 1, 0, NULL, 'Sales', NULL, 1, 1, 1),
(3, 'Home', 0, 1, 'Home', NULL, NULL, 0, 1, 0, 0, NULL, NULL, NULL, 1, 1, 1),
(4, 'Contacts', 0, 6, 'Contacts', NULL, NULL, 0, 0, 1, 0, NULL, 'Sales', NULL, 1, 1, 1),
(6, 'Accounts', 0, 5, 'Accounts', NULL, NULL, 0, 0, 1, 0, NULL, 'Sales', NULL, 1, 0, 1),
(7, 'Leads', 0, 4, 'Leads', NULL, NULL, 0, 0, 1, 0, NULL, 'Sales', NULL, 1, 1, 1),
(8, 'Documents', 0, 9, 'Documents', NULL, NULL, 0, 0, 1, 0, NULL, 'Tools', NULL, 1, 1, 1),
(9, 'Calendar', 0, 3, 'Calendar', NULL, NULL, 0, 0, 1, 0, NULL, 'Tools', NULL, 1, 1, 1),
(10, 'Emails', 0, 10, 'Emails', NULL, NULL, 0, 1, 1, 0, NULL, 'Tools', NULL, 1, 1, 1),
(13, 'HelpDesk', 1, 11, 'HelpDesk', NULL, NULL, 0, 0, 1, 0, NULL, 'Support', NULL, 1, 1, 1),
(14, 'Products', 0, 8, 'Products', NULL, NULL, 0, 0, 1, 0, NULL, 'Inventory', NULL, 1, 1, 1),
(15, 'Faq', 1, -1, 'Faq', NULL, NULL, 0, 1, 1, 0, NULL, 'Support', NULL, 1, 1, 1),
(16, 'Events', 2, -1, 'Events', NULL, NULL, 0, 0, 1, 0, NULL, NULL, NULL, 1, 1, 1),
(18, 'Vendors', 0, -1, 'Vendors', NULL, NULL, 0, 0, 1, 0, NULL, 'Inventory', NULL, 1, 1, 1),
(19, 'PriceBooks', 0, -1, 'PriceBooks', NULL, NULL, 0, 1, 1, 0, NULL, 'Inventory', NULL, 1, 1, 1),
(20, 'Quotes', 0, -1, 'Quotes', NULL, NULL, 0, 0, 1, 0, NULL, 'Sales', NULL, 1, 1, 1),
(21, 'PurchaseOrder', 0, -1, 'PurchaseOrder', NULL, NULL, 0, 0, 1, 0, NULL, 'Inventory', NULL, 1, 1, 1),
(22, 'SalesOrder', 0, -1, 'SalesOrder', NULL, NULL, 0, 0, 1, 0, NULL, 'Sales', NULL, 1, 1, 1),
(23, 'Invoice', 0, -1, 'Invoice', NULL, NULL, 0, 0, 1, 0, NULL, 'Sales', NULL, 1, 1, 1),
(24, 'Rss', 1, -1, 'Rss', NULL, NULL, 0, 1, 0, 0, NULL, 'Tools', NULL, 1, 1, 1),
(25, 'Reports', 0, -1, 'Reports', NULL, NULL, 0, 1, 0, 0, NULL, 'Analytics', NULL, 1, 1, 1),
(26, 'Campaigns', 1, -1, 'Campaigns', NULL, NULL, 0, 0, 1, 0, NULL, 'Marketing', NULL, 1, 1, 1),
(27, 'Portal', 0, -1, 'Portal', NULL, NULL, 0, 1, 0, 0, NULL, 'Tools', NULL, 1, 1, 1),
(28, 'Webmails', 0, -1, 'Webmails', NULL, NULL, 0, 1, 1, 0, NULL, NULL, NULL, 1, 1, 1),
(29, 'Users', 0, -1, 'Users', NULL, NULL, 0, 1, 0, 0, NULL, NULL, NULL, 1, 1, 1),
(30, 'PBXManager', 1, -1, 'PBXManager', NULL, NULL, 1, 0, 1, 0, '2.2', 'Tools', NULL, 1, 1, 1),
(31, 'Import', 0, -1, 'Import', NULL, NULL, 1, 0, 0, 0, '1.7', '', NULL, 1, 1, 1),
(32, 'WSAPP', 0, -1, 'WSAPP', NULL, NULL, 1, 0, 0, 0, '3.4.4', '', NULL, 1, 1, 1),
(33, 'Services', 0, -1, 'Services', NULL, NULL, 0, 0, 1, 0, '2.6', 'Inventory', NULL, 1, 1, 1),
(34, 'MailManager', 0, -1, 'MailManager', NULL, NULL, 1, 0, 0, 0, '1.9', 'Tools', NULL, 1, 1, 1),
(35, 'Mobile', 0, -1, 'Mobile', NULL, NULL, 1, 0, 0, 0, '2.0', '', NULL, 1, 1, 1),
(36, 'ModTracker', 0, -1, 'ModTracker', NULL, NULL, 0, 0, 0, 0, '1.2', '', NULL, 1, 1, 1),
(37, 'ServiceContracts', 0, -1, 'Service Contracts', NULL, NULL, 0, 0, 1, 0, '2.4', 'Support', NULL, 1, 1, 1),
(38, 'Webforms', 0, -1, 'Webforms', NULL, NULL, 0, 0, 0, 0, '1.6', '', NULL, 1, 1, 1),
(39, 'SMSNotifier', 0, -1, 'SMSNotifier', NULL, NULL, 0, 0, 1, 0, '2.1', 'Sales', NULL, 1, 1, 1),
(40, 'Assets', 0, -1, 'Assets', NULL, NULL, 0, 0, 1, 0, '2.0', 'Inventory', NULL, 1, 1, 1),
(41, 'ModComments', 0, -1, 'Comments', NULL, NULL, 0, 0, 1, 0, '2.1', '', NULL, 1, 1, 1),
(42, 'RecycleBin', 0, -1, 'Recycle Bin', NULL, NULL, 0, 0, 0, 0, '1.5', 'Tools', NULL, 1, 1, 1),
(43, 'CustomerPortal', 0, -1, 'CustomerPortal', NULL, NULL, 0, 0, 0, 0, '1.4', '', NULL, 1, 1, 1),
(44, 'EmailTemplates', 0, -1, 'Email Templates', NULL, NULL, 1, 0, 0, 0, '1.0', 'Tools', NULL, 1, 1, 1),
(45, 'ProjectMilestone', 1, -1, 'ProjectMilestone', NULL, NULL, 0, 0, 1, 0, '3.0', 'Support', NULL, 1, 1, 1),
(46, 'ProjectTask', 1, -1, 'ProjectTask', NULL, NULL, 0, 0, 1, 0, '3.1', 'Support', NULL, 1, 1, 1),
(47, 'Project', 1, -1, 'Project', NULL, NULL, 0, 0, 1, 0, '3.3', 'Support', NULL, 1, 1, 1),
(48, 'Google', 0, -1, 'Google', NULL, NULL, 0, 0, 0, 0, '1.5', '', NULL, 1, 1, 1),
(49, 'ExtensionStore', 0, -1, 'Extension Store', NULL, NULL, 1, 0, 0, 0, '1.2', NULL, NULL, 1, 1, 1),
(50, 'Batch', 0, -1, 'Batch', NULL, NULL, 1, 0, 1, 0, '0', 'Tools', 'custom', 0, 1, 1),
(51, 'BatchInventory', 0, -1, 'BatchInventory', NULL, NULL, 1, 0, 1, 0, '0', 'Tools', 'custom', 0, 1, 1),
(52, 'HeatRun', 0, -1, 'HeatRun', NULL, NULL, 1, 0, 1, 0, '0', 'Tools', 'custom', 0, 1, 1),
(53, 'BatchMovement', 0, -1, 'BatchMovement', NULL, NULL, 1, 0, 1, 0, '0', 'Tools', 'custom', 0, 1, 1),
(54, 'Cork', 0, -1, 'Cork', NULL, NULL, 1, 0, 1, 0, '0', 'Tools', 'custom', 0, 1, 1),
(55, 'Rejection', 0, -1, 'Rejection', NULL, NULL, 1, 0, 1, 0, '0', 'Tools', 'custom', 0, 1, 1),
(56, 'Dispatch', 0, -1, 'Dispatch', NULL, NULL, 1, 0, 1, 0, '0', 'Tools', 'custom', 0, 1, 1);

-- --------------------------------------------------------

--
-- Table structure for table `vtiger_tab_info`
--

CREATE TABLE `vtiger_tab_info` (
  `tabid` int(19) DEFAULT NULL,
  `prefname` varchar(256) DEFAULT NULL,
  `prefvalue` varchar(256) DEFAULT NULL
) ENGINE=InnoDB DEFAULT CHARSET=utf8;

--
-- Dumping data for table `vtiger_tab_info`
--

INSERT INTO `vtiger_tab_info` (`tabid`, `prefname`, `prefvalue`) VALUES
(30, 'vtiger_min_version', '6.0.0'),
(30, 'vtiger_max_version', '7.*'),
(31, 'vtiger_min_version', '6.0.0rc'),
(31, 'vtiger_max_version', '7.*'),
(32, 'vtiger_min_version', '6.0.0rc'),
(33, 'vtiger_min_version', '6.0.0rc'),
(33, 'vtiger_max_version', '7.*'),
(34, 'vtiger_min_version', '6.0.0RC'),
(35, 'vtiger_min_version', '6.0.0rc'),
(36, 'vtiger_min_version', '6.0.0rc'),
(37, 'vtiger_min_version', '6.0.0rc'),
(38, 'vtiger_min_version', '6.0.0rc'),
(38, 'vtiger_max_version', '7.*'),
(39, 'vtiger_min_version', '6.0.0'),
(39, 'vtiger_max_version', '7.*'),
(40, 'vtiger_min_version', '6.0.0rc'),
(40, 'vtiger_max_version', '7.*'),
(41, 'vtiger_min_version', '6.0.0rc'),
(41, 'vtiger_max_version', '7.*'),
(42, 'vtiger_min_version', '6.0.0rc'),
(42, 'vtiger_max_version', '7.*'),
(43, 'vtiger_min_version', '6.0.0rc'),
(43, 'vtiger_max_version', '7.*'),
(44, 'vtiger_min_version', '6.0.0rc'),
(44, 'vtiger_max_version', '7.*'),
(45, 'vtiger_min_version', '6.0.0rc'),
(45, 'vtiger_max_version', '7.*'),
(46, 'vtiger_min_version', '6.0.0rc'),
(47, 'vtiger_min_version', '6.0.0rc'),
(48, 'vtiger_min_version', '6.0.0rc'),
(48, 'vtiger_max_version', '7.*'),
(49, 'vtiger_min_version', '6.0.0'),
(49, 'vtiger_max_version', '6.*');

-- --------------------------------------------------------

--
-- Table structure for table `vtiger_taskpriority`
--

CREATE TABLE `vtiger_taskpriority` (
  `taskpriorityid` int(19) NOT NULL,
  `taskpriority` varchar(200) DEFAULT NULL,
  `presence` int(1) NOT NULL DEFAULT '1',
  `picklist_valueid` int(19) NOT NULL DEFAULT '0',
  `sortorderid` int(11) DEFAULT NULL,
  `color` varchar(10) DEFAULT NULL
) ENGINE=InnoDB DEFAULT CHARSET=utf8;

--
-- Dumping data for table `vtiger_taskpriority`
--

INSERT INTO `vtiger_taskpriority` (`taskpriorityid`, `taskpriority`, `presence`, `picklist_valueid`, `sortorderid`, `color`) VALUES
(1, 'High', 1, 170, 0, NULL),
(2, 'Medium', 1, 171, 1, NULL),
(3, 'Low', 1, 172, 2, NULL);

-- --------------------------------------------------------

--
-- Table structure for table `vtiger_taskpriority_seq`
--

CREATE TABLE `vtiger_taskpriority_seq` (
  `id` int(11) NOT NULL
) ENGINE=InnoDB DEFAULT CHARSET=utf8;

--
-- Dumping data for table `vtiger_taskpriority_seq`
--

INSERT INTO `vtiger_taskpriority_seq` (`id`) VALUES
(3);

-- --------------------------------------------------------

--
-- Table structure for table `vtiger_taskstatus`
--

CREATE TABLE `vtiger_taskstatus` (
  `taskstatusid` int(19) NOT NULL,
  `taskstatus` varchar(200) DEFAULT NULL,
  `presence` int(1) NOT NULL DEFAULT '1',
  `picklist_valueid` int(19) NOT NULL DEFAULT '0',
  `sortorderid` int(11) DEFAULT NULL,
  `color` varchar(10) DEFAULT NULL
) ENGINE=InnoDB DEFAULT CHARSET=utf8;

--
-- Dumping data for table `vtiger_taskstatus`
--

INSERT INTO `vtiger_taskstatus` (`taskstatusid`, `taskstatus`, `presence`, `picklist_valueid`, `sortorderid`, `color`) VALUES
(1, 'Not Started', 0, 173, 0, NULL),
(2, 'In Progress', 0, 174, 1, NULL),
(3, 'Completed', 0, 175, 2, NULL),
(4, 'Pending Input', 0, 176, 3, NULL),
(5, 'Deferred', 0, 177, 4, NULL),
(6, 'Planned', 0, 178, 5, NULL);

-- --------------------------------------------------------

--
-- Table structure for table `vtiger_taskstatus_seq`
--

CREATE TABLE `vtiger_taskstatus_seq` (
  `id` int(11) NOT NULL
) ENGINE=InnoDB DEFAULT CHARSET=utf8;

--
-- Dumping data for table `vtiger_taskstatus_seq`
--

INSERT INTO `vtiger_taskstatus_seq` (`id`) VALUES
(6);

-- --------------------------------------------------------

--
-- Table structure for table `vtiger_taxclass`
--

CREATE TABLE `vtiger_taxclass` (
  `taxclassid` int(19) NOT NULL,
  `taxclass` varchar(200) NOT NULL,
  `sortorderid` int(19) NOT NULL DEFAULT '0',
  `presence` int(1) NOT NULL DEFAULT '1'
) ENGINE=InnoDB DEFAULT CHARSET=utf8;

--
-- Dumping data for table `vtiger_taxclass`
--

INSERT INTO `vtiger_taxclass` (`taxclassid`, `taxclass`, `sortorderid`, `presence`) VALUES
(1, 'SalesTax', 0, 1),
(2, 'Vat', 1, 1);

-- --------------------------------------------------------

--
-- Table structure for table `vtiger_taxclass_seq`
--

CREATE TABLE `vtiger_taxclass_seq` (
  `id` int(11) NOT NULL
) ENGINE=InnoDB DEFAULT CHARSET=utf8;

--
-- Dumping data for table `vtiger_taxclass_seq`
--

INSERT INTO `vtiger_taxclass_seq` (`id`) VALUES
(2);

-- --------------------------------------------------------

--
-- Table structure for table `vtiger_taxregions`
--

CREATE TABLE `vtiger_taxregions` (
  `regionid` int(10) NOT NULL,
  `name` varchar(100) NOT NULL
) ENGINE=InnoDB DEFAULT CHARSET=utf8;

-- --------------------------------------------------------

--
-- Table structure for table `vtiger_ticketcategories`
--

CREATE TABLE `vtiger_ticketcategories` (
  `ticketcategories_id` int(19) NOT NULL,
  `ticketcategories` varchar(200) DEFAULT NULL,
  `presence` int(1) NOT NULL DEFAULT '0',
  `picklist_valueid` int(19) NOT NULL DEFAULT '0',
  `sortorderid` int(11) DEFAULT NULL,
  `color` varchar(10) DEFAULT NULL
) ENGINE=InnoDB DEFAULT CHARSET=utf8;

--
-- Dumping data for table `vtiger_ticketcategories`
--

INSERT INTO `vtiger_ticketcategories` (`ticketcategories_id`, `ticketcategories`, `presence`, `picklist_valueid`, `sortorderid`, `color`) VALUES
(1, 'Big Problem', 1, 179, 0, NULL),
(2, 'Small Problem', 1, 180, 1, NULL),
(3, 'Other Problem', 1, 181, 2, NULL);

-- --------------------------------------------------------

--
-- Table structure for table `vtiger_ticketcategories_seq`
--

CREATE TABLE `vtiger_ticketcategories_seq` (
  `id` int(11) NOT NULL
) ENGINE=InnoDB DEFAULT CHARSET=utf8;

--
-- Dumping data for table `vtiger_ticketcategories_seq`
--

INSERT INTO `vtiger_ticketcategories_seq` (`id`) VALUES
(3);

-- --------------------------------------------------------

--
-- Table structure for table `vtiger_ticketcf`
--

CREATE TABLE `vtiger_ticketcf` (
  `ticketid` int(19) NOT NULL DEFAULT '0',
  `from_portal` varchar(3) DEFAULT NULL
) ENGINE=InnoDB DEFAULT CHARSET=utf8;

-- --------------------------------------------------------

--
-- Table structure for table `vtiger_ticketcomments`
--

CREATE TABLE `vtiger_ticketcomments` (
  `commentid` int(19) NOT NULL,
  `ticketid` int(19) DEFAULT NULL,
  `comments` text,
  `ownerid` int(19) NOT NULL DEFAULT '0',
  `ownertype` varchar(10) DEFAULT NULL,
  `createdtime` datetime NOT NULL
) ENGINE=InnoDB DEFAULT CHARSET=utf8;

-- --------------------------------------------------------

--
-- Table structure for table `vtiger_ticketpriorities`
--

CREATE TABLE `vtiger_ticketpriorities` (
  `ticketpriorities_id` int(19) NOT NULL,
  `ticketpriorities` varchar(200) DEFAULT NULL,
  `presence` int(1) NOT NULL DEFAULT '0',
  `picklist_valueid` int(19) NOT NULL DEFAULT '0',
  `sortorderid` int(11) DEFAULT NULL,
  `color` varchar(10) DEFAULT NULL
) ENGINE=InnoDB DEFAULT CHARSET=utf8;

--
-- Dumping data for table `vtiger_ticketpriorities`
--

INSERT INTO `vtiger_ticketpriorities` (`ticketpriorities_id`, `ticketpriorities`, `presence`, `picklist_valueid`, `sortorderid`, `color`) VALUES
(1, 'Low', 1, 182, 0, NULL),
(2, 'Normal', 1, 183, 1, NULL),
(3, 'High', 1, 184, 2, NULL),
(4, 'Urgent', 1, 185, 3, NULL);

-- --------------------------------------------------------

--
-- Table structure for table `vtiger_ticketpriorities_seq`
--

CREATE TABLE `vtiger_ticketpriorities_seq` (
  `id` int(11) NOT NULL
) ENGINE=InnoDB DEFAULT CHARSET=utf8;

--
-- Dumping data for table `vtiger_ticketpriorities_seq`
--

INSERT INTO `vtiger_ticketpriorities_seq` (`id`) VALUES
(4);

-- --------------------------------------------------------

--
-- Table structure for table `vtiger_ticketseverities`
--

CREATE TABLE `vtiger_ticketseverities` (
  `ticketseverities_id` int(19) NOT NULL,
  `ticketseverities` varchar(200) DEFAULT NULL,
  `presence` int(1) NOT NULL DEFAULT '0',
  `picklist_valueid` int(19) NOT NULL DEFAULT '0',
  `sortorderid` int(11) DEFAULT NULL,
  `color` varchar(10) DEFAULT NULL
) ENGINE=InnoDB DEFAULT CHARSET=utf8;

--
-- Dumping data for table `vtiger_ticketseverities`
--

INSERT INTO `vtiger_ticketseverities` (`ticketseverities_id`, `ticketseverities`, `presence`, `picklist_valueid`, `sortorderid`, `color`) VALUES
(1, 'Minor', 1, 186, 0, NULL),
(2, 'Major', 1, 187, 1, NULL),
(3, 'Feature', 1, 188, 2, NULL),
(4, 'Critical', 1, 189, 3, NULL);

-- --------------------------------------------------------

--
-- Table structure for table `vtiger_ticketseverities_seq`
--

CREATE TABLE `vtiger_ticketseverities_seq` (
  `id` int(11) NOT NULL
) ENGINE=InnoDB DEFAULT CHARSET=utf8;

--
-- Dumping data for table `vtiger_ticketseverities_seq`
--

INSERT INTO `vtiger_ticketseverities_seq` (`id`) VALUES
(4);

-- --------------------------------------------------------

--
-- Table structure for table `vtiger_ticketstatus`
--

CREATE TABLE `vtiger_ticketstatus` (
  `ticketstatus_id` int(19) NOT NULL,
  `ticketstatus` varchar(200) DEFAULT NULL,
  `presence` int(1) NOT NULL DEFAULT '0',
  `picklist_valueid` int(19) NOT NULL DEFAULT '0',
  `sortorderid` int(11) DEFAULT NULL,
  `color` varchar(10) DEFAULT NULL
) ENGINE=InnoDB DEFAULT CHARSET=utf8;

--
-- Dumping data for table `vtiger_ticketstatus`
--

INSERT INTO `vtiger_ticketstatus` (`ticketstatus_id`, `ticketstatus`, `presence`, `picklist_valueid`, `sortorderid`, `color`) VALUES
(1, 'Open', 0, 190, 0, NULL),
(2, 'In Progress', 0, 191, 1, NULL),
(3, 'Wait For Response', 0, 192, 2, NULL),
(4, 'Closed', 0, 193, 3, NULL);

-- --------------------------------------------------------

--
-- Table structure for table `vtiger_ticketstatus_seq`
--

CREATE TABLE `vtiger_ticketstatus_seq` (
  `id` int(11) NOT NULL
) ENGINE=InnoDB DEFAULT CHARSET=utf8;

--
-- Dumping data for table `vtiger_ticketstatus_seq`
--

INSERT INTO `vtiger_ticketstatus_seq` (`id`) VALUES
(4);

-- --------------------------------------------------------

--
-- Table structure for table `vtiger_time_zone`
--

CREATE TABLE `vtiger_time_zone` (
  `time_zoneid` int(19) NOT NULL,
  `time_zone` varchar(200) NOT NULL,
  `sortorderid` int(19) NOT NULL DEFAULT '0',
  `presence` int(1) NOT NULL DEFAULT '1'
) ENGINE=InnoDB DEFAULT CHARSET=utf8;

--
-- Dumping data for table `vtiger_time_zone`
--

INSERT INTO `vtiger_time_zone` (`time_zoneid`, `time_zone`, `sortorderid`, `presence`) VALUES
(1, 'Pacific/Midway', 1, 1),
(2, 'Pacific/Samoa', 0, 1),
(3, 'Pacific/Honolulu', 2, 1),
(4, 'America/Anchorage', 3, 1),
(5, 'America/Los_Angeles', 5, 1),
(6, 'America/Tijuana', 4, 1),
(7, 'America/Denver', 6, 1),
(8, 'America/Chihuahua', 8, 1),
(9, 'America/Mazatlan', 7, 1),
(10, 'America/Phoenix', 9, 1),
(11, 'America/Regina', 10, 1),
(12, 'America/Tegucigalpa', 14, 1),
(13, 'America/Chicago', 13, 1),
(14, 'America/Mexico_City', 12, 1),
(15, 'America/Monterrey', 11, 1),
(16, 'America/New_York', 18, 1),
(17, 'America/Bogota', 19, 1),
(18, 'America/Lima', 16, 1),
(19, 'America/Rio_Branco', 15, 1),
(20, 'America/Indiana/Indianapolis', 17, 1),
(21, 'America/Caracas', 20, 1),
(22, 'America/Halifax', 25, 1),
(23, 'America/Manaus', 22, 1),
(24, 'America/Santiago', 21, 1),
(25, 'America/La_Paz', 23, 1),
(26, 'America/Cuiaba', 24, 1),
(27, 'America/Asuncion', 26, 1),
(28, 'America/St_Johns', 27, 1),
(29, 'America/Argentina/Buenos_Aires', 30, 1),
(30, 'America/Sao_Paulo', 31, 1),
(31, 'America/Godthab', 29, 1),
(32, 'America/Montevideo', 28, 1),
(33, 'Atlantic/South_Georgia', 32, 1),
(34, 'Atlantic/Azores', 34, 1),
(35, 'Atlantic/Cape_Verde', 33, 1),
(36, 'Europe/London', 37, 1),
(37, 'UTC', 36, 1),
(38, 'Africa/Monrovia', 38, 1),
(39, 'Africa/Casablanca', 35, 1),
(40, 'Europe/Belgrade', 40, 1),
(41, 'Europe/Sarajevo', 42, 1),
(42, 'Europe/Brussels', 41, 1),
(43, 'Africa/Algiers', 43, 1),
(44, 'Europe/Amsterdam', 39, 1),
(45, 'Europe/Minsk', 52, 1),
(46, 'Africa/Cairo', 47, 1),
(47, 'Europe/Helsinki', 49, 1),
(48, 'Europe/Athens', 45, 1),
(49, 'Europe/Istanbul', 50, 1),
(50, 'Asia/Jerusalem', 51, 1),
(51, 'Asia/Amman', 44, 1),
(52, 'Asia/Beirut', 46, 1),
(53, 'Africa/Windhoek', 53, 1),
(54, 'Africa/Harare', 48, 1),
(55, 'Asia/Kuwait', 55, 1),
(56, 'Asia/Baghdad', 54, 1),
(57, 'Africa/Nairobi', 57, 1),
(58, 'Asia/Tehran', 58, 1),
(59, 'Asia/Tbilisi', 61, 1),
(60, 'Europe/Moscow', 56, 1),
(61, 'Asia/Muscat', 59, 1),
(62, 'Asia/Baku', 60, 1),
(63, 'Asia/Yerevan', 62, 1),
(64, 'Asia/Karachi', 63, 1),
(65, 'Asia/Tashkent', 64, 1),
(66, 'Asia/Kolkata', 65, 1),
(67, 'Asia/Colombo', 66, 1),
(68, 'Asia/Katmandu', 67, 1),
(69, 'Asia/Dhaka', 69, 1),
(70, 'Asia/Almaty', 68, 1),
(71, 'Asia/Yekaterinburg', 70, 1),
(72, 'Asia/Rangoon', 71, 1),
(73, 'Asia/Novosibirsk', 73, 1),
(74, 'Asia/Bangkok', 72, 1),
(75, 'Asia/Brunei', 74, 1),
(76, 'Asia/Krasnoyarsk', 75, 1),
(77, 'Asia/Ulaanbaatar', 79, 1),
(78, 'Asia/Kuala_Lumpur', 76, 1),
(79, 'Asia/Taipei', 78, 1),
(80, 'Australia/Perth', 77, 1),
(81, 'Asia/Irkutsk', 80, 1),
(82, 'Asia/Seoul', 81, 1),
(83, 'Asia/Tokyo', 82, 1),
(84, 'Australia/Darwin', 84, 1),
(85, 'Australia/Adelaide', 83, 1),
(86, 'Australia/Canberra', 86, 1),
(87, 'Australia/Brisbane', 85, 1),
(88, 'Australia/Hobart', 88, 1),
(89, 'Asia/Vladivostok', 89, 1),
(90, 'Pacific/Guam', 87, 1),
(91, 'Asia/Yakutsk', 90, 1),
(92, 'Pacific/Fiji', 93, 1),
(93, 'Asia/Kamchatka', 94, 1),
(94, 'Pacific/Auckland', 92, 1),
(95, 'Asia/Magadan', 95, 1),
(96, 'Pacific/Tongatapu', 96, 1),
(97, 'Etc/GMT-11', 91, 1);

-- --------------------------------------------------------

--
-- Table structure for table `vtiger_time_zone_seq`
--

CREATE TABLE `vtiger_time_zone_seq` (
  `id` int(11) NOT NULL
) ENGINE=InnoDB DEFAULT CHARSET=utf8;

--
-- Dumping data for table `vtiger_time_zone_seq`
--

INSERT INTO `vtiger_time_zone_seq` (`id`) VALUES
(96);

-- --------------------------------------------------------

--
-- Table structure for table `vtiger_tmp_read_group_rel_sharing_per`
--

CREATE TABLE `vtiger_tmp_read_group_rel_sharing_per` (
  `userid` int(11) NOT NULL,
  `tabid` int(11) NOT NULL,
  `relatedtabid` int(11) NOT NULL,
  `sharedgroupid` int(11) NOT NULL
) ENGINE=InnoDB DEFAULT CHARSET=utf8;

-- --------------------------------------------------------

--
-- Table structure for table `vtiger_tmp_read_group_sharing_per`
--

CREATE TABLE `vtiger_tmp_read_group_sharing_per` (
  `userid` int(11) NOT NULL,
  `tabid` int(11) NOT NULL,
  `sharedgroupid` int(11) NOT NULL
) ENGINE=InnoDB DEFAULT CHARSET=utf8;

-- --------------------------------------------------------

--
-- Table structure for table `vtiger_tmp_read_user_rel_sharing_per`
--

CREATE TABLE `vtiger_tmp_read_user_rel_sharing_per` (
  `userid` int(11) NOT NULL,
  `tabid` int(11) NOT NULL,
  `relatedtabid` int(11) NOT NULL,
  `shareduserid` int(11) NOT NULL
) ENGINE=InnoDB DEFAULT CHARSET=utf8;

-- --------------------------------------------------------

--
-- Table structure for table `vtiger_tmp_read_user_sharing_per`
--

CREATE TABLE `vtiger_tmp_read_user_sharing_per` (
  `userid` int(11) NOT NULL,
  `tabid` int(11) NOT NULL,
  `shareduserid` int(11) NOT NULL
) ENGINE=InnoDB DEFAULT CHARSET=utf8;

-- --------------------------------------------------------

--
-- Table structure for table `vtiger_tmp_write_group_rel_sharing_per`
--

CREATE TABLE `vtiger_tmp_write_group_rel_sharing_per` (
  `userid` int(11) NOT NULL,
  `tabid` int(11) NOT NULL,
  `relatedtabid` int(11) NOT NULL,
  `sharedgroupid` int(11) NOT NULL
) ENGINE=InnoDB DEFAULT CHARSET=utf8;

-- --------------------------------------------------------

--
-- Table structure for table `vtiger_tmp_write_group_sharing_per`
--

CREATE TABLE `vtiger_tmp_write_group_sharing_per` (
  `userid` int(11) NOT NULL,
  `tabid` int(11) NOT NULL,
  `sharedgroupid` int(11) NOT NULL
) ENGINE=InnoDB DEFAULT CHARSET=utf8;

-- --------------------------------------------------------

--
-- Table structure for table `vtiger_tmp_write_user_rel_sharing_per`
--

CREATE TABLE `vtiger_tmp_write_user_rel_sharing_per` (
  `userid` int(11) NOT NULL,
  `tabid` int(11) NOT NULL,
  `relatedtabid` int(11) NOT NULL,
  `shareduserid` int(11) NOT NULL
) ENGINE=InnoDB DEFAULT CHARSET=utf8;

-- --------------------------------------------------------

--
-- Table structure for table `vtiger_tmp_write_user_sharing_per`
--

CREATE TABLE `vtiger_tmp_write_user_sharing_per` (
  `userid` int(11) NOT NULL,
  `tabid` int(11) NOT NULL,
  `shareduserid` int(11) NOT NULL
) ENGINE=InnoDB DEFAULT CHARSET=utf8;

-- --------------------------------------------------------

--
-- Table structure for table `vtiger_tracker`
--

CREATE TABLE `vtiger_tracker` (
  `id` int(11) NOT NULL,
  `user_id` varchar(36) DEFAULT NULL,
  `module_name` varchar(25) DEFAULT NULL,
  `item_id` varchar(36) DEFAULT NULL,
  `item_summary` varchar(255) DEFAULT NULL
) ENGINE=InnoDB DEFAULT CHARSET=utf8;

-- --------------------------------------------------------

--
-- Table structure for table `vtiger_tracking_unit`
--

CREATE TABLE `vtiger_tracking_unit` (
  `tracking_unitid` int(11) NOT NULL,
  `tracking_unit` varchar(200) NOT NULL,
  `presence` int(1) NOT NULL DEFAULT '1',
  `picklist_valueid` int(11) NOT NULL DEFAULT '0',
  `sortorderid` int(11) DEFAULT '0',
  `color` varchar(10) DEFAULT NULL
) ENGINE=InnoDB DEFAULT CHARSET=utf8;

--
-- Dumping data for table `vtiger_tracking_unit`
--

INSERT INTO `vtiger_tracking_unit` (`tracking_unitid`, `tracking_unit`, `presence`, `picklist_valueid`, `sortorderid`, `color`) VALUES
(2, 'Hours', 1, 220, 2, NULL),
(3, 'Days', 1, 221, 3, NULL),
(4, 'Incidents', 1, 222, 4, NULL);

-- --------------------------------------------------------

--
-- Table structure for table `vtiger_tracking_unit_seq`
--

CREATE TABLE `vtiger_tracking_unit_seq` (
  `id` int(11) NOT NULL
) ENGINE=InnoDB DEFAULT CHARSET=utf8;

--
-- Dumping data for table `vtiger_tracking_unit_seq`
--

INSERT INTO `vtiger_tracking_unit_seq` (`id`) VALUES
(4);

-- --------------------------------------------------------

--
-- Table structure for table `vtiger_troubletickets`
--

CREATE TABLE `vtiger_troubletickets` (
  `ticketid` int(19) NOT NULL,
  `ticket_no` varchar(100) NOT NULL,
  `groupname` varchar(100) DEFAULT NULL,
  `parent_id` varchar(100) DEFAULT NULL,
  `product_id` varchar(100) DEFAULT NULL,
  `priority` varchar(200) DEFAULT NULL,
  `severity` varchar(200) DEFAULT NULL,
  `status` varchar(200) DEFAULT NULL,
  `category` varchar(200) DEFAULT NULL,
  `title` varchar(255) NOT NULL,
  `solution` text,
  `update_log` text,
  `version_id` int(11) DEFAULT NULL,
  `hours` decimal(25,8) DEFAULT NULL,
  `days` decimal(25,8) DEFAULT NULL,
  `contact_id` int(19) DEFAULT NULL,
  `tags` varchar(1) DEFAULT NULL
) ENGINE=InnoDB DEFAULT CHARSET=utf8;

-- --------------------------------------------------------

--
-- Table structure for table `vtiger_usageunit`
--

CREATE TABLE `vtiger_usageunit` (
  `usageunitid` int(19) NOT NULL,
  `usageunit` varchar(200) NOT NULL,
  `presence` int(1) NOT NULL DEFAULT '1',
  `picklist_valueid` int(19) NOT NULL DEFAULT '0',
  `sortorderid` int(11) DEFAULT NULL,
  `color` varchar(10) DEFAULT NULL
) ENGINE=InnoDB DEFAULT CHARSET=utf8;

--
-- Dumping data for table `vtiger_usageunit`
--

INSERT INTO `vtiger_usageunit` (`usageunitid`, `usageunit`, `presence`, `picklist_valueid`, `sortorderid`, `color`) VALUES
(1, 'Box', 1, 194, 6, NULL),
(17, 'PCS', 1, 303, 3, '#ffffff'),
(18, 'SETS', 1, 304, 5, '#ffffff'),
(19, 'Kg', 1, 305, 1, '#ffffff'),
(20, 'NOS', 1, 322, 4, NULL),
(21, 'Ton', 1, 348, 2, '#ffffff');

-- --------------------------------------------------------

--
-- Table structure for table `vtiger_usageunit_seq`
--

CREATE TABLE `vtiger_usageunit_seq` (
  `id` int(11) NOT NULL
) ENGINE=InnoDB DEFAULT CHARSET=utf8;

--
-- Dumping data for table `vtiger_usageunit_seq`
--

INSERT INTO `vtiger_usageunit_seq` (`id`) VALUES
(21);

-- --------------------------------------------------------

--
-- Table structure for table `vtiger_user2mergefields`
--

CREATE TABLE `vtiger_user2mergefields` (
  `userid` int(11) DEFAULT NULL,
  `tabid` int(19) DEFAULT NULL,
  `fieldid` int(19) DEFAULT NULL,
  `visible` int(2) DEFAULT NULL
) ENGINE=InnoDB DEFAULT CHARSET=utf8;

-- --------------------------------------------------------

--
-- Table structure for table `vtiger_user2role`
--

CREATE TABLE `vtiger_user2role` (
  `userid` int(11) NOT NULL,
  `roleid` varchar(255) NOT NULL
) ENGINE=InnoDB DEFAULT CHARSET=utf8;

--
-- Dumping data for table `vtiger_user2role`
--

INSERT INTO `vtiger_user2role` (`userid`, `roleid`) VALUES
(1, 'H2'),
(5, 'H2');

-- --------------------------------------------------------

--
-- Table structure for table `vtiger_users`
--

CREATE TABLE `vtiger_users` (
  `id` int(11) NOT NULL,
  `user_name` varchar(255) DEFAULT NULL,
  `user_password` varchar(200) DEFAULT NULL,
  `user_hash` varchar(32) DEFAULT NULL,
  `cal_color` varchar(25) DEFAULT '#E6FAD8',
  `first_name` varchar(30) DEFAULT NULL,
  `last_name` varchar(30) DEFAULT NULL,
  `reports_to_id` varchar(36) DEFAULT NULL,
  `is_admin` varchar(3) DEFAULT '0',
  `currency_id` int(19) NOT NULL DEFAULT '1',
  `description` text,
  `date_entered` timestamp NOT NULL DEFAULT CURRENT_TIMESTAMP ON UPDATE CURRENT_TIMESTAMP,
  `date_modified` datetime DEFAULT NULL,
  `modified_user_id` varchar(36) DEFAULT NULL,
  `title` varchar(50) DEFAULT NULL,
  `department` varchar(50) DEFAULT NULL,
  `phone_home` varchar(50) DEFAULT NULL,
  `phone_mobile` varchar(50) DEFAULT NULL,
  `phone_work` varchar(50) DEFAULT NULL,
  `phone_other` varchar(50) DEFAULT NULL,
  `phone_fax` varchar(50) DEFAULT NULL,
  `email1` varchar(100) DEFAULT NULL,
  `email2` varchar(100) DEFAULT NULL,
  `secondaryemail` varchar(100) DEFAULT NULL,
  `status` varchar(25) DEFAULT NULL,
  `signature` text,
  `address_street` varchar(150) DEFAULT NULL,
  `address_city` varchar(100) DEFAULT NULL,
  `address_state` varchar(100) DEFAULT NULL,
  `address_country` varchar(25) DEFAULT NULL,
  `address_postalcode` varchar(9) DEFAULT NULL,
  `user_preferences` text,
  `tz` varchar(30) DEFAULT NULL,
  `holidays` varchar(60) DEFAULT NULL,
  `namedays` varchar(60) DEFAULT NULL,
  `workdays` varchar(30) DEFAULT NULL,
  `weekstart` int(11) DEFAULT NULL,
  `date_format` varchar(200) DEFAULT NULL,
  `hour_format` varchar(30) DEFAULT 'am/pm',
  `start_hour` varchar(30) DEFAULT '10:00',
  `end_hour` varchar(30) DEFAULT '23:00',
  `is_owner` varchar(100) DEFAULT '0',
  `activity_view` varchar(200) DEFAULT 'Today',
  `lead_view` varchar(200) DEFAULT 'Today',
  `imagename` varchar(250) DEFAULT NULL,
  `deleted` int(1) NOT NULL DEFAULT '0',
  `confirm_password` varchar(300) DEFAULT NULL,
  `internal_mailer` varchar(3) NOT NULL DEFAULT '1',
  `reminder_interval` varchar(100) DEFAULT NULL,
  `reminder_next_time` varchar(100) DEFAULT NULL,
  `crypt_type` varchar(20) NOT NULL DEFAULT 'MD5',
  `accesskey` varchar(36) DEFAULT NULL,
  `theme` varchar(100) DEFAULT NULL,
  `language` varchar(36) DEFAULT NULL,
  `time_zone` varchar(200) DEFAULT NULL,
  `currency_grouping_pattern` varchar(100) DEFAULT NULL,
  `currency_decimal_separator` varchar(2) DEFAULT NULL,
  `currency_grouping_separator` varchar(2) DEFAULT NULL,
  `currency_symbol_placement` varchar(20) DEFAULT NULL,
  `phone_crm_extension` varchar(100) DEFAULT NULL,
  `no_of_currency_decimals` varchar(2) DEFAULT NULL,
  `truncate_trailing_zeros` varchar(3) DEFAULT NULL,
  `dayoftheweek` varchar(100) DEFAULT NULL,
  `callduration` varchar(100) DEFAULT NULL,
  `othereventduration` varchar(100) DEFAULT NULL,
  `calendarsharedtype` varchar(100) DEFAULT NULL,
  `default_record_view` varchar(10) DEFAULT NULL,
  `leftpanelhide` varchar(3) DEFAULT NULL,
  `rowheight` varchar(10) DEFAULT NULL,
  `defaulteventstatus` varchar(50) DEFAULT NULL,
  `defaultactivitytype` varchar(50) DEFAULT NULL,
  `hidecompletedevents` int(11) DEFAULT NULL,
  `defaultcalendarview` varchar(100) DEFAULT NULL
) ENGINE=InnoDB DEFAULT CHARSET=utf8;

--
-- Dumping data for table `vtiger_users`
--

INSERT INTO `vtiger_users` (`id`, `user_name`, `user_password`, `user_hash`, `cal_color`, `first_name`, `last_name`, `reports_to_id`, `is_admin`, `currency_id`, `description`, `date_entered`, `date_modified`, `modified_user_id`, `title`, `department`, `phone_home`, `phone_mobile`, `phone_work`, `phone_other`, `phone_fax`, `email1`, `email2`, `secondaryemail`, `status`, `signature`, `address_street`, `address_city`, `address_state`, `address_country`, `address_postalcode`, `user_preferences`, `tz`, `holidays`, `namedays`, `workdays`, `weekstart`, `date_format`, `hour_format`, `start_hour`, `end_hour`, `is_owner`, `activity_view`, `lead_view`, `imagename`, `deleted`, `confirm_password`, `internal_mailer`, `reminder_interval`, `reminder_next_time`, `crypt_type`, `accesskey`, `theme`, `language`, `time_zone`, `currency_grouping_pattern`, `currency_decimal_separator`, `currency_grouping_separator`, `currency_symbol_placement`, `phone_crm_extension`, `no_of_currency_decimals`, `truncate_trailing_zeros`, `dayoftheweek`, `callduration`, `othereventduration`, `calendarsharedtype`, `default_record_view`, `leftpanelhide`, `rowheight`, `defaulteventstatus`, `defaultactivitytype`, `hidecompletedevents`, `defaultcalendarview`) VALUES
(1, 'admin', '$1$ad000000$YZ7XzlvCtxCHJ5WXjNVVP0', 'd41d8cd98f00b204e9800998ecf8427e', '#E6FAD8', '', 'Administrator', '', 'on', 1, '', '2019-09-19 05:44:23', NULL, NULL, '', '', '', '', '', '', '', 'admin@processitglobal.com', '', '', 'Active', '', '', '', '', '', '', NULL, NULL, NULL, NULL, NULL, NULL, 'dd-mm-yyyy', '12', '00:00', '23:00', '1', 'This Week', 'Today', '', 0, '$1$ad000000$nYTnfhTZRmUP.wQT9y1AE.', '1', '1 Day', NULL, 'PHP5.3MD5', 'vkmp6k9qqo6d1xqz', 'alphagrey', 'en_us', 'Asia/Kolkata', '123,456,789', '.', ',', '$1.0', '', '2', '1', 'Sunday', '5', '5', 'public', 'Summary', '0', '', 'Planned', 'Call', 0, 'MyCalendar'),
(5, 'test', '$1$te000000$bZ3hbZ3jasTNEoChn4Izc.', '2aefc34200a294a3cc7db81b43a81873', '#E6FAD8', '', 'hello', '', 'off', 1, '', '2019-07-03 07:02:31', NULL, NULL, '', '', '', '', '', '', '', 'demo@gmail.com', 'demo1@gmail.com', '', 'Active', '', '', 'kolkata', 'West Bengal', 'india', '768003', NULL, NULL, NULL, NULL, NULL, NULL, 'yyyy-mm-dd', '12', '09:00', '', '', 'Today', 'Today', '', 0, '$1$te000000$bZ3hbZ3jasTNEoChn4Izc.', '0', '', NULL, 'PHP5.3MD5', '3kYhfUzAtfDNHfF', 'softed', 'en_us', 'UTC', '123,456,789', '.', ',', '$1.0', '', '2', '0', 'Sunday', '5', '5', 'public', 'Summary', '0', 'medium', NULL, NULL, 0, '');

-- --------------------------------------------------------

--
-- Table structure for table `vtiger_users2group`
--

CREATE TABLE `vtiger_users2group` (
  `groupid` int(19) NOT NULL,
  `userid` int(19) NOT NULL
) ENGINE=InnoDB DEFAULT CHARSET=utf8;

--
-- Dumping data for table `vtiger_users2group`
--

INSERT INTO `vtiger_users2group` (`groupid`, `userid`) VALUES
(3, 1);

-- --------------------------------------------------------

--
-- Table structure for table `vtiger_users_last_import`
--

CREATE TABLE `vtiger_users_last_import` (
  `id` int(36) NOT NULL,
  `assigned_user_id` varchar(36) DEFAULT NULL,
  `bean_type` varchar(36) DEFAULT NULL,
  `bean_id` varchar(36) DEFAULT NULL,
  `deleted` int(1) NOT NULL DEFAULT '0'
) ENGINE=InnoDB DEFAULT CHARSET=utf8;

-- --------------------------------------------------------

--
-- Table structure for table `vtiger_users_seq`
--

CREATE TABLE `vtiger_users_seq` (
  `id` int(11) NOT NULL
) ENGINE=InnoDB DEFAULT CHARSET=utf8;

--
-- Dumping data for table `vtiger_users_seq`
--

INSERT INTO `vtiger_users_seq` (`id`) VALUES
(5);

-- --------------------------------------------------------

--
-- Table structure for table `vtiger_user_module_preferences`
--

CREATE TABLE `vtiger_user_module_preferences` (
  `userid` int(19) NOT NULL,
  `tabid` int(19) NOT NULL,
  `default_cvid` int(19) NOT NULL
) ENGINE=InnoDB DEFAULT CHARSET=utf8;

--
-- Dumping data for table `vtiger_user_module_preferences`
--

INSERT INTO `vtiger_user_module_preferences` (`userid`, `tabid`, `default_cvid`) VALUES
(1, 14, 61),
(1, 50, 63),
(1, 54, 62);

-- --------------------------------------------------------

--
-- Table structure for table `vtiger_vendor`
--

CREATE TABLE `vtiger_vendor` (
  `vendorid` int(19) NOT NULL DEFAULT '0',
  `vendor_no` varchar(100) NOT NULL,
  `vendorname` varchar(100) DEFAULT NULL,
  `phone` varchar(100) DEFAULT NULL,
  `email` varchar(100) DEFAULT NULL,
  `website` varchar(100) DEFAULT NULL,
  `glacct` varchar(200) DEFAULT NULL,
  `category` varchar(50) DEFAULT NULL,
  `street` text,
  `city` varchar(30) DEFAULT NULL,
  `state` varchar(30) DEFAULT NULL,
  `pobox` varchar(30) DEFAULT NULL,
  `postalcode` varchar(100) DEFAULT NULL,
  `country` varchar(100) DEFAULT NULL,
  `description` text,
  `tags` varchar(1) DEFAULT NULL
) ENGINE=InnoDB DEFAULT CHARSET=utf8;

-- --------------------------------------------------------

--
-- Table structure for table `vtiger_vendorcf`
--

CREATE TABLE `vtiger_vendorcf` (
  `vendorid` int(19) NOT NULL DEFAULT '0'
) ENGINE=InnoDB DEFAULT CHARSET=utf8;

-- --------------------------------------------------------

--
-- Table structure for table `vtiger_vendorcontactrel`
--

CREATE TABLE `vtiger_vendorcontactrel` (
  `vendorid` int(19) NOT NULL DEFAULT '0',
  `contactid` int(19) NOT NULL DEFAULT '0'
) ENGINE=InnoDB DEFAULT CHARSET=utf8;

-- --------------------------------------------------------

--
-- Table structure for table `vtiger_version`
--

CREATE TABLE `vtiger_version` (
  `id` int(11) NOT NULL,
  `old_version` varchar(30) DEFAULT NULL,
  `current_version` varchar(30) DEFAULT NULL
) ENGINE=InnoDB DEFAULT CHARSET=utf8;

--
-- Dumping data for table `vtiger_version`
--

INSERT INTO `vtiger_version` (`id`, `old_version`, `current_version`) VALUES
(1, '7.1.0', '7.1.0');

-- --------------------------------------------------------

--
-- Table structure for table `vtiger_version_seq`
--

CREATE TABLE `vtiger_version_seq` (
  `id` int(11) NOT NULL
) ENGINE=InnoDB DEFAULT CHARSET=utf8;

--
-- Dumping data for table `vtiger_version_seq`
--

INSERT INTO `vtiger_version_seq` (`id`) VALUES
(1);

-- --------------------------------------------------------

--
-- Table structure for table `vtiger_visibility`
--

CREATE TABLE `vtiger_visibility` (
  `visibilityid` int(19) NOT NULL,
  `visibility` varchar(200) NOT NULL,
  `sortorderid` int(19) NOT NULL DEFAULT '0',
  `presence` int(1) NOT NULL DEFAULT '1',
  `color` varchar(10) DEFAULT NULL
) ENGINE=InnoDB DEFAULT CHARSET=utf8;

--
-- Dumping data for table `vtiger_visibility`
--

INSERT INTO `vtiger_visibility` (`visibilityid`, `visibility`, `sortorderid`, `presence`, `color`) VALUES
(1, 'Private', 0, 1, NULL),
(2, 'Public', 1, 1, NULL);

-- --------------------------------------------------------

--
-- Table structure for table `vtiger_visibility_seq`
--

CREATE TABLE `vtiger_visibility_seq` (
  `id` int(11) NOT NULL
) ENGINE=InnoDB DEFAULT CHARSET=utf8;

--
-- Dumping data for table `vtiger_visibility_seq`
--

INSERT INTO `vtiger_visibility_seq` (`id`) VALUES
(2);

-- --------------------------------------------------------

--
-- Table structure for table `vtiger_webforms`
--

CREATE TABLE `vtiger_webforms` (
  `id` int(19) NOT NULL,
  `name` varchar(100) NOT NULL,
  `publicid` varchar(100) NOT NULL,
  `enabled` int(1) NOT NULL DEFAULT '1',
  `targetmodule` varchar(50) NOT NULL,
  `description` text,
  `ownerid` int(19) NOT NULL,
  `returnurl` varchar(250) DEFAULT NULL,
  `captcha` int(1) NOT NULL DEFAULT '0',
  `roundrobin` int(1) NOT NULL DEFAULT '0',
  `roundrobin_userid` varchar(256) DEFAULT NULL,
  `roundrobin_logic` int(11) NOT NULL DEFAULT '0'
) ENGINE=InnoDB DEFAULT CHARSET=utf8;

-- --------------------------------------------------------

--
-- Table structure for table `vtiger_webforms_field`
--

CREATE TABLE `vtiger_webforms_field` (
  `id` int(19) NOT NULL,
  `webformid` int(19) NOT NULL,
  `fieldname` varchar(50) NOT NULL,
  `neutralizedfield` varchar(50) NOT NULL,
  `defaultvalue` text,
  `required` int(10) NOT NULL DEFAULT '0',
  `sequence` int(10) DEFAULT NULL,
  `hidden` int(10) DEFAULT NULL
) ENGINE=InnoDB DEFAULT CHARSET=utf8;

-- --------------------------------------------------------

--
-- Table structure for table `vtiger_webform_file_fields`
--

CREATE TABLE `vtiger_webform_file_fields` (
  `id` int(19) NOT NULL,
  `webformid` int(19) NOT NULL,
  `fieldname` varchar(100) NOT NULL,
  `fieldlabel` varchar(100) NOT NULL,
  `required` int(1) NOT NULL DEFAULT '0'
) ENGINE=InnoDB DEFAULT CHARSET=utf8;

-- --------------------------------------------------------

--
-- Table structure for table `vtiger_wordtemplates`
--

CREATE TABLE `vtiger_wordtemplates` (
  `templateid` int(19) NOT NULL,
  `filename` varchar(100) NOT NULL,
  `module` varchar(30) NOT NULL,
  `date_entered` timestamp NOT NULL DEFAULT CURRENT_TIMESTAMP ON UPDATE CURRENT_TIMESTAMP,
  `parent_type` varchar(50) NOT NULL,
  `data` longblob,
  `description` text,
  `filesize` varchar(50) NOT NULL,
  `filetype` varchar(20) NOT NULL,
  `deleted` int(1) NOT NULL DEFAULT '0'
) ENGINE=InnoDB DEFAULT CHARSET=utf8;

-- --------------------------------------------------------

--
-- Table structure for table `vtiger_wsapp`
--

CREATE TABLE `vtiger_wsapp` (
  `appid` int(11) NOT NULL,
  `name` varchar(200) NOT NULL,
  `appkey` varchar(255) DEFAULT NULL,
  `type` varchar(100) DEFAULT NULL
) ENGINE=InnoDB DEFAULT CHARSET=utf8;

--
-- Dumping data for table `vtiger_wsapp`
--

INSERT INTO `vtiger_wsapp` (`appid`, `name`, `appkey`, `type`) VALUES
(1, 'vtigerCRM', '5c7cfc8d6a920', 'user');

-- --------------------------------------------------------

--
-- Table structure for table `vtiger_wsapp_handlerdetails`
--

CREATE TABLE `vtiger_wsapp_handlerdetails` (
  `type` varchar(200) NOT NULL,
  `handlerclass` varchar(100) DEFAULT NULL,
  `handlerpath` varchar(300) DEFAULT NULL
) ENGINE=InnoDB DEFAULT CHARSET=utf8;

--
-- Dumping data for table `vtiger_wsapp_handlerdetails`
--

INSERT INTO `vtiger_wsapp_handlerdetails` (`type`, `handlerclass`, `handlerpath`) VALUES
('Outlook', 'OutlookHandler', 'modules/WSAPP/Handlers/OutlookHandler.php'),
('vtigerCRM', 'vtigerCRMHandler', 'modules/WSAPP/Handlers/vtigerCRMHandler.php'),
('vtigerSyncLib', 'WSAPP_VtigerSyncEventHandler', 'modules/WSAPP/synclib/handlers/VtigerSyncEventHandler.php'),
('Google_vtigerHandler', 'Google_Vtiger_Handler', 'modules/Google/handlers/Vtiger.php'),
('Google_vtigerSyncHandler', 'Google_VtigerSync_Handler', 'modules/Google/handlers/VtigerSync.php');

-- --------------------------------------------------------

--
-- Table structure for table `vtiger_wsapp_logs_basic`
--

CREATE TABLE `vtiger_wsapp_logs_basic` (
  `id` int(25) NOT NULL,
  `extensiontabid` int(19) DEFAULT NULL,
  `module` varchar(50) NOT NULL,
  `sync_datetime` datetime NOT NULL,
  `app_create_count` int(11) DEFAULT NULL,
  `app_update_count` int(11) DEFAULT NULL,
  `app_delete_count` int(11) DEFAULT NULL,
  `app_skip_count` int(11) DEFAULT NULL,
  `vt_create_count` int(11) DEFAULT NULL,
  `vt_update_count` int(11) DEFAULT NULL,
  `vt_delete_count` int(11) DEFAULT NULL,
  `vt_skip_count` int(11) DEFAULT NULL,
  `userid` int(11) DEFAULT NULL
) ENGINE=InnoDB DEFAULT CHARSET=utf8;

-- --------------------------------------------------------

--
-- Table structure for table `vtiger_wsapp_logs_details`
--

CREATE TABLE `vtiger_wsapp_logs_details` (
  `id` int(25) NOT NULL,
  `app_create_ids` mediumtext,
  `app_update_ids` mediumtext,
  `app_delete_ids` mediumtext,
  `app_skip_info` mediumtext,
  `vt_create_ids` mediumtext,
  `vt_update_ids` mediumtext,
  `vt_delete_ids` mediumtext,
  `vt_skip_info` mediumtext
) ENGINE=InnoDB DEFAULT CHARSET=utf8;

-- --------------------------------------------------------

--
-- Table structure for table `vtiger_wsapp_queuerecords`
--

CREATE TABLE `vtiger_wsapp_queuerecords` (
  `syncserverid` int(19) DEFAULT NULL,
  `details` varchar(300) DEFAULT NULL,
  `flag` varchar(100) DEFAULT NULL,
  `appid` int(19) DEFAULT NULL
) ENGINE=InnoDB DEFAULT CHARSET=utf8;

-- --------------------------------------------------------

--
-- Table structure for table `vtiger_wsapp_recordmapping`
--

CREATE TABLE `vtiger_wsapp_recordmapping` (
  `id` int(19) NOT NULL,
  `serverid` varchar(10) DEFAULT NULL,
  `clientid` varchar(255) DEFAULT NULL,
  `clientmodifiedtime` datetime DEFAULT NULL,
  `appid` int(11) DEFAULT NULL,
  `servermodifiedtime` datetime DEFAULT NULL,
  `serverappid` int(11) DEFAULT NULL
) ENGINE=InnoDB DEFAULT CHARSET=utf8;

-- --------------------------------------------------------

--
-- Table structure for table `vtiger_wsapp_sync_state`
--

CREATE TABLE `vtiger_wsapp_sync_state` (
  `id` int(19) NOT NULL,
  `name` varchar(200) DEFAULT NULL,
  `stateencodedvalues` varchar(300) NOT NULL,
  `userid` int(19) DEFAULT NULL
) ENGINE=InnoDB DEFAULT CHARSET=utf8;

-- --------------------------------------------------------

--
-- Table structure for table `vtiger_ws_entity`
--

CREATE TABLE `vtiger_ws_entity` (
  `id` int(11) NOT NULL,
  `name` varchar(25) NOT NULL,
  `handler_path` varchar(255) NOT NULL,
  `handler_class` varchar(64) NOT NULL,
  `ismodule` int(3) NOT NULL
) ENGINE=InnoDB DEFAULT CHARSET=utf8;

--
-- Dumping data for table `vtiger_ws_entity`
--

INSERT INTO `vtiger_ws_entity` (`id`, `name`, `handler_path`, `handler_class`, `ismodule`) VALUES
(1, 'Campaigns', 'include/Webservices/VtigerModuleOperation.php', 'VtigerModuleOperation', 1),
(2, 'Vendors', 'include/Webservices/VtigerModuleOperation.php', 'VtigerModuleOperation', 1),
(3, 'Faq', 'include/Webservices/VtigerModuleOperation.php', 'VtigerModuleOperation', 1),
(4, 'Quotes', 'include/Webservices/LineItem/VtigerInventoryOperation.php', 'VtigerInventoryOperation', 1),
(5, 'PurchaseOrder', 'include/Webservices/LineItem/VtigerInventoryOperation.php', 'VtigerInventoryOperation', 1),
(6, 'SalesOrder', 'include/Webservices/LineItem/VtigerInventoryOperation.php', 'VtigerInventoryOperation', 1),
(7, 'Invoice', 'include/Webservices/LineItem/VtigerInventoryOperation.php', 'VtigerInventoryOperation', 1),
(8, 'PriceBooks', 'include/Webservices/VtigerModuleOperation.php', 'VtigerModuleOperation', 1),
(9, 'Calendar', 'include/Webservices/VtigerModuleOperation.php', 'VtigerModuleOperation', 1),
(10, 'Leads', 'include/Webservices/VtigerModuleOperation.php', 'VtigerModuleOperation', 1),
(11, 'Accounts', 'include/Webservices/VtigerModuleOperation.php', 'VtigerModuleOperation', 1),
(12, 'Contacts', 'include/Webservices/VtigerModuleOperation.php', 'VtigerModuleOperation', 1),
(13, 'Potentials', 'include/Webservices/VtigerModuleOperation.php', 'VtigerModuleOperation', 1),
(14, 'Products', 'include/Webservices/VtigerProductOperation.php', 'VtigerProductOperation', 1),
(15, 'Documents', 'include/Webservices/VtigerModuleOperation.php', 'VtigerModuleOperation', 1),
(16, 'Emails', 'include/Webservices/VtigerModuleOperation.php', 'VtigerModuleOperation', 1),
(17, 'HelpDesk', 'include/Webservices/VtigerModuleOperation.php', 'VtigerModuleOperation', 1),
(18, 'Events', 'include/Webservices/VtigerModuleOperation.php', 'VtigerModuleOperation', 1),
(19, 'Users', 'include/Webservices/VtigerModuleOperation.php', 'VtigerModuleOperation', 1),
(20, 'Groups', 'include/Webservices/VtigerActorOperation.php', 'VtigerActorOperation', 0),
(21, 'Currency', 'include/Webservices/VtigerActorOperation.php', 'VtigerActorOperation', 0),
(22, 'DocumentFolders', 'include/Webservices/VtigerActorOperation.php', 'VtigerActorOperation', 0),
(23, 'CompanyDetails', 'include/Webservices/VtigerCompanyDetails.php', 'VtigerCompanyDetails', 0),
(24, 'PBXManager', 'include/Webservices/VtigerModuleOperation.php', 'VtigerModuleOperation', 1),
(25, 'Services', 'include/Webservices/VtigerProductOperation.php', 'VtigerProductOperation', 1),
(26, 'ServiceContracts', 'include/Webservices/VtigerModuleOperation.php', 'VtigerModuleOperation', 1),
(27, 'SMSNotifier', 'include/Webservices/VtigerModuleOperation.php', 'VtigerModuleOperation', 1),
(28, 'Assets', 'include/Webservices/VtigerModuleOperation.php', 'VtigerModuleOperation', 1),
(29, 'ModComments', 'include/Webservices/VtigerModuleOperation.php', 'VtigerModuleOperation', 1),
(30, 'ProjectMilestone', 'include/Webservices/VtigerModuleOperation.php', 'VtigerModuleOperation', 1),
(31, 'ProjectTask', 'include/Webservices/VtigerModuleOperation.php', 'VtigerModuleOperation', 1),
(32, 'Project', 'include/Webservices/VtigerModuleOperation.php', 'VtigerModuleOperation', 1),
(33, 'LineItem', 'include/Webservices/LineItem/VtigerLineItemOperation.php', 'VtigerLineItemOperation', 0),
(34, 'Tax', 'include/Webservices/LineItem/VtigerTaxOperation.php', 'VtigerTaxOperation', 0),
(35, 'ProductTaxes', 'include/Webservices/LineItem/VtigerProductTaxesOperation.php', 'VtigerProductTaxesOperation', 0),
(36, 'Batch', 'include/Webservices/VtigerModuleOperation.php', 'VtigerModuleOperation', 1),
(37, 'BatchInventory', 'include/Webservices/VtigerModuleOperation.php', 'VtigerModuleOperation', 1),
(38, 'HeatRun', 'include/Webservices/VtigerModuleOperation.php', 'VtigerModuleOperation', 1),
(39, 'BatchMovement', 'include/Webservices/VtigerModuleOperation.php', 'VtigerModuleOperation', 1),
(40, 'Cork', 'include/Webservices/VtigerModuleOperation.php', 'VtigerModuleOperation', 1),
(42, 'Dispatch', 'include/Webservices/VtigerModuleOperation.php', 'VtigerModuleOperation', 1),
(43, 'Rejection', 'include/Webservices/VtigerModuleOperation.php', 'VtigerModuleOperation', 1);

-- --------------------------------------------------------

--
-- Table structure for table `vtiger_ws_entity_fieldtype`
--

CREATE TABLE `vtiger_ws_entity_fieldtype` (
  `fieldtypeid` int(19) NOT NULL,
  `table_name` varchar(50) NOT NULL,
  `field_name` varchar(50) NOT NULL,
  `fieldtype` varchar(200) NOT NULL
) ENGINE=InnoDB DEFAULT CHARSET=utf8;

--
-- Dumping data for table `vtiger_ws_entity_fieldtype`
--

INSERT INTO `vtiger_ws_entity_fieldtype` (`fieldtypeid`, `table_name`, `field_name`, `fieldtype`) VALUES
(1, 'vtiger_attachmentsfolder', 'createdby', 'reference'),
(2, 'vtiger_organizationdetails', 'logoname', 'file'),
(3, 'vtiger_organizationdetails', 'phone', 'phone'),
(4, 'vtiger_organizationdetails', 'fax', 'phone'),
(5, 'vtiger_organizationdetails', 'website', 'url'),
(6, 'vtiger_inventoryproductrel', 'productid', 'reference'),
(7, 'vtiger_inventoryproductrel', 'id', 'reference'),
(8, 'vtiger_inventoryproductrel', 'incrementondel', 'autogenerated'),
(9, 'vtiger_producttaxrel', 'productid', 'reference'),
(10, 'vtiger_producttaxrel', 'taxid', 'reference');

-- --------------------------------------------------------

--
-- Table structure for table `vtiger_ws_entity_fieldtype_seq`
--

CREATE TABLE `vtiger_ws_entity_fieldtype_seq` (
  `id` int(11) NOT NULL
) ENGINE=InnoDB DEFAULT CHARSET=utf8;

--
-- Dumping data for table `vtiger_ws_entity_fieldtype_seq`
--

INSERT INTO `vtiger_ws_entity_fieldtype_seq` (`id`) VALUES
(10);

-- --------------------------------------------------------

--
-- Table structure for table `vtiger_ws_entity_name`
--

CREATE TABLE `vtiger_ws_entity_name` (
  `entity_id` int(11) NOT NULL,
  `name_fields` varchar(50) NOT NULL,
  `index_field` varchar(50) NOT NULL,
  `table_name` varchar(50) NOT NULL
) ENGINE=InnoDB DEFAULT CHARSET=utf8;

--
-- Dumping data for table `vtiger_ws_entity_name`
--

INSERT INTO `vtiger_ws_entity_name` (`entity_id`, `name_fields`, `index_field`, `table_name`) VALUES
(20, 'groupname', 'groupid', 'vtiger_groups'),
(21, 'currency_name', 'id', 'vtiger_currency_info'),
(22, 'foldername', 'folderid', 'vtiger_attachmentsfolder'),
(23, 'organizationname', 'groupid', 'vtiger_organizationdetails'),
(34, 'taxlabel', 'taxid', 'vtiger_inventorytaxinfo');

-- --------------------------------------------------------

--
-- Table structure for table `vtiger_ws_entity_referencetype`
--

CREATE TABLE `vtiger_ws_entity_referencetype` (
  `fieldtypeid` int(19) NOT NULL,
  `type` varchar(25) NOT NULL
) ENGINE=InnoDB DEFAULT CHARSET=utf8;

--
-- Dumping data for table `vtiger_ws_entity_referencetype`
--

INSERT INTO `vtiger_ws_entity_referencetype` (`fieldtypeid`, `type`) VALUES
(5, 'Users'),
(6, 'Products'),
(7, 'Invoice'),
(7, 'PurchaseOrder'),
(7, 'Quotes'),
(7, 'SalesOrder'),
(9, 'Products'),
(10, 'Tax');

-- --------------------------------------------------------

--
-- Table structure for table `vtiger_ws_entity_seq`
--

CREATE TABLE `vtiger_ws_entity_seq` (
  `id` int(11) NOT NULL
) ENGINE=InnoDB DEFAULT CHARSET=utf8;

--
-- Dumping data for table `vtiger_ws_entity_seq`
--

INSERT INTO `vtiger_ws_entity_seq` (`id`) VALUES
(43);

-- --------------------------------------------------------

--
-- Table structure for table `vtiger_ws_entity_tables`
--

CREATE TABLE `vtiger_ws_entity_tables` (
  `webservice_entity_id` int(11) NOT NULL,
  `table_name` varchar(50) NOT NULL
) ENGINE=InnoDB DEFAULT CHARSET=utf8;

--
-- Dumping data for table `vtiger_ws_entity_tables`
--

INSERT INTO `vtiger_ws_entity_tables` (`webservice_entity_id`, `table_name`) VALUES
(20, 'vtiger_groups'),
(21, 'vtiger_currency_info'),
(22, 'vtiger_attachmentsfolder'),
(23, 'vtiger_organizationdetails'),
(33, 'vtiger_inventoryproductrel'),
(34, 'vtiger_inventorytaxinfo'),
(35, 'vtiger_producttaxrel');

-- --------------------------------------------------------

--
-- Table structure for table `vtiger_ws_fieldinfo`
--

CREATE TABLE `vtiger_ws_fieldinfo` (
  `id` varchar(64) NOT NULL,
  `property_name` varchar(32) DEFAULT NULL,
  `property_value` varchar(64) DEFAULT NULL
) ENGINE=InnoDB DEFAULT CHARSET=utf8;

--
-- Dumping data for table `vtiger_ws_fieldinfo`
--

INSERT INTO `vtiger_ws_fieldinfo` (`id`, `property_name`, `property_value`) VALUES
('vtiger_organizationdetails.organization_id', 'upload.path', '1');

-- --------------------------------------------------------

--
-- Table structure for table `vtiger_ws_fieldtype`
--

CREATE TABLE `vtiger_ws_fieldtype` (
  `fieldtypeid` int(19) NOT NULL,
  `uitype` varchar(30) NOT NULL,
  `fieldtype` varchar(200) NOT NULL
) ENGINE=InnoDB DEFAULT CHARSET=utf8;

--
-- Dumping data for table `vtiger_ws_fieldtype`
--

INSERT INTO `vtiger_ws_fieldtype` (`fieldtypeid`, `uitype`, `fieldtype`) VALUES
(1, '15', 'picklist'),
(2, '16', 'picklist'),
(3, '19', 'text'),
(4, '20', 'text'),
(5, '21', 'text'),
(6, '24', 'text'),
(7, '3', 'autogenerated'),
(8, '11', 'phone'),
(9, '33', 'multipicklist'),
(10, '17', 'url'),
(11, '85', 'skype'),
(12, '56', 'boolean'),
(13, '156', 'boolean'),
(14, '53', 'owner'),
(15, '61', 'file'),
(16, '28', 'file'),
(17, '13', 'email'),
(18, '71', 'currency'),
(19, '72', 'currency'),
(20, '50', 'reference'),
(21, '51', 'reference'),
(22, '57', 'reference'),
(23, '58', 'reference'),
(24, '73', 'reference'),
(25, '75', 'reference'),
(26, '76', 'reference'),
(27, '78', 'reference'),
(28, '80', 'reference'),
(29, '81', 'reference'),
(30, '101', 'reference'),
(31, '52', 'reference'),
(32, '357', 'reference'),
(33, '59', 'reference'),
(34, '66', 'reference'),
(35, '77', 'reference'),
(36, '68', 'reference'),
(37, '117', 'reference'),
(38, '26', 'reference'),
(39, '10', 'reference'),
(40, '98', 'reference');

-- --------------------------------------------------------

--
-- Table structure for table `vtiger_ws_operation`
--

CREATE TABLE `vtiger_ws_operation` (
  `operationid` int(11) NOT NULL,
  `name` varchar(128) NOT NULL,
  `handler_path` varchar(255) NOT NULL,
  `handler_method` varchar(64) NOT NULL,
  `type` varchar(8) NOT NULL,
  `prelogin` int(3) NOT NULL
) ENGINE=InnoDB DEFAULT CHARSET=utf8;

--
-- Dumping data for table `vtiger_ws_operation`
--

INSERT INTO `vtiger_ws_operation` (`operationid`, `name`, `handler_path`, `handler_method`, `type`, `prelogin`) VALUES
(1, 'login', 'include/Webservices/Login.php', 'vtws_login', 'POST', 1),
(2, 'retrieve', 'include/Webservices/Retrieve.php', 'vtws_retrieve', 'GET', 0),
(3, 'create', 'include/Webservices/Create.php', 'vtws_create', 'POST', 0),
(4, 'update', 'include/Webservices/Update.php', 'vtws_update', 'POST', 0),
(5, 'delete', 'include/Webservices/Delete.php', 'vtws_delete', 'POST', 0),
(6, 'sync', 'include/Webservices/GetUpdates.php', 'vtws_sync', 'GET', 0),
(7, 'query', 'include/Webservices/Query.php', 'vtws_query', 'GET', 0),
(8, 'logout', 'include/Webservices/Logout.php', 'vtws_logout', 'POST', 0),
(9, 'listtypes', 'include/Webservices/ModuleTypes.php', 'vtws_listtypes', 'GET', 0),
(10, 'getchallenge', 'include/Webservices/AuthToken.php', 'vtws_getchallenge', 'GET', 1),
(11, 'describe', 'include/Webservices/DescribeObject.php', 'vtws_describe', 'GET', 0),
(12, 'extendsession', 'include/Webservices/ExtendSession.php', 'vtws_extendSession', 'POST', 1),
(13, 'convertlead', 'include/Webservices/ConvertLead.php', 'vtws_convertlead', 'POST', 0),
(14, 'revise', 'include/Webservices/Revise.php', 'vtws_revise', 'POST', 0),
(15, 'changePassword', 'include/Webservices/ChangePassword.php', 'vtws_changePassword', 'POST', 0),
(16, 'deleteUser', 'include/Webservices/DeleteUser.php', 'vtws_deleteUser', 'POST', 0),
(17, 'wsapp_register', 'modules/WSAPP/api/ws/Register.php', 'wsapp_register', 'POST', 0),
(18, 'wsapp_deregister', 'modules/WSAPP/api/ws/DeRegister.php', 'wsapp_deregister', 'POST', 0),
(19, 'wsapp_get', 'modules/WSAPP/api/ws/Get.php', 'wsapp_get', 'POST', 0),
(20, 'wsapp_put', 'modules/WSAPP/api/ws/Put.php', 'wsapp_put', 'POST', 0),
(21, 'wsapp_map', 'modules/WSAPP/api/ws/Map.php', 'wsapp_map', 'POST', 0),
(22, 'mobile.fetchallalerts', 'modules/Mobile/api/wsapi.php', 'mobile_ws_fetchAllAlerts', 'POST', 0),
(23, 'mobile.alertdetailswithmessage', 'modules/Mobile/api/wsapi.php', 'mobile_ws_alertDetailsWithMessage', 'POST', 0),
(24, 'mobile.fetchmodulefilters', 'modules/Mobile/api/wsapi.php', 'mobile_ws_fetchModuleFilters', 'POST', 0),
(25, 'mobile.fetchrecord', 'modules/Mobile/api/wsapi.php', 'mobile_ws_fetchRecord', 'POST', 0),
(26, 'mobile.fetchrecordwithgrouping', 'modules/Mobile/api/wsapi.php', 'mobile_ws_fetchRecordWithGrouping', 'POST', 0),
(27, 'mobile.filterdetailswithcount', 'modules/Mobile/api/wsapi.php', 'mobile_ws_filterDetailsWithCount', 'POST', 0),
(28, 'mobile.listmodulerecords', 'modules/Mobile/api/wsapi.php', 'mobile_ws_listModuleRecords', 'POST', 0),
(29, 'mobile.saverecord', 'modules/Mobile/api/wsapi.php', 'mobile_ws_saveRecord', 'POST', 0),
(30, 'mobile.syncModuleRecords', 'modules/Mobile/api/wsapi.php', 'mobile_ws_syncModuleRecords', 'POST', 0),
(31, 'mobile.query', 'modules/Mobile/api/wsapi.php', 'mobile_ws_query', 'POST', 0),
(32, 'mobile.querywithgrouping', 'modules/Mobile/api/wsapi.php', 'mobile_ws_queryWithGrouping', 'POST', 0),
(33, 'retrieve_inventory', 'include/Webservices/LineItem/RetrieveInventory.php', 'vtws_retrieve_inventory', 'GET', 0),
(34, 'relatedtypes', 'include/Webservices/RelatedTypes.php', 'vtws_relatedtypes', 'GET', 0),
(35, 'retrieve_related', 'include/Webservices/RetrieveRelated.php', 'vtws_retrieve_related', 'GET', 0),
(36, 'query_related', 'include/Webservices/QueryRelated.php', 'vtws_query_related', 'GET', 0),
(37, 'add_related', 'include/Webservices/AddRelated.php', 'vtws_add_related', 'POST', 0);

-- --------------------------------------------------------

--
-- Table structure for table `vtiger_ws_operation_parameters`
--

CREATE TABLE `vtiger_ws_operation_parameters` (
  `operationid` int(11) NOT NULL,
  `name` varchar(128) NOT NULL,
  `type` varchar(64) NOT NULL,
  `sequence` int(11) NOT NULL
) ENGINE=InnoDB DEFAULT CHARSET=utf8;

--
-- Dumping data for table `vtiger_ws_operation_parameters`
--

INSERT INTO `vtiger_ws_operation_parameters` (`operationid`, `name`, `type`, `sequence`) VALUES
(1, 'accessKey', 'String', 2),
(1, 'username', 'String', 1),
(2, 'id', 'String', 1),
(3, 'element', 'encoded', 2),
(3, 'elementType', 'String', 1),
(4, 'element', 'encoded', 1),
(5, 'id', 'String', 1),
(6, 'elementType', 'String', 2),
(6, 'modifiedTime', 'DateTime', 1),
(7, 'query', 'String', 1),
(8, 'sessionName', 'String', 1),
(9, 'fieldTypeList', 'encoded', 1),
(10, 'username', 'String', 1),
(11, 'elementType', 'String', 1),
(13, 'accountName', 'String', 3),
(13, 'assignedTo', 'String', 2),
(13, 'avoidPotential', 'Boolean', 4),
(13, 'leadId', 'String', 1),
(13, 'potential', 'Encoded', 5),
(14, 'element', 'Encoded', 1),
(15, 'confirmPassword', 'String', 4),
(15, 'id', 'String', 1),
(15, 'newPassword', 'String', 3),
(15, 'oldPassword', 'String', 2),
(16, 'id', 'String', 1),
(16, 'newOwnerId', 'String', 2),
(17, 'synctype', 'string', 2),
(17, 'type', 'string', 1),
(18, 'key', 'string', 2),
(18, 'type', 'string', 1),
(19, 'key', 'string', 1),
(19, 'module', 'string', 2),
(19, 'token', 'string', 3),
(20, 'element', 'encoded', 2),
(20, 'key', 'string', 1),
(21, 'element', 'encoded', 2),
(21, 'key', 'string', 1),
(23, 'alertid', 'string', 1),
(24, 'module', 'string', 1),
(25, 'record', 'string', 1),
(26, 'record', 'string', 1),
(27, 'filterid', 'string', 1),
(28, 'elements', 'encoded', 1),
(29, 'module', 'string', 1),
(29, 'record', 'string', 2),
(29, 'values', 'encoded', 3),
(30, 'module', 'string', 1),
(30, 'page', 'string', 3),
(30, 'syncToken', 'string', 2),
(31, 'module', 'string', 1),
(31, 'page', 'string', 3),
(31, 'query', 'string', 2),
(32, 'module', 'string', 1),
(32, 'page', 'string', 3),
(32, 'query', 'string', 2),
(33, 'id', 'String', 1),
(34, 'elementType', 'string', 1),
(35, 'id', 'string', 1),
(35, 'relatedLabel', 'string', 3),
(35, 'relatedType', 'string', 2),
(36, 'id', 'string', 2),
(36, 'query', 'string', 1),
(36, 'relatedLabel', 'string', 3),
(37, 'relatedRecordId', 'string', 2),
(37, 'relationIdLabel', 'string', 3),
(37, 'sourceRecordId', 'string', 1);

-- --------------------------------------------------------

--
-- Table structure for table `vtiger_ws_operation_seq`
--

CREATE TABLE `vtiger_ws_operation_seq` (
  `id` int(11) NOT NULL
) ENGINE=InnoDB DEFAULT CHARSET=utf8;

--
-- Dumping data for table `vtiger_ws_operation_seq`
--

INSERT INTO `vtiger_ws_operation_seq` (`id`) VALUES
(37);

-- --------------------------------------------------------

--
-- Table structure for table `vtiger_ws_referencetype`
--

CREATE TABLE `vtiger_ws_referencetype` (
  `fieldtypeid` int(19) NOT NULL,
  `type` varchar(25) NOT NULL
) ENGINE=InnoDB DEFAULT CHARSET=utf8;

--
-- Dumping data for table `vtiger_ws_referencetype`
--

INSERT INTO `vtiger_ws_referencetype` (`fieldtypeid`, `type`) VALUES
(20, 'Accounts'),
(21, 'Accounts'),
(22, 'Contacts'),
(23, 'Campaigns'),
(24, 'Accounts'),
(25, 'Vendors'),
(26, 'Potentials'),
(27, 'Quotes'),
(28, 'SalesOrder'),
(29, 'Vendors'),
(30, 'Users'),
(31, 'Users'),
(32, 'Accounts'),
(32, 'Contacts'),
(32, 'Leads'),
(32, 'Users'),
(32, 'Vendors'),
(33, 'Products'),
(34, 'Accounts'),
(34, 'Campaigns'),
(34, 'HelpDesk'),
(34, 'Leads'),
(34, 'Potentials'),
(35, 'Users'),
(36, 'Accounts'),
(36, 'Contacts'),
(37, 'Currency'),
(38, 'DocumentFolders');

-- --------------------------------------------------------

--
-- Table structure for table `vtiger_ws_userauthtoken`
--

CREATE TABLE `vtiger_ws_userauthtoken` (
  `userid` int(19) NOT NULL,
  `token` varchar(36) NOT NULL,
  `expiretime` int(19) NOT NULL
) ENGINE=InnoDB DEFAULT CHARSET=utf8;

--
-- Indexes for dumped tables
--

--
-- Indexes for table `com_vtiger_workflows`
--
ALTER TABLE `com_vtiger_workflows`
  ADD PRIMARY KEY (`workflow_id`),
  ADD UNIQUE KEY `com_vtiger_workflows_idx` (`workflow_id`);

--
-- Indexes for table `com_vtiger_workflowtasks`
--
ALTER TABLE `com_vtiger_workflowtasks`
  ADD PRIMARY KEY (`task_id`),
  ADD UNIQUE KEY `com_vtiger_workflowtasks_idx` (`task_id`);

--
-- Indexes for table `com_vtiger_workflowtasks_entitymethod`
--
ALTER TABLE `com_vtiger_workflowtasks_entitymethod`
  ADD PRIMARY KEY (`workflowtasks_entitymethod_id`),
  ADD UNIQUE KEY `com_vtiger_workflowtasks_entitymethod_idx` (`workflowtasks_entitymethod_id`);

--
-- Indexes for table `com_vtiger_workflowtemplates`
--
ALTER TABLE `com_vtiger_workflowtemplates`
  ADD PRIMARY KEY (`template_id`);

--
-- Indexes for table `com_vtiger_workflow_activatedonce`
--
ALTER TABLE `com_vtiger_workflow_activatedonce`
  ADD PRIMARY KEY (`workflow_id`,`entity_id`);

--
-- Indexes for table `vtiger_account`
--
ALTER TABLE `vtiger_account`
  ADD PRIMARY KEY (`accountid`),
  ADD KEY `account_account_type_idx` (`account_type`),
  ADD KEY `email_idx` (`email1`,`email2`);

--
-- Indexes for table `vtiger_accountbillads`
--
ALTER TABLE `vtiger_accountbillads`
  ADD PRIMARY KEY (`accountaddressid`);

--
-- Indexes for table `vtiger_accountrating`
--
ALTER TABLE `vtiger_accountrating`
  ADD PRIMARY KEY (`accountratingid`),
  ADD UNIQUE KEY `accountrating_rating_idx` (`rating`);

--
-- Indexes for table `vtiger_accountscf`
--
ALTER TABLE `vtiger_accountscf`
  ADD PRIMARY KEY (`accountid`);

--
-- Indexes for table `vtiger_accountshipads`
--
ALTER TABLE `vtiger_accountshipads`
  ADD PRIMARY KEY (`accountaddressid`);

--
-- Indexes for table `vtiger_accounttype`
--
ALTER TABLE `vtiger_accounttype`
  ADD PRIMARY KEY (`accounttypeid`),
  ADD UNIQUE KEY `accounttype_accounttype_idx` (`accounttype`);

--
-- Indexes for table `vtiger_actionmapping`
--
ALTER TABLE `vtiger_actionmapping`
  ADD PRIMARY KEY (`actionid`,`actionname`);

--
-- Indexes for table `vtiger_activity`
--
ALTER TABLE `vtiger_activity`
  ADD PRIMARY KEY (`activityid`),
  ADD KEY `activity_activityid_subject_idx` (`activityid`,`subject`),
  ADD KEY `activity_activitytype_date_start_idx` (`activitytype`,`date_start`),
  ADD KEY `activity_date_start_due_date_idx` (`date_start`,`due_date`),
  ADD KEY `activity_date_start_time_start_idx` (`date_start`,`time_start`),
  ADD KEY `activity_eventstatus_idx` (`eventstatus`),
  ADD KEY `activity_status_idx` (`status`);

--
-- Indexes for table `vtiger_activitycf`
--
ALTER TABLE `vtiger_activitycf`
  ADD PRIMARY KEY (`activityid`);

--
-- Indexes for table `vtiger_activityproductrel`
--
ALTER TABLE `vtiger_activityproductrel`
  ADD PRIMARY KEY (`activityid`,`productid`),
  ADD KEY `activityproductrel_activityid_idx` (`activityid`),
  ADD KEY `activityproductrel_productid_idx` (`productid`);

--
-- Indexes for table `vtiger_activitytype`
--
ALTER TABLE `vtiger_activitytype`
  ADD PRIMARY KEY (`activitytypeid`),
  ADD UNIQUE KEY `activitytype_activitytype_idx` (`activitytype`);

--
-- Indexes for table `vtiger_activity_reminder`
--
ALTER TABLE `vtiger_activity_reminder`
  ADD PRIMARY KEY (`activity_id`,`recurringid`);

--
-- Indexes for table `vtiger_activity_reminder_popup`
--
ALTER TABLE `vtiger_activity_reminder_popup`
  ADD PRIMARY KEY (`reminderid`);

--
-- Indexes for table `vtiger_activity_view`
--
ALTER TABLE `vtiger_activity_view`
  ADD PRIMARY KEY (`activity_viewid`);

--
-- Indexes for table `vtiger_announcement`
--
ALTER TABLE `vtiger_announcement`
  ADD PRIMARY KEY (`creatorid`),
  ADD KEY `announcement_creatorid_idx` (`creatorid`);

--
-- Indexes for table `vtiger_app2tab`
--
ALTER TABLE `vtiger_app2tab`
  ADD KEY `vtiger_app2tab_fk_tab` (`tabid`);

--
-- Indexes for table `vtiger_assets`
--
ALTER TABLE `vtiger_assets`
  ADD PRIMARY KEY (`assetsid`);

--
-- Indexes for table `vtiger_assetscf`
--
ALTER TABLE `vtiger_assetscf`
  ADD PRIMARY KEY (`assetsid`);

--
-- Indexes for table `vtiger_assetstatus`
--
ALTER TABLE `vtiger_assetstatus`
  ADD PRIMARY KEY (`assetstatusid`);

--
-- Indexes for table `vtiger_asteriskincomingevents`
--
ALTER TABLE `vtiger_asteriskincomingevents`
  ADD PRIMARY KEY (`uid`);

--
-- Indexes for table `vtiger_attachments`
--
ALTER TABLE `vtiger_attachments`
  ADD PRIMARY KEY (`attachmentsid`),
  ADD KEY `attachments_attachmentsid_idx` (`attachmentsid`);

--
-- Indexes for table `vtiger_attachmentsfolder`
--
ALTER TABLE `vtiger_attachmentsfolder`
  ADD PRIMARY KEY (`folderid`);

--
-- Indexes for table `vtiger_audit_trial`
--
ALTER TABLE `vtiger_audit_trial`
  ADD PRIMARY KEY (`auditid`);

--
-- Indexes for table `vtiger_batch`
--
ALTER TABLE `vtiger_batch`
  ADD PRIMARY KEY (`batchid`);

--
-- Indexes for table `vtiger_batchcf`
--
ALTER TABLE `vtiger_batchcf`
  ADD PRIMARY KEY (`batchid`);

--
-- Indexes for table `vtiger_batchinventory`
--
ALTER TABLE `vtiger_batchinventory`
  ADD PRIMARY KEY (`batchinventoryid`);

--
-- Indexes for table `vtiger_batchinventorycf`
--
ALTER TABLE `vtiger_batchinventorycf`
  ADD PRIMARY KEY (`batchinventoryid`);

--
-- Indexes for table `vtiger_batchmovement`
--
ALTER TABLE `vtiger_batchmovement`
  ADD PRIMARY KEY (`batchmovementid`);

--
-- Indexes for table `vtiger_batchmovementcf`
--
ALTER TABLE `vtiger_batchmovementcf`
  ADD PRIMARY KEY (`batchmovementid`);

--
-- Indexes for table `vtiger_batch_furnace`
--
ALTER TABLE `vtiger_batch_furnace`
  ADD PRIMARY KEY (`batch_furnaceid`);

--
-- Indexes for table `vtiger_batch_item`
--
ALTER TABLE `vtiger_batch_item`
  ADD PRIMARY KEY (`batchItem_id`),
  ADD KEY `batch_item_id_idx` (`id`) USING BTREE,
  ADD KEY `batch_item_salesorderid_idx` (`salesorderid`) USING BTREE,
  ADD KEY `batch_item_productid_idx` (`productid`) USING BTREE;

--
-- Indexes for table `vtiger_batch_machine`
--
ALTER TABLE `vtiger_batch_machine`
  ADD PRIMARY KEY (`batch_machineid`);

--
-- Indexes for table `vtiger_blocks`
--
ALTER TABLE `vtiger_blocks`
  ADD PRIMARY KEY (`blockid`),
  ADD KEY `block_tabid_idx` (`tabid`);

--
-- Indexes for table `vtiger_calendarsharedtype`
--
ALTER TABLE `vtiger_calendarsharedtype`
  ADD PRIMARY KEY (`calendarsharedtypeid`);

--
-- Indexes for table `vtiger_calendar_default_activitytypes`
--
ALTER TABLE `vtiger_calendar_default_activitytypes`
  ADD PRIMARY KEY (`id`);

--
-- Indexes for table `vtiger_calendar_user_activitytypes`
--
ALTER TABLE `vtiger_calendar_user_activitytypes`
  ADD PRIMARY KEY (`id`);

--
-- Indexes for table `vtiger_callduration`
--
ALTER TABLE `vtiger_callduration`
  ADD PRIMARY KEY (`calldurationid`);

--
-- Indexes for table `vtiger_campaign`
--
ALTER TABLE `vtiger_campaign`
  ADD PRIMARY KEY (`campaignid`),
  ADD KEY `campaign_campaignstatus_idx` (`campaignstatus`),
  ADD KEY `campaign_campaignname_idx` (`campaignname`),
  ADD KEY `campaign_campaignid_idx` (`campaignid`);

--
-- Indexes for table `vtiger_campaigncontrel`
--
ALTER TABLE `vtiger_campaigncontrel`
  ADD PRIMARY KEY (`campaignid`,`contactid`,`campaignrelstatusid`),
  ADD KEY `campaigncontrel_contractid_idx` (`contactid`);

--
-- Indexes for table `vtiger_campaignleadrel`
--
ALTER TABLE `vtiger_campaignleadrel`
  ADD PRIMARY KEY (`campaignid`,`leadid`,`campaignrelstatusid`),
  ADD KEY `campaignleadrel_leadid_campaignid_idx` (`leadid`,`campaignid`);

--
-- Indexes for table `vtiger_campaignscf`
--
ALTER TABLE `vtiger_campaignscf`
  ADD PRIMARY KEY (`campaignid`);

--
-- Indexes for table `vtiger_campaignstatus`
--
ALTER TABLE `vtiger_campaignstatus`
  ADD PRIMARY KEY (`campaignstatusid`),
  ADD KEY `campaignstatus_campaignstatus_idx` (`campaignstatus`);

--
-- Indexes for table `vtiger_campaigntype`
--
ALTER TABLE `vtiger_campaigntype`
  ADD PRIMARY KEY (`campaigntypeid`),
  ADD UNIQUE KEY `campaigntype_campaigntype_idx` (`campaigntype`);

--
-- Indexes for table `vtiger_carrier`
--
ALTER TABLE `vtiger_carrier`
  ADD PRIMARY KEY (`carrierid`),
  ADD UNIQUE KEY `carrier_carrier_idx` (`carrier`);

--
-- Indexes for table `vtiger_cntactivityrel`
--
ALTER TABLE `vtiger_cntactivityrel`
  ADD PRIMARY KEY (`contactid`,`activityid`),
  ADD KEY `cntactivityrel_contactid_idx` (`contactid`),
  ADD KEY `cntactivityrel_activityid_idx` (`activityid`);

--
-- Indexes for table `vtiger_contactaddress`
--
ALTER TABLE `vtiger_contactaddress`
  ADD PRIMARY KEY (`contactaddressid`);

--
-- Indexes for table `vtiger_contactdetails`
--
ALTER TABLE `vtiger_contactdetails`
  ADD PRIMARY KEY (`contactid`),
  ADD KEY `contactdetails_accountid_idx` (`accountid`),
  ADD KEY `email_idx` (`email`);

--
-- Indexes for table `vtiger_contactscf`
--
ALTER TABLE `vtiger_contactscf`
  ADD PRIMARY KEY (`contactid`);

--
-- Indexes for table `vtiger_contactsubdetails`
--
ALTER TABLE `vtiger_contactsubdetails`
  ADD PRIMARY KEY (`contactsubscriptionid`);

--
-- Indexes for table `vtiger_contpotentialrel`
--
ALTER TABLE `vtiger_contpotentialrel`
  ADD PRIMARY KEY (`contactid`,`potentialid`),
  ADD KEY `contpotentialrel_potentialid_idx` (`potentialid`),
  ADD KEY `contpotentialrel_contactid_idx` (`contactid`);

--
-- Indexes for table `vtiger_contract_priority`
--
ALTER TABLE `vtiger_contract_priority`
  ADD PRIMARY KEY (`contract_priorityid`);

--
-- Indexes for table `vtiger_contract_status`
--
ALTER TABLE `vtiger_contract_status`
  ADD PRIMARY KEY (`contract_statusid`);

--
-- Indexes for table `vtiger_contract_type`
--
ALTER TABLE `vtiger_contract_type`
  ADD PRIMARY KEY (`contract_typeid`);

--
-- Indexes for table `vtiger_convertleadmapping`
--
ALTER TABLE `vtiger_convertleadmapping`
  ADD PRIMARY KEY (`cfmid`);

--
-- Indexes for table `vtiger_convertpotentialmapping`
--
ALTER TABLE `vtiger_convertpotentialmapping`
  ADD PRIMARY KEY (`cfmid`);

--
-- Indexes for table `vtiger_core_type`
--
ALTER TABLE `vtiger_core_type`
  ADD PRIMARY KEY (`core_typeid`);

--
-- Indexes for table `vtiger_cork`
--
ALTER TABLE `vtiger_cork`
  ADD PRIMARY KEY (`corkid`);

--
-- Indexes for table `vtiger_corkcf`
--
ALTER TABLE `vtiger_corkcf`
  ADD PRIMARY KEY (`corkid`);

--
-- Indexes for table `vtiger_crmentity`
--
ALTER TABLE `vtiger_crmentity`
  ADD PRIMARY KEY (`crmid`),
  ADD KEY `crmentity_smcreatorid_idx` (`smcreatorid`),
  ADD KEY `crmentity_modifiedby_idx` (`modifiedby`),
  ADD KEY `crmentity_deleted_idx` (`deleted`),
  ADD KEY `crm_ownerid_del_setype_idx` (`smownerid`,`deleted`,`setype`),
  ADD KEY `vtiger_crmentity_labelidx` (`label`);

--
-- Indexes for table `vtiger_crmentityrel`
--
ALTER TABLE `vtiger_crmentityrel`
  ADD KEY `crmid_idx` (`crmid`),
  ADD KEY `relcrmid_idx` (`relcrmid`);

--
-- Indexes for table `vtiger_crmentity_bkp`
--
ALTER TABLE `vtiger_crmentity_bkp`
  ADD PRIMARY KEY (`crmid`),
  ADD KEY `crmentity_smcreatorid_idx` (`smcreatorid`),
  ADD KEY `crmentity_modifiedby_idx` (`modifiedby`),
  ADD KEY `crmentity_deleted_idx` (`deleted`),
  ADD KEY `crm_ownerid_del_setype_idx` (`smownerid`,`deleted`,`setype`),
  ADD KEY `vtiger_crmentity_labelidx` (`label`);

--
-- Indexes for table `vtiger_crmentity_user_field`
--
ALTER TABLE `vtiger_crmentity_user_field`
  ADD KEY `record_user_idx` (`recordid`,`userid`);

--
-- Indexes for table `vtiger_cron_task`
--
ALTER TABLE `vtiger_cron_task`
  ADD PRIMARY KEY (`id`),
  ADD UNIQUE KEY `name` (`name`),
  ADD UNIQUE KEY `handler_file` (`handler_file`);

--
-- Indexes for table `vtiger_currencies`
--
ALTER TABLE `vtiger_currencies`
  ADD PRIMARY KEY (`currencyid`);

--
-- Indexes for table `vtiger_currency`
--
ALTER TABLE `vtiger_currency`
  ADD PRIMARY KEY (`currencyid`),
  ADD UNIQUE KEY `currency_currency_idx` (`currency`);

--
-- Indexes for table `vtiger_currency_decimal_separator`
--
ALTER TABLE `vtiger_currency_decimal_separator`
  ADD PRIMARY KEY (`currency_decimal_separatorid`);

--
-- Indexes for table `vtiger_currency_grouping_pattern`
--
ALTER TABLE `vtiger_currency_grouping_pattern`
  ADD PRIMARY KEY (`currency_grouping_patternid`);

--
-- Indexes for table `vtiger_currency_grouping_separator`
--
ALTER TABLE `vtiger_currency_grouping_separator`
  ADD PRIMARY KEY (`currency_grouping_separatorid`);

--
-- Indexes for table `vtiger_currency_info`
--
ALTER TABLE `vtiger_currency_info`
  ADD PRIMARY KEY (`id`);

--
-- Indexes for table `vtiger_currency_symbol_placement`
--
ALTER TABLE `vtiger_currency_symbol_placement`
  ADD PRIMARY KEY (`currency_symbol_placementid`);

--
-- Indexes for table `vtiger_customaction`
--
ALTER TABLE `vtiger_customaction`
  ADD KEY `customaction_cvid_idx` (`cvid`);

--
-- Indexes for table `vtiger_customerdetails`
--
ALTER TABLE `vtiger_customerdetails`
  ADD PRIMARY KEY (`customerid`);

--
-- Indexes for table `vtiger_customerportal_fields`
--
ALTER TABLE `vtiger_customerportal_fields`
  ADD PRIMARY KEY (`tabid`);

--
-- Indexes for table `vtiger_customerportal_prefs`
--
ALTER TABLE `vtiger_customerportal_prefs`
  ADD PRIMARY KEY (`tabid`,`prefkey`);

--
-- Indexes for table `vtiger_customerportal_relatedmoduleinfo`
--
ALTER TABLE `vtiger_customerportal_relatedmoduleinfo`
  ADD PRIMARY KEY (`tabid`);

--
-- Indexes for table `vtiger_customerportal_tabs`
--
ALTER TABLE `vtiger_customerportal_tabs`
  ADD PRIMARY KEY (`tabid`);

--
-- Indexes for table `vtiger_customview`
--
ALTER TABLE `vtiger_customview`
  ADD PRIMARY KEY (`cvid`),
  ADD KEY `customview_entitytype_idx` (`entitytype`);

--
-- Indexes for table `vtiger_cv2group`
--
ALTER TABLE `vtiger_cv2group`
  ADD KEY `vtiger_cv2group_ibfk_1` (`cvid`),
  ADD KEY `vtiger_groups_ibfk_1` (`groupid`);

--
-- Indexes for table `vtiger_cv2role`
--
ALTER TABLE `vtiger_cv2role`
  ADD KEY `vtiger_cv2role_ibfk_1` (`cvid`),
  ADD KEY `vtiger_role_ibfk_1` (`roleid`);

--
-- Indexes for table `vtiger_cv2rs`
--
ALTER TABLE `vtiger_cv2rs`
  ADD KEY `vtiger_cv2role_ibfk_1` (`cvid`),
  ADD KEY `vtiger_rolesd_ibfk_1` (`rsid`);

--
-- Indexes for table `vtiger_cv2users`
--
ALTER TABLE `vtiger_cv2users`
  ADD KEY `vtiger_cv2users_ibfk_1` (`cvid`),
  ADD KEY `vtiger_users_ibfk_1` (`userid`);

--
-- Indexes for table `vtiger_cvadvfilter`
--
ALTER TABLE `vtiger_cvadvfilter`
  ADD PRIMARY KEY (`cvid`,`columnindex`),
  ADD KEY `cvadvfilter_cvid_idx` (`cvid`);

--
-- Indexes for table `vtiger_cvadvfilter_grouping`
--
ALTER TABLE `vtiger_cvadvfilter_grouping`
  ADD PRIMARY KEY (`groupid`,`cvid`);

--
-- Indexes for table `vtiger_cvcolumnlist`
--
ALTER TABLE `vtiger_cvcolumnlist`
  ADD PRIMARY KEY (`cvid`,`columnindex`),
  ADD KEY `cvcolumnlist_columnindex_idx` (`columnindex`),
  ADD KEY `cvcolumnlist_cvid_idx` (`cvid`);

--
-- Indexes for table `vtiger_cvstdfilter`
--
ALTER TABLE `vtiger_cvstdfilter`
  ADD KEY `cvstdfilter_cvid_idx` (`cvid`);

--
-- Indexes for table `vtiger_dashboard_tabs`
--
ALTER TABLE `vtiger_dashboard_tabs`
  ADD PRIMARY KEY (`id`),
  ADD UNIQUE KEY `tabname` (`tabname`,`userid`),
  ADD KEY `vtiger_dashboard_tabs_ibfk_1` (`userid`);

--
-- Indexes for table `vtiger_datashare_grp2grp`
--
ALTER TABLE `vtiger_datashare_grp2grp`
  ADD PRIMARY KEY (`shareid`),
  ADD KEY `datashare_grp2grp_share_groupid_idx` (`share_groupid`),
  ADD KEY `datashare_grp2grp_to_groupid_idx` (`to_groupid`);

--
-- Indexes for table `vtiger_datashare_grp2role`
--
ALTER TABLE `vtiger_datashare_grp2role`
  ADD PRIMARY KEY (`shareid`),
  ADD KEY `idx_datashare_grp2role_share_groupid` (`share_groupid`),
  ADD KEY `idx_datashare_grp2role_to_roleid` (`to_roleid`);

--
-- Indexes for table `vtiger_datashare_grp2rs`
--
ALTER TABLE `vtiger_datashare_grp2rs`
  ADD PRIMARY KEY (`shareid`),
  ADD KEY `datashare_grp2rs_share_groupid_idx` (`share_groupid`),
  ADD KEY `datashare_grp2rs_to_roleandsubid_idx` (`to_roleandsubid`);

--
-- Indexes for table `vtiger_datashare_module_rel`
--
ALTER TABLE `vtiger_datashare_module_rel`
  ADD PRIMARY KEY (`shareid`),
  ADD KEY `idx_datashare_module_rel_tabid` (`tabid`);

--
-- Indexes for table `vtiger_datashare_relatedmodules`
--
ALTER TABLE `vtiger_datashare_relatedmodules`
  ADD PRIMARY KEY (`datashare_relatedmodule_id`),
  ADD KEY `datashare_relatedmodules_tabid_idx` (`tabid`),
  ADD KEY `datashare_relatedmodules_relatedto_tabid_idx` (`relatedto_tabid`);

--
-- Indexes for table `vtiger_datashare_relatedmodule_permission`
--
ALTER TABLE `vtiger_datashare_relatedmodule_permission`
  ADD PRIMARY KEY (`shareid`,`datashare_relatedmodule_id`),
  ADD KEY `datashare_relatedmodule_permission_shareid_permissions_idx` (`shareid`,`permission`);

--
-- Indexes for table `vtiger_datashare_role2group`
--
ALTER TABLE `vtiger_datashare_role2group`
  ADD PRIMARY KEY (`shareid`),
  ADD KEY `idx_datashare_role2group_share_roleid` (`share_roleid`),
  ADD KEY `idx_datashare_role2group_to_groupid` (`to_groupid`);

--
-- Indexes for table `vtiger_datashare_role2role`
--
ALTER TABLE `vtiger_datashare_role2role`
  ADD PRIMARY KEY (`shareid`),
  ADD KEY `datashare_role2role_share_roleid_idx` (`share_roleid`),
  ADD KEY `datashare_role2role_to_roleid_idx` (`to_roleid`);

--
-- Indexes for table `vtiger_datashare_role2rs`
--
ALTER TABLE `vtiger_datashare_role2rs`
  ADD PRIMARY KEY (`shareid`),
  ADD KEY `datashare_role2s_share_roleid_idx` (`share_roleid`),
  ADD KEY `datashare_role2s_to_roleandsubid_idx` (`to_roleandsubid`);

--
-- Indexes for table `vtiger_datashare_rs2grp`
--
ALTER TABLE `vtiger_datashare_rs2grp`
  ADD PRIMARY KEY (`shareid`),
  ADD KEY `datashare_rs2grp_share_roleandsubid_idx` (`share_roleandsubid`),
  ADD KEY `datashare_rs2grp_to_groupid_idx` (`to_groupid`);

--
-- Indexes for table `vtiger_datashare_rs2role`
--
ALTER TABLE `vtiger_datashare_rs2role`
  ADD PRIMARY KEY (`shareid`),
  ADD KEY `datashare_rs2role_share_roleandsubid_idx` (`share_roleandsubid`),
  ADD KEY `datashare_rs2role_to_roleid_idx` (`to_roleid`);

--
-- Indexes for table `vtiger_datashare_rs2rs`
--
ALTER TABLE `vtiger_datashare_rs2rs`
  ADD PRIMARY KEY (`shareid`),
  ADD KEY `datashare_rs2rs_share_roleandsubid_idx` (`share_roleandsubid`),
  ADD KEY `idx_datashare_rs2rs_to_roleandsubid_idx` (`to_roleandsubid`);

--
-- Indexes for table `vtiger_date_format`
--
ALTER TABLE `vtiger_date_format`
  ADD PRIMARY KEY (`date_formatid`);

--
-- Indexes for table `vtiger_dayoftheweek`
--
ALTER TABLE `vtiger_dayoftheweek`
  ADD PRIMARY KEY (`dayoftheweekid`);

--
-- Indexes for table `vtiger_defaultactivitytype`
--
ALTER TABLE `vtiger_defaultactivitytype`
  ADD PRIMARY KEY (`defaultactivitytypeid`);

--
-- Indexes for table `vtiger_defaultcalendarview`
--
ALTER TABLE `vtiger_defaultcalendarview`
  ADD PRIMARY KEY (`defaultcalendarviewid`);

--
-- Indexes for table `vtiger_defaultcv`
--
ALTER TABLE `vtiger_defaultcv`
  ADD PRIMARY KEY (`tabid`);

--
-- Indexes for table `vtiger_defaulteventstatus`
--
ALTER TABLE `vtiger_defaulteventstatus`
  ADD PRIMARY KEY (`defaulteventstatusid`);

--
-- Indexes for table `vtiger_default_record_view`
--
ALTER TABLE `vtiger_default_record_view`
  ADD PRIMARY KEY (`default_record_viewid`);

--
-- Indexes for table `vtiger_def_org_field`
--
ALTER TABLE `vtiger_def_org_field`
  ADD PRIMARY KEY (`fieldid`),
  ADD KEY `def_org_field_tabid_fieldid_idx` (`tabid`,`fieldid`),
  ADD KEY `def_org_field_tabid_idx` (`tabid`),
  ADD KEY `def_org_field_visible_fieldid_idx` (`visible`,`fieldid`);

--
-- Indexes for table `vtiger_def_org_share`
--
ALTER TABLE `vtiger_def_org_share`
  ADD PRIMARY KEY (`ruleid`),
  ADD KEY `fk_1_vtiger_def_org_share` (`permission`);

--
-- Indexes for table `vtiger_dispatch`
--
ALTER TABLE `vtiger_dispatch`
  ADD PRIMARY KEY (`dispatchid`);

--
-- Indexes for table `vtiger_dispatchcf`
--
ALTER TABLE `vtiger_dispatchcf`
  ADD PRIMARY KEY (`dispatchid`);

--
-- Indexes for table `vtiger_durationhrs`
--
ALTER TABLE `vtiger_durationhrs`
  ADD PRIMARY KEY (`hrsid`);

--
-- Indexes for table `vtiger_durationmins`
--
ALTER TABLE `vtiger_durationmins`
  ADD PRIMARY KEY (`minsid`);

--
-- Indexes for table `vtiger_duration_minutes`
--
ALTER TABLE `vtiger_duration_minutes`
  ADD PRIMARY KEY (`minutesid`);

--
-- Indexes for table `vtiger_emaildetails`
--
ALTER TABLE `vtiger_emaildetails`
  ADD PRIMARY KEY (`emailid`);

--
-- Indexes for table `vtiger_emailslookup`
--
ALTER TABLE `vtiger_emailslookup`
  ADD UNIQUE KEY `emailslookup_crmid_setype_fieldname_uk` (`crmid`,`setype`,`fieldid`),
  ADD KEY `emailslookup_fieldid_setype_idx` (`fieldid`,`setype`);

--
-- Indexes for table `vtiger_emails_recipientprefs`
--
ALTER TABLE `vtiger_emails_recipientprefs`
  ADD PRIMARY KEY (`id`);

--
-- Indexes for table `vtiger_emailtemplates`
--
ALTER TABLE `vtiger_emailtemplates`
  ADD PRIMARY KEY (`templateid`),
  ADD KEY `emailtemplates_foldernamd_templatename_subject_idx` (`foldername`,`templatename`,`subject`);

--
-- Indexes for table `vtiger_email_track`
--
ALTER TABLE `vtiger_email_track`
  ADD UNIQUE KEY `link_tabidtype_idx` (`crmid`,`mailid`);

--
-- Indexes for table `vtiger_entityname`
--
ALTER TABLE `vtiger_entityname`
  ADD PRIMARY KEY (`tabid`),
  ADD KEY `entityname_tabid_idx` (`tabid`);

--
-- Indexes for table `vtiger_eventhandlers`
--
ALTER TABLE `vtiger_eventhandlers`
  ADD PRIMARY KEY (`eventhandler_id`,`event_name`,`handler_class`),
  ADD UNIQUE KEY `eventhandler_idx` (`eventhandler_id`);

--
-- Indexes for table `vtiger_eventhandler_module`
--
ALTER TABLE `vtiger_eventhandler_module`
  ADD PRIMARY KEY (`eventhandler_module_id`);

--
-- Indexes for table `vtiger_eventstatus`
--
ALTER TABLE `vtiger_eventstatus`
  ADD PRIMARY KEY (`eventstatusid`);

--
-- Indexes for table `vtiger_expectedresponse`
--
ALTER TABLE `vtiger_expectedresponse`
  ADD PRIMARY KEY (`expectedresponseid`),
  ADD UNIQUE KEY `CampaignExpRes_UK01` (`expectedresponse`);

--
-- Indexes for table `vtiger_extnstore_users`
--
ALTER TABLE `vtiger_extnstore_users`
  ADD PRIMARY KEY (`id`);

--
-- Indexes for table `vtiger_faq`
--
ALTER TABLE `vtiger_faq`
  ADD PRIMARY KEY (`id`),
  ADD KEY `faq_id_idx` (`id`);

--
-- Indexes for table `vtiger_faqcategories`
--
ALTER TABLE `vtiger_faqcategories`
  ADD PRIMARY KEY (`faqcategories_id`);

--
-- Indexes for table `vtiger_faqcf`
--
ALTER TABLE `vtiger_faqcf`
  ADD PRIMARY KEY (`faqid`);

--
-- Indexes for table `vtiger_faqcomments`
--
ALTER TABLE `vtiger_faqcomments`
  ADD PRIMARY KEY (`commentid`),
  ADD KEY `faqcomments_faqid_idx` (`faqid`);

--
-- Indexes for table `vtiger_faqstatus`
--
ALTER TABLE `vtiger_faqstatus`
  ADD PRIMARY KEY (`faqstatus_id`);

--
-- Indexes for table `vtiger_field`
--
ALTER TABLE `vtiger_field`
  ADD PRIMARY KEY (`fieldid`),
  ADD KEY `field_tabid_idx` (`tabid`),
  ADD KEY `field_fieldname_idx` (`fieldname`),
  ADD KEY `field_block_idx` (`block`),
  ADD KEY `field_displaytype_idx` (`displaytype`);

--
-- Indexes for table `vtiger_freetagged_objects`
--
ALTER TABLE `vtiger_freetagged_objects`
  ADD PRIMARY KEY (`tag_id`,`tagger_id`,`object_id`),
  ADD KEY `freetagged_objects_tag_id_tagger_id_object_id_idx` (`tag_id`,`tagger_id`,`object_id`);

--
-- Indexes for table `vtiger_freetags`
--
ALTER TABLE `vtiger_freetags`
  ADD PRIMARY KEY (`id`);

--
-- Indexes for table `vtiger_glacct`
--
ALTER TABLE `vtiger_glacct`
  ADD PRIMARY KEY (`glacctid`),
  ADD UNIQUE KEY `glacct_glacct_idx` (`glacct`);

--
-- Indexes for table `vtiger_group2grouprel`
--
ALTER TABLE `vtiger_group2grouprel`
  ADD PRIMARY KEY (`groupid`,`containsgroupid`);

--
-- Indexes for table `vtiger_group2role`
--
ALTER TABLE `vtiger_group2role`
  ADD PRIMARY KEY (`groupid`,`roleid`),
  ADD KEY `fk_2_vtiger_group2role` (`roleid`);

--
-- Indexes for table `vtiger_group2rs`
--
ALTER TABLE `vtiger_group2rs`
  ADD PRIMARY KEY (`groupid`,`roleandsubid`),
  ADD KEY `fk_2_vtiger_group2rs` (`roleandsubid`);

--
-- Indexes for table `vtiger_groups`
--
ALTER TABLE `vtiger_groups`
  ADD PRIMARY KEY (`groupid`),
  ADD UNIQUE KEY `groups_groupname_idx` (`groupname`);

--
-- Indexes for table `vtiger_heatrun`
--
ALTER TABLE `vtiger_heatrun`
  ADD PRIMARY KEY (`heatrunid`);

--
-- Indexes for table `vtiger_heatruncf`
--
ALTER TABLE `vtiger_heatruncf`
  ADD PRIMARY KEY (`heatrunid`);

--
-- Indexes for table `vtiger_heatrun_furnace`
--
ALTER TABLE `vtiger_heatrun_furnace`
  ADD PRIMARY KEY (`heatrun_furnaceid`);

--
-- Indexes for table `vtiger_heat_number`
--
ALTER TABLE `vtiger_heat_number`
  ADD PRIMARY KEY (`heat_numberid`);

--
-- Indexes for table `vtiger_homedashbd`
--
ALTER TABLE `vtiger_homedashbd`
  ADD PRIMARY KEY (`stuffid`),
  ADD KEY `stuff_stuffid_idx` (`stuffid`);

--
-- Indexes for table `vtiger_homedefault`
--
ALTER TABLE `vtiger_homedefault`
  ADD PRIMARY KEY (`stuffid`),
  ADD KEY `stuff_stuffid_idx` (`stuffid`);

--
-- Indexes for table `vtiger_homemodule`
--
ALTER TABLE `vtiger_homemodule`
  ADD PRIMARY KEY (`stuffid`),
  ADD KEY `stuff_stuffid_idx` (`stuffid`);

--
-- Indexes for table `vtiger_homemoduleflds`
--
ALTER TABLE `vtiger_homemoduleflds`
  ADD KEY `stuff_stuffid_idx` (`stuffid`);

--
-- Indexes for table `vtiger_homereportchart`
--
ALTER TABLE `vtiger_homereportchart`
  ADD PRIMARY KEY (`stuffid`);

--
-- Indexes for table `vtiger_homerss`
--
ALTER TABLE `vtiger_homerss`
  ADD PRIMARY KEY (`stuffid`),
  ADD KEY `stuff_stuffid_idx` (`stuffid`);

--
-- Indexes for table `vtiger_homestuff`
--
ALTER TABLE `vtiger_homestuff`
  ADD PRIMARY KEY (`stuffid`),
  ADD KEY `stuff_stuffid_idx` (`stuffid`),
  ADD KEY `fk_1_vtiger_homestuff` (`userid`);

--
-- Indexes for table `vtiger_home_layout`
--
ALTER TABLE `vtiger_home_layout`
  ADD PRIMARY KEY (`userid`);

--
-- Indexes for table `vtiger_hour_format`
--
ALTER TABLE `vtiger_hour_format`
  ADD PRIMARY KEY (`hour_formatid`);

--
-- Indexes for table `vtiger_import_1`
--
ALTER TABLE `vtiger_import_1`
  ADD PRIMARY KEY (`id`);

--
-- Indexes for table `vtiger_import_locks`
--
ALTER TABLE `vtiger_import_locks`
  ADD PRIMARY KEY (`vtiger_import_lock_id`);

--
-- Indexes for table `vtiger_import_maps`
--
ALTER TABLE `vtiger_import_maps`
  ADD PRIMARY KEY (`id`),
  ADD KEY `import_maps_assigned_user_id_module_name_deleted_idx` (`assigned_user_id`,`module`,`name`,`deleted`);

--
-- Indexes for table `vtiger_import_queue`
--
ALTER TABLE `vtiger_import_queue`
  ADD PRIMARY KEY (`importid`);

--
-- Indexes for table `vtiger_industry`
--
ALTER TABLE `vtiger_industry`
  ADD PRIMARY KEY (`industryid`),
  ADD UNIQUE KEY `industry_industry_idx` (`industry`);

--
-- Indexes for table `vtiger_invb_select_frm`
--
ALTER TABLE `vtiger_invb_select_frm`
  ADD PRIMARY KEY (`invb_select_frmid`);

--
-- Indexes for table `vtiger_invb_select_to`
--
ALTER TABLE `vtiger_invb_select_to`
  ADD PRIMARY KEY (`invb_select_toid`);

--
-- Indexes for table `vtiger_inventorycharges`
--
ALTER TABLE `vtiger_inventorycharges`
  ADD PRIMARY KEY (`chargeid`);

--
-- Indexes for table `vtiger_inventorynotification`
--
ALTER TABLE `vtiger_inventorynotification`
  ADD PRIMARY KEY (`notificationid`);

--
-- Indexes for table `vtiger_inventoryproductrel`
--
ALTER TABLE `vtiger_inventoryproductrel`
  ADD PRIMARY KEY (`lineitem_id`),
  ADD KEY `inventoryproductrel_id_idx` (`id`),
  ADD KEY `inventoryproductrel_productid_idx` (`productid`);

--
-- Indexes for table `vtiger_inventoryshippingrel`
--
ALTER TABLE `vtiger_inventoryshippingrel`
  ADD KEY `inventoryishippingrel_id_idx` (`id`);

--
-- Indexes for table `vtiger_inventorytaxinfo`
--
ALTER TABLE `vtiger_inventorytaxinfo`
  ADD PRIMARY KEY (`taxid`),
  ADD KEY `inventorytaxinfo_taxname_idx` (`taxname`);

--
-- Indexes for table `vtiger_inventory_tandc`
--
ALTER TABLE `vtiger_inventory_tandc`
  ADD PRIMARY KEY (`id`);

--
-- Indexes for table `vtiger_invitees`
--
ALTER TABLE `vtiger_invitees`
  ADD PRIMARY KEY (`activityid`,`inviteeid`);

--
-- Indexes for table `vtiger_invoice`
--
ALTER TABLE `vtiger_invoice`
  ADD PRIMARY KEY (`invoiceid`),
  ADD KEY `invoice_purchaseorderid_idx` (`invoiceid`),
  ADD KEY `fk_2_vtiger_invoice` (`salesorderid`);

--
-- Indexes for table `vtiger_invoicebillads`
--
ALTER TABLE `vtiger_invoicebillads`
  ADD PRIMARY KEY (`invoicebilladdressid`);

--
-- Indexes for table `vtiger_invoicecf`
--
ALTER TABLE `vtiger_invoicecf`
  ADD PRIMARY KEY (`invoiceid`);

--
-- Indexes for table `vtiger_invoiceshipads`
--
ALTER TABLE `vtiger_invoiceshipads`
  ADD PRIMARY KEY (`invoiceshipaddressid`);

--
-- Indexes for table `vtiger_invoicestatus`
--
ALTER TABLE `vtiger_invoicestatus`
  ADD PRIMARY KEY (`invoicestatusid`),
  ADD UNIQUE KEY `invoicestatus_invoiestatus_idx` (`invoicestatus`);

--
-- Indexes for table `vtiger_invoicestatushistory`
--
ALTER TABLE `vtiger_invoicestatushistory`
  ADD PRIMARY KEY (`historyid`),
  ADD KEY `invoicestatushistory_invoiceid_idx` (`invoiceid`);

--
-- Indexes for table `vtiger_invoice_recurring_info`
--
ALTER TABLE `vtiger_invoice_recurring_info`
  ADD PRIMARY KEY (`salesorderid`);

--
-- Indexes for table `vtiger_language`
--
ALTER TABLE `vtiger_language`
  ADD PRIMARY KEY (`id`);

--
-- Indexes for table `vtiger_leadaddress`
--
ALTER TABLE `vtiger_leadaddress`
  ADD PRIMARY KEY (`leadaddressid`);

--
-- Indexes for table `vtiger_leaddetails`
--
ALTER TABLE `vtiger_leaddetails`
  ADD PRIMARY KEY (`leadid`),
  ADD KEY `leaddetails_converted_leadstatus_idx` (`converted`,`leadstatus`),
  ADD KEY `email_idx` (`email`);

--
-- Indexes for table `vtiger_leadscf`
--
ALTER TABLE `vtiger_leadscf`
  ADD PRIMARY KEY (`leadid`);

--
-- Indexes for table `vtiger_leadsource`
--
ALTER TABLE `vtiger_leadsource`
  ADD PRIMARY KEY (`leadsourceid`);

--
-- Indexes for table `vtiger_leadstage`
--
ALTER TABLE `vtiger_leadstage`
  ADD PRIMARY KEY (`leadstageid`),
  ADD UNIQUE KEY `leadstage_stage_idx` (`stage`);

--
-- Indexes for table `vtiger_leadstatus`
--
ALTER TABLE `vtiger_leadstatus`
  ADD PRIMARY KEY (`leadstatusid`);

--
-- Indexes for table `vtiger_leadsubdetails`
--
ALTER TABLE `vtiger_leadsubdetails`
  ADD PRIMARY KEY (`leadsubscriptionid`);

--
-- Indexes for table `vtiger_lead_view`
--
ALTER TABLE `vtiger_lead_view`
  ADD PRIMARY KEY (`lead_viewid`);

--
-- Indexes for table `vtiger_links`
--
ALTER TABLE `vtiger_links`
  ADD PRIMARY KEY (`linkid`),
  ADD KEY `link_tabidtype_idx` (`tabid`,`linktype`);

--
-- Indexes for table `vtiger_loginhistory`
--
ALTER TABLE `vtiger_loginhistory`
  ADD PRIMARY KEY (`login_id`);

--
-- Indexes for table `vtiger_mailer_queue`
--
ALTER TABLE `vtiger_mailer_queue`
  ADD PRIMARY KEY (`id`);

--
-- Indexes for table `vtiger_mailmanager_mailattachments`
--
ALTER TABLE `vtiger_mailmanager_mailattachments`
  ADD KEY `userid_muid_idx` (`userid`,`muid`);

--
-- Indexes for table `vtiger_mailmanager_mailrecord`
--
ALTER TABLE `vtiger_mailmanager_mailrecord`
  ADD KEY `userid_lastsavedtime_idx` (`userid`,`lastsavedtime`),
  ADD KEY `userid_muid_idx` (`userid`,`muid`);

--
-- Indexes for table `vtiger_mailscanner`
--
ALTER TABLE `vtiger_mailscanner`
  ADD PRIMARY KEY (`scannerid`);

--
-- Indexes for table `vtiger_mailscanner_actions`
--
ALTER TABLE `vtiger_mailscanner_actions`
  ADD PRIMARY KEY (`actionid`);

--
-- Indexes for table `vtiger_mailscanner_folders`
--
ALTER TABLE `vtiger_mailscanner_folders`
  ADD PRIMARY KEY (`folderid`),
  ADD KEY `folderid_idx` (`folderid`);

--
-- Indexes for table `vtiger_mailscanner_ids`
--
ALTER TABLE `vtiger_mailscanner_ids`
  ADD KEY `scanner_message_ids_idx` (`scannerid`,`messageid`(255)),
  ADD KEY `messageids_crmid_idx` (`crmid`);

--
-- Indexes for table `vtiger_mailscanner_rules`
--
ALTER TABLE `vtiger_mailscanner_rules`
  ADD PRIMARY KEY (`ruleid`);

--
-- Indexes for table `vtiger_mail_accounts`
--
ALTER TABLE `vtiger_mail_accounts`
  ADD PRIMARY KEY (`account_id`);

--
-- Indexes for table `vtiger_manufacturer`
--
ALTER TABLE `vtiger_manufacturer`
  ADD PRIMARY KEY (`manufacturerid`),
  ADD UNIQUE KEY `manufacturer_manufacturer_idx` (`manufacturer`);

--
-- Indexes for table `vtiger_mobile_alerts`
--
ALTER TABLE `vtiger_mobile_alerts`
  ADD PRIMARY KEY (`id`);

--
-- Indexes for table `vtiger_modcomments`
--
ALTER TABLE `vtiger_modcomments`
  ADD KEY `relatedto_idx` (`related_to`),
  ADD KEY `fk_crmid_vtiger_modcomments` (`modcommentsid`);

--
-- Indexes for table `vtiger_modcommentscf`
--
ALTER TABLE `vtiger_modcommentscf`
  ADD PRIMARY KEY (`modcommentsid`);

--
-- Indexes for table `vtiger_modentity_num`
--
ALTER TABLE `vtiger_modentity_num`
  ADD PRIMARY KEY (`num_id`),
  ADD UNIQUE KEY `num_idx` (`num_id`),
  ADD KEY `semodule_active_idx` (`semodule`,`active`);

--
-- Indexes for table `vtiger_modtracker_basic`
--
ALTER TABLE `vtiger_modtracker_basic`
  ADD PRIMARY KEY (`id`),
  ADD KEY `crmidx` (`crmid`),
  ADD KEY `idx` (`id`);

--
-- Indexes for table `vtiger_modtracker_detail`
--
ALTER TABLE `vtiger_modtracker_detail`
  ADD KEY `idx` (`id`);

--
-- Indexes for table `vtiger_modtracker_relations`
--
ALTER TABLE `vtiger_modtracker_relations`
  ADD PRIMARY KEY (`id`);

--
-- Indexes for table `vtiger_modtracker_tabs`
--
ALTER TABLE `vtiger_modtracker_tabs`
  ADD PRIMARY KEY (`tabid`);

--
-- Indexes for table `vtiger_module_dashboard_widgets`
--
ALTER TABLE `vtiger_module_dashboard_widgets`
  ADD PRIMARY KEY (`id`),
  ADD KEY `dashboardtabid` (`dashboardtabid`);

--
-- Indexes for table `vtiger_movementrel`
--
ALTER TABLE `vtiger_movementrel`
  ADD PRIMARY KEY (`lineitem_id`),
  ADD KEY `inventoryproductrel_id_idx` (`id`),
  ADD KEY `inventoryproductrel_productid_idx` (`itemid`);

--
-- Indexes for table `vtiger_notes`
--
ALTER TABLE `vtiger_notes`
  ADD PRIMARY KEY (`notesid`),
  ADD KEY `notes_title_idx` (`title`),
  ADD KEY `notes_notesid_idx` (`notesid`);

--
-- Indexes for table `vtiger_notescf`
--
ALTER TABLE `vtiger_notescf`
  ADD PRIMARY KEY (`notesid`);

--
-- Indexes for table `vtiger_notificationscheduler`
--
ALTER TABLE `vtiger_notificationscheduler`
  ADD PRIMARY KEY (`schedulednotificationid`),
  ADD UNIQUE KEY `notificationscheduler_schedulednotificationname_idx` (`schedulednotificationname`);

--
-- Indexes for table `vtiger_no_of_currency_decimals`
--
ALTER TABLE `vtiger_no_of_currency_decimals`
  ADD PRIMARY KEY (`no_of_currency_decimalsid`);

--
-- Indexes for table `vtiger_opportunitystage`
--
ALTER TABLE `vtiger_opportunitystage`
  ADD PRIMARY KEY (`potstageid`),
  ADD UNIQUE KEY `opportunitystage_stage_idx` (`stage`);

--
-- Indexes for table `vtiger_opportunity_type`
--
ALTER TABLE `vtiger_opportunity_type`
  ADD PRIMARY KEY (`opptypeid`),
  ADD UNIQUE KEY `opportunity_type_opportunity_type_idx` (`opportunity_type`);

--
-- Indexes for table `vtiger_organizationdetails`
--
ALTER TABLE `vtiger_organizationdetails`
  ADD PRIMARY KEY (`organization_id`);

--
-- Indexes for table `vtiger_org_share_action2tab`
--
ALTER TABLE `vtiger_org_share_action2tab`
  ADD PRIMARY KEY (`share_action_id`,`tabid`),
  ADD KEY `fk_2_vtiger_org_share_action2tab` (`tabid`);

--
-- Indexes for table `vtiger_org_share_action_mapping`
--
ALTER TABLE `vtiger_org_share_action_mapping`
  ADD PRIMARY KEY (`share_action_id`);

--
-- Indexes for table `vtiger_othereventduration`
--
ALTER TABLE `vtiger_othereventduration`
  ADD PRIMARY KEY (`othereventdurationid`);

--
-- Indexes for table `vtiger_parenttab`
--
ALTER TABLE `vtiger_parenttab`
  ADD PRIMARY KEY (`parenttabid`),
  ADD KEY `parenttab_parenttabid_parenttabl_label_visible_idx` (`parenttabid`,`parenttab_label`,`visible`);

--
-- Indexes for table `vtiger_parenttabrel`
--
ALTER TABLE `vtiger_parenttabrel`
  ADD KEY `parenttabrel_tabid_parenttabid_idx` (`tabid`,`parenttabid`),
  ADD KEY `fk_2_vtiger_parenttabrel` (`parenttabid`);

--
-- Indexes for table `vtiger_pbxmanager`
--
ALTER TABLE `vtiger_pbxmanager`
  ADD PRIMARY KEY (`pbxmanagerid`),
  ADD KEY `index_sourceuuid` (`sourceuuid`),
  ADD KEY `index_pbxmanager_id` (`pbxmanagerid`);

--
-- Indexes for table `vtiger_pbxmanagercf`
--
ALTER TABLE `vtiger_pbxmanagercf`
  ADD PRIMARY KEY (`pbxmanagerid`);

--
-- Indexes for table `vtiger_pbxmanager_gateway`
--
ALTER TABLE `vtiger_pbxmanager_gateway`
  ADD PRIMARY KEY (`id`);

--
-- Indexes for table `vtiger_pbxmanager_phonelookup`
--
ALTER TABLE `vtiger_pbxmanager_phonelookup`
  ADD UNIQUE KEY `unique_key` (`crmid`,`setype`,`fieldname`),
  ADD KEY `index_phone_number` (`fnumber`,`rnumber`);

--
-- Indexes for table `vtiger_picklist`
--
ALTER TABLE `vtiger_picklist`
  ADD PRIMARY KEY (`picklistid`),
  ADD UNIQUE KEY `picklist_name_idx` (`name`);

--
-- Indexes for table `vtiger_picklist_dependency`
--
ALTER TABLE `vtiger_picklist_dependency`
  ADD PRIMARY KEY (`id`);

--
-- Indexes for table `vtiger_picklist_transitions`
--
ALTER TABLE `vtiger_picklist_transitions`
  ADD PRIMARY KEY (`fieldname`);

--
-- Indexes for table `vtiger_pobillads`
--
ALTER TABLE `vtiger_pobillads`
  ADD PRIMARY KEY (`pobilladdressid`);

--
-- Indexes for table `vtiger_portal`
--
ALTER TABLE `vtiger_portal`
  ADD PRIMARY KEY (`portalid`),
  ADD KEY `portal_portalname_idx` (`portalname`);

--
-- Indexes for table `vtiger_portalinfo`
--
ALTER TABLE `vtiger_portalinfo`
  ADD PRIMARY KEY (`id`);

--
-- Indexes for table `vtiger_poshipads`
--
ALTER TABLE `vtiger_poshipads`
  ADD PRIMARY KEY (`poshipaddressid`);

--
-- Indexes for table `vtiger_postatus`
--
ALTER TABLE `vtiger_postatus`
  ADD PRIMARY KEY (`postatusid`),
  ADD UNIQUE KEY `postatus_postatus_idx` (`postatus`);

--
-- Indexes for table `vtiger_postatushistory`
--
ALTER TABLE `vtiger_postatushistory`
  ADD PRIMARY KEY (`historyid`),
  ADD KEY `postatushistory_purchaseorderid_idx` (`purchaseorderid`);

--
-- Indexes for table `vtiger_potential`
--
ALTER TABLE `vtiger_potential`
  ADD PRIMARY KEY (`potentialid`),
  ADD KEY `potential_relatedto_idx` (`related_to`),
  ADD KEY `potentail_sales_stage_idx` (`sales_stage`),
  ADD KEY `potentail_sales_stage_amount_idx` (`amount`,`sales_stage`);

--
-- Indexes for table `vtiger_potentialscf`
--
ALTER TABLE `vtiger_potentialscf`
  ADD PRIMARY KEY (`potentialid`);

--
-- Indexes for table `vtiger_potstagehistory`
--
ALTER TABLE `vtiger_potstagehistory`
  ADD PRIMARY KEY (`historyid`),
  ADD KEY `potstagehistory_potentialid_idx` (`potentialid`);

--
-- Indexes for table `vtiger_pricebook`
--
ALTER TABLE `vtiger_pricebook`
  ADD PRIMARY KEY (`pricebookid`);

--
-- Indexes for table `vtiger_pricebookcf`
--
ALTER TABLE `vtiger_pricebookcf`
  ADD PRIMARY KEY (`pricebookid`);

--
-- Indexes for table `vtiger_pricebookproductrel`
--
ALTER TABLE `vtiger_pricebookproductrel`
  ADD PRIMARY KEY (`pricebookid`,`productid`),
  ADD KEY `pricebookproductrel_pricebookid_idx` (`pricebookid`),
  ADD KEY `pricebookproductrel_productid_idx` (`productid`);

--
-- Indexes for table `vtiger_priority`
--
ALTER TABLE `vtiger_priority`
  ADD PRIMARY KEY (`priorityid`),
  ADD UNIQUE KEY `priority_priority_idx` (`priority`);

--
-- Indexes for table `vtiger_productcategory`
--
ALTER TABLE `vtiger_productcategory`
  ADD PRIMARY KEY (`productcategoryid`),
  ADD UNIQUE KEY `productcategory_productcategory_idx` (`productcategory`);

--
-- Indexes for table `vtiger_productcf`
--
ALTER TABLE `vtiger_productcf`
  ADD PRIMARY KEY (`productid`);

--
-- Indexes for table `vtiger_products`
--
ALTER TABLE `vtiger_products`
  ADD PRIMARY KEY (`productid`);

--
-- Indexes for table `vtiger_producttaxrel`
--
ALTER TABLE `vtiger_producttaxrel`
  ADD KEY `producttaxrel_productid_idx` (`productid`),
  ADD KEY `producttaxrel_taxid_idx` (`taxid`);

--
-- Indexes for table `vtiger_profile`
--
ALTER TABLE `vtiger_profile`
  ADD PRIMARY KEY (`profileid`);

--
-- Indexes for table `vtiger_profile2field`
--
ALTER TABLE `vtiger_profile2field`
  ADD PRIMARY KEY (`profileid`,`fieldid`),
  ADD KEY `profile2field_profileid_tabid_fieldname_idx` (`profileid`,`tabid`),
  ADD KEY `profile2field_tabid_profileid_idx` (`tabid`,`profileid`),
  ADD KEY `profile2field_visible_profileid_idx` (`visible`,`profileid`);

--
-- Indexes for table `vtiger_profile2globalpermissions`
--
ALTER TABLE `vtiger_profile2globalpermissions`
  ADD PRIMARY KEY (`profileid`,`globalactionid`),
  ADD KEY `idx_profile2globalpermissions` (`profileid`,`globalactionid`);

--
-- Indexes for table `vtiger_profile2standardpermissions`
--
ALTER TABLE `vtiger_profile2standardpermissions`
  ADD PRIMARY KEY (`profileid`,`tabid`,`operation`),
  ADD KEY `profile2standardpermissions_profileid_tabid_operation_idx` (`profileid`,`tabid`,`operation`);

--
-- Indexes for table `vtiger_profile2tab`
--
ALTER TABLE `vtiger_profile2tab`
  ADD KEY `profile2tab_profileid_tabid_idx` (`profileid`,`tabid`);

--
-- Indexes for table `vtiger_profile2utility`
--
ALTER TABLE `vtiger_profile2utility`
  ADD PRIMARY KEY (`profileid`,`tabid`,`activityid`),
  ADD KEY `profile2utility_profileid_tabid_activityid_idx` (`profileid`,`tabid`,`activityid`);

--
-- Indexes for table `vtiger_progress`
--
ALTER TABLE `vtiger_progress`
  ADD PRIMARY KEY (`progressid`);

--
-- Indexes for table `vtiger_project`
--
ALTER TABLE `vtiger_project`
  ADD PRIMARY KEY (`projectid`);

--
-- Indexes for table `vtiger_projectcf`
--
ALTER TABLE `vtiger_projectcf`
  ADD PRIMARY KEY (`projectid`);

--
-- Indexes for table `vtiger_projectmilestone`
--
ALTER TABLE `vtiger_projectmilestone`
  ADD PRIMARY KEY (`projectmilestoneid`);

--
-- Indexes for table `vtiger_projectmilestonecf`
--
ALTER TABLE `vtiger_projectmilestonecf`
  ADD PRIMARY KEY (`projectmilestoneid`);

--
-- Indexes for table `vtiger_projectmilestonetype`
--
ALTER TABLE `vtiger_projectmilestonetype`
  ADD PRIMARY KEY (`projectmilestonetypeid`);

--
-- Indexes for table `vtiger_projectpriority`
--
ALTER TABLE `vtiger_projectpriority`
  ADD PRIMARY KEY (`projectpriorityid`);

--
-- Indexes for table `vtiger_projectstatus`
--
ALTER TABLE `vtiger_projectstatus`
  ADD PRIMARY KEY (`projectstatusid`);

--
-- Indexes for table `vtiger_projecttask`
--
ALTER TABLE `vtiger_projecttask`
  ADD PRIMARY KEY (`projecttaskid`);

--
-- Indexes for table `vtiger_projecttaskcf`
--
ALTER TABLE `vtiger_projecttaskcf`
  ADD PRIMARY KEY (`projecttaskid`);

--
-- Indexes for table `vtiger_projecttaskpriority`
--
ALTER TABLE `vtiger_projecttaskpriority`
  ADD PRIMARY KEY (`projecttaskpriorityid`);

--
-- Indexes for table `vtiger_projecttaskprogress`
--
ALTER TABLE `vtiger_projecttaskprogress`
  ADD PRIMARY KEY (`projecttaskprogressid`);

--
-- Indexes for table `vtiger_projecttaskstatus`
--
ALTER TABLE `vtiger_projecttaskstatus`
  ADD PRIMARY KEY (`projecttaskstatusid`);

--
-- Indexes for table `vtiger_projecttasktype`
--
ALTER TABLE `vtiger_projecttasktype`
  ADD PRIMARY KEY (`projecttasktypeid`);

--
-- Indexes for table `vtiger_projecttask_status_color`
--
ALTER TABLE `vtiger_projecttask_status_color`
  ADD UNIQUE KEY `status` (`status`);

--
-- Indexes for table `vtiger_projecttype`
--
ALTER TABLE `vtiger_projecttype`
  ADD PRIMARY KEY (`projecttypeid`);

--
-- Indexes for table `vtiger_purchaseorder`
--
ALTER TABLE `vtiger_purchaseorder`
  ADD PRIMARY KEY (`purchaseorderid`),
  ADD KEY `purchaseorder_vendorid_idx` (`vendorid`),
  ADD KEY `purchaseorder_quoteid_idx` (`quoteid`),
  ADD KEY `purchaseorder_contactid_idx` (`contactid`);

--
-- Indexes for table `vtiger_purchaseordercf`
--
ALTER TABLE `vtiger_purchaseordercf`
  ADD PRIMARY KEY (`purchaseorderid`);

--
-- Indexes for table `vtiger_quotes`
--
ALTER TABLE `vtiger_quotes`
  ADD PRIMARY KEY (`quoteid`),
  ADD KEY `quote_quotestage_idx` (`quotestage`),
  ADD KEY `quotes_potentialid_idx` (`potentialid`),
  ADD KEY `quotes_contactid_idx` (`contactid`);

--
-- Indexes for table `vtiger_quotesbillads`
--
ALTER TABLE `vtiger_quotesbillads`
  ADD PRIMARY KEY (`quotebilladdressid`);

--
-- Indexes for table `vtiger_quotescf`
--
ALTER TABLE `vtiger_quotescf`
  ADD PRIMARY KEY (`quoteid`);

--
-- Indexes for table `vtiger_quotesshipads`
--
ALTER TABLE `vtiger_quotesshipads`
  ADD PRIMARY KEY (`quoteshipaddressid`);

--
-- Indexes for table `vtiger_quotestage`
--
ALTER TABLE `vtiger_quotestage`
  ADD PRIMARY KEY (`quotestageid`),
  ADD UNIQUE KEY `quotestage_quotestage_idx` (`quotestage`);

--
-- Indexes for table `vtiger_quotestagehistory`
--
ALTER TABLE `vtiger_quotestagehistory`
  ADD PRIMARY KEY (`historyid`),
  ADD KEY `quotestagehistory_quoteid_idx` (`quoteid`);

--
-- Indexes for table `vtiger_rating`
--
ALTER TABLE `vtiger_rating`
  ADD PRIMARY KEY (`rating_id`);

--
-- Indexes for table `vtiger_recurringevents`
--
ALTER TABLE `vtiger_recurringevents`
  ADD PRIMARY KEY (`recurringid`),
  ADD KEY `fk_1_vtiger_recurringevents` (`activityid`);

--
-- Indexes for table `vtiger_recurringtype`
--
ALTER TABLE `vtiger_recurringtype`
  ADD PRIMARY KEY (`recurringeventid`),
  ADD UNIQUE KEY `recurringtype_status_idx` (`recurringtype`);

--
-- Indexes for table `vtiger_rejection`
--
ALTER TABLE `vtiger_rejection`
  ADD PRIMARY KEY (`rejectionid`);

--
-- Indexes for table `vtiger_rejectioncf`
--
ALTER TABLE `vtiger_rejectioncf`
  ADD PRIMARY KEY (`rejectionid`);

--
-- Indexes for table `vtiger_rej_reason`
--
ALTER TABLE `vtiger_rej_reason`
  ADD PRIMARY KEY (`reason_id`) USING BTREE;

--
-- Indexes for table `vtiger_relatedlists`
--
ALTER TABLE `vtiger_relatedlists`
  ADD PRIMARY KEY (`relation_id`),
  ADD KEY `relatedlists_relation_id_idx` (`relation_id`);

--
-- Indexes for table `vtiger_relcriteria`
--
ALTER TABLE `vtiger_relcriteria`
  ADD PRIMARY KEY (`queryid`,`columnindex`),
  ADD KEY `relcriteria_queryid_idx` (`queryid`);

--
-- Indexes for table `vtiger_relcriteria_grouping`
--
ALTER TABLE `vtiger_relcriteria_grouping`
  ADD PRIMARY KEY (`groupid`,`queryid`);

--
-- Indexes for table `vtiger_reminder_interval`
--
ALTER TABLE `vtiger_reminder_interval`
  ADD PRIMARY KEY (`reminder_intervalid`);

--
-- Indexes for table `vtiger_report`
--
ALTER TABLE `vtiger_report`
  ADD PRIMARY KEY (`reportid`),
  ADD KEY `report_queryid_idx` (`queryid`),
  ADD KEY `report_folderid_idx` (`folderid`);

--
-- Indexes for table `vtiger_reportdatefilter`
--
ALTER TABLE `vtiger_reportdatefilter`
  ADD PRIMARY KEY (`datefilterid`),
  ADD KEY `reportdatefilter_datefilterid_idx` (`datefilterid`);

--
-- Indexes for table `vtiger_reportfolder`
--
ALTER TABLE `vtiger_reportfolder`
  ADD PRIMARY KEY (`folderid`);

--
-- Indexes for table `vtiger_reportgroupbycolumn`
--
ALTER TABLE `vtiger_reportgroupbycolumn`
  ADD KEY `fk_1_vtiger_reportgroupbycolumn` (`reportid`);

--
-- Indexes for table `vtiger_reportmodules`
--
ALTER TABLE `vtiger_reportmodules`
  ADD PRIMARY KEY (`reportmodulesid`);

--
-- Indexes for table `vtiger_reportsortcol`
--
ALTER TABLE `vtiger_reportsortcol`
  ADD PRIMARY KEY (`sortcolid`,`reportid`),
  ADD KEY `fk_1_vtiger_reportsortcol` (`reportid`);

--
-- Indexes for table `vtiger_reportsummary`
--
ALTER TABLE `vtiger_reportsummary`
  ADD PRIMARY KEY (`reportsummaryid`,`summarytype`,`columnname`),
  ADD KEY `reportsummary_reportsummaryid_idx` (`reportsummaryid`);

--
-- Indexes for table `vtiger_reporttype`
--
ALTER TABLE `vtiger_reporttype`
  ADD PRIMARY KEY (`reportid`);

--
-- Indexes for table `vtiger_report_sharegroups`
--
ALTER TABLE `vtiger_report_sharegroups`
  ADD KEY `vtiger_report_sharegroups_ibfk_1` (`reportid`),
  ADD KEY `vtiger_groups_groupid_ibfk_1` (`groupid`);

--
-- Indexes for table `vtiger_report_sharerole`
--
ALTER TABLE `vtiger_report_sharerole`
  ADD KEY `vtiger_report_sharerole_ibfk_1` (`reportid`),
  ADD KEY `vtiger_role_roleid_ibfk_1` (`roleid`);

--
-- Indexes for table `vtiger_report_sharers`
--
ALTER TABLE `vtiger_report_sharers`
  ADD KEY `vtiger_report_sharers_ibfk_1` (`reportid`),
  ADD KEY `vtiger_rolesd_rsid_ibfk_1` (`rsid`);

--
-- Indexes for table `vtiger_report_shareusers`
--
ALTER TABLE `vtiger_report_shareusers`
  ADD KEY `vtiger_report_shareusers_ibfk_1` (`reportid`),
  ADD KEY `vtiger_users_userid_ibfk_1` (`userid`);

--
-- Indexes for table `vtiger_role`
--
ALTER TABLE `vtiger_role`
  ADD PRIMARY KEY (`roleid`);

--
-- Indexes for table `vtiger_role2picklist`
--
ALTER TABLE `vtiger_role2picklist`
  ADD PRIMARY KEY (`roleid`,`picklistvalueid`,`picklistid`),
  ADD KEY `role2picklist_roleid_picklistid_idx` (`roleid`,`picklistid`,`picklistvalueid`),
  ADD KEY `fk_2_vtiger_role2picklist` (`picklistid`);

--
-- Indexes for table `vtiger_role2profile`
--
ALTER TABLE `vtiger_role2profile`
  ADD PRIMARY KEY (`roleid`,`profileid`),
  ADD KEY `role2profile_roleid_profileid_idx` (`roleid`,`profileid`);

--
-- Indexes for table `vtiger_rollupcomments_settings`
--
ALTER TABLE `vtiger_rollupcomments_settings`
  ADD PRIMARY KEY (`rollupid`);

--
-- Indexes for table `vtiger_rowheight`
--
ALTER TABLE `vtiger_rowheight`
  ADD PRIMARY KEY (`rowheightid`);

--
-- Indexes for table `vtiger_rss`
--
ALTER TABLE `vtiger_rss`
  ADD PRIMARY KEY (`rssid`);

--
-- Indexes for table `vtiger_salesmanactivityrel`
--
ALTER TABLE `vtiger_salesmanactivityrel`
  ADD PRIMARY KEY (`smid`,`activityid`),
  ADD KEY `salesmanactivityrel_activityid_idx` (`activityid`),
  ADD KEY `salesmanactivityrel_smid_idx` (`smid`);

--
-- Indexes for table `vtiger_salesmanattachmentsrel`
--
ALTER TABLE `vtiger_salesmanattachmentsrel`
  ADD PRIMARY KEY (`smid`,`attachmentsid`),
  ADD KEY `salesmanattachmentsrel_smid_idx` (`smid`),
  ADD KEY `salesmanattachmentsrel_attachmentsid_idx` (`attachmentsid`);

--
-- Indexes for table `vtiger_salesmanticketrel`
--
ALTER TABLE `vtiger_salesmanticketrel`
  ADD PRIMARY KEY (`smid`,`id`),
  ADD KEY `salesmanticketrel_smid_idx` (`smid`),
  ADD KEY `salesmanticketrel_id_idx` (`id`);

--
-- Indexes for table `vtiger_salesorder`
--
ALTER TABLE `vtiger_salesorder`
  ADD PRIMARY KEY (`salesorderid`),
  ADD KEY `salesorder_vendorid_idx` (`vendorid`),
  ADD KEY `salesorder_contactid_idx` (`contactid`);

--
-- Indexes for table `vtiger_salesordercf`
--
ALTER TABLE `vtiger_salesordercf`
  ADD PRIMARY KEY (`salesorderid`);

--
-- Indexes for table `vtiger_sales_stage`
--
ALTER TABLE `vtiger_sales_stage`
  ADD PRIMARY KEY (`sales_stage_id`);

--
-- Indexes for table `vtiger_salutationtype`
--
ALTER TABLE `vtiger_salutationtype`
  ADD PRIMARY KEY (`salutationid`);

--
-- Indexes for table `vtiger_scheduled_reports`
--
ALTER TABLE `vtiger_scheduled_reports`
  ADD PRIMARY KEY (`reportid`);

--
-- Indexes for table `vtiger_seactivityrel`
--
ALTER TABLE `vtiger_seactivityrel`
  ADD PRIMARY KEY (`crmid`,`activityid`),
  ADD KEY `seactivityrel_activityid_idx` (`activityid`),
  ADD KEY `seactivityrel_crmid_idx` (`crmid`);

--
-- Indexes for table `vtiger_seattachmentsrel`
--
ALTER TABLE `vtiger_seattachmentsrel`
  ADD PRIMARY KEY (`crmid`,`attachmentsid`),
  ADD KEY `seattachmentsrel_attachmentsid_idx` (`attachmentsid`),
  ADD KEY `seattachmentsrel_crmid_idx` (`crmid`),
  ADD KEY `seattachmentsrel_attachmentsid_crmid_idx` (`attachmentsid`,`crmid`);

--
-- Indexes for table `vtiger_selectcolumn`
--
ALTER TABLE `vtiger_selectcolumn`
  ADD PRIMARY KEY (`queryid`,`columnindex`),
  ADD KEY `selectcolumn_queryid_idx` (`queryid`);

--
-- Indexes for table `vtiger_selectquery`
--
ALTER TABLE `vtiger_selectquery`
  ADD PRIMARY KEY (`queryid`),
  ADD KEY `selectquery_queryid_idx` (`queryid`);

--
-- Indexes for table `vtiger_select_frm`
--
ALTER TABLE `vtiger_select_frm`
  ADD PRIMARY KEY (`select_frmid`);

--
-- Indexes for table `vtiger_select_to`
--
ALTER TABLE `vtiger_select_to`
  ADD PRIMARY KEY (`select_toid`);

--
-- Indexes for table `vtiger_senotesrel`
--
ALTER TABLE `vtiger_senotesrel`
  ADD PRIMARY KEY (`crmid`,`notesid`),
  ADD KEY `senotesrel_notesid_idx` (`notesid`),
  ADD KEY `senotesrel_crmid_idx` (`crmid`);

--
-- Indexes for table `vtiger_seproductsrel`
--
ALTER TABLE `vtiger_seproductsrel`
  ADD PRIMARY KEY (`crmid`,`productid`),
  ADD KEY `seproductsrel_productid_idx` (`productid`),
  ADD KEY `seproductrel_crmid_idx` (`crmid`);

--
-- Indexes for table `vtiger_service`
--
ALTER TABLE `vtiger_service`
  ADD PRIMARY KEY (`serviceid`);

--
-- Indexes for table `vtiger_servicecategory`
--
ALTER TABLE `vtiger_servicecategory`
  ADD PRIMARY KEY (`servicecategoryid`);

--
-- Indexes for table `vtiger_servicecf`
--
ALTER TABLE `vtiger_servicecf`
  ADD PRIMARY KEY (`serviceid`);

--
-- Indexes for table `vtiger_servicecontracts`
--
ALTER TABLE `vtiger_servicecontracts`
  ADD KEY `fk_crmid_vtiger_servicecontracts` (`servicecontractsid`);

--
-- Indexes for table `vtiger_servicecontractscf`
--
ALTER TABLE `vtiger_servicecontractscf`
  ADD PRIMARY KEY (`servicecontractsid`);

--
-- Indexes for table `vtiger_service_usageunit`
--
ALTER TABLE `vtiger_service_usageunit`
  ADD PRIMARY KEY (`service_usageunitid`);

--
-- Indexes for table `vtiger_seticketsrel`
--
ALTER TABLE `vtiger_seticketsrel`
  ADD PRIMARY KEY (`crmid`,`ticketid`),
  ADD KEY `seticketsrel_crmid_idx` (`crmid`),
  ADD KEY `seticketsrel_ticketid_idx` (`ticketid`);

--
-- Indexes for table `vtiger_settings_blocks`
--
ALTER TABLE `vtiger_settings_blocks`
  ADD PRIMARY KEY (`blockid`);

--
-- Indexes for table `vtiger_settings_field`
--
ALTER TABLE `vtiger_settings_field`
  ADD PRIMARY KEY (`fieldid`),
  ADD KEY `fk_1_vtiger_settings_field` (`blockid`);

--
-- Indexes for table `vtiger_sharedcalendar`
--
ALTER TABLE `vtiger_sharedcalendar`
  ADD PRIMARY KEY (`userid`,`sharedid`);

--
-- Indexes for table `vtiger_shippingtaxinfo`
--
ALTER TABLE `vtiger_shippingtaxinfo`
  ADD PRIMARY KEY (`taxid`),
  ADD KEY `shippingtaxinfo_taxname_idx` (`taxname`);

--
-- Indexes for table `vtiger_shorturls`
--
ALTER TABLE `vtiger_shorturls`
  ADD PRIMARY KEY (`id`),
  ADD KEY `uid` (`uid`);

--
-- Indexes for table `vtiger_smsnotifier`
--
ALTER TABLE `vtiger_smsnotifier`
  ADD PRIMARY KEY (`smsnotifierid`);

--
-- Indexes for table `vtiger_smsnotifiercf`
--
ALTER TABLE `vtiger_smsnotifiercf`
  ADD PRIMARY KEY (`smsnotifierid`);

--
-- Indexes for table `vtiger_smsnotifier_servers`
--
ALTER TABLE `vtiger_smsnotifier_servers`
  ADD PRIMARY KEY (`id`);

--
-- Indexes for table `vtiger_smsnotifier_status`
--
ALTER TABLE `vtiger_smsnotifier_status`
  ADD PRIMARY KEY (`statusid`);

--
-- Indexes for table `vtiger_sobillads`
--
ALTER TABLE `vtiger_sobillads`
  ADD PRIMARY KEY (`sobilladdressid`);

--
-- Indexes for table `vtiger_soshipads`
--
ALTER TABLE `vtiger_soshipads`
  ADD PRIMARY KEY (`soshipaddressid`);

--
-- Indexes for table `vtiger_sostatus`
--
ALTER TABLE `vtiger_sostatus`
  ADD PRIMARY KEY (`sostatusid`),
  ADD UNIQUE KEY `sostatus_sostatus_idx` (`sostatus`);

--
-- Indexes for table `vtiger_sostatushistory`
--
ALTER TABLE `vtiger_sostatushistory`
  ADD PRIMARY KEY (`historyid`),
  ADD KEY `sostatushistory_salesorderid_idx` (`salesorderid`);

--
-- Indexes for table `vtiger_start_hour`
--
ALTER TABLE `vtiger_start_hour`
  ADD PRIMARY KEY (`start_hourid`);

--
-- Indexes for table `vtiger_status`
--
ALTER TABLE `vtiger_status`
  ADD PRIMARY KEY (`statusid`);

--
-- Indexes for table `vtiger_systems`
--
ALTER TABLE `vtiger_systems`
  ADD PRIMARY KEY (`id`);

--
-- Indexes for table `vtiger_tab`
--
ALTER TABLE `vtiger_tab`
  ADD PRIMARY KEY (`tabid`),
  ADD UNIQUE KEY `tab_name_idx` (`name`),
  ADD KEY `tab_modifiedby_idx` (`modifiedby`),
  ADD KEY `tab_tabid_idx` (`tabid`);

--
-- Indexes for table `vtiger_tab_info`
--
ALTER TABLE `vtiger_tab_info`
  ADD KEY `fk_1_vtiger_tab_info` (`tabid`);

--
-- Indexes for table `vtiger_taskpriority`
--
ALTER TABLE `vtiger_taskpriority`
  ADD PRIMARY KEY (`taskpriorityid`);

--
-- Indexes for table `vtiger_taskstatus`
--
ALTER TABLE `vtiger_taskstatus`
  ADD PRIMARY KEY (`taskstatusid`);

--
-- Indexes for table `vtiger_taxclass`
--
ALTER TABLE `vtiger_taxclass`
  ADD PRIMARY KEY (`taxclassid`),
  ADD UNIQUE KEY `taxclass_carrier_idx` (`taxclass`);

--
-- Indexes for table `vtiger_taxregions`
--
ALTER TABLE `vtiger_taxregions`
  ADD PRIMARY KEY (`regionid`);

--
-- Indexes for table `vtiger_ticketcategories`
--
ALTER TABLE `vtiger_ticketcategories`
  ADD PRIMARY KEY (`ticketcategories_id`);

--
-- Indexes for table `vtiger_ticketcf`
--
ALTER TABLE `vtiger_ticketcf`
  ADD PRIMARY KEY (`ticketid`);

--
-- Indexes for table `vtiger_ticketcomments`
--
ALTER TABLE `vtiger_ticketcomments`
  ADD PRIMARY KEY (`commentid`),
  ADD KEY `ticketcomments_ticketid_idx` (`ticketid`);

--
-- Indexes for table `vtiger_ticketpriorities`
--
ALTER TABLE `vtiger_ticketpriorities`
  ADD PRIMARY KEY (`ticketpriorities_id`);

--
-- Indexes for table `vtiger_ticketseverities`
--
ALTER TABLE `vtiger_ticketseverities`
  ADD PRIMARY KEY (`ticketseverities_id`);

--
-- Indexes for table `vtiger_ticketstatus`
--
ALTER TABLE `vtiger_ticketstatus`
  ADD PRIMARY KEY (`ticketstatus_id`);

--
-- Indexes for table `vtiger_time_zone`
--
ALTER TABLE `vtiger_time_zone`
  ADD PRIMARY KEY (`time_zoneid`);

--
-- Indexes for table `vtiger_tmp_read_group_rel_sharing_per`
--
ALTER TABLE `vtiger_tmp_read_group_rel_sharing_per`
  ADD PRIMARY KEY (`userid`,`tabid`,`relatedtabid`,`sharedgroupid`),
  ADD KEY `tmp_read_group_rel_sharing_per_userid_sharedgroupid_tabid` (`userid`,`sharedgroupid`,`tabid`);

--
-- Indexes for table `vtiger_tmp_read_group_sharing_per`
--
ALTER TABLE `vtiger_tmp_read_group_sharing_per`
  ADD PRIMARY KEY (`userid`,`tabid`,`sharedgroupid`),
  ADD KEY `tmp_read_group_sharing_per_userid_sharedgroupid_idx` (`userid`,`sharedgroupid`);

--
-- Indexes for table `vtiger_tmp_read_user_rel_sharing_per`
--
ALTER TABLE `vtiger_tmp_read_user_rel_sharing_per`
  ADD PRIMARY KEY (`userid`,`tabid`,`relatedtabid`,`shareduserid`),
  ADD KEY `tmp_read_user_rel_sharing_per_userid_shared_reltabid_idx` (`userid`,`shareduserid`,`relatedtabid`);

--
-- Indexes for table `vtiger_tmp_read_user_sharing_per`
--
ALTER TABLE `vtiger_tmp_read_user_sharing_per`
  ADD PRIMARY KEY (`userid`,`tabid`,`shareduserid`),
  ADD KEY `tmp_read_user_sharing_per_userid_shareduserid_idx` (`userid`,`shareduserid`);

--
-- Indexes for table `vtiger_tmp_write_group_rel_sharing_per`
--
ALTER TABLE `vtiger_tmp_write_group_rel_sharing_per`
  ADD PRIMARY KEY (`userid`,`tabid`,`relatedtabid`,`sharedgroupid`),
  ADD KEY `tmp_write_group_rel_sharing_per_userid_sharedgroupid_tabid_idx` (`userid`,`sharedgroupid`,`tabid`);

--
-- Indexes for table `vtiger_tmp_write_group_sharing_per`
--
ALTER TABLE `vtiger_tmp_write_group_sharing_per`
  ADD PRIMARY KEY (`userid`,`tabid`,`sharedgroupid`),
  ADD KEY `tmp_write_group_sharing_per_UK1` (`userid`,`sharedgroupid`);

--
-- Indexes for table `vtiger_tmp_write_user_rel_sharing_per`
--
ALTER TABLE `vtiger_tmp_write_user_rel_sharing_per`
  ADD PRIMARY KEY (`userid`,`tabid`,`relatedtabid`,`shareduserid`),
  ADD KEY `tmp_write_user_rel_sharing_per_userid_sharduserid_tabid_idx` (`userid`,`shareduserid`,`tabid`);

--
-- Indexes for table `vtiger_tmp_write_user_sharing_per`
--
ALTER TABLE `vtiger_tmp_write_user_sharing_per`
  ADD PRIMARY KEY (`userid`,`tabid`,`shareduserid`),
  ADD KEY `tmp_write_user_sharing_per_userid_shareduserid_idx` (`userid`,`shareduserid`);

--
-- Indexes for table `vtiger_tracker`
--
ALTER TABLE `vtiger_tracker`
  ADD PRIMARY KEY (`id`);

--
-- Indexes for table `vtiger_tracking_unit`
--
ALTER TABLE `vtiger_tracking_unit`
  ADD PRIMARY KEY (`tracking_unitid`);

--
-- Indexes for table `vtiger_troubletickets`
--
ALTER TABLE `vtiger_troubletickets`
  ADD PRIMARY KEY (`ticketid`),
  ADD KEY `troubletickets_ticketid_idx` (`ticketid`),
  ADD KEY `troubletickets_status_idx` (`status`);

--
-- Indexes for table `vtiger_usageunit`
--
ALTER TABLE `vtiger_usageunit`
  ADD PRIMARY KEY (`usageunitid`),
  ADD UNIQUE KEY `usageunit_usageunit_idx` (`usageunit`);

--
-- Indexes for table `vtiger_user2mergefields`
--
ALTER TABLE `vtiger_user2mergefields`
  ADD KEY `userid_tabid_idx` (`userid`,`tabid`);

--
-- Indexes for table `vtiger_user2role`
--
ALTER TABLE `vtiger_user2role`
  ADD PRIMARY KEY (`userid`),
  ADD KEY `user2role_roleid_idx` (`roleid`);

--
-- Indexes for table `vtiger_users`
--
ALTER TABLE `vtiger_users`
  ADD PRIMARY KEY (`id`),
  ADD KEY `user_user_name_idx` (`user_name`),
  ADD KEY `user_user_password_idx` (`user_password`);

--
-- Indexes for table `vtiger_users2group`
--
ALTER TABLE `vtiger_users2group`
  ADD PRIMARY KEY (`groupid`,`userid`),
  ADD KEY `users2group_groupname_uerid_idx` (`groupid`,`userid`),
  ADD KEY `fk_2_vtiger_users2group` (`userid`);

--
-- Indexes for table `vtiger_users_last_import`
--
ALTER TABLE `vtiger_users_last_import`
  ADD PRIMARY KEY (`id`),
  ADD KEY `idx_user_id` (`assigned_user_id`);

--
-- Indexes for table `vtiger_user_module_preferences`
--
ALTER TABLE `vtiger_user_module_preferences`
  ADD PRIMARY KEY (`userid`,`tabid`),
  ADD KEY `fk_2_vtiger_user_module_preferences` (`tabid`);

--
-- Indexes for table `vtiger_vendor`
--
ALTER TABLE `vtiger_vendor`
  ADD PRIMARY KEY (`vendorid`);

--
-- Indexes for table `vtiger_vendorcf`
--
ALTER TABLE `vtiger_vendorcf`
  ADD PRIMARY KEY (`vendorid`);

--
-- Indexes for table `vtiger_vendorcontactrel`
--
ALTER TABLE `vtiger_vendorcontactrel`
  ADD PRIMARY KEY (`vendorid`,`contactid`),
  ADD KEY `vendorcontactrel_vendorid_idx` (`vendorid`),
  ADD KEY `vendorcontactrel_contact_idx` (`contactid`);

--
-- Indexes for table `vtiger_version`
--
ALTER TABLE `vtiger_version`
  ADD PRIMARY KEY (`id`);

--
-- Indexes for table `vtiger_visibility`
--
ALTER TABLE `vtiger_visibility`
  ADD PRIMARY KEY (`visibilityid`),
  ADD UNIQUE KEY `visibility_visibility_idx` (`visibility`);

--
-- Indexes for table `vtiger_webforms`
--
ALTER TABLE `vtiger_webforms`
  ADD PRIMARY KEY (`id`),
  ADD UNIQUE KEY `webformname` (`name`),
  ADD UNIQUE KEY `publicid` (`id`),
  ADD KEY `webforms_webforms_id_idx` (`id`);

--
-- Indexes for table `vtiger_webforms_field`
--
ALTER TABLE `vtiger_webforms_field`
  ADD PRIMARY KEY (`id`),
  ADD KEY `webforms_webforms_field_idx` (`id`),
  ADD KEY `fk_1_vtiger_webforms_field` (`webformid`),
  ADD KEY `fk_2_vtiger_webforms_field` (`fieldname`);

--
-- Indexes for table `vtiger_webform_file_fields`
--
ALTER TABLE `vtiger_webform_file_fields`
  ADD PRIMARY KEY (`id`),
  ADD KEY `fk_vtiger_webforms` (`webformid`);

--
-- Indexes for table `vtiger_wordtemplates`
--
ALTER TABLE `vtiger_wordtemplates`
  ADD PRIMARY KEY (`templateid`);

--
-- Indexes for table `vtiger_wsapp`
--
ALTER TABLE `vtiger_wsapp`
  ADD PRIMARY KEY (`appid`);

--
-- Indexes for table `vtiger_wsapp_logs_basic`
--
ALTER TABLE `vtiger_wsapp_logs_basic`
  ADD PRIMARY KEY (`id`);

--
-- Indexes for table `vtiger_wsapp_logs_details`
--
ALTER TABLE `vtiger_wsapp_logs_details`
  ADD KEY `vtiger_wsapp_logs_basic_ibfk_1` (`id`);

--
-- Indexes for table `vtiger_wsapp_recordmapping`
--
ALTER TABLE `vtiger_wsapp_recordmapping`
  ADD PRIMARY KEY (`id`);

--
-- Indexes for table `vtiger_wsapp_sync_state`
--
ALTER TABLE `vtiger_wsapp_sync_state`
  ADD PRIMARY KEY (`id`);

--
-- Indexes for table `vtiger_ws_entity`
--
ALTER TABLE `vtiger_ws_entity`
  ADD PRIMARY KEY (`id`);

--
-- Indexes for table `vtiger_ws_entity_fieldtype`
--
ALTER TABLE `vtiger_ws_entity_fieldtype`
  ADD PRIMARY KEY (`fieldtypeid`),
  ADD UNIQUE KEY `vtiger_idx_1_tablename_fieldname` (`table_name`,`field_name`);

--
-- Indexes for table `vtiger_ws_entity_name`
--
ALTER TABLE `vtiger_ws_entity_name`
  ADD PRIMARY KEY (`entity_id`);

--
-- Indexes for table `vtiger_ws_entity_referencetype`
--
ALTER TABLE `vtiger_ws_entity_referencetype`
  ADD PRIMARY KEY (`fieldtypeid`,`type`);

--
-- Indexes for table `vtiger_ws_entity_tables`
--
ALTER TABLE `vtiger_ws_entity_tables`
  ADD PRIMARY KEY (`webservice_entity_id`,`table_name`);

--
-- Indexes for table `vtiger_ws_fieldinfo`
--
ALTER TABLE `vtiger_ws_fieldinfo`
  ADD PRIMARY KEY (`id`);

--
-- Indexes for table `vtiger_ws_fieldtype`
--
ALTER TABLE `vtiger_ws_fieldtype`
  ADD PRIMARY KEY (`fieldtypeid`),
  ADD UNIQUE KEY `uitype_idx` (`uitype`);

--
-- Indexes for table `vtiger_ws_operation`
--
ALTER TABLE `vtiger_ws_operation`
  ADD PRIMARY KEY (`operationid`);

--
-- Indexes for table `vtiger_ws_operation_parameters`
--
ALTER TABLE `vtiger_ws_operation_parameters`
  ADD PRIMARY KEY (`operationid`,`name`);

--
-- Indexes for table `vtiger_ws_referencetype`
--
ALTER TABLE `vtiger_ws_referencetype`
  ADD PRIMARY KEY (`fieldtypeid`,`type`);

--
-- Indexes for table `vtiger_ws_userauthtoken`
--
ALTER TABLE `vtiger_ws_userauthtoken`
  ADD PRIMARY KEY (`userid`,`expiretime`),
  ADD UNIQUE KEY `userid_idx` (`userid`);

--
-- AUTO_INCREMENT for dumped tables
--

--
-- AUTO_INCREMENT for table `com_vtiger_workflows`
--
ALTER TABLE `com_vtiger_workflows`
  MODIFY `workflow_id` int(11) NOT NULL AUTO_INCREMENT, AUTO_INCREMENT=25;

--
-- AUTO_INCREMENT for table `com_vtiger_workflowtasks`
--
ALTER TABLE `com_vtiger_workflowtasks`
  MODIFY `task_id` int(11) NOT NULL AUTO_INCREMENT, AUTO_INCREMENT=29;

--
-- AUTO_INCREMENT for table `com_vtiger_workflowtemplates`
--
ALTER TABLE `com_vtiger_workflowtemplates`
  MODIFY `template_id` int(11) NOT NULL AUTO_INCREMENT;

--
-- AUTO_INCREMENT for table `vtiger_accountrating`
--
ALTER TABLE `vtiger_accountrating`
  MODIFY `accountratingid` int(19) NOT NULL AUTO_INCREMENT;

--
-- AUTO_INCREMENT for table `vtiger_accounttype`
--
ALTER TABLE `vtiger_accounttype`
  MODIFY `accounttypeid` int(19) NOT NULL AUTO_INCREMENT, AUTO_INCREMENT=12;

--
-- AUTO_INCREMENT for table `vtiger_activitytype`
--
ALTER TABLE `vtiger_activitytype`
  MODIFY `activitytypeid` int(19) NOT NULL AUTO_INCREMENT, AUTO_INCREMENT=4;

--
-- AUTO_INCREMENT for table `vtiger_activity_reminder_popup`
--
ALTER TABLE `vtiger_activity_reminder_popup`
  MODIFY `reminderid` int(19) NOT NULL AUTO_INCREMENT;

--
-- AUTO_INCREMENT for table `vtiger_activity_view`
--
ALTER TABLE `vtiger_activity_view`
  MODIFY `activity_viewid` int(19) NOT NULL AUTO_INCREMENT, AUTO_INCREMENT=6;

--
-- AUTO_INCREMENT for table `vtiger_assetstatus`
--
ALTER TABLE `vtiger_assetstatus`
  MODIFY `assetstatusid` int(11) NOT NULL AUTO_INCREMENT, AUTO_INCREMENT=3;

--
-- AUTO_INCREMENT for table `vtiger_attachmentsfolder`
--
ALTER TABLE `vtiger_attachmentsfolder`
  MODIFY `folderid` int(19) NOT NULL AUTO_INCREMENT, AUTO_INCREMENT=2;

--
-- AUTO_INCREMENT for table `vtiger_batch_furnace`
--
ALTER TABLE `vtiger_batch_furnace`
  MODIFY `batch_furnaceid` int(11) NOT NULL AUTO_INCREMENT, AUTO_INCREMENT=6;

--
-- AUTO_INCREMENT for table `vtiger_batch_item`
--
ALTER TABLE `vtiger_batch_item`
  MODIFY `batchItem_id` int(11) NOT NULL AUTO_INCREMENT, AUTO_INCREMENT=8;

--
-- AUTO_INCREMENT for table `vtiger_batch_machine`
--
ALTER TABLE `vtiger_batch_machine`
  MODIFY `batch_machineid` int(11) NOT NULL AUTO_INCREMENT, AUTO_INCREMENT=8;

--
-- AUTO_INCREMENT for table `vtiger_calendarsharedtype`
--
ALTER TABLE `vtiger_calendarsharedtype`
  MODIFY `calendarsharedtypeid` int(11) NOT NULL AUTO_INCREMENT, AUTO_INCREMENT=4;

--
-- AUTO_INCREMENT for table `vtiger_callduration`
--
ALTER TABLE `vtiger_callduration`
  MODIFY `calldurationid` int(11) NOT NULL AUTO_INCREMENT, AUTO_INCREMENT=6;

--
-- AUTO_INCREMENT for table `vtiger_campaignstatus`
--
ALTER TABLE `vtiger_campaignstatus`
  MODIFY `campaignstatusid` int(19) NOT NULL AUTO_INCREMENT, AUTO_INCREMENT=7;

--
-- AUTO_INCREMENT for table `vtiger_campaigntype`
--
ALTER TABLE `vtiger_campaigntype`
  MODIFY `campaigntypeid` int(19) NOT NULL AUTO_INCREMENT, AUTO_INCREMENT=14;

--
-- AUTO_INCREMENT for table `vtiger_carrier`
--
ALTER TABLE `vtiger_carrier`
  MODIFY `carrierid` int(19) NOT NULL AUTO_INCREMENT, AUTO_INCREMENT=6;

--
-- AUTO_INCREMENT for table `vtiger_contract_priority`
--
ALTER TABLE `vtiger_contract_priority`
  MODIFY `contract_priorityid` int(11) NOT NULL AUTO_INCREMENT, AUTO_INCREMENT=4;

--
-- AUTO_INCREMENT for table `vtiger_contract_status`
--
ALTER TABLE `vtiger_contract_status`
  MODIFY `contract_statusid` int(11) NOT NULL AUTO_INCREMENT, AUTO_INCREMENT=7;

--
-- AUTO_INCREMENT for table `vtiger_contract_type`
--
ALTER TABLE `vtiger_contract_type`
  MODIFY `contract_typeid` int(11) NOT NULL AUTO_INCREMENT, AUTO_INCREMENT=4;

--
-- AUTO_INCREMENT for table `vtiger_convertleadmapping`
--
ALTER TABLE `vtiger_convertleadmapping`
  MODIFY `cfmid` int(19) NOT NULL AUTO_INCREMENT, AUTO_INCREMENT=31;

--
-- AUTO_INCREMENT for table `vtiger_convertpotentialmapping`
--
ALTER TABLE `vtiger_convertpotentialmapping`
  MODIFY `cfmid` int(19) NOT NULL AUTO_INCREMENT, AUTO_INCREMENT=3;

--
-- AUTO_INCREMENT for table `vtiger_core_type`
--
ALTER TABLE `vtiger_core_type`
  MODIFY `core_typeid` int(11) NOT NULL AUTO_INCREMENT, AUTO_INCREMENT=47;

--
-- AUTO_INCREMENT for table `vtiger_cron_task`
--
ALTER TABLE `vtiger_cron_task`
  MODIFY `id` int(11) NOT NULL AUTO_INCREMENT, AUTO_INCREMENT=8;

--
-- AUTO_INCREMENT for table `vtiger_currencies`
--
ALTER TABLE `vtiger_currencies`
  MODIFY `currencyid` int(19) NOT NULL AUTO_INCREMENT, AUTO_INCREMENT=139;

--
-- AUTO_INCREMENT for table `vtiger_currency`
--
ALTER TABLE `vtiger_currency`
  MODIFY `currencyid` int(19) NOT NULL AUTO_INCREMENT;

--
-- AUTO_INCREMENT for table `vtiger_currency_decimal_separator`
--
ALTER TABLE `vtiger_currency_decimal_separator`
  MODIFY `currency_decimal_separatorid` int(19) NOT NULL AUTO_INCREMENT, AUTO_INCREMENT=6;

--
-- AUTO_INCREMENT for table `vtiger_currency_grouping_pattern`
--
ALTER TABLE `vtiger_currency_grouping_pattern`
  MODIFY `currency_grouping_patternid` int(19) NOT NULL AUTO_INCREMENT, AUTO_INCREMENT=5;

--
-- AUTO_INCREMENT for table `vtiger_currency_grouping_separator`
--
ALTER TABLE `vtiger_currency_grouping_separator`
  MODIFY `currency_grouping_separatorid` int(19) NOT NULL AUTO_INCREMENT, AUTO_INCREMENT=6;

--
-- AUTO_INCREMENT for table `vtiger_currency_info`
--
ALTER TABLE `vtiger_currency_info`
  MODIFY `id` int(11) NOT NULL AUTO_INCREMENT, AUTO_INCREMENT=2;

--
-- AUTO_INCREMENT for table `vtiger_currency_symbol_placement`
--
ALTER TABLE `vtiger_currency_symbol_placement`
  MODIFY `currency_symbol_placementid` int(19) NOT NULL AUTO_INCREMENT, AUTO_INCREMENT=3;

--
-- AUTO_INCREMENT for table `vtiger_dashboard_tabs`
--
ALTER TABLE `vtiger_dashboard_tabs`
  MODIFY `id` int(19) NOT NULL AUTO_INCREMENT, AUTO_INCREMENT=6;

--
-- AUTO_INCREMENT for table `vtiger_date_format`
--
ALTER TABLE `vtiger_date_format`
  MODIFY `date_formatid` int(19) NOT NULL AUTO_INCREMENT, AUTO_INCREMENT=4;

--
-- AUTO_INCREMENT for table `vtiger_dayoftheweek`
--
ALTER TABLE `vtiger_dayoftheweek`
  MODIFY `dayoftheweekid` int(11) NOT NULL AUTO_INCREMENT, AUTO_INCREMENT=8;

--
-- AUTO_INCREMENT for table `vtiger_defaultactivitytype`
--
ALTER TABLE `vtiger_defaultactivitytype`
  MODIFY `defaultactivitytypeid` int(11) NOT NULL AUTO_INCREMENT, AUTO_INCREMENT=3;

--
-- AUTO_INCREMENT for table `vtiger_defaultcalendarview`
--
ALTER TABLE `vtiger_defaultcalendarview`
  MODIFY `defaultcalendarviewid` int(11) NOT NULL AUTO_INCREMENT, AUTO_INCREMENT=4;

--
-- AUTO_INCREMENT for table `vtiger_defaulteventstatus`
--
ALTER TABLE `vtiger_defaulteventstatus`
  MODIFY `defaulteventstatusid` int(11) NOT NULL AUTO_INCREMENT, AUTO_INCREMENT=4;

--
-- AUTO_INCREMENT for table `vtiger_default_record_view`
--
ALTER TABLE `vtiger_default_record_view`
  MODIFY `default_record_viewid` int(11) NOT NULL AUTO_INCREMENT, AUTO_INCREMENT=3;

--
-- AUTO_INCREMENT for table `vtiger_def_org_share`
--
ALTER TABLE `vtiger_def_org_share`
  MODIFY `ruleid` int(11) NOT NULL AUTO_INCREMENT, AUTO_INCREMENT=33;

--
-- AUTO_INCREMENT for table `vtiger_durationhrs`
--
ALTER TABLE `vtiger_durationhrs`
  MODIFY `hrsid` int(19) NOT NULL AUTO_INCREMENT;

--
-- AUTO_INCREMENT for table `vtiger_durationmins`
--
ALTER TABLE `vtiger_durationmins`
  MODIFY `minsid` int(19) NOT NULL AUTO_INCREMENT;

--
-- AUTO_INCREMENT for table `vtiger_duration_minutes`
--
ALTER TABLE `vtiger_duration_minutes`
  MODIFY `minutesid` int(19) NOT NULL AUTO_INCREMENT, AUTO_INCREMENT=5;

--
-- AUTO_INCREMENT for table `vtiger_emails_recipientprefs`
--
ALTER TABLE `vtiger_emails_recipientprefs`
  MODIFY `id` int(11) NOT NULL AUTO_INCREMENT;

--
-- AUTO_INCREMENT for table `vtiger_emailtemplates`
--
ALTER TABLE `vtiger_emailtemplates`
  MODIFY `templateid` int(19) NOT NULL AUTO_INCREMENT, AUTO_INCREMENT=17;

--
-- AUTO_INCREMENT for table `vtiger_eventhandlers`
--
ALTER TABLE `vtiger_eventhandlers`
  MODIFY `eventhandler_id` int(11) NOT NULL AUTO_INCREMENT, AUTO_INCREMENT=33;

--
-- AUTO_INCREMENT for table `vtiger_eventhandler_module`
--
ALTER TABLE `vtiger_eventhandler_module`
  MODIFY `eventhandler_module_id` int(11) NOT NULL AUTO_INCREMENT, AUTO_INCREMENT=6;

--
-- AUTO_INCREMENT for table `vtiger_eventstatus`
--
ALTER TABLE `vtiger_eventstatus`
  MODIFY `eventstatusid` int(19) NOT NULL AUTO_INCREMENT, AUTO_INCREMENT=4;

--
-- AUTO_INCREMENT for table `vtiger_expectedresponse`
--
ALTER TABLE `vtiger_expectedresponse`
  MODIFY `expectedresponseid` int(19) NOT NULL AUTO_INCREMENT, AUTO_INCREMENT=6;

--
-- AUTO_INCREMENT for table `vtiger_extnstore_users`
--
ALTER TABLE `vtiger_extnstore_users`
  MODIFY `id` int(11) NOT NULL AUTO_INCREMENT;

--
-- AUTO_INCREMENT for table `vtiger_faq`
--
ALTER TABLE `vtiger_faq`
  MODIFY `id` int(11) NOT NULL AUTO_INCREMENT;

--
-- AUTO_INCREMENT for table `vtiger_faqcategories`
--
ALTER TABLE `vtiger_faqcategories`
  MODIFY `faqcategories_id` int(19) NOT NULL AUTO_INCREMENT, AUTO_INCREMENT=2;

--
-- AUTO_INCREMENT for table `vtiger_faqcomments`
--
ALTER TABLE `vtiger_faqcomments`
  MODIFY `commentid` int(19) NOT NULL AUTO_INCREMENT;

--
-- AUTO_INCREMENT for table `vtiger_faqstatus`
--
ALTER TABLE `vtiger_faqstatus`
  MODIFY `faqstatus_id` int(19) NOT NULL AUTO_INCREMENT, AUTO_INCREMENT=5;

--
-- AUTO_INCREMENT for table `vtiger_field`
--
ALTER TABLE `vtiger_field`
  MODIFY `fieldid` int(19) NOT NULL AUTO_INCREMENT, AUTO_INCREMENT=961;

--
-- AUTO_INCREMENT for table `vtiger_glacct`
--
ALTER TABLE `vtiger_glacct`
  MODIFY `glacctid` int(19) NOT NULL AUTO_INCREMENT, AUTO_INCREMENT=10;

--
-- AUTO_INCREMENT for table `vtiger_heatrun_furnace`
--
ALTER TABLE `vtiger_heatrun_furnace`
  MODIFY `heatrun_furnaceid` int(11) NOT NULL AUTO_INCREMENT, AUTO_INCREMENT=6;

--
-- AUTO_INCREMENT for table `vtiger_heat_number`
--
ALTER TABLE `vtiger_heat_number`
  MODIFY `heat_numberid` int(11) NOT NULL AUTO_INCREMENT, AUTO_INCREMENT=11;

--
-- AUTO_INCREMENT for table `vtiger_hour_format`
--
ALTER TABLE `vtiger_hour_format`
  MODIFY `hour_formatid` int(11) NOT NULL AUTO_INCREMENT, AUTO_INCREMENT=3;

--
-- AUTO_INCREMENT for table `vtiger_import_1`
--
ALTER TABLE `vtiger_import_1`
  MODIFY `id` int(11) NOT NULL AUTO_INCREMENT, AUTO_INCREMENT=64;

--
-- AUTO_INCREMENT for table `vtiger_import_maps`
--
ALTER TABLE `vtiger_import_maps`
  MODIFY `id` int(19) NOT NULL AUTO_INCREMENT, AUTO_INCREMENT=5;

--
-- AUTO_INCREMENT for table `vtiger_industry`
--
ALTER TABLE `vtiger_industry`
  MODIFY `industryid` int(19) NOT NULL AUTO_INCREMENT, AUTO_INCREMENT=33;

--
-- AUTO_INCREMENT for table `vtiger_invb_select_frm`
--
ALTER TABLE `vtiger_invb_select_frm`
  MODIFY `invb_select_frmid` int(11) NOT NULL AUTO_INCREMENT, AUTO_INCREMENT=9;

--
-- AUTO_INCREMENT for table `vtiger_invb_select_to`
--
ALTER TABLE `vtiger_invb_select_to`
  MODIFY `invb_select_toid` int(11) NOT NULL AUTO_INCREMENT, AUTO_INCREMENT=10;

--
-- AUTO_INCREMENT for table `vtiger_inventorycharges`
--
ALTER TABLE `vtiger_inventorycharges`
  MODIFY `chargeid` int(5) NOT NULL AUTO_INCREMENT, AUTO_INCREMENT=2;

--
-- AUTO_INCREMENT for table `vtiger_inventorynotification`
--
ALTER TABLE `vtiger_inventorynotification`
  MODIFY `notificationid` int(19) NOT NULL AUTO_INCREMENT, AUTO_INCREMENT=4;

--
-- AUTO_INCREMENT for table `vtiger_inventoryproductrel`
--
ALTER TABLE `vtiger_inventoryproductrel`
  MODIFY `lineitem_id` int(11) NOT NULL AUTO_INCREMENT;

--
-- AUTO_INCREMENT for table `vtiger_invoicestatus`
--
ALTER TABLE `vtiger_invoicestatus`
  MODIFY `invoicestatusid` int(19) NOT NULL AUTO_INCREMENT, AUTO_INCREMENT=8;

--
-- AUTO_INCREMENT for table `vtiger_invoicestatushistory`
--
ALTER TABLE `vtiger_invoicestatushistory`
  MODIFY `historyid` int(19) NOT NULL AUTO_INCREMENT;

--
-- AUTO_INCREMENT for table `vtiger_language`
--
ALTER TABLE `vtiger_language`
  MODIFY `id` int(11) NOT NULL AUTO_INCREMENT, AUTO_INCREMENT=17;

--
-- AUTO_INCREMENT for table `vtiger_leadsource`
--
ALTER TABLE `vtiger_leadsource`
  MODIFY `leadsourceid` int(19) NOT NULL AUTO_INCREMENT, AUTO_INCREMENT=14;

--
-- AUTO_INCREMENT for table `vtiger_leadstage`
--
ALTER TABLE `vtiger_leadstage`
  MODIFY `leadstageid` int(19) NOT NULL AUTO_INCREMENT;

--
-- AUTO_INCREMENT for table `vtiger_leadstatus`
--
ALTER TABLE `vtiger_leadstatus`
  MODIFY `leadstatusid` int(19) NOT NULL AUTO_INCREMENT, AUTO_INCREMENT=13;

--
-- AUTO_INCREMENT for table `vtiger_lead_view`
--
ALTER TABLE `vtiger_lead_view`
  MODIFY `lead_viewid` int(19) NOT NULL AUTO_INCREMENT, AUTO_INCREMENT=4;

--
-- AUTO_INCREMENT for table `vtiger_loginhistory`
--
ALTER TABLE `vtiger_loginhistory`
  MODIFY `login_id` int(11) NOT NULL AUTO_INCREMENT, AUTO_INCREMENT=204;

--
-- AUTO_INCREMENT for table `vtiger_mailscanner`
--
ALTER TABLE `vtiger_mailscanner`
  MODIFY `scannerid` int(11) NOT NULL AUTO_INCREMENT;

--
-- AUTO_INCREMENT for table `vtiger_mailscanner_actions`
--
ALTER TABLE `vtiger_mailscanner_actions`
  MODIFY `actionid` int(11) NOT NULL AUTO_INCREMENT;

--
-- AUTO_INCREMENT for table `vtiger_mailscanner_folders`
--
ALTER TABLE `vtiger_mailscanner_folders`
  MODIFY `folderid` int(11) NOT NULL AUTO_INCREMENT;

--
-- AUTO_INCREMENT for table `vtiger_mailscanner_rules`
--
ALTER TABLE `vtiger_mailscanner_rules`
  MODIFY `ruleid` int(11) NOT NULL AUTO_INCREMENT;

--
-- AUTO_INCREMENT for table `vtiger_manufacturer`
--
ALTER TABLE `vtiger_manufacturer`
  MODIFY `manufacturerid` int(19) NOT NULL AUTO_INCREMENT, AUTO_INCREMENT=5;

--
-- AUTO_INCREMENT for table `vtiger_mobile_alerts`
--
ALTER TABLE `vtiger_mobile_alerts`
  MODIFY `id` int(11) NOT NULL AUTO_INCREMENT, AUTO_INCREMENT=8;

--
-- AUTO_INCREMENT for table `vtiger_module_dashboard_widgets`
--
ALTER TABLE `vtiger_module_dashboard_widgets`
  MODIFY `id` int(19) NOT NULL AUTO_INCREMENT, AUTO_INCREMENT=10;

--
-- AUTO_INCREMENT for table `vtiger_movementrel`
--
ALTER TABLE `vtiger_movementrel`
  MODIFY `lineitem_id` int(11) NOT NULL AUTO_INCREMENT, AUTO_INCREMENT=12;

--
-- AUTO_INCREMENT for table `vtiger_notificationscheduler`
--
ALTER TABLE `vtiger_notificationscheduler`
  MODIFY `schedulednotificationid` int(19) NOT NULL AUTO_INCREMENT, AUTO_INCREMENT=9;

--
-- AUTO_INCREMENT for table `vtiger_no_of_currency_decimals`
--
ALTER TABLE `vtiger_no_of_currency_decimals`
  MODIFY `no_of_currency_decimalsid` int(11) NOT NULL AUTO_INCREMENT, AUTO_INCREMENT=8;

--
-- AUTO_INCREMENT for table `vtiger_opportunitystage`
--
ALTER TABLE `vtiger_opportunitystage`
  MODIFY `potstageid` int(19) NOT NULL AUTO_INCREMENT;

--
-- AUTO_INCREMENT for table `vtiger_opportunity_type`
--
ALTER TABLE `vtiger_opportunity_type`
  MODIFY `opptypeid` int(19) NOT NULL AUTO_INCREMENT, AUTO_INCREMENT=4;

--
-- AUTO_INCREMENT for table `vtiger_othereventduration`
--
ALTER TABLE `vtiger_othereventduration`
  MODIFY `othereventdurationid` int(11) NOT NULL AUTO_INCREMENT, AUTO_INCREMENT=6;

--
-- AUTO_INCREMENT for table `vtiger_pbxmanager`
--
ALTER TABLE `vtiger_pbxmanager`
  MODIFY `pbxmanagerid` int(20) NOT NULL AUTO_INCREMENT;

--
-- AUTO_INCREMENT for table `vtiger_pbxmanager_gateway`
--
ALTER TABLE `vtiger_pbxmanager_gateway`
  MODIFY `id` int(11) NOT NULL AUTO_INCREMENT;

--
-- AUTO_INCREMENT for table `vtiger_picklist`
--
ALTER TABLE `vtiger_picklist`
  MODIFY `picklistid` int(11) NOT NULL AUTO_INCREMENT, AUTO_INCREMENT=60;

--
-- AUTO_INCREMENT for table `vtiger_postatus`
--
ALTER TABLE `vtiger_postatus`
  MODIFY `postatusid` int(19) NOT NULL AUTO_INCREMENT, AUTO_INCREMENT=6;

--
-- AUTO_INCREMENT for table `vtiger_postatushistory`
--
ALTER TABLE `vtiger_postatushistory`
  MODIFY `historyid` int(19) NOT NULL AUTO_INCREMENT;

--
-- AUTO_INCREMENT for table `vtiger_potstagehistory`
--
ALTER TABLE `vtiger_potstagehistory`
  MODIFY `historyid` int(19) NOT NULL AUTO_INCREMENT;

--
-- AUTO_INCREMENT for table `vtiger_priority`
--
ALTER TABLE `vtiger_priority`
  MODIFY `priorityid` int(19) NOT NULL AUTO_INCREMENT;

--
-- AUTO_INCREMENT for table `vtiger_productcategory`
--
ALTER TABLE `vtiger_productcategory`
  MODIFY `productcategoryid` int(19) NOT NULL AUTO_INCREMENT, AUTO_INCREMENT=5;

--
-- AUTO_INCREMENT for table `vtiger_profile`
--
ALTER TABLE `vtiger_profile`
  MODIFY `profileid` int(10) NOT NULL AUTO_INCREMENT, AUTO_INCREMENT=5;

--
-- AUTO_INCREMENT for table `vtiger_progress`
--
ALTER TABLE `vtiger_progress`
  MODIFY `progressid` int(11) NOT NULL AUTO_INCREMENT, AUTO_INCREMENT=12;

--
-- AUTO_INCREMENT for table `vtiger_projectmilestonetype`
--
ALTER TABLE `vtiger_projectmilestonetype`
  MODIFY `projectmilestonetypeid` int(11) NOT NULL AUTO_INCREMENT, AUTO_INCREMENT=5;

--
-- AUTO_INCREMENT for table `vtiger_projectpriority`
--
ALTER TABLE `vtiger_projectpriority`
  MODIFY `projectpriorityid` int(11) NOT NULL AUTO_INCREMENT, AUTO_INCREMENT=5;

--
-- AUTO_INCREMENT for table `vtiger_projectstatus`
--
ALTER TABLE `vtiger_projectstatus`
  MODIFY `projectstatusid` int(11) NOT NULL AUTO_INCREMENT, AUTO_INCREMENT=10;

--
-- AUTO_INCREMENT for table `vtiger_projecttaskpriority`
--
ALTER TABLE `vtiger_projecttaskpriority`
  MODIFY `projecttaskpriorityid` int(11) NOT NULL AUTO_INCREMENT, AUTO_INCREMENT=5;

--
-- AUTO_INCREMENT for table `vtiger_projecttaskprogress`
--
ALTER TABLE `vtiger_projecttaskprogress`
  MODIFY `projecttaskprogressid` int(11) NOT NULL AUTO_INCREMENT, AUTO_INCREMENT=12;

--
-- AUTO_INCREMENT for table `vtiger_projecttaskstatus`
--
ALTER TABLE `vtiger_projecttaskstatus`
  MODIFY `projecttaskstatusid` int(11) NOT NULL AUTO_INCREMENT, AUTO_INCREMENT=7;

--
-- AUTO_INCREMENT for table `vtiger_projecttasktype`
--
ALTER TABLE `vtiger_projecttasktype`
  MODIFY `projecttasktypeid` int(11) NOT NULL AUTO_INCREMENT, AUTO_INCREMENT=5;

--
-- AUTO_INCREMENT for table `vtiger_projecttype`
--
ALTER TABLE `vtiger_projecttype`
  MODIFY `projecttypeid` int(11) NOT NULL AUTO_INCREMENT, AUTO_INCREMENT=5;

--
-- AUTO_INCREMENT for table `vtiger_quotestage`
--
ALTER TABLE `vtiger_quotestage`
  MODIFY `quotestageid` int(19) NOT NULL AUTO_INCREMENT, AUTO_INCREMENT=6;

--
-- AUTO_INCREMENT for table `vtiger_quotestagehistory`
--
ALTER TABLE `vtiger_quotestagehistory`
  MODIFY `historyid` int(19) NOT NULL AUTO_INCREMENT;

--
-- AUTO_INCREMENT for table `vtiger_rating`
--
ALTER TABLE `vtiger_rating`
  MODIFY `rating_id` int(19) NOT NULL AUTO_INCREMENT, AUTO_INCREMENT=7;

--
-- AUTO_INCREMENT for table `vtiger_recurringevents`
--
ALTER TABLE `vtiger_recurringevents`
  MODIFY `recurringid` int(19) NOT NULL AUTO_INCREMENT;

--
-- AUTO_INCREMENT for table `vtiger_recurringtype`
--
ALTER TABLE `vtiger_recurringtype`
  MODIFY `recurringeventid` int(19) NOT NULL AUTO_INCREMENT, AUTO_INCREMENT=6;

--
-- AUTO_INCREMENT for table `vtiger_rej_reason`
--
ALTER TABLE `vtiger_rej_reason`
  MODIFY `reason_id` int(11) NOT NULL AUTO_INCREMENT;

--
-- AUTO_INCREMENT for table `vtiger_reminder_interval`
--
ALTER TABLE `vtiger_reminder_interval`
  MODIFY `reminder_intervalid` int(19) NOT NULL AUTO_INCREMENT, AUTO_INCREMENT=9;

--
-- AUTO_INCREMENT for table `vtiger_reportfolder`
--
ALTER TABLE `vtiger_reportfolder`
  MODIFY `folderid` int(19) NOT NULL AUTO_INCREMENT, AUTO_INCREMENT=14;

--
-- AUTO_INCREMENT for table `vtiger_rollupcomments_settings`
--
ALTER TABLE `vtiger_rollupcomments_settings`
  MODIFY `rollupid` int(19) NOT NULL AUTO_INCREMENT;

--
-- AUTO_INCREMENT for table `vtiger_rowheight`
--
ALTER TABLE `vtiger_rowheight`
  MODIFY `rowheightid` int(11) NOT NULL AUTO_INCREMENT, AUTO_INCREMENT=4;

--
-- AUTO_INCREMENT for table `vtiger_sales_stage`
--
ALTER TABLE `vtiger_sales_stage`
  MODIFY `sales_stage_id` int(19) NOT NULL AUTO_INCREMENT, AUTO_INCREMENT=11;

--
-- AUTO_INCREMENT for table `vtiger_salutationtype`
--
ALTER TABLE `vtiger_salutationtype`
  MODIFY `salutationid` int(19) NOT NULL AUTO_INCREMENT, AUTO_INCREMENT=7;

--
-- AUTO_INCREMENT for table `vtiger_select_frm`
--
ALTER TABLE `vtiger_select_frm`
  MODIFY `select_frmid` int(11) NOT NULL AUTO_INCREMENT, AUTO_INCREMENT=8;

--
-- AUTO_INCREMENT for table `vtiger_select_to`
--
ALTER TABLE `vtiger_select_to`
  MODIFY `select_toid` int(11) NOT NULL AUTO_INCREMENT, AUTO_INCREMENT=8;

--
-- AUTO_INCREMENT for table `vtiger_servicecategory`
--
ALTER TABLE `vtiger_servicecategory`
  MODIFY `servicecategoryid` int(11) NOT NULL AUTO_INCREMENT, AUTO_INCREMENT=7;

--
-- AUTO_INCREMENT for table `vtiger_service_usageunit`
--
ALTER TABLE `vtiger_service_usageunit`
  MODIFY `service_usageunitid` int(11) NOT NULL AUTO_INCREMENT, AUTO_INCREMENT=4;

--
-- AUTO_INCREMENT for table `vtiger_shorturls`
--
ALTER TABLE `vtiger_shorturls`
  MODIFY `id` int(11) NOT NULL AUTO_INCREMENT;

--
-- AUTO_INCREMENT for table `vtiger_smsnotifier_servers`
--
ALTER TABLE `vtiger_smsnotifier_servers`
  MODIFY `id` int(11) NOT NULL AUTO_INCREMENT;

--
-- AUTO_INCREMENT for table `vtiger_smsnotifier_status`
--
ALTER TABLE `vtiger_smsnotifier_status`
  MODIFY `statusid` int(11) NOT NULL AUTO_INCREMENT;

--
-- AUTO_INCREMENT for table `vtiger_sostatus`
--
ALTER TABLE `vtiger_sostatus`
  MODIFY `sostatusid` int(19) NOT NULL AUTO_INCREMENT, AUTO_INCREMENT=5;

--
-- AUTO_INCREMENT for table `vtiger_sostatushistory`
--
ALTER TABLE `vtiger_sostatushistory`
  MODIFY `historyid` int(19) NOT NULL AUTO_INCREMENT;

--
-- AUTO_INCREMENT for table `vtiger_start_hour`
--
ALTER TABLE `vtiger_start_hour`
  MODIFY `start_hourid` int(11) NOT NULL AUTO_INCREMENT, AUTO_INCREMENT=25;

--
-- AUTO_INCREMENT for table `vtiger_status`
--
ALTER TABLE `vtiger_status`
  MODIFY `statusid` int(19) NOT NULL AUTO_INCREMENT, AUTO_INCREMENT=3;

--
-- AUTO_INCREMENT for table `vtiger_taskpriority`
--
ALTER TABLE `vtiger_taskpriority`
  MODIFY `taskpriorityid` int(19) NOT NULL AUTO_INCREMENT, AUTO_INCREMENT=4;

--
-- AUTO_INCREMENT for table `vtiger_taskstatus`
--
ALTER TABLE `vtiger_taskstatus`
  MODIFY `taskstatusid` int(19) NOT NULL AUTO_INCREMENT, AUTO_INCREMENT=7;

--
-- AUTO_INCREMENT for table `vtiger_taxclass`
--
ALTER TABLE `vtiger_taxclass`
  MODIFY `taxclassid` int(19) NOT NULL AUTO_INCREMENT, AUTO_INCREMENT=3;

--
-- AUTO_INCREMENT for table `vtiger_taxregions`
--
ALTER TABLE `vtiger_taxregions`
  MODIFY `regionid` int(10) NOT NULL AUTO_INCREMENT;

--
-- AUTO_INCREMENT for table `vtiger_ticketcategories`
--
ALTER TABLE `vtiger_ticketcategories`
  MODIFY `ticketcategories_id` int(19) NOT NULL AUTO_INCREMENT, AUTO_INCREMENT=4;

--
-- AUTO_INCREMENT for table `vtiger_ticketcomments`
--
ALTER TABLE `vtiger_ticketcomments`
  MODIFY `commentid` int(19) NOT NULL AUTO_INCREMENT;

--
-- AUTO_INCREMENT for table `vtiger_ticketpriorities`
--
ALTER TABLE `vtiger_ticketpriorities`
  MODIFY `ticketpriorities_id` int(19) NOT NULL AUTO_INCREMENT, AUTO_INCREMENT=5;

--
-- AUTO_INCREMENT for table `vtiger_ticketseverities`
--
ALTER TABLE `vtiger_ticketseverities`
  MODIFY `ticketseverities_id` int(19) NOT NULL AUTO_INCREMENT, AUTO_INCREMENT=5;

--
-- AUTO_INCREMENT for table `vtiger_ticketstatus`
--
ALTER TABLE `vtiger_ticketstatus`
  MODIFY `ticketstatus_id` int(19) NOT NULL AUTO_INCREMENT, AUTO_INCREMENT=5;

--
-- AUTO_INCREMENT for table `vtiger_time_zone`
--
ALTER TABLE `vtiger_time_zone`
  MODIFY `time_zoneid` int(19) NOT NULL AUTO_INCREMENT, AUTO_INCREMENT=98;

--
-- AUTO_INCREMENT for table `vtiger_tracker`
--
ALTER TABLE `vtiger_tracker`
  MODIFY `id` int(11) NOT NULL AUTO_INCREMENT;

--
-- AUTO_INCREMENT for table `vtiger_tracking_unit`
--
ALTER TABLE `vtiger_tracking_unit`
  MODIFY `tracking_unitid` int(11) NOT NULL AUTO_INCREMENT, AUTO_INCREMENT=5;

--
-- AUTO_INCREMENT for table `vtiger_usageunit`
--
ALTER TABLE `vtiger_usageunit`
  MODIFY `usageunitid` int(19) NOT NULL AUTO_INCREMENT, AUTO_INCREMENT=22;

--
-- AUTO_INCREMENT for table `vtiger_users`
--
ALTER TABLE `vtiger_users`
  MODIFY `id` int(11) NOT NULL AUTO_INCREMENT, AUTO_INCREMENT=6;

--
-- AUTO_INCREMENT for table `vtiger_users_last_import`
--
ALTER TABLE `vtiger_users_last_import`
  MODIFY `id` int(36) NOT NULL AUTO_INCREMENT;

--
-- AUTO_INCREMENT for table `vtiger_version`
--
ALTER TABLE `vtiger_version`
  MODIFY `id` int(11) NOT NULL AUTO_INCREMENT, AUTO_INCREMENT=2;

--
-- AUTO_INCREMENT for table `vtiger_visibility`
--
ALTER TABLE `vtiger_visibility`
  MODIFY `visibilityid` int(19) NOT NULL AUTO_INCREMENT, AUTO_INCREMENT=3;

--
-- AUTO_INCREMENT for table `vtiger_webforms`
--
ALTER TABLE `vtiger_webforms`
  MODIFY `id` int(19) NOT NULL AUTO_INCREMENT;

--
-- AUTO_INCREMENT for table `vtiger_webforms_field`
--
ALTER TABLE `vtiger_webforms_field`
  MODIFY `id` int(19) NOT NULL AUTO_INCREMENT;

--
-- AUTO_INCREMENT for table `vtiger_webform_file_fields`
--
ALTER TABLE `vtiger_webform_file_fields`
  MODIFY `id` int(19) NOT NULL AUTO_INCREMENT;

--
-- AUTO_INCREMENT for table `vtiger_wsapp`
--
ALTER TABLE `vtiger_wsapp`
  MODIFY `appid` int(11) NOT NULL AUTO_INCREMENT, AUTO_INCREMENT=2;

--
-- AUTO_INCREMENT for table `vtiger_wsapp_logs_basic`
--
ALTER TABLE `vtiger_wsapp_logs_basic`
  MODIFY `id` int(25) NOT NULL AUTO_INCREMENT;

--
-- AUTO_INCREMENT for table `vtiger_wsapp_recordmapping`
--
ALTER TABLE `vtiger_wsapp_recordmapping`
  MODIFY `id` int(19) NOT NULL AUTO_INCREMENT;

--
-- AUTO_INCREMENT for table `vtiger_wsapp_sync_state`
--
ALTER TABLE `vtiger_wsapp_sync_state`
  MODIFY `id` int(19) NOT NULL AUTO_INCREMENT;

--
-- AUTO_INCREMENT for table `vtiger_ws_entity`
--
ALTER TABLE `vtiger_ws_entity`
  MODIFY `id` int(11) NOT NULL AUTO_INCREMENT, AUTO_INCREMENT=44;

--
-- AUTO_INCREMENT for table `vtiger_ws_entity_fieldtype`
--
ALTER TABLE `vtiger_ws_entity_fieldtype`
  MODIFY `fieldtypeid` int(19) NOT NULL AUTO_INCREMENT, AUTO_INCREMENT=11;

--
-- AUTO_INCREMENT for table `vtiger_ws_fieldtype`
--
ALTER TABLE `vtiger_ws_fieldtype`
  MODIFY `fieldtypeid` int(19) NOT NULL AUTO_INCREMENT, AUTO_INCREMENT=41;

--
-- AUTO_INCREMENT for table `vtiger_ws_operation`
--
ALTER TABLE `vtiger_ws_operation`
  MODIFY `operationid` int(11) NOT NULL AUTO_INCREMENT, AUTO_INCREMENT=38;

--
-- AUTO_INCREMENT for table `vtiger_ws_operation_parameters`
--
ALTER TABLE `vtiger_ws_operation_parameters`
  MODIFY `operationid` int(11) NOT NULL AUTO_INCREMENT, AUTO_INCREMENT=38;

--
-- Constraints for dumped tables
--

--
-- Constraints for table `vtiger_account`
--
ALTER TABLE `vtiger_account`
  ADD CONSTRAINT `fk_1_vtiger_account` FOREIGN KEY (`accountid`) REFERENCES `vtiger_crmentity` (`crmid`) ON DELETE CASCADE;

--
-- Constraints for table `vtiger_accountbillads`
--
ALTER TABLE `vtiger_accountbillads`
  ADD CONSTRAINT `fk_1_vtiger_accountbillads` FOREIGN KEY (`accountaddressid`) REFERENCES `vtiger_account` (`accountid`) ON DELETE CASCADE;

--
-- Constraints for table `vtiger_accountscf`
--
ALTER TABLE `vtiger_accountscf`
  ADD CONSTRAINT `fk_1_vtiger_accountscf` FOREIGN KEY (`accountid`) REFERENCES `vtiger_account` (`accountid`) ON DELETE CASCADE;

--
-- Constraints for table `vtiger_accountshipads`
--
ALTER TABLE `vtiger_accountshipads`
  ADD CONSTRAINT `fk_1_vtiger_accountshipads` FOREIGN KEY (`accountaddressid`) REFERENCES `vtiger_account` (`accountid`) ON DELETE CASCADE;

--
-- Constraints for table `vtiger_activity`
--
ALTER TABLE `vtiger_activity`
  ADD CONSTRAINT `fk_1_vtiger_activity` FOREIGN KEY (`activityid`) REFERENCES `vtiger_crmentity` (`crmid`) ON DELETE CASCADE;

--
-- Constraints for table `vtiger_activitycf`
--
ALTER TABLE `vtiger_activitycf`
  ADD CONSTRAINT `fk_activityid_vtiger_activitycf` FOREIGN KEY (`activityid`) REFERENCES `vtiger_activity` (`activityid`) ON DELETE CASCADE;

--
-- Constraints for table `vtiger_activityproductrel`
--
ALTER TABLE `vtiger_activityproductrel`
  ADD CONSTRAINT `fk_2_vtiger_activityproductrel` FOREIGN KEY (`productid`) REFERENCES `vtiger_products` (`productid`) ON DELETE CASCADE;

--
-- Constraints for table `vtiger_activity_reminder`
--
ALTER TABLE `vtiger_activity_reminder`
  ADD CONSTRAINT `fk_activityid_vtiger_activity_reminder` FOREIGN KEY (`activity_id`) REFERENCES `vtiger_activity` (`activityid`) ON DELETE CASCADE;

--
-- Constraints for table `vtiger_app2tab`
--
ALTER TABLE `vtiger_app2tab`
  ADD CONSTRAINT `vtiger_app2tab_fk_tab` FOREIGN KEY (`tabid`) REFERENCES `vtiger_tab` (`tabid`) ON DELETE CASCADE;

--
-- Constraints for table `vtiger_assets`
--
ALTER TABLE `vtiger_assets`
  ADD CONSTRAINT `fk_1_vtiger_assets` FOREIGN KEY (`assetsid`) REFERENCES `vtiger_crmentity` (`crmid`) ON DELETE CASCADE;

--
-- Constraints for table `vtiger_assetscf`
--
ALTER TABLE `vtiger_assetscf`
  ADD CONSTRAINT `fk_assetsid_vtiger_assetscf` FOREIGN KEY (`assetsid`) REFERENCES `vtiger_assets` (`assetsid`) ON DELETE CASCADE;

--
-- Constraints for table `vtiger_attachments`
--
ALTER TABLE `vtiger_attachments`
  ADD CONSTRAINT `fk_1_vtiger_attachments` FOREIGN KEY (`attachmentsid`) REFERENCES `vtiger_crmentity` (`crmid`) ON DELETE CASCADE;

--
-- Constraints for table `vtiger_blocks`
--
ALTER TABLE `vtiger_blocks`
  ADD CONSTRAINT `fk_1_vtiger_blocks` FOREIGN KEY (`tabid`) REFERENCES `vtiger_tab` (`tabid`) ON DELETE CASCADE;

--
-- Constraints for table `vtiger_campaign`
--
ALTER TABLE `vtiger_campaign`
  ADD CONSTRAINT `fk_crmid_vtiger_campaign` FOREIGN KEY (`campaignid`) REFERENCES `vtiger_crmentity` (`crmid`) ON DELETE CASCADE;

--
-- Constraints for table `vtiger_campaigncontrel`
--
ALTER TABLE `vtiger_campaigncontrel`
  ADD CONSTRAINT `fk_2_vtiger_campaigncontrel` FOREIGN KEY (`contactid`) REFERENCES `vtiger_contactdetails` (`contactid`) ON DELETE CASCADE;

--
-- Constraints for table `vtiger_campaignleadrel`
--
ALTER TABLE `vtiger_campaignleadrel`
  ADD CONSTRAINT `fk_2_vtiger_campaignleadrel` FOREIGN KEY (`leadid`) REFERENCES `vtiger_leaddetails` (`leadid`) ON DELETE CASCADE;

--
-- Constraints for table `vtiger_campaignscf`
--
ALTER TABLE `vtiger_campaignscf`
  ADD CONSTRAINT `fk_1_vtiger_campaignscf` FOREIGN KEY (`campaignid`) REFERENCES `vtiger_campaign` (`campaignid`) ON DELETE CASCADE;

--
-- Constraints for table `vtiger_cntactivityrel`
--
ALTER TABLE `vtiger_cntactivityrel`
  ADD CONSTRAINT `fk_2_vtiger_cntactivityrel` FOREIGN KEY (`contactid`) REFERENCES `vtiger_contactdetails` (`contactid`) ON DELETE CASCADE;

--
-- Constraints for table `vtiger_contactaddress`
--
ALTER TABLE `vtiger_contactaddress`
  ADD CONSTRAINT `fk_1_vtiger_contactaddress` FOREIGN KEY (`contactaddressid`) REFERENCES `vtiger_contactdetails` (`contactid`) ON DELETE CASCADE;

--
-- Constraints for table `vtiger_contactdetails`
--
ALTER TABLE `vtiger_contactdetails`
  ADD CONSTRAINT `fk_1_vtiger_contactdetails` FOREIGN KEY (`contactid`) REFERENCES `vtiger_crmentity` (`crmid`) ON DELETE CASCADE;

--
-- Constraints for table `vtiger_contactscf`
--
ALTER TABLE `vtiger_contactscf`
  ADD CONSTRAINT `fk_1_vtiger_contactscf` FOREIGN KEY (`contactid`) REFERENCES `vtiger_contactdetails` (`contactid`) ON DELETE CASCADE;

--
-- Constraints for table `vtiger_contactsubdetails`
--
ALTER TABLE `vtiger_contactsubdetails`
  ADD CONSTRAINT `fk_1_vtiger_contactsubdetails` FOREIGN KEY (`contactsubscriptionid`) REFERENCES `vtiger_contactdetails` (`contactid`) ON DELETE CASCADE;

--
-- Constraints for table `vtiger_contpotentialrel`
--
ALTER TABLE `vtiger_contpotentialrel`
  ADD CONSTRAINT `fk_2_vtiger_contpotentialrel` FOREIGN KEY (`potentialid`) REFERENCES `vtiger_potential` (`potentialid`) ON DELETE CASCADE;

--
-- Constraints for table `vtiger_crmentity_user_field`
--
ALTER TABLE `vtiger_crmentity_user_field`
  ADD CONSTRAINT `fk_vtiger_crmentity_user_field_recordid` FOREIGN KEY (`recordid`) REFERENCES `vtiger_crmentity` (`crmid`) ON DELETE CASCADE;

--
-- Constraints for table `vtiger_customaction`
--
ALTER TABLE `vtiger_customaction`
  ADD CONSTRAINT `fk_1_vtiger_customaction` FOREIGN KEY (`cvid`) REFERENCES `vtiger_customview` (`cvid`) ON DELETE CASCADE;

--
-- Constraints for table `vtiger_customerdetails`
--
ALTER TABLE `vtiger_customerdetails`
  ADD CONSTRAINT `fk_1_vtiger_customerdetails` FOREIGN KEY (`customerid`) REFERENCES `vtiger_contactdetails` (`contactid`) ON DELETE CASCADE;

--
-- Constraints for table `vtiger_customview`
--
ALTER TABLE `vtiger_customview`
  ADD CONSTRAINT `fk_1_vtiger_customview` FOREIGN KEY (`entitytype`) REFERENCES `vtiger_tab` (`name`) ON DELETE CASCADE;

--
-- Constraints for table `vtiger_cv2group`
--
ALTER TABLE `vtiger_cv2group`
  ADD CONSTRAINT `vtiger_customview_ibfk_2` FOREIGN KEY (`cvid`) REFERENCES `vtiger_customview` (`cvid`) ON DELETE CASCADE,
  ADD CONSTRAINT `vtiger_groups_ibfk_1` FOREIGN KEY (`groupid`) REFERENCES `vtiger_groups` (`groupid`) ON DELETE CASCADE;

--
-- Constraints for table `vtiger_cv2role`
--
ALTER TABLE `vtiger_cv2role`
  ADD CONSTRAINT `vtiger_customview_ibfk_3` FOREIGN KEY (`cvid`) REFERENCES `vtiger_customview` (`cvid`) ON DELETE CASCADE,
  ADD CONSTRAINT `vtiger_role_ibfk_1` FOREIGN KEY (`roleid`) REFERENCES `vtiger_role` (`roleid`) ON DELETE CASCADE;

--
-- Constraints for table `vtiger_cv2rs`
--
ALTER TABLE `vtiger_cv2rs`
  ADD CONSTRAINT `vtiger_customview_ibfk_4` FOREIGN KEY (`cvid`) REFERENCES `vtiger_customview` (`cvid`) ON DELETE CASCADE,
  ADD CONSTRAINT `vtiger_rolesd_ibfk_1` FOREIGN KEY (`rsid`) REFERENCES `vtiger_role` (`roleid`) ON DELETE CASCADE;

--
-- Constraints for table `vtiger_cv2users`
--
ALTER TABLE `vtiger_cv2users`
  ADD CONSTRAINT `vtiger_customview_ibfk_1` FOREIGN KEY (`cvid`) REFERENCES `vtiger_customview` (`cvid`) ON DELETE CASCADE,
  ADD CONSTRAINT `vtiger_users_ibfk_1` FOREIGN KEY (`userid`) REFERENCES `vtiger_users` (`id`) ON DELETE CASCADE;

--
-- Constraints for table `vtiger_cvadvfilter`
--
ALTER TABLE `vtiger_cvadvfilter`
  ADD CONSTRAINT `fk_1_vtiger_cvadvfilter` FOREIGN KEY (`cvid`) REFERENCES `vtiger_customview` (`cvid`) ON DELETE CASCADE;

--
-- Constraints for table `vtiger_cvcolumnlist`
--
ALTER TABLE `vtiger_cvcolumnlist`
  ADD CONSTRAINT `fk_1_vtiger_cvcolumnlist` FOREIGN KEY (`cvid`) REFERENCES `vtiger_customview` (`cvid`) ON DELETE CASCADE;

--
-- Constraints for table `vtiger_cvstdfilter`
--
ALTER TABLE `vtiger_cvstdfilter`
  ADD CONSTRAINT `fk_1_vtiger_cvstdfilter` FOREIGN KEY (`cvid`) REFERENCES `vtiger_customview` (`cvid`) ON DELETE CASCADE;

--
-- Constraints for table `vtiger_dashboard_tabs`
--
ALTER TABLE `vtiger_dashboard_tabs`
  ADD CONSTRAINT `vtiger_dashboard_tabs_ibfk_1` FOREIGN KEY (`userid`) REFERENCES `vtiger_users` (`id`) ON DELETE CASCADE;

--
-- Constraints for table `vtiger_datashare_grp2grp`
--
ALTER TABLE `vtiger_datashare_grp2grp`
  ADD CONSTRAINT `fk_3_vtiger_datashare_grp2grp` FOREIGN KEY (`to_groupid`) REFERENCES `vtiger_groups` (`groupid`) ON DELETE CASCADE;

--
-- Constraints for table `vtiger_datashare_grp2role`
--
ALTER TABLE `vtiger_datashare_grp2role`
  ADD CONSTRAINT `fk_3_vtiger_datashare_grp2role` FOREIGN KEY (`to_roleid`) REFERENCES `vtiger_role` (`roleid`) ON DELETE CASCADE;

--
-- Constraints for table `vtiger_datashare_grp2rs`
--
ALTER TABLE `vtiger_datashare_grp2rs`
  ADD CONSTRAINT `fk_3_vtiger_datashare_grp2rs` FOREIGN KEY (`to_roleandsubid`) REFERENCES `vtiger_role` (`roleid`) ON DELETE CASCADE;

--
-- Constraints for table `vtiger_datashare_module_rel`
--
ALTER TABLE `vtiger_datashare_module_rel`
  ADD CONSTRAINT `fk_1_vtiger_datashare_module_rel` FOREIGN KEY (`tabid`) REFERENCES `vtiger_tab` (`tabid`) ON DELETE CASCADE;

--
-- Constraints for table `vtiger_datashare_relatedmodules`
--
ALTER TABLE `vtiger_datashare_relatedmodules`
  ADD CONSTRAINT `fk_2_vtiger_datashare_relatedmodules` FOREIGN KEY (`tabid`) REFERENCES `vtiger_tab` (`tabid`) ON DELETE CASCADE;

--
-- Constraints for table `vtiger_datashare_role2group`
--
ALTER TABLE `vtiger_datashare_role2group`
  ADD CONSTRAINT `fk_3_vtiger_datashare_role2group` FOREIGN KEY (`share_roleid`) REFERENCES `vtiger_role` (`roleid`) ON DELETE CASCADE;

--
-- Constraints for table `vtiger_datashare_role2role`
--
ALTER TABLE `vtiger_datashare_role2role`
  ADD CONSTRAINT `fk_3_vtiger_datashare_role2role` FOREIGN KEY (`to_roleid`) REFERENCES `vtiger_role` (`roleid`) ON DELETE CASCADE;

--
-- Constraints for table `vtiger_datashare_role2rs`
--
ALTER TABLE `vtiger_datashare_role2rs`
  ADD CONSTRAINT `fk_3_vtiger_datashare_role2rs` FOREIGN KEY (`to_roleandsubid`) REFERENCES `vtiger_role` (`roleid`) ON DELETE CASCADE;

--
-- Constraints for table `vtiger_datashare_rs2grp`
--
ALTER TABLE `vtiger_datashare_rs2grp`
  ADD CONSTRAINT `fk_3_vtiger_datashare_rs2grp` FOREIGN KEY (`share_roleandsubid`) REFERENCES `vtiger_role` (`roleid`) ON DELETE CASCADE;

--
-- Constraints for table `vtiger_datashare_rs2role`
--
ALTER TABLE `vtiger_datashare_rs2role`
  ADD CONSTRAINT `fk_3_vtiger_datashare_rs2role` FOREIGN KEY (`to_roleid`) REFERENCES `vtiger_role` (`roleid`) ON DELETE CASCADE;

--
-- Constraints for table `vtiger_datashare_rs2rs`
--
ALTER TABLE `vtiger_datashare_rs2rs`
  ADD CONSTRAINT `fk_3_vtiger_datashare_rs2rs` FOREIGN KEY (`to_roleandsubid`) REFERENCES `vtiger_role` (`roleid`) ON DELETE CASCADE;

--
-- Constraints for table `vtiger_defaultcv`
--
ALTER TABLE `vtiger_defaultcv`
  ADD CONSTRAINT `fk_1_vtiger_defaultcv` FOREIGN KEY (`tabid`) REFERENCES `vtiger_tab` (`tabid`) ON DELETE CASCADE;

--
-- Constraints for table `vtiger_def_org_share`
--
ALTER TABLE `vtiger_def_org_share`
  ADD CONSTRAINT `fk_1_vtiger_def_org_share` FOREIGN KEY (`permission`) REFERENCES `vtiger_org_share_action_mapping` (`share_action_id`) ON DELETE CASCADE;

--
-- Constraints for table `vtiger_emailslookup`
--
ALTER TABLE `vtiger_emailslookup`
  ADD CONSTRAINT `emailslookup_crmid_fk` FOREIGN KEY (`crmid`) REFERENCES `vtiger_crmentity` (`crmid`) ON DELETE CASCADE;

--
-- Constraints for table `vtiger_entityname`
--
ALTER TABLE `vtiger_entityname`
  ADD CONSTRAINT `fk_1_vtiger_entityname` FOREIGN KEY (`tabid`) REFERENCES `vtiger_tab` (`tabid`) ON DELETE CASCADE;

--
-- Constraints for table `vtiger_faq`
--
ALTER TABLE `vtiger_faq`
  ADD CONSTRAINT `fk_1_vtiger_faq` FOREIGN KEY (`id`) REFERENCES `vtiger_crmentity` (`crmid`) ON DELETE CASCADE;

--
-- Constraints for table `vtiger_faqcf`
--
ALTER TABLE `vtiger_faqcf`
  ADD CONSTRAINT `fk_1_vtiger_faqcf` FOREIGN KEY (`faqid`) REFERENCES `vtiger_faq` (`id`) ON DELETE CASCADE;

--
-- Constraints for table `vtiger_faqcomments`
--
ALTER TABLE `vtiger_faqcomments`
  ADD CONSTRAINT `fk_1_vtiger_faqcomments` FOREIGN KEY (`faqid`) REFERENCES `vtiger_faq` (`id`) ON DELETE CASCADE;

--
-- Constraints for table `vtiger_field`
--
ALTER TABLE `vtiger_field`
  ADD CONSTRAINT `fk_1_vtiger_field` FOREIGN KEY (`tabid`) REFERENCES `vtiger_tab` (`tabid`) ON DELETE CASCADE;

--
-- Constraints for table `vtiger_group2grouprel`
--
ALTER TABLE `vtiger_group2grouprel`
  ADD CONSTRAINT `fk_2_vtiger_group2grouprel` FOREIGN KEY (`groupid`) REFERENCES `vtiger_groups` (`groupid`) ON DELETE CASCADE ON UPDATE CASCADE;

--
-- Constraints for table `vtiger_group2role`
--
ALTER TABLE `vtiger_group2role`
  ADD CONSTRAINT `fk_2_vtiger_group2role` FOREIGN KEY (`roleid`) REFERENCES `vtiger_role` (`roleid`) ON DELETE CASCADE;

--
-- Constraints for table `vtiger_group2rs`
--
ALTER TABLE `vtiger_group2rs`
  ADD CONSTRAINT `fk_2_vtiger_group2rs` FOREIGN KEY (`roleandsubid`) REFERENCES `vtiger_role` (`roleid`) ON DELETE CASCADE;

--
-- Constraints for table `vtiger_homedashbd`
--
ALTER TABLE `vtiger_homedashbd`
  ADD CONSTRAINT `fk_1_vtiger_homedashbd` FOREIGN KEY (`stuffid`) REFERENCES `vtiger_homestuff` (`stuffid`) ON DELETE CASCADE;

--
-- Constraints for table `vtiger_homedefault`
--
ALTER TABLE `vtiger_homedefault`
  ADD CONSTRAINT `fk_1_vtiger_homedefault` FOREIGN KEY (`stuffid`) REFERENCES `vtiger_homestuff` (`stuffid`) ON DELETE CASCADE;

--
-- Constraints for table `vtiger_homemodule`
--
ALTER TABLE `vtiger_homemodule`
  ADD CONSTRAINT `fk_1_vtiger_homemodule` FOREIGN KEY (`stuffid`) REFERENCES `vtiger_homestuff` (`stuffid`) ON DELETE CASCADE;

--
-- Constraints for table `vtiger_homemoduleflds`
--
ALTER TABLE `vtiger_homemoduleflds`
  ADD CONSTRAINT `fk_1_vtiger_homemoduleflds` FOREIGN KEY (`stuffid`) REFERENCES `vtiger_homemodule` (`stuffid`) ON DELETE CASCADE;

--
-- Constraints for table `vtiger_homerss`
--
ALTER TABLE `vtiger_homerss`
  ADD CONSTRAINT `fk_1_vtiger_homerss` FOREIGN KEY (`stuffid`) REFERENCES `vtiger_homestuff` (`stuffid`) ON DELETE CASCADE;

--
-- Constraints for table `vtiger_homestuff`
--
ALTER TABLE `vtiger_homestuff`
  ADD CONSTRAINT `fk_1_vtiger_homestuff` FOREIGN KEY (`userid`) REFERENCES `vtiger_users` (`id`) ON DELETE CASCADE;

--
-- Constraints for table `vtiger_inventoryproductrel`
--
ALTER TABLE `vtiger_inventoryproductrel`
  ADD CONSTRAINT `fk_crmid_vtiger_inventoryproductrel` FOREIGN KEY (`id`) REFERENCES `vtiger_crmentity` (`crmid`) ON DELETE CASCADE;

--
-- Constraints for table `vtiger_invoice`
--
ALTER TABLE `vtiger_invoice`
  ADD CONSTRAINT `fk_2_vtiger_invoice` FOREIGN KEY (`salesorderid`) REFERENCES `vtiger_salesorder` (`salesorderid`) ON DELETE CASCADE,
  ADD CONSTRAINT `fk_crmid_vtiger_invoice` FOREIGN KEY (`invoiceid`) REFERENCES `vtiger_crmentity` (`crmid`) ON DELETE CASCADE;

--
-- Constraints for table `vtiger_invoicebillads`
--
ALTER TABLE `vtiger_invoicebillads`
  ADD CONSTRAINT `fk_1_vtiger_invoicebillads` FOREIGN KEY (`invoicebilladdressid`) REFERENCES `vtiger_invoice` (`invoiceid`) ON DELETE CASCADE;

--
-- Constraints for table `vtiger_invoicecf`
--
ALTER TABLE `vtiger_invoicecf`
  ADD CONSTRAINT `fk_1_vtiger_invoicecf` FOREIGN KEY (`invoiceid`) REFERENCES `vtiger_invoice` (`invoiceid`) ON DELETE CASCADE;

--
-- Constraints for table `vtiger_invoiceshipads`
--
ALTER TABLE `vtiger_invoiceshipads`
  ADD CONSTRAINT `fk_1_vtiger_invoiceshipads` FOREIGN KEY (`invoiceshipaddressid`) REFERENCES `vtiger_invoice` (`invoiceid`) ON DELETE CASCADE;

--
-- Constraints for table `vtiger_invoicestatushistory`
--
ALTER TABLE `vtiger_invoicestatushistory`
  ADD CONSTRAINT `fk_1_vtiger_invoicestatushistory` FOREIGN KEY (`invoiceid`) REFERENCES `vtiger_invoice` (`invoiceid`) ON DELETE CASCADE;

--
-- Constraints for table `vtiger_invoice_recurring_info`
--
ALTER TABLE `vtiger_invoice_recurring_info`
  ADD CONSTRAINT `fk_salesorderid_vtiger_invoice_recurring_info` FOREIGN KEY (`salesorderid`) REFERENCES `vtiger_salesorder` (`salesorderid`) ON DELETE CASCADE;

--
-- Constraints for table `vtiger_leadaddress`
--
ALTER TABLE `vtiger_leadaddress`
  ADD CONSTRAINT `fk_1_vtiger_leadaddress` FOREIGN KEY (`leadaddressid`) REFERENCES `vtiger_leaddetails` (`leadid`) ON DELETE CASCADE;

--
-- Constraints for table `vtiger_leaddetails`
--
ALTER TABLE `vtiger_leaddetails`
  ADD CONSTRAINT `fk_1_vtiger_leaddetails` FOREIGN KEY (`leadid`) REFERENCES `vtiger_crmentity` (`crmid`) ON DELETE CASCADE;

--
-- Constraints for table `vtiger_leadscf`
--
ALTER TABLE `vtiger_leadscf`
  ADD CONSTRAINT `fk_1_vtiger_leadscf` FOREIGN KEY (`leadid`) REFERENCES `vtiger_leaddetails` (`leadid`) ON DELETE CASCADE;

--
-- Constraints for table `vtiger_leadsubdetails`
--
ALTER TABLE `vtiger_leadsubdetails`
  ADD CONSTRAINT `fk_1_vtiger_leadsubdetails` FOREIGN KEY (`leadsubscriptionid`) REFERENCES `vtiger_leaddetails` (`leadid`) ON DELETE CASCADE;

--
-- Constraints for table `vtiger_modcomments`
--
ALTER TABLE `vtiger_modcomments`
  ADD CONSTRAINT `fk_crmid_vtiger_modcomments` FOREIGN KEY (`modcommentsid`) REFERENCES `vtiger_crmentity` (`crmid`) ON DELETE CASCADE;

--
-- Constraints for table `vtiger_modcommentscf`
--
ALTER TABLE `vtiger_modcommentscf`
  ADD CONSTRAINT `fk_modcommentsid_vtiger_modcommentscf` FOREIGN KEY (`modcommentsid`) REFERENCES `vtiger_modcomments` (`modcommentsid`) ON DELETE CASCADE;

--
-- Constraints for table `vtiger_module_dashboard_widgets`
--
ALTER TABLE `vtiger_module_dashboard_widgets`
  ADD CONSTRAINT `vtiger_module_dashboard_widgets_ibfk_1` FOREIGN KEY (`dashboardtabid`) REFERENCES `vtiger_dashboard_tabs` (`id`) ON DELETE CASCADE;

--
-- Constraints for table `vtiger_notes`
--
ALTER TABLE `vtiger_notes`
  ADD CONSTRAINT `fk_1_vtiger_notes` FOREIGN KEY (`notesid`) REFERENCES `vtiger_crmentity` (`crmid`) ON DELETE CASCADE;

--
-- Constraints for table `vtiger_notescf`
--
ALTER TABLE `vtiger_notescf`
  ADD CONSTRAINT `fk_notesid_vtiger_notescf` FOREIGN KEY (`notesid`) REFERENCES `vtiger_notes` (`notesid`) ON DELETE CASCADE;

--
-- Constraints for table `vtiger_org_share_action2tab`
--
ALTER TABLE `vtiger_org_share_action2tab`
  ADD CONSTRAINT `fk_2_vtiger_org_share_action2tab` FOREIGN KEY (`tabid`) REFERENCES `vtiger_tab` (`tabid`) ON DELETE CASCADE;

--
-- Constraints for table `vtiger_parenttabrel`
--
ALTER TABLE `vtiger_parenttabrel`
  ADD CONSTRAINT `fk_1_vtiger_parenttabrel` FOREIGN KEY (`tabid`) REFERENCES `vtiger_tab` (`tabid`) ON DELETE CASCADE,
  ADD CONSTRAINT `fk_2_vtiger_parenttabrel` FOREIGN KEY (`parenttabid`) REFERENCES `vtiger_parenttab` (`parenttabid`) ON DELETE CASCADE;

--
-- Constraints for table `vtiger_pbxmanager`
--
ALTER TABLE `vtiger_pbxmanager`
  ADD CONSTRAINT `fk_crmid_vtiger_pbxmanager` FOREIGN KEY (`pbxmanagerid`) REFERENCES `vtiger_crmentity` (`crmid`) ON DELETE CASCADE;

--
-- Constraints for table `vtiger_pbxmanagercf`
--
ALTER TABLE `vtiger_pbxmanagercf`
  ADD CONSTRAINT `fk_pbxmanagerid_vtiger_pbxmanagercf` FOREIGN KEY (`pbxmanagerid`) REFERENCES `vtiger_pbxmanager` (`pbxmanagerid`) ON DELETE CASCADE;

--
-- Constraints for table `vtiger_pbxmanager_phonelookup`
--
ALTER TABLE `vtiger_pbxmanager_phonelookup`
  ADD CONSTRAINT `vtiger_pbxmanager_phonelookup_ibfk_1` FOREIGN KEY (`crmid`) REFERENCES `vtiger_crmentity` (`crmid`) ON DELETE CASCADE;

--
-- Constraints for table `vtiger_pobillads`
--
ALTER TABLE `vtiger_pobillads`
  ADD CONSTRAINT `fk_1_vtiger_pobillads` FOREIGN KEY (`pobilladdressid`) REFERENCES `vtiger_purchaseorder` (`purchaseorderid`) ON DELETE CASCADE;

--
-- Constraints for table `vtiger_portalinfo`
--
ALTER TABLE `vtiger_portalinfo`
  ADD CONSTRAINT `fk_1_vtiger_portalinfo` FOREIGN KEY (`id`) REFERENCES `vtiger_contactdetails` (`contactid`) ON DELETE CASCADE;

--
-- Constraints for table `vtiger_poshipads`
--
ALTER TABLE `vtiger_poshipads`
  ADD CONSTRAINT `fk_1_vtiger_poshipads` FOREIGN KEY (`poshipaddressid`) REFERENCES `vtiger_purchaseorder` (`purchaseorderid`) ON DELETE CASCADE;

--
-- Constraints for table `vtiger_postatushistory`
--
ALTER TABLE `vtiger_postatushistory`
  ADD CONSTRAINT `fk_1_vtiger_postatushistory` FOREIGN KEY (`purchaseorderid`) REFERENCES `vtiger_purchaseorder` (`purchaseorderid`) ON DELETE CASCADE;

--
-- Constraints for table `vtiger_potential`
--
ALTER TABLE `vtiger_potential`
  ADD CONSTRAINT `fk_1_vtiger_potential` FOREIGN KEY (`potentialid`) REFERENCES `vtiger_crmentity` (`crmid`) ON DELETE CASCADE;

--
-- Constraints for table `vtiger_potentialscf`
--
ALTER TABLE `vtiger_potentialscf`
  ADD CONSTRAINT `fk_1_vtiger_potentialscf` FOREIGN KEY (`potentialid`) REFERENCES `vtiger_potential` (`potentialid`) ON DELETE CASCADE;

--
-- Constraints for table `vtiger_potstagehistory`
--
ALTER TABLE `vtiger_potstagehistory`
  ADD CONSTRAINT `fk_1_vtiger_potstagehistory` FOREIGN KEY (`potentialid`) REFERENCES `vtiger_potential` (`potentialid`) ON DELETE CASCADE;

--
-- Constraints for table `vtiger_pricebook`
--
ALTER TABLE `vtiger_pricebook`
  ADD CONSTRAINT `fk_1_vtiger_pricebook` FOREIGN KEY (`pricebookid`) REFERENCES `vtiger_crmentity` (`crmid`) ON DELETE CASCADE;

--
-- Constraints for table `vtiger_pricebookcf`
--
ALTER TABLE `vtiger_pricebookcf`
  ADD CONSTRAINT `fk_1_vtiger_pricebookcf` FOREIGN KEY (`pricebookid`) REFERENCES `vtiger_pricebook` (`pricebookid`) ON DELETE CASCADE;

--
-- Constraints for table `vtiger_pricebookproductrel`
--
ALTER TABLE `vtiger_pricebookproductrel`
  ADD CONSTRAINT `fk_1_vtiger_pricebookproductrel` FOREIGN KEY (`pricebookid`) REFERENCES `vtiger_pricebook` (`pricebookid`) ON DELETE CASCADE;

--
-- Constraints for table `vtiger_productcf`
--
ALTER TABLE `vtiger_productcf`
  ADD CONSTRAINT `fk_1_vtiger_productcf` FOREIGN KEY (`productid`) REFERENCES `vtiger_products` (`productid`) ON DELETE CASCADE;

--
-- Constraints for table `vtiger_products`
--
ALTER TABLE `vtiger_products`
  ADD CONSTRAINT `fk_1_vtiger_products` FOREIGN KEY (`productid`) REFERENCES `vtiger_crmentity` (`crmid`) ON DELETE CASCADE;

--
-- Constraints for table `vtiger_producttaxrel`
--
ALTER TABLE `vtiger_producttaxrel`
  ADD CONSTRAINT `fk_crmid_vtiger_producttaxrel` FOREIGN KEY (`productid`) REFERENCES `vtiger_crmentity` (`crmid`) ON DELETE CASCADE;

--
-- Constraints for table `vtiger_profile2globalpermissions`
--
ALTER TABLE `vtiger_profile2globalpermissions`
  ADD CONSTRAINT `fk_1_vtiger_profile2globalpermissions` FOREIGN KEY (`profileid`) REFERENCES `vtiger_profile` (`profileid`) ON DELETE CASCADE;

--
-- Constraints for table `vtiger_project`
--
ALTER TABLE `vtiger_project`
  ADD CONSTRAINT `fk_crmid_vtiger_project` FOREIGN KEY (`projectid`) REFERENCES `vtiger_crmentity` (`crmid`) ON DELETE CASCADE;

--
-- Constraints for table `vtiger_projectcf`
--
ALTER TABLE `vtiger_projectcf`
  ADD CONSTRAINT `fk_projectid_vtiger_projectcf` FOREIGN KEY (`projectid`) REFERENCES `vtiger_project` (`projectid`) ON DELETE CASCADE;

--
-- Constraints for table `vtiger_projectmilestone`
--
ALTER TABLE `vtiger_projectmilestone`
  ADD CONSTRAINT `fk_crmid_vtiger_projectmilestone` FOREIGN KEY (`projectmilestoneid`) REFERENCES `vtiger_crmentity` (`crmid`) ON DELETE CASCADE;

--
-- Constraints for table `vtiger_projectmilestonecf`
--
ALTER TABLE `vtiger_projectmilestonecf`
  ADD CONSTRAINT `fk_projectmilestoneid_vtiger_projectmilestonecf` FOREIGN KEY (`projectmilestoneid`) REFERENCES `vtiger_projectmilestone` (`projectmilestoneid`) ON DELETE CASCADE;

--
-- Constraints for table `vtiger_projecttask`
--
ALTER TABLE `vtiger_projecttask`
  ADD CONSTRAINT `fk_crmid_vtiger_projecttask` FOREIGN KEY (`projecttaskid`) REFERENCES `vtiger_crmentity` (`crmid`) ON DELETE CASCADE;

--
-- Constraints for table `vtiger_projecttaskcf`
--
ALTER TABLE `vtiger_projecttaskcf`
  ADD CONSTRAINT `fk_projecttaskid_vtiger_projecttaskcf` FOREIGN KEY (`projecttaskid`) REFERENCES `vtiger_projecttask` (`projecttaskid`) ON DELETE CASCADE;

--
-- Constraints for table `vtiger_purchaseorder`
--
ALTER TABLE `vtiger_purchaseorder`
  ADD CONSTRAINT `fk_4_vtiger_purchaseorder` FOREIGN KEY (`vendorid`) REFERENCES `vtiger_vendor` (`vendorid`) ON DELETE CASCADE,
  ADD CONSTRAINT `fk_crmid_vtiger_purchaseorder` FOREIGN KEY (`purchaseorderid`) REFERENCES `vtiger_crmentity` (`crmid`) ON DELETE CASCADE;

--
-- Constraints for table `vtiger_purchaseordercf`
--
ALTER TABLE `vtiger_purchaseordercf`
  ADD CONSTRAINT `fk_1_vtiger_purchaseordercf` FOREIGN KEY (`purchaseorderid`) REFERENCES `vtiger_purchaseorder` (`purchaseorderid`) ON DELETE CASCADE;

--
-- Constraints for table `vtiger_quotes`
--
ALTER TABLE `vtiger_quotes`
  ADD CONSTRAINT `fk_3_vtiger_quotes` FOREIGN KEY (`potentialid`) REFERENCES `vtiger_potential` (`potentialid`) ON DELETE CASCADE,
  ADD CONSTRAINT `fk_crmid_vtiger_quotes` FOREIGN KEY (`quoteid`) REFERENCES `vtiger_crmentity` (`crmid`) ON DELETE CASCADE;

--
-- Constraints for table `vtiger_quotesbillads`
--
ALTER TABLE `vtiger_quotesbillads`
  ADD CONSTRAINT `fk_1_vtiger_quotesbillads` FOREIGN KEY (`quotebilladdressid`) REFERENCES `vtiger_quotes` (`quoteid`) ON DELETE CASCADE;

--
-- Constraints for table `vtiger_quotescf`
--
ALTER TABLE `vtiger_quotescf`
  ADD CONSTRAINT `fk_1_vtiger_quotescf` FOREIGN KEY (`quoteid`) REFERENCES `vtiger_quotes` (`quoteid`) ON DELETE CASCADE;

--
-- Constraints for table `vtiger_quotesshipads`
--
ALTER TABLE `vtiger_quotesshipads`
  ADD CONSTRAINT `fk_1_vtiger_quotesshipads` FOREIGN KEY (`quoteshipaddressid`) REFERENCES `vtiger_quotes` (`quoteid`) ON DELETE CASCADE;

--
-- Constraints for table `vtiger_quotestagehistory`
--
ALTER TABLE `vtiger_quotestagehistory`
  ADD CONSTRAINT `fk_1_vtiger_quotestagehistory` FOREIGN KEY (`quoteid`) REFERENCES `vtiger_quotes` (`quoteid`) ON DELETE CASCADE;

--
-- Constraints for table `vtiger_recurringevents`
--
ALTER TABLE `vtiger_recurringevents`
  ADD CONSTRAINT `fk_1_vtiger_recurringevents` FOREIGN KEY (`activityid`) REFERENCES `vtiger_activity` (`activityid`) ON DELETE CASCADE;

--
-- Constraints for table `vtiger_relcriteria`
--
ALTER TABLE `vtiger_relcriteria`
  ADD CONSTRAINT `fk_1_vtiger_relcriteria` FOREIGN KEY (`queryid`) REFERENCES `vtiger_selectquery` (`queryid`) ON DELETE CASCADE;
COMMIT;

/*!40101 SET CHARACTER_SET_CLIENT=@OLD_CHARACTER_SET_CLIENT */;
/*!40101 SET CHARACTER_SET_RESULTS=@OLD_CHARACTER_SET_RESULTS */;
/*!40101 SET COLLATION_CONNECTION=@OLD_COLLATION_CONNECTION */;
